id,station_name,short_name,total_docks,docks_in_service,status,latitude,longitude,location,:@computed_region_awaf_s7ux,:@computed_region_6mkv_f3dw,:@computed_region_vrxf_vc4k,:@computed_region_bdys_3d7i,:@computed_region_43wa_7qmu,:@computed_region_rpca_8um6,:@computed_region_8hcu_yrd4,reference_matched,station_key,station_first_trip_at,source_ids,name_variants,first_trip_archive,opening_date_status,earlier_same_name_trip_at,service_date_review_reasons
03a1610c-3ba0-4b85-b512-bc26791cb7ee,Eberhart Ave & 91st St,CHI00790,15,15,In Service,41.7292851573,-87.6110315323,"{""type"":""Point"",""coordinates"":[-87.611031532288,41.729285157255]}",31,21546,40,430,43,61,4,False,,,,,,,,
080ab938-2c1b-4fcf-a83d-74c5ae6ff305,Cottage Grove Ave & 111th Pl,CHI00842,15,15,In Service,41.6917097585,-87.610001564,"{""type"":""Point"",""coordinates"":[-87.610001564026,41.69170975847]}",30,21861,47,601,43,19,11,True,divvy_452633bda1806406,2020-08-26 18:34:16,20131 | 698 | CHI00842,Cottage Grove Ave & 111th Pl,202008-divvy-tripdata.zip,unverified_first_trip_proxy,,
0eeb6baf-c653-4a1a-af17-99f686116b89,Lawndale Ave & 111th St,CHI00802,15,15,In Service,41.6913191922,-87.7128857374,"{""type"":""Point"",""coordinates"":[-87.712885737419,41.691319192211]}",33,4447,73,264,42,33,19,True,divvy_f7dfe45f7f1d74c3,2020-10-15 16:05:17,20203 | 730 | 893 | CHI00802,Lawndale Ave & 111th St,202010-divvy-tripdata.zip,unverified_first_trip_proxy,,
0f9b826b-8885-4c25-96fd-9e2c2074c34e,Western Ave & 104th St,CHI00859,14,14,In Service,41.7045871022,-87.6812034845,"{""type"":""Point"",""coordinates"":[-87.681203484535,41.704587102189]}",33,22212,71,609,42,13,19,True,divvy_899a869d91e04d8b,2020-10-06 14:38:17,20123 | 725 | CHI00859,Western Ave & 104th St,202010-divvy-tripdata.zip,unverified_first_trip_proxy,,
10327d47-3c3a-433e-9e38-80638da64232,Indiana Ave & 103rd St,CHI00747,15,15,In Service,41.7071702712,-87.6184719801,"{""type"":""Point"",""coordinates"":[-87.618471980095,41.707170271178]}",30,21861,45,236,43,19,11,True,divvy_ef845ea1e25a545e,2020-08-20 16:52:16,20112 | 696 | CHI00747,Indiana Ave & 103rd St,202008-divvy-tripdata.zip,unverified_first_trip_proxy,,
13820eba-039d-4231-9228-005ab0f4e451,Bissell St & Armitage Ave,CHI02022,24,24,In Service,41.9182955629,-87.6521833241,"{""type"":""Point"",""coordinates"":[-87.652183324099,41.918295562935]}",51,21190,68,744,34,16,43,True,divvy_337598fef782739f,2013-09-05 14:44:00,113 | 13059 | Bissell St & Armitage Ave - Charging | CHI02022 | chargingstx1,Bissell St & Armitage Ave | Bissell St & Armitage Ave - Charging | Bissell St & Armitage Ave*,Divvy_Stations_Trips_2013.zip,unverified_first_trip_proxy,,
1436495105198659242,Sheffield Ave & Armitage Ave Public Rack,,6,6,In Service,41.917805,-87.653449,"{""type"":""Point"",""coordinates"":[-87.653449,41.917805]}",16,21190,68,168,34,16,43,True,divvy_8d4136c5a061a55b,2026-02-11 17:09:22.549000,CHI00836,Sheffield Ave & Armitage Ave Public Rack,202602-divvy-tripdata.zip,unverified_first_trip_proxy,,possible_rename
1436495105198659246,Carpenter St & Lake St Public Rack,,5,5,In Service,41.885586,-87.6531893,"{""type"":""Point"",""coordinates"":[-87.6531893,41.885586]}",41,14917,29,63,46,44,27,True,divvy_47666d31c12b304e,2026-04-09 14:17:20.882000,CHI00808,Carpenter St & Lake St Public Rack,202604-divvy-tripdata.zip,unverified_first_trip_proxy,,possible_rename
1436495109493626544,Washington Blvd & Peoria St Public Rack,,9,9,In Service,41.883043,-87.649931,"{""type"":""Point"",""coordinates"":[-87.649931,41.883043]}",41,14917,29,63,26,44,34,True,divvy_cefb8cc26f3f6776,2026-04-09 14:12:27.943000,CHI00806,Washington Blvd & Peoria St Public Rack,202604-divvy-tripdata.zip,unverified_first_trip_proxy,,possible_rename
1436495115557663136,Southport Ave & Newport Ave Public Rack,,10,10,In Service,41.944019,-87.663975,"{""type"":""Point"",""coordinates"":[-87.663975,41.944019]}",38,4449,57,239,25,22,44,True,divvy_e393eca7ec426829,2026-01-07 12:08:50.391000,CHI00834,Southport Ave & Newport Ave Public Rack,202601-divvy-tripdata.zip,unverified_first_trip_proxy,,possible_rename
1436495119852630436,Damen Ave & Chicago Ave Public Rack,,8,8,In Service,41.895809,-87.678519,"{""type"":""Point"",""coordinates"":[-87.678519,41.895809]}",24,21560,25,547,41,28,36,True,divvy_c81f7532ac53841a,2026-01-07 15:32:09.238000,CHI00882,Damen Ave & Chicago Ave Public Rack,202601-divvy-tripdata.zip,unverified_first_trip_proxy,,possible_rename
1436495122378528446,Paulina St & Lincoln Ave Public Rack,,8,8,In Service,41.943838,-87.671469,"{""type"":""Point"",""coordinates"":[-87.671469,41.943838]}",16,4449,57,239,18,22,47,True,divvy_dd29599595bb2bf0,2026-01-26 06:01:59.244000,CHI00833,Paulina St & Lincoln Ave Public Rack,202601-divvy-tripdata.zip,unverified_first_trip_proxy,,possible_rename
1448642188027369086,Indiana Ave & 133rd St Public Rack,,8,8,In Service,41.653564,-87.617054,"{""type"":""Point"",""coordinates"":[-87.617054,41.653564]}",30,4460,51,10,43,47,11,True,divvy_e3a7ce4d45b186d3,2026-03-24 18:55:24.532000,CHI00827,Indiana Ave & 133rd St Public Rack,202603-divvy-tripdata.zip,unverified_first_trip_proxy,,possible_rename | fewer_than_10_endpoints
14d6e4b0-d0cc-4ccb-b757-e596d8c24a99,Torrence Ave & 106th St,CHI00867,11,11,In Service,41.7028008502,-87.5597262383,"{""type"":""Point"",""coordinates"":[-87.559726238251,41.702800850226]}",47,21202,48,174,47,25,6,True,divvy_3157c752a6438928,2020-09-13 08:33:40,20221 | 707 | 923 | CHI00867,Torrence Ave & 106th St,202009-divvy-tripdata.zip,unverified_first_trip_proxy,,possible_rename
1500206163166594382,Ping Tom Park East Public Rack,,9,9,In Service,41.8579886,-87.6319447,"{""type"":""Point"",""coordinates"":[-87.6319447,41.8579886]}",8,21194,34,330,26,40,7,True,divvy_6fbe263ab6e37ba6,2026-02-06 18:32:42.023000,CHI00822,Ping Tom Park East Public Rack,202602-divvy-tripdata.zip,unverified_first_trip_proxy,,possible_rename
1591541115825893018,Hubbard St Depot Public Rack,,40,40,In Service,41.8897772,-87.680351,"{""type"":""Point"",""coordinates"":[-87.680351,41.8897772]}",10,21184,25,547,46,28,27,False,,,,,,,,
1594046362333434512,Damen Ave & 33rd St,,8,8,In Service,41.834108,-87.67559,"{""type"":""Point"",""coordinates"":[-87.67559,41.834108]}",26,14920,56,2,1,43,12,True,divvy_7976ad31b1e498ce,2021-10-10 10:01:53,471 | CHI00939,Damen Ave & 33rd St,202110-divvy-tripdata.zip,unverified_first_trip_proxy,,
1753333909108677614,Hastings St Depot Public Rack,,32,32,Not In Service,41.8635164,-87.6797485,"{""type"":""Point"",""coordinates"":[-87.6797485,41.8635164]}",48,14920,29,96,23,43,28,False,,,,,,,,
1754781885939323186,Stony Island Ave & 63rd St,CHI02031,11,11,In Service,41.780506,-87.586853,"{""type"":""Point"",""coordinates"":[-87.586853,41.780506]}",53,22260,9,134,4,60,3,True,divvy_65b0ef3f749e46d4,2023-02-10 16:36:25,653B | CHI02031,Stony Island Ave & 63rd St,202302-divvy-tripdata.zip,unverified_first_trip_proxy,,
1775509322900183222,Elizabeth St & Randolph St,CHI01903,11,11,In Service,41.884336,-87.658902,"{""type"":""Point"",""coordinates"":[-87.658902,41.884336]}",41,14917,29,63,46,44,27,True,divvy_8cfd6b0bd4e066c6,2023-02-07 07:48:18,23001 | CHI01903,Elizabeth St & Randolph St,202302-divvy-tripdata.zip,unverified_first_trip_proxy,,
1789242536879942642,Fulton Market,CHI01880,30,30,In Service,41.886871,-87.648089,"{""type"":""Point"",""coordinates"":[-87.648089,41.886871]}",41,14917,29,63,46,44,27,True,divvy_a7d5fd9d7f198d75,2025-09-10 11:38:15.825000,CHI01880,Fulton Market,202509-divvy-tripdata.zip,unverified_first_trip_proxy,,possible_rename
1799277526470631980,Lincoln Ave & Byron St,CHI01879,15,15,In Service,41.952372,-87.677296,"{""type"":""Point"",""coordinates"":[-87.677296,41.952372]}",13,21186,46,644,18,53,47,True,divvy_753eeb5ea97586fe,2023-04-12 10:35:11,23002 | CHI01879,Lincoln Ave & Byron St,202304-divvy-tripdata.zip,unverified_first_trip_proxy,,
1838613156025764214,Drexel Ave & 60th St,CHI01902,15,15,In Service,41.785861,-87.604553,"{""type"":""Point"",""coordinates"":[-87.604553,41.785861]}",53,22260,9,470,4,60,20,True,divvy_1e8bf89923499380,2023-08-02 16:34:38,22005 | CHI01902,Drexel Ave & 60th St,202308-divvy-tripdata.zip,unverified_first_trip_proxy,,
1850866657089146912,Blackstone Ave & 59th St,CHI01806,19,19,In Service,41.787877,-87.590461,"{""type"":""Point"",""coordinates"":[-87.590461,41.787877]}",32,22260,8,477,33,60,3,True,divvy_58f3c2bac7da3480,2023-09-14 17:42:14,22004 | CHI01806,Blackstone Ave & 59th St,202309-divvy-tripdata.zip,unverified_first_trip_proxy,,
1850867138125484782,Woodlawn Ave & 58th St,CHI01996,11,11,In Service,41.789381,-87.596479,"{""type"":""Point"",""coordinates"":[-87.596479,41.789381]}",32,22260,8,154,33,60,3,True,divvy_8ee4808cc1f79ebb,2023-09-15 12:30:32,22002 | CHI01996,Woodlawn Ave & 58th St,202309-divvy-tripdata.zip,unverified_first_trip_proxy,,
1850868044363584392,University Ave & 59th St,CHI01913,15,15,In Service,41.787878,-87.598906,"{""type"":""Point"",""coordinates"":[-87.598906,41.787878]}",32,22260,8,154,33,60,3,True,divvy_bc061618830fc985,2023-08-29 13:50:43,22003 | CHI01913,University Ave & 59th St,202308-divvy-tripdata.zip,unverified_first_trip_proxy,,
1859027847673133268,Monticello Ave & Lawrence Ave,CHI01777,11,11,In Service,41.9682,-87.71953,"{""type"":""Point"",""coordinates"":[-87.71953,41.9682]}",2,21849,14,119,12,20,33,True,divvy_10ed9a0610d3afd8,2023-09-19 16:40:36,23108 | CHI01777,Monticello Ave & Lawrence Ave,202309-divvy-tripdata.zip,unverified_first_trip_proxy,,
1859717449875884116,Kedzie Ave & 66th Pl,CHI01785,15,15,In Service,41.772584,-87.703007,"{""type"":""Point"",""coordinates"":[-87.703007,41.772584]}",44,21867,64,293,31,58,14,True,divvy_370edbe6d2d00e53,2023-09-23 17:18:03,23143 | CHI01785,Kedzie Ave & 66th Pl,202309-divvy-tripdata.zip,unverified_first_trip_proxy,,
1859717767703464460,Kedzie Ave & Redfield Dr,CHI01795,15,15,In Service,41.76523,-87.70316,"{""type"":""Point"",""coordinates"":[-87.70316,41.76523]}",6,21867,64,383,31,58,17,True,divvy_0bac96deb58afc4b,2023-09-23 17:19:31,23139 | CHI01795,Kedzie Ave & Redfield Dr,202309-divvy-tripdata.zip,unverified_first_trip_proxy,,
1859718111300847802,Artesian Ave & Marquette Rd,CHI01793,15,15,In Service,41.77203,-87.684637,"{""type"":""Point"",""coordinates"":[-87.684637,41.77203]}",44,21867,64,382,2,58,16,True,divvy_77eeb8b660e28e76,2023-10-08 01:11:19,23142 | CHI01793,Artesian Ave & Marquette Rd,202310-divvy-tripdata.zip,unverified_first_trip_proxy,,
1861588043429399408,McCormick Blvd & Devon Ave,CHI01881,11,11,In Service,41.9972,-87.71105,"{""type"":""Point"",""coordinates"":[-87.71105,41.9972]}",42,4450,13,747,27,50,50,True,divvy_42876b8a8ec59c9c,2022-05-16 21:02:53,23101 | 488 | CHI01881,McCormick Blvd & Devon Ave,202205-divvy-tripdata.zip,unverified_first_trip_proxy,,possible_rename
1861589903150238332,California Ave & 71st St,CHI01798,15,15,In Service,41.764748,-87.693121,"{""type"":""Point"",""coordinates"":[-87.693121,41.764748]}",6,21867,64,383,31,58,17,True,divvy_308053305f031085,2023-09-29 14:22:50,23140 | CHI01798,California Ave & 71st St,202309-divvy-tripdata.zip,unverified_first_trip_proxy,,
1861593053874186306,Artesian Ave & 71st St,CHI01770,15,15,In Service,41.764345,-87.684417,"{""type"":""Point"",""coordinates"":[-87.684417,41.764345]}",6,21867,64,333,30,58,17,True,divvy_5883e057c4cd8390,2023-10-06 17:25:05,23141 | CHI01770,Artesian Ave & 71st St,202310-divvy-tripdata.zip,unverified_first_trip_proxy,,
1861594737501366386,Springfield Ave & 71st St,CHI01796,15,15,In Service,41.764484,-87.720028,"{""type"":""Point"",""coordinates"":[-87.720028,41.764484]}",23,21867,63,317,15,58,23,True,divvy_ad6cb67715bb7a17,2023-10-04 20:47:04,23137 | CHI01796,Springfield Ave & 71st St,202310-divvy-tripdata.zip,unverified_first_trip_proxy,,
1861613253877461614,St. Louis Ave & 71st St,CHI01797,15,11,In Service,41.764354,-87.710121,"{""type"":""Point"",""coordinates"":[-87.710121,41.764354]}",6,21867,64,383,31,58,17,True,divvy_c14e2d033111fda6,2023-10-17 02:06:26,23138 | CHI01797,St. Louis & 71st St | St. Louis Ave & 71st St,202310-divvy-tripdata.zip,unverified_first_trip_proxy,,
1861996658372408268,Kostner Ave & Wrightwood Ave,CHI01816,15,15,In Service,41.927957,-87.735952,"{""type"":""Point"",""coordinates"":[-87.735952,41.927957]}",7,22615,21,439,17,2,31,True,divvy_7e64c01e2dfed1b3,2021-08-03 14:24:54,23321 | 321 | CHI01816,Kostner Ave & Wrightwood Ave,202108-divvy-tripdata.zip,unverified_first_trip_proxy,,
1861997616150114834,Kenosha Ave & Wellington Ave,CHI01858,15,15,Not In Service,41.934457,-87.733795,"{""type"":""Point"",""coordinates"":[-87.733795,41.934457]}",7,22618,21,411,17,21,31,True,divvy_7b4642808cc1bb62,2023-09-28 17:14:54,21361 | CHI01858,Kenosha Ave & Wellington Ave,202309-divvy-tripdata.zip,unverified_first_trip_proxy,,
1862806445904101456,Michigan Ave & 9th St,CHI02025,19,19,In Service,41.87094,-87.62439,"{""type"":""Point"",""coordinates"":[-87.62439,41.87094]}",48,14913,38,368,10,35,9,True,divvy_20e8a72f3d786cec,2026-05-13 18:07:03.333000,CHI02025,Michigan Ave & 9th St,202605-divvy-tripdata.zip,unverified_first_trip_proxy,,
1863873159929715228,Damen Ave & 81st St,CHI01545,15,15,In Service,41.746534,-87.673055,"{""type"":""Point"",""coordinates"":[-87.673055,41.746534]}",6,21554,70,574,30,59,18,True,divvy_25b2a845ab228070,2023-11-09 15:23:03,23120 | CHI01545,Damen Ave & 81st St,202311-divvy-tripdata.zip,unverified_first_trip_proxy,,
1863873701095594368,Wood St & 84th St,CHI01781,15,15,In Service,41.741192,-87.668106,"{""type"":""Point"",""coordinates"":[-87.668106,41.741192]}",6,21554,70,532,13,59,18,True,divvy_ba7f3483fad7970c,2023-11-30 11:26:46,23124 | CHI01781,Wood St & 84th St,202311-divvy-tripdata.zip,unverified_first_trip_proxy,,
1863877673940343638,California Ave & Marquette Rd,CHI01773,15,15,In Service,41.771611,-87.693331,"{""type"":""Point"",""coordinates"":[-87.693331,41.771611]}",6,21867,64,383,31,58,17,True,divvy_bb72179c14838ef1,2021-10-28 09:14:00,21390 | 390 | CHI01773,California Ave & Marquette Rd,202110-divvy-tripdata.zip,unverified_first_trip_proxy,,
1863878044896486356,Kilpatrick Ave & Grand Ave,CHI01889,15,15,In Service,41.912732,-87.743636,"{""type"":""Point"",""coordinates"":[-87.743636,41.912732]}",4,22615,26,62,45,2,37,True,divvy_e684c35992f58916,2021-11-01 17:46:58,21374 | 374 | CHI01889,Kilpatrick Ave & Grand Ave,202111-divvy-tripdata.zip,unverified_first_trip_proxy,,
1866476160171649058,Damen Ave & Coulter St,CHI00624,12,12,In Service,41.850434,-87.674989,"{""type"":""Point"",""coordinates"":[-87.674989,41.850434]}",8,14920,33,126,26,43,25,True,divvy_810c8ed406cb9d69,2013-07-24 13:46:00,167 | CHI00624 | TA1307000066,Damen Ave & Coulter St,Divvy_Stations_Trips_2013.zip,unverified_first_trip_proxy,,possible_rename
1866822399451882164,Lincoln Ave & Peterson Ave,CHI01868,15,15,In Service,41.990267,-87.70857,"{""type"":""Point"",""coordinates"":[-87.70857,41.990267]}",46,4450,20,65,24,50,50,True,divvy_38ddaf2d9c759ef2,2021-11-05 14:57:36,21462 | 462 | CHI01868,Lincoln Ave & Peterson Ave,202111-divvy-tripdata.zip,unverified_first_trip_proxy,,
1867227665093179888,Kenneth Ave & Lawrence Ave,CHI01945,15,15,In Service,41.967821,-87.73998,"{""type"":""Point"",""coordinates"":[-87.73998,41.967821]}",20,21869,16,362,38,48,39,True,divvy_baae0de7e52e8720,2023-10-13 19:45:28,23106 | CHI01945,Kenneth Ave & Lawrence Ave,202310-divvy-tripdata.zip,unverified_first_trip_proxy,,
1867616044298100822,Springfield Ave & North Ave,CHI01826,15,15,In Service,41.910158,-87.723831,"{""type"":""Point"",""coordinates"":[-87.723831,41.910158]}",27,22535,24,391,49,1,26,True,divvy_69df3047b39211d5,2023-10-14 17:28:46,23191 | CHI01826,Springfield Ave & North Ave,202310-divvy-tripdata.zip,unverified_first_trip_proxy,,
1867616662773391950,Karlov Ave & Armitage Ave,CHI01825,15,15,In Service,41.91748,-87.728952,"{""type"":""Point"",""coordinates"":[-87.728952,41.91748]}",27,22615,21,76,49,2,26,True,divvy_6a57ce6e71a1d394,2023-10-17 23:15:06,23190 | CHI01825,Karlov Ave & Armitage Ave,202310-divvy-tripdata.zip,unverified_first_trip_proxy,,
1867617341378224632,Karlov Ave & Lawrence Ave,CHI01800,15,15,In Service,41.967947,-87.730409,"{""type"":""Point"",""coordinates"":[-87.730409,41.967947]}",28,21869,14,257,38,48,39,True,divvy_159b7de668a26372,2023-10-19 09:43:22,23107 | CHI01800,Karlov Ave & Lawrence Ave,202310-divvy-tripdata.zip,unverified_first_trip_proxy,,
1869036027793202092,Lavergne Ave & Fullerton Ave,CHI01850,15,15,In Service,41.924034,-87.751191,"{""type"":""Point"",""coordinates"":[-87.751191,41.924034]}",7,22615,19,306,44,2,31,True,divvy_744a8de37084f7fa,2023-10-16 12:44:12,21356 | CHI01850,Lavergne Ave & Fullerton Ave,202310-divvy-tripdata.zip,unverified_first_trip_proxy,,
1869052846885132442,Kedzie Ave & 73rd St,CHI01802,15,15,In Service,41.760703,-87.702292,"{""type"":""Point"",""coordinates"":[-87.702292,41.760703]}",6,21867,64,349,30,58,18,True,divvy_794948cddec6ffa1,2023-10-20 18:01:59,23136 | CHI01802,Kedzie Ave & 73rd St,202310-divvy-tripdata.zip,unverified_first_trip_proxy,,
1869054242749504212,Kilbourn Ave & Roscoe St,CHI01857,15,15,In Service,41.942722,-87.739557,"{""type"":""Point"",""coordinates"":[-87.739557,41.942722]}",27,22618,16,328,21,21,30,True,divvy_878793cdf4719b4e,2023-10-19 14:33:01,21360 | CHI01857,Kilbourn Ave & Roscoe St,202310-divvy-tripdata.zip,unverified_first_trip_proxy,,
1869786699581020630,Paulina Ave & 87th St,CHI01786,15,15,In Service,41.735629,-87.66552,"{""type"":""Point"",""coordinates"":[-87.66552,41.735629]}",18,21554,70,488,13,59,18,True,divvy_fe6337367a6b082d,2023-10-26 19:10:15,23122 | CHI01786,Paulina Ave & 87th St,202310-divvy-tripdata.zip,unverified_first_trip_proxy,,
1870193411073343610,California Ave & Granville Ave,CHI01955,15,15,In Service,41.9941803,-87.6995596,"{""type"":""Point"",""coordinates"":[-87.6995596,41.9941803]}",42,4450,20,30,27,50,50,True,divvy_59c713df5a1ccaac,2023-10-20 00:30:32,23104 | CHI01955,California Ave & Granville Ave,202310-divvy-tripdata.zip,unverified_first_trip_proxy,,name_has_multiple_locations
1870208802121658482,Rainbow Beach,CHI00526,15,15,In Service,41.7578709652,-87.5491767528,"{""type"":""Point"",""coordinates"":[-87.54917675279,41.757870965225]}",43,22538,39,421,37,24,5,True,divvy_682ac8e3fe617387,2015-04-26 20:07:00,398 | CHI00526 | KA1503000049 | KA1503000049.1,Rainbow - Beach | Rainbow Beach,Divvy_Trips_2015-Q1Q2.zip,unverified_first_trip_proxy,,
1871990322214447924,Lamon Ave & Armitage Ave,CHI01897,15,15,In Service,41.91676,-87.749458,"{""type"":""Point"",""coordinates"":[-87.749458,41.91676]}",7,22615,19,306,44,2,36,True,divvy_9731db89cf243d5b,2021-08-05 17:58:13,21357 | 357 | CHI01897,Lamon Ave & Armitage Ave,202108-divvy-tripdata.zip,unverified_first_trip_proxy,,
1871991855517771832,Western Ave & 79th St,CHI01803,15,15,In Service,41.750843,-87.682701,"{""type"":""Point"",""coordinates"":[-87.682701,41.750843]}",6,21554,69,498,30,59,18,True,divvy_29e4cb59679d4864,2022-05-11 16:54:10,23131 | 714 | CHI01803,Western Ave & 79th St,202205-divvy-tripdata.zip,unverified_first_trip_proxy,,possible_rename
1871992684446460008,Kilbourn Ave & Belden Ave,CHI01856,15,15,In Service,41.922369,-87.739024,"{""type"":""Point"",""coordinates"":[-87.739024,41.922369]}",7,22615,21,75,44,2,26,True,divvy_2164a585730ad0df,2023-11-30 15:30:21,21359 | CHI01856,Kilbourn Ave & Belden Ave,202311-divvy-tripdata.zip,unverified_first_trip_proxy,,
1871992980799203880,Mozart St & 79th St,CHI01817,15,15,In Service,41.749702,-87.693917,"{""type"":""Point"",""coordinates"":[-87.693917,41.749702]}",6,4300,69,243,30,8,18,True,divvy_264771656761b251,2023-11-10 18:07:41,23129 | CHI01817,Mozart St & 79th St,202311-divvy-tripdata.zip,unverified_first_trip_proxy,,
1871993715238611622,Parkside Ave & Armitage Ave,CHI01846,15,15,In Service,41.916907,-87.767173,"{""type"":""Point"",""coordinates"":[-87.767173,41.916907]}",52,22615,19,57,44,2,36,True,divvy_658b6bda14fda78b,2021-07-28 19:30:00,21354 | 354 | CHI01846,Parkside Ave & Armitage Ave,202107-divvy-tripdata.zip,unverified_first_trip_proxy,,
1872721263815561908,Damen Ave & 87th St,CHI01761,15,15,Not In Service,41.736044,-87.672861,"{""type"":""Point"",""coordinates"":[-87.672861,41.736044]}",6,21554,70,532,30,59,18,True,divvy_0f3a188e25c110d7,2023-11-14 09:02:06,23121 | CHI01761,Damen Ave & 87th St,202311-divvy-tripdata.zip,unverified_first_trip_proxy,,
1872721624592814362,Lockwood Ave & Wrightwood Ave,CHI00813,15,15,In Service,41.927766,-87.758544,"{""type"":""Point"",""coordinates"":[-87.758544,41.927766]}",7,22615,19,80,17,2,31,True,divvy_7da4203923d152d8,2021-08-04 14:22:28,21312 | 312 | CHI00813,Lockwood Ave & Wrightwood Ave,202108-divvy-tripdata.zip,unverified_first_trip_proxy,,
1872721938125427506,Kedzie Ave & 83rd St,CHI01544,15,15,In Service,41.742523,-87.702279,"{""type"":""Point"",""coordinates"":[-87.702279,41.742523]}",6,4300,69,199,30,8,18,True,divvy_97bdda73ace6d4a2,2023-11-08 13:24:57,23117 | CHI01544,Kedzie Ave & 83rd St,202311-divvy-tripdata.zip,unverified_first_trip_proxy,,
1872722290312745226,Pulaski Rd & 84th St,CHI01753,15,15,In Service,41.740407,-87.721907,"{""type"":""Point"",""coordinates"":[-87.721907,41.740407]}",6,4300,69,197,30,8,18,True,divvy_ab93d82db64c04a8,2023-11-10 16:16:14,23115 | CHI01753,Pulaski Rd & 84th St,202311-divvy-tripdata.zip,unverified_first_trip_proxy,,
1872723419889143870,Columbus Ave & 83rd Pl,CHI01752,15,15,In Service,41.741346,-87.713696,"{""type"":""Point"",""coordinates"":[-87.713696,41.741346]}",6,4300,69,198,30,8,18,True,divvy_05a0a1489979b71f,2024-01-02 18:39:02,23116 | CHI01752,Columbus Ave & 83rd Pl,202401-divvy-tripdata.zip,unverified_first_trip_proxy,,
1879436840905128284,Francisco Ave & 85th St,CHI01546,15,15,In Service,41.738902,-87.695518,"{""type"":""Point"",""coordinates"":[-87.695518,41.738902]}",6,4300,69,217,30,8,18,True,divvy_4da833db7b24c18b,2024-02-03 16:24:17,23119 | CHI01546,Francisco Ave & 85th St,202402-divvy-tripdata.zip,unverified_first_trip_proxy,,
1879437308430949172,Springfield Ave & 80th St,CHI01757,8,7,In Service,41.74763,-87.71945,"{""type"":""Point"",""coordinates"":[-87.71945,41.74763]}",6,4300,69,199,30,8,18,True,divvy_9a8e79a41f4fb086,2023-12-21 20:16:58,23126 | CHI01757,Springfield Ave & 80th St,202312-divvy-tripdata.zip,unverified_first_trip_proxy,,
1879438378503419960,Richmond St & Lincoln Ave,CHI01865,7,7,In Service,41.9881174,-87.7031754,"{""type"":""Point"",""coordinates"":[-87.7031754,41.9881174]}",46,4450,20,65,24,50,50,True,divvy_ee2dfeb4caf1ebb0,2021-11-06 16:53:33,21452 | 452 | CHI01865,Richmond St & Lincoln Ave,202111-divvy-tripdata.zip,unverified_first_trip_proxy,,
1879439147302566804,Columbus Ave & 79th St,CHI01805,11,11,In Service,41.749119,-87.704263,"{""type"":""Point"",""coordinates"":[-87.704263,41.749119]}",6,4300,69,199,30,8,18,True,divvy_2e7987783d5ba225,2023-11-17 14:04:23,23128 | CHI01805,Columbus Ave & 79th St,202311-divvy-tripdata.zip,unverified_first_trip_proxy,,
1879441011318372516,Scottsdale Park,CHI01754,11,11,Not In Service,41.741966,-87.736179,"{""type"":""Point"",""coordinates"":[-87.736179,41.741966]}",6,4300,69,197,30,8,18,True,divvy_a3b9d6e3ed68ef8e,2023-12-03 18:01:09,23113 | CHI01754,Scottsdale Park,202312-divvy-tripdata.zip,unverified_first_trip_proxy,,
1879442377117973296,Dan Ryan Woods & 83rd St,CHI01778,10,10,Not In Service,41.742805,-87.680177,"{""type"":""Point"",""coordinates"":[-87.680177,41.742805]}",6,21554,69,217,30,59,18,True,divvy_adda50b464d06beb,2024-01-07 09:35:03,23123 | CHI01778,Dan Ryan Woods & 83rd St,202401-divvy-tripdata.zip,unverified_first_trip_proxy,,
1882466626513795782,Keeler Ave & Carmen Ave,CHI00959,15,15,Not In Service,41.974323,-87.7331,"{""type"":""Point"",""coordinates"":[-87.7331,41.974323]}",28,21869,13,748,38,48,39,True,divvy_58368ccc8bb22ea3,2023-12-29 15:09:47,23110 | CHI00959,Keeler Ave & Carmen Ave,202312-divvy-tripdata.zip,unverified_first_trip_proxy,,
1884621142190397936,Central Ave & Roscoe St,CHI01911,15,15,In Service,41.942275,-87.76695,"{""type"":""Point"",""coordinates"":[-87.76695,41.942275]}",25,22254,15,342,44,52,30,True,divvy_36237aff0c9d54b1,2021-08-06 20:20:57,21396 | 396 | CHI01911,Central Ave & Roscoe St,202108-divvy-tripdata.zip,unverified_first_trip_proxy,,
1885794833713023406,Kostner Ave & Belmont Ave,CHI01765,15,15,In Service,41.939191,-87.737112,"{""type"":""Point"",""coordinates"":[-87.737112,41.939191]}",7,22618,16,328,21,21,30,True,divvy_e31a2062e514480c,2023-12-12 15:42:43,23172 | CHI01765,Kostner Ave & Belmont Ave,202312-divvy-tripdata.zip,unverified_first_trip_proxy,,
1887668523852444498,Cicero Ave & Roscoe Ave,CHI01801,11,11,In Service,41.942427,-87.747315,"{""type"":""Point"",""coordinates"":[-87.747315,41.942427]}",25,22618,15,115,17,21,31,True,divvy_e8fa308975f9ee56,2023-12-08 22:09:54,23165 | CHI01801,Cicero Ave & Roscoe Ave,202312-divvy-tripdata.zip,unverified_first_trip_proxy,,
1890602768178733256,Leclaire Ave & Belmont Ave,CHI01764,15,15,In Service,41.939041,-87.754197,"{""type"":""Point"",""coordinates"":[-87.754197,41.939041]}",27,22618,15,114,17,21,31,True,divvy_ca56443a19622eb1,2024-01-15 14:37:03,23171 | CHI01764,Leclaire Ave & Belmont Ave,202401-divvy-tripdata.zip,unverified_first_trip_proxy,,
1890603435601779460,Meade Ave & Belmont Ave,CHI01783,15,13,In Service,41.938251,-87.778601,"{""type"":""Point"",""coordinates"":[-87.778601,41.938251]}",39,22254,19,81,21,52,30,True,divvy_507c687b1eb2c15e,2026-06-03 18:13:35.626000,CHI01783,Marmora Ave & Belmont Ave | Marmora Ave & Belmont Ave (temporary),202606-divvy-tripdata.zip,unverified_first_trip_proxy,2024-05-10 14:53:41,earlier_same_name_history
1890604055552786620,Central Ave & Wellington Ave,CHI01759,15,15,In Service,41.9349097,-87.7667718,"{""type"":""Point"",""coordinates"":[-87.7667718,41.9349097]}",7,22254,19,82,17,52,31,True,divvy_727b7e17d2d5f60e,2024-01-01 03:58:14,23173 | CHI01759,Central Ave & Wellington Ave,202401-divvy-tripdata.zip,unverified_first_trip_proxy,,
1890604506489868740,Mango Ave & Diversey Ave,CHI01762,15,15,In Service,41.9309625,-87.7698856,"{""type"":""Point"",""coordinates"":[-87.7698856,41.9309625]}",27,22615,19,58,21,2,30,True,divvy_48a89a36c860553e,2024-01-30 13:19:49,23175 | CHI01762,Mango Ave & Diversey Ave,202401-divvy-tripdata.zip,unverified_first_trip_proxy,,
1890605196211329420,Cicero Ave & Wrightwood Ave,CHI01763,15,15,In Service,41.9279057,-87.7467295,"{""type"":""Point"",""coordinates"":[-87.7467295,41.9279057]}",7,22615,19,304,17,2,31,True,divvy_7b4120886bdfebf0,2022-05-09 19:56:07,23180 | 547 | CHI01763,Cicero Ave & Wrightwood Ave,202205-divvy-tripdata.zip,unverified_first_trip_proxy,,possible_rename
1926946441362045298,Laramie Ave & Addison St,CHI01789,15,15,In Service,41.9456842,-87.7569344,"{""type"":""Point"",""coordinates"":[-87.7569344,41.9456842]}",25,22618,15,361,21,21,31,True,divvy_acefcb77a0349cb7,2024-04-15 18:59:43,23167 | CHI01789,Laramie Ave & Addison St,202404-divvy-tripdata.zip,unverified_first_trip_proxy,,
1926982189560422428,St Louis Ave & Foster Ave,CHI01539,15,15,In Service,41.9759837,-87.7159844,"{""type"":""Point"",""coordinates"":[-87.7159844,41.9759837]}",28,21849,13,167,38,20,39,True,divvy_a19a556335ed5743,2024-03-21 15:40:51,23112 | CHI01539,St Louis Ave & Foster Ave,202403-divvy-tripdata.zip,unverified_first_trip_proxy,,
1927347094828755902,Lexington St & California Ave,CHI01828,15,15,In Service,41.8719938,-87.6958108,"{""type"":""Point"",""coordinates"":[-87.6958108,41.8719938]}",48,21184,28,38,23,28,28,True,divvy_594b18d1d273584a,2024-03-21 19:05:05,23215 | CHI01828,Lexington & California Ave | Lexington St & California Ave,202403-divvy-tripdata.zip,unverified_first_trip_proxy,,
1927677528601722888,Long Ave & North Ave,CHI01886,15,15,In Service,41.9092147,-87.7609189,"{""type"":""Point"",""coordinates"":[-87.7609189,41.9092147]}",4,22615,26,599,45,5,37,True,divvy_e3f42e6bd265424d,2021-09-16 20:05:56,21375 | 375 | CHI01886,Long Ave & North Ave,202109-divvy-tripdata.zip,unverified_first_trip_proxy,,
1927695368784189454,Kildare Ave & North Ave,CHI01827,11,11,In Service,41.9095392,-87.7338518,"{""type"":""Point"",""coordinates"":[-87.7338518,41.9095392]}",27,22615,24,286,49,5,36,True,divvy_60423e5a56d8f630,2024-03-27 07:59:53,23192 | CHI01827,Kildare Ave & North Ave,202403-divvy-tripdata.zip,unverified_first_trip_proxy,,
1927730149429352986,Kildare Ave & Division St,CHI00824,15,15,In Service,41.902393,-87.733598,"{""type"":""Point"",""coordinates"":[-87.733598,41.902393]}",4,4299,24,99,45,5,37,True,divvy_337eabdebfe38f14,2021-09-16 14:31:31,21303 | 303 | CHI00824,Kildare Ave & Division St,202109-divvy-tripdata.zip,unverified_first_trip_proxy,,
1928767416660546464,Leamington Ave & Hirsch St,CHI00803,15,15,In Service,41.9058405,-87.7548602,"{""type"":""Point"",""coordinates"":[-87.7548602,41.9058405]}",4,4299,26,600,45,5,37,True,divvy_79435e1ef01e1389,2021-10-15 18:13:17,21307 | 307 | CHI00803,Leamington Ave & Hirsch St,202110-divvy-tripdata.zip,unverified_first_trip_proxy,,
1928792940289520096,Lavergne Ave & Division St,CHI00847,15,15,In Service,41.9021077,-87.7508698,"{""type"":""Point"",""coordinates"":[-87.7508698,41.9021077]}",4,4299,26,585,45,5,37,True,divvy_8e4b58af4df3ae39,2021-09-19 01:43:46,21304 | 304 | CHI00847,Lavergne Ave & Division St,202109-divvy-tripdata.zip,unverified_first_trip_proxy,,
1928795714838393816,Kildare Ave & Chicago Ave,CHI01887,15,15,In Service,41.8954357,-87.7334818,"{""type"":""Point"",""coordinates"":[-87.7334818,41.8954357]}",4,4299,24,99,45,5,37,True,divvy_8cde84db75e60c69,2021-09-26 13:34:31,21371 | 371 | CHI01887,Kildare & Chicago Ave | Kildare Ave & Chicago Ave,202109-divvy-tripdata.zip,unverified_first_trip_proxy,,
1929119555906179916,Marmora Ave & Irving Park Rd,CHI01804,15,15,In Service,41.9531072,-87.7747326,"{""type"":""Point"",""coordinates"":[-87.7747326,41.9531072]}",25,22254,15,26,19,52,38,True,divvy_17caf0ce515363f3,2024-04-07 01:38:32,23162 | CHI01804,Marmora Ave & Irving Park Rd,202404-divvy-tripdata.zip,unverified_first_trip_proxy,,
1929121088624564460,Laramie Ave & Irving Park Rd,CHI01771,15,15,In Service,41.9533354,-87.7583844,"{""type"":""Point"",""coordinates"":[-87.7583844,41.9533354]}",25,22618,15,260,19,21,38,True,divvy_319c59a7fbfc035f,2024-03-29 23:40:31,23163 | CHI01771,Laramie Ave & Irving Park Rd,202403-divvy-tripdata.zip,unverified_first_trip_proxy,,
1929121521556988340,Grace St & Central Ave,CHI01799,15,15,In Service,41.9495327,-87.7672648,"{""type"":""Point"",""coordinates"":[-87.7672648,41.9495327]}",25,22254,15,311,19,52,38,True,divvy_837d844316cb783b,2024-04-18 17:52:51,23164 | CHI01799,Grace St & Central Ave,202404-divvy-tripdata.zip,unverified_first_trip_proxy,,
1929121887488481484,Major Ave & Addison St,CHI01791,11,11,In Service,41.94572,-87.76913,"{""type"":""Point"",""coordinates"":[-87.76913,41.94572]}",25,22254,15,342,44,52,30,True,divvy_46e108a496f751fb,2024-05-01 18:22:53,23166 | CHI01791,Major Ave & Addison St,202405-divvy-tripdata.zip,unverified_first_trip_proxy,,name_has_multiple_locations
1929516918167933834,California Ave & Touhy Ave,CHI01834,11,10,In Service,42.0120368,-87.7004371,"{""type"":""Point"",""coordinates"":[-87.7004371,42.0120368]}",42,22528,20,32,27,12,50,True,divvy_054bcfe62a6805dd,2024-03-29 17:22:55,24151 | CHI01834,California Ave & Touhy Ave,202403-divvy-tripdata.zip,unverified_first_trip_proxy,,
1929537544978749446,Fairfield Ave & Pratt Blvd,CHI01780,15,15,In Service,42.0044482,-87.6985973,"{""type"":""Point"",""coordinates"":[-87.6985973,42.0044482]}",42,22528,20,40,27,12,50,True,divvy_4935fa1b5d1efcc0,2024-03-28 10:40:32,24148 | CHI01780,Fairfield Ave & Pratt Blvd,202403-divvy-tripdata.zip,unverified_first_trip_proxy,,
1929538112769137066,Bernard St & Peterson Ave,CHI01892,15,15,In Service,41.9904393,-87.715236,"{""type"":""Point"",""coordinates"":[-87.715236,41.9904393]}",42,4450,13,747,27,50,50,True,divvy_d248b97574bd5488,2024-03-29 13:37:12,24158 | CHI01892,Bernard St & Peterson Ave,202403-divvy-tripdata.zip,unverified_first_trip_proxy,,
1929883678185797908,Lockwood Ave & Grand Ave,CHI01758,15,15,In Service,41.9175941,-87.7584143,"{""type"":""Point"",""coordinates"":[-87.7584143,41.9175941]}",4,22615,19,307,44,2,36,True,divvy_e12077727f28879d,2024-04-14 23:24:52,23187 | CHI01758,Lockwood Ave & Grand Ave | Lockwood Ave and Grand Ave,202404-divvy-tripdata.zip,unverified_first_trip_proxy,,
1929905600854819414,Lowell Ave & Armitage Ave,CHI02024,15,15,In Service,41.9170767,-87.7353543,"{""type"":""Point"",""coordinates"":[-87.7353543,41.9170767]}",27,22615,21,75,12,2,35,True,divvy_f574bc56ccb01565,2024-03-28 19:02:16,1524189 | CHI02024,Lowell Ave & Armitage | Lowell Ave & Armitage Ave,202403-divvy-tripdata.zip,unverified_first_trip_proxy,,
1929934715947649384,Central Park Ave & Washington Blvd,CHI01808,15,15,In Service,41.8827476,-87.7153994,"{""type"":""Point"",""coordinates"":[-87.7153994,41.8827476]}",11,21572,28,176,23,30,28,True,divvy_d8360c748ce2567d,2024-04-12 00:38:11,23210 | CHI01808,Central Park Ave & Washington Blvd,202404-divvy-tripdata.zip,unverified_first_trip_proxy,,
1929967657204564894,Kedvale Ave & Peterson Ave,CHI01905,15,15,In Service,41.9900762,-87.7317073,"{""type"":""Point"",""coordinates"":[-87.7317073,41.9900762]}",28,22532,13,748,38,18,39,True,divvy_b3167340cffdb8c2,2024-04-30 13:55:51,24159 | CHI01905,Kedvale Ave & Peterson Ave,202404-divvy-tripdata.zip,unverified_first_trip_proxy,,
1929968520492991056,Central Park Ave & Ardmore Ave,CHI01863,15,15,In Service,41.9866081,-87.7187674,"{""type"":""Point"",""coordinates"":[-87.7187674,41.9866081]}",28,22532,13,747,38,50,39,True,divvy_06d33242a59cbf36,2024-04-19 16:43:52,24157 | CHI01863,Central Park Ave & Ardmore Ave,202404-divvy-tripdata.zip,unverified_first_trip_proxy,,
1930641272056945296,Mason Ave & Grand Ave,CHI02017,15,15,In Service,41.9204347,-87.7743901,"{""type"":""Point"",""coordinates"":[-87.7743901,41.9204347]}",4,22615,19,57,44,2,36,True,divvy_58262f330db17275,2024-04-17 18:51:19,1523185.1 | CHI02017,Mason Ave & Grand Ave,202404-divvy-tripdata.zip,unverified_first_trip_proxy,,
1931391724317609988,Lamon Ave & Chicago Ave,CHI01852,15,15,In Service,41.8950179,-87.7484986,"{""type"":""Point"",""coordinates"":[-87.7484986,41.8950179]}",4,4299,26,585,45,5,37,True,divvy_00a61f9d83cb6e05,2021-09-15 06:56:22,24205 | 302 | CHI01852,Lamon Ave & Chicago Ave,202109-divvy-tripdata.zip,unverified_first_trip_proxy,,
1931403472863201974,Lawler Ave & North Ave,CHI01830,15,15,In Service,41.9091754,-87.7522545,"{""type"":""Point"",""coordinates"":[-87.7522545,41.9091754]}",4,22615,26,600,45,5,37,True,divvy_7a1fe938f28810ad,2024-04-30 13:32:13,24198 | CHI01830,Lawler Ave & North Ave,202404-divvy-tripdata.zip,unverified_first_trip_proxy,,
1931696364106218226,21st St & Pulaski Rd,CHI01823,15,15,In Service,41.85345,-87.7245,"{""type"":""Point"",""coordinates"":[-87.7245,41.85345]}",36,21569,30,752,14,57,24,True,divvy_c15a94a00d1106bc,2024-04-13 23:03:36,21331 | CHI01823,21st St & Pulaski Rd,202404-divvy-tripdata.zip,unverified_first_trip_proxy,,
1932088872431302840,Pine Ave & Division St,CHI01926,15,15,In Service,41.9019,-87.76389,"{""type"":""Point"",""coordinates"":[-87.76389,41.9019]}",4,4299,26,562,45,5,37,True,divvy_91c41d6674950da9,2024-04-13 10:30:21,24200 | CHI01926,Pine Ave & Division St,202404-divvy-tripdata.zip,unverified_first_trip_proxy,,name_has_multiple_locations
1932113567217736592,Mango Ave & North Ave,CHI01872,7,7,In Service,41.90958,-87.7691175,"{""type"":""Point"",""coordinates"":[-87.7691175,41.90958]}",52,22615,26,597,7,2,29,True,divvy_1f5b0e1cdb85a124,2024-05-01 13:02:14,24196 | CHI01872,Mango Ave & North Ave,202405-divvy-tripdata.zip,unverified_first_trip_proxy,,
1932128180709716638,Monticello Ave & Chicago Ave,CHI02011,7,7,In Service,41.89581,-87.71763,"{""type"":""Point"",""coordinates"":[-87.71763,41.89581]}",41,4299,24,456,46,5,27,True,divvy_5b0b25c4a6cd3401,2021-09-15 13:08:07,21301 | 301 | CHI02011,Monticello Ave & Chicago Ave,202109-divvy-tripdata.zip,unverified_first_trip_proxy,,
1932130426977611818,Harding Ave & Division St,CHI01829,15,15,In Service,41.9023453,-87.7250744,"{""type"":""Point"",""coordinates"":[-87.7250744,41.9023453]}",41,4299,24,456,45,5,37,True,divvy_370e12e8bcd3c165,2024-04-09 16:31:30,24203 | CHI01829,Harding Ave & Division St,202404-divvy-tripdata.zip,unverified_first_trip_proxy,,
1932441496569160306,Spaulding Ave & 16th St,CHI01870,7,6,In Service,41.8590732,-87.7078929,"{""type"":""Point"",""coordinates"":[-87.7078929,41.8590732]}",36,21569,30,34,14,57,24,True,divvy_4a1a85a947d7e2a6,2021-07-16 17:41:55,21366 | 366.0 | CHI01870,Spaulding Ave & 16th | Spaulding Ave & 16th St,202107-divvy-tripdata.zip,unverified_first_trip_proxy,,
1932441844638063332,Harding Ave & 26th St,CHI01822,15,14,In Service,41.844218,-87.723347,"{""type"":""Point"",""coordinates"":[-87.723347,41.844218]}",14,21569,32,227,28,57,22,True,divvy_ed20da5cc925aedd,2021-08-05 16:47:05,21332 | 332.0 | CHI01822,Harding Ave & 26th St,202108-divvy-tripdata.zip,unverified_first_trip_proxy,,
1932496568454183892,Central Ave & Altgeld St,CHI01760,7,7,In Service,41.9258119,-87.7663685,"{""type"":""Point"",""coordinates"":[-87.7663685,41.9258119]}",27,22615,19,58,21,2,30,True,divvy_ae72efd1a427beef,2024-04-12 14:52:50,23182 | CHI01760,Central Ave & Altgeld St,202404-divvy-tripdata.zip,unverified_first_trip_proxy,,
1932836901177930130,Granville Ave & Pulaski Rd,CHI02053,11,11,In Service,41.9924402,-87.7289072,"{""type"":""Point"",""coordinates"":[-87.7289072,41.9924402]}",28,22532,13,748,38,18,39,True,divvy_49cc237763e94952,2024-04-08 23:34:35,24156 | CHI02053,Glenlake Ave & Pulaski Rd | Granville Ave & Pulaski Rd,202404-divvy-tripdata.zip,unverified_first_trip_proxy,,
1933956482619414962,Kildare Ave & 26th St,CHI01859,15,15,In Service,41.8443983784,-87.7326100366,"{""type"":""Point"",""coordinates"":[-87.732610036566,41.844398378365]}",14,21569,32,205,28,57,22,True,divvy_d04b8d215ca3061d,2021-07-20 18:31:01,21365 | 365.0 | CHI01859,Kildare Ave & 26th St,202107-divvy-tripdata.zip,unverified_first_trip_proxy,,
1933998036428004326,Lawndale Ave & 30th St,CHI01882,7,6,In Service,41.8389124,-87.7168955,"{""type"":""Point"",""coordinates"":[-87.7168955,41.8389124]}",14,21569,32,234,28,57,22,True,divvy_d48d1e4cb7fd3647,2021-08-12 15:12:25,21334 | 334.0 | CHI01882,Lawndale Ave & 30th St,202108-divvy-tripdata.zip,unverified_first_trip_proxy,,
1934009488956756950,Tripp Ave & 31st St,CHI01862,7,6,In Service,41.836966,-87.730502,"{""type"":""Point"",""coordinates"":[-87.730502,41.836966]}",14,21569,32,248,28,57,22,True,divvy_13af66fefdf12adb,2021-07-26 14:19:47,21368 | 368.0 | CHI01862,Tripp Ave & 31st St,202107-divvy-tripdata.zip,unverified_first_trip_proxy,,
1934288056893243658,Kostner Ave & Bryn Mawr Ave,CHI01818,7,7,In Service,41.982765,-87.738094,"{""type"":""Point"",""coordinates"":[-87.738094,41.982765]}",28,22532,13,748,38,18,39,True,divvy_be1d0314ddfebf75,2024-04-12 01:03:18,24153 | CHI01818,Kostner Ave & Bryn Mawr Ave,202404-divvy-tripdata.zip,unverified_first_trip_proxy,,
1934288718318207280,Meade Ave & Fullerton Ave,CHI01883,7,7,In Service,41.924751,-87.778272,"{""type"":""Point"",""coordinates"":[-87.778272,41.924751]}",52,22615,19,78,21,2,30,True,divvy_51882e593e81d000,2024-05-04 17:33:58,24178 | CHI01883,Meade Ave & Fullerton Ave,202405-divvy-tripdata.zip,unverified_first_trip_proxy,,
1934289130932983934,Hoyne Ave & 34th St,CHI01898,15,15,In Service,41.8320245,-87.6778387,"{""type"":""Point"",""coordinates"":[-87.6778387,41.8320245]}",26,14920,56,2,1,43,12,True,divvy_2f3d50ea9a70093f,2021-09-29 12:24:39,21337 | 337 | CHI01898,Hoyne Ave & 34th St,202109-divvy-tripdata.zip,unverified_first_trip_proxy,,
1934289361049585738,California Ave & 36th St,CHI01875,7,6,In Service,41.828098,-87.694684,"{""type"":""Point"",""coordinates"":[-87.694684,41.828098]}",29,22248,55,638,1,56,12,True,divvy_68d215924feebfc6,2021-09-29 12:57:28,21338 | 338 | CHI01875,California Ave & 36th St,202109-divvy-tripdata.zip,unverified_first_trip_proxy,,
1934289552037596050,Pershing Rd & Sacramento Ave,CHI00912,7,7,In Service,41.8223772681,-87.69975413,"{""type"":""Point"",""coordinates"":[-87.699754130038,41.822377268101]}",49,22248,55,196,1,56,12,True,divvy_2d22b06ae76a298a,2024-04-17 07:53:57,21339 | CHI00912,Pershing Rd & Sacramento Ave,202404-divvy-tripdata.zip,unverified_first_trip_proxy,,
1934289745311123692,Pulaski Rd & 51st St,CHI01876,15,14,In Service,41.800434,-87.7247496,"{""type"":""Point"",""coordinates"":[-87.7247496,41.800434]}",35,22248,54,637,6,56,23,True,divvy_a31a31d54da5f2dc,2021-10-20 08:40:13,21343 | 343 | CHI01876,Pulaski Rd & 51st St,202110-divvy-tripdata.zip,unverified_first_trip_proxy,,
1934289944388426278,Fairfield Ave & 44th St,CHI01790,7,7,In Service,41.813617,-87.6932272,"{""type"":""Point"",""coordinates"":[-87.6932272,41.813617]}",29,22248,55,641,3,56,12,True,divvy_4a4cfbd87fccd2bd,2021-10-18 16:58:16,21380 | 380 | CHI01790,Fairfield Ave & 44th St,202110-divvy-tripdata.zip,unverified_first_trip_proxy,,
1934290131858180982,Kedzie Ave & 48th Pl,CHI01767,15,13,In Service,41.8047581238,-87.7042193688,"{""type"":""Point"",""coordinates"":[-87.704219368794,41.804758123768]}",49,22248,55,85,8,56,14,True,divvy_8a7076dc46a78447,2021-09-21 17:55:34,21382 | 382 | CHI01767,Kedzie Ave & 48th Pl,202109-divvy-tripdata.zip,unverified_first_trip_proxy,,
1934290380966283526,Spaulding Ave & 63rd,CHI01927,15,15,In Service,41.7791655,-87.7056392,"{""type"":""Point"",""coordinates"":[-87.7056392,41.7791655]}",44,21867,64,344,6,58,14,True,divvy_8ba2ffe9b0194ac8,2024-05-16 00:03:57,21349 | CHI01927,Spaulding Ave & 63rd,202405-divvy-tripdata.zip,unverified_first_trip_proxy,,
1934290793283144612,Central Park Ave & 66th St,CHI01812,7,7,In Service,41.773258,-87.713143,"{""type"":""Point"",""coordinates"":[-87.713143,41.773258]}",23,21867,63,238,15,58,23,True,divvy_5981e76096049eae,2024-04-17 15:46:23,24144 | CHI01812,Central Park Ave & 66th St,202404-divvy-tripdata.zip,unverified_first_trip_proxy,,
1936552461714393094,St. Louis Ave & 59th St,CHI01851,15,15,In Service,41.78589,-87.71057,"{""type"":""Point"",""coordinates"":[-87.71057,41.78589]}",19,21867,64,344,6,58,14,True,divvy_be301dfb05987ef3,2021-10-21 16:47:09,21387 | 387 | CHI01851,St Louis Ave & 59th St | St. Louis Ave & 59th St,202110-divvy-tripdata.zip,unverified_first_trip_proxy,,
1936552997477483122,St Louis Ave & Norman Bobbins Pl,CHI01845,15,15,In Service,41.79439,-87.71132,"{""type"":""Point"",""coordinates"":[-87.71132,41.79439]}",49,22248,61,776,8,56,14,True,divvy_7c454f09486c5fec,2024-04-24 07:31:08,21385 | CHI01845,St Louis Ave & Norman Bobbins Pl,202404-divvy-tripdata.zip,unverified_first_trip_proxy,,
1936553212713581016,Kedzie Ave & 52nd St,CHI01849,15,15,In Service,41.79906,-87.70342,"{""type"":""Point"",""coordinates"":[-87.70342,41.79906]}",49,22248,61,777,8,56,14,True,divvy_33e135d72e57a445,2021-09-13 19:42:16,21384 | 384 | CHI01849,Kedzie Ave & 52nd St,202109-divvy-tripdata.zip,unverified_first_trip_proxy,,
1936560098166245516,Richmond St & 59th St,CHI01824,15,15,In Service,41.78649,-87.69733,"{""type"":""Point"",""coordinates"":[-87.69733,41.78649]}",49,21867,61,764,2,58,15,True,divvy_861aefaaf708f8ba,2021-09-23 03:39:01,21388 | 388 | CHI01824,Richmond St & 59th St,202109-divvy-tripdata.zip,unverified_first_trip_proxy,,
1936560522747919086,Rockwell St & 57th St,CHI01877,15,14,In Service,41.79031,-87.68888,"{""type"":""Point"",""coordinates"":[-87.68888,41.79031]}",19,21867,61,112,3,58,15,True,divvy_533964160429eaff,2021-10-03 09:22:49,21386 | 386 | CHI01877,Rockwell St & 57th St,202110-divvy-tripdata.zip,unverified_first_trip_proxy,,
1936560699993133354,Artesian Ave & 55th St,CHI01923,15,15,In Service,41.79402,-87.68577,"{""type"":""Point"",""coordinates"":[-87.68577,41.79402]}",49,22248,61,778,3,56,15,True,divvy_043da64067a1be30,2021-10-06 17:25:01,21345 | 345 | CHI01923,Artesian Ave & 55th St,202110-divvy-tripdata.zip,unverified_first_trip_proxy,,
1936560950769470316,Central Park Ave & Douglas Blvd,CHI01821,15,15,In Service,41.86235,-87.71587,"{""type"":""Point"",""coordinates"":[-87.71587,41.86235]}",36,21569,30,33,14,57,24,True,divvy_c51cc9e6b4e48cd3,2021-07-10 02:54:47,21329 | 329.0 | CHI01821,Central Park Ave & Douglas Blvd,202107-divvy-tripdata.zip,unverified_first_trip_proxy,,
1936565171921396140,Sacramento Ave & Pratt Blvd,CHI01832,11,11,In Service,42.00404,-87.70473,"{""type"":""Point"",""coordinates"":[-87.70473,42.00404]}",42,22528,20,32,27,12,50,True,divvy_f4e58df4dd41c280,2024-04-20 11:52:33,24147 | CHI01832,Sacramento Ave & Pratt Blvd,202404-divvy-tripdata.zip,unverified_first_trip_proxy,,
1936566008041245278,Sacramento Ave & Lunt Ave,CHI01779,11,11,In Service,42.0082,-87.70461,"{""type"":""Point"",""coordinates"":[-87.70461,42.0082]}",42,22528,20,32,27,12,50,True,divvy_151011e8ec43f6f1,2024-04-19 15:55:43,24149 | CHI01779,Sacramento Ave & Lunt Ave,202404-divvy-tripdata.zip,unverified_first_trip_proxy,,
1936566487749193740,Harding Ave & Chicago Ave,CHI01853,7,7,In Service,41.895313,-87.724738,"{""type"":""Point"",""coordinates"":[-87.724738,41.895313]}",41,4299,24,584,45,30,37,True,divvy_85660439787c7171,2024-04-19 20:10:18,24207 | CHI01853,Harding Ave & Chicago Ave,202404-divvy-tripdata.zip,unverified_first_trip_proxy,,
1936582264492460636,Long Ave & Belmont Ave,CHI00811,15,15,In Service,41.93833,-87.76166,"{""type"":""Point"",""coordinates"":[-87.76166,41.93833]}",27,22618,19,303,17,21,31,True,divvy_e67e9f2846fa44e4,2021-07-27 21:37:39,21317 | 317 | CHI00811,Long Ave & Belmont Ave,202107-divvy-tripdata.zip,unverified_first_trip_proxy,,
1936582560225114270,Grace St & Cicero Ave,CHI00815,7,7,In Service,41.94973,-87.74695,"{""type"":""Point"",""coordinates"":[-87.74695,41.94973]}",25,22618,15,139,21,21,30,True,divvy_ab3fc737d8bcc069,2024-04-16 19:32:24,21322 | CHI00815,Grace & Cicero | Grace St & Cicero Ave,202404-divvy-tripdata.zip,unverified_first_trip_proxy,,
1936582699682930930,Mayfield Ave & Roosevelt Rd,CHI01904,15,15,In Service,41.86569,-87.77176,"{""type"":""Point"",""coordinates"":[-87.77176,41.86569]}",52,22216,26,61,7,32,29,True,divvy_0fddc29e7fbd21f6,2024-04-20 16:19:22,21367 | CHI01904,Mayfield Ave & Roosevelt Rd,202404-divvy-tripdata.zip,unverified_first_trip_proxy,,
1938033609511385892,Kildare Ave & 55th St,CHI01861,15,15,In Service,41.79332,-87.73059,"{""type"":""Point"",""coordinates"":[-87.73059,41.79332]}",35,22248,60,793,6,56,23,True,divvy_da582168a1b79368,2021-10-23 21:23:12,21403 | 403 | CHI01861,Kildare Ave & 55th St,202110-divvy-tripdata.zip,unverified_first_trip_proxy,,
1938034236347042306,Kostner Ave & 63rd St,CHI01893,15,15,In Service,41.77875,-87.73246,"{""type"":""Point"",""coordinates"":[-87.73246,41.77875]}",23,21867,63,292,6,58,13,True,divvy_eab3dc4aff43dcba,2021-10-21 21:22:38,21406 | 406 | CHI01893,Kostner Ave & 63rd St,202110-divvy-tripdata.zip,unverified_first_trip_proxy,,
1938034793873535334,Tripp Ave & 65th St,CHI01867,6,6,In Service,41.77491,-87.72883,"{""type"":""Point"",""coordinates"":[-87.72883,41.77491]}",23,21867,63,6,15,58,13,True,divvy_fe89995dd386667e,2021-10-06 17:16:59,21407 | 407 | CHI01867,Tripp Ave & 65th St,202110-divvy-tripdata.zip,unverified_first_trip_proxy,,
1939172360789937026,Narragansett Ave & McLean Ave,CHI00805,7,7,In Service,41.9159,-87.78511,"{""type"":""Point"",""coordinates"":[-87.78511,41.9159]}",52,22615,26,597,7,2,29,True,divvy_a92b5478e0e928ab,2024-04-22 16:48:26,21309 | CHI00805,Narragansett Ave & McLean Ave,202404-divvy-tripdata.zip,unverified_first_trip_proxy,,
1939575808945160592,Pulaski Rd & 68th St,CHI01813,7,7,In Service,41.76948,-87.72292,"{""type"":""Point"",""coordinates"":[-87.72292,41.76948]}",23,21867,63,318,15,58,23,True,divvy_81fb9f564866e9b7,2024-04-26 15:08:01,24145 | CHI01813,Pulaski Rd & 68th St,202404-divvy-tripdata.zip,unverified_first_trip_proxy,,
1939906971867155378,Archer Ave & Homan Ave,CHI01838,15,12,In Service,41.81153,-87.70885,"{""type"":""Point"",""coordinates"":[-87.70885,41.81153]}",49,22248,55,640,8,56,12,True,divvy_59d6786ddd18c1ab,2024-05-05 12:03:54,24246 | CHI01838,Archer Ave & Homan Ave,202405-divvy-tripdata.zip,unverified_first_trip_proxy,,
1942112671760511044,Monitor Ave & Division St,CHI01873,7,7,In Service,41.90192,-87.77178,"{""type"":""Point"",""coordinates"":[-87.77178,41.90192]}",52,4299,26,671,7,5,29,True,divvy_7fa8f9ca6c38fe4f,2024-05-01 18:34:14,24199 | CHI01873,Monitor Ave & Division St,202405-divvy-tripdata.zip,unverified_first_trip_proxy,,
1942117929887056608,Meade Ave & Diversey Ave,CHI01840,15,13,In Service,41.93086,-87.77845,"{""type"":""Point"",""coordinates"":[-87.77845,41.93086]}",52,22615,19,78,21,2,30,True,divvy_81132a8bcf282ca7,2021-07-27 20:22:00,21353 | 353 | CHI01840,Meade Ave & Diversey Ave,202107-divvy-tripdata.zip,unverified_first_trip_proxy,,
1942118282074374350,Wellington Ave & Mulligan Ave,CHI01899,14,13,In Service,41.93473,-87.78436,"{""type"":""Point"",""coordinates"":[-87.78436,41.93473]}",39,22254,19,81,44,52,30,True,divvy_4157d5dae68aea93,2024-04-30 14:32:05,21351 | CHI01899,Wellington Ave & Mulligan Ave,202404-divvy-tripdata.zip,unverified_first_trip_proxy,,
1942481603584237586,Sayre Ave & Diversey Ave,CHI01871,15,15,In Service,41.93098,-87.80106,"{""type"":""Point"",""coordinates"":[-87.80106,41.93098]}",39,4454,18,397,7,52,29,True,divvy_e333c854decfc2a0,2024-05-02 17:48:09,21352 | CHI01871,Sayre Ave & Diversey Ave,202405-divvy-tripdata.zip,unverified_first_trip_proxy,,
1942539875938640858,Harlem Ave & Bloomingdale Ave,CHI01792,7,7,In Service,41.91203,-87.80577,"{""type"":""Point"",""coordinates"":[-87.80577,41.91203]}",39,4454,26,598,7,3,29,True,divvy_2f9facfa888a55f4,2024-05-01 18:53:44,21377 | CHI01792,Harlem Ave & Bloomingdale Ave,202405-divvy-tripdata.zip,unverified_first_trip_proxy,,
1943240055911940522,Damen Ave & 77th St,CHI01807,7,6,In Service,41.753966,-87.673408,"{""type"":""Point"",""coordinates"":[-87.673408,41.753966]}",6,21554,70,573,30,59,18,True,divvy_4c289d6f3adf4fba,2024-06-19 20:12:57.521000,24132 | CHI01807,Damen Ave & 77th St,202406-divvy-tripdata.zip,unverified_first_trip_proxy,,
1943243414585123730,Campbell Ave & 51st St,CHI01918,7,7,In Service,41.80094,-87.68676,"{""type"":""Point"",""coordinates"":[-87.68676,41.80094]}",49,22248,61,778,8,56,14,True,divvy_252c14e041f4fee0,2021-10-20 07:37:43,21383 | 383 | CHI01918,Campbell Ave & 51st St,202110-divvy-tripdata.zip,unverified_first_trip_proxy,,
1943243743326460398,Francisco Ave & 47th St,CHI01784,7,7,In Service,41.80849,-87.69673,"{""type"":""Point"",""coordinates"":[-87.69673,41.80849]}",49,22248,55,85,3,56,12,True,divvy_29e3f5f8dc899313,2021-11-27 14:45:12,21381 | 381 | CHI01784,Francisco Ave & 47th St,202111-divvy-tripdata.zip,unverified_first_trip_proxy,,
1943244109954931024,Western Ave & 43rd St,CHI01844,15,14,In Service,41.81574,-87.68489,"{""type"":""Point"",""coordinates"":[-87.68489,41.81574]}",29,14924,55,718,3,56,12,True,divvy_b8bdb563f4e73d3c,2024-05-09 22:56:38,24245 | CHI01844,Western Ave & 43rd St,202405-divvy-tripdata.zip,unverified_first_trip_proxy,,
1943244520961310788,California Ave & 41st St,CHI01841,7,7,In Service,41.81867,-87.69441,"{""type"":""Point"",""coordinates"":[-87.69441,41.81867]}",29,22248,55,641,1,56,12,True,divvy_00ddce44b58b41a8,2024-05-08 14:59:31,24244 | CHI01841,California Ave & 41st St,202405-divvy-tripdata.zip,unverified_first_trip_proxy,,
1943245395846580390,La Villita Park,CHI01794,15,15,In Service,41.83925,-87.70202,"{""type"":""Point"",""coordinates"":[-87.70202,41.83925]}",29,21569,32,124,1,57,25,True,divvy_51a348639ff6ae11,2024-05-10 16:05:20,21336 | CHI01794,La Villita Park,202405-divvy-tripdata.zip,unverified_first_trip_proxy,,
1945087711550943880,Narragansett Ave & Wrightwood Ave,CHI00812,15,15,In Service,41.92729,-87.78523,"{""type"":""Point"",""coordinates"":[-87.78523,41.92729]}",52,22615,19,78,21,2,30,True,divvy_cffda24b7a24b1b3,2024-05-10 08:50:56,21314 | CHI00812,Narragansett Ave & Wrightwood Ave,202405-divvy-tripdata.zip,unverified_first_trip_proxy,,
1945088454548058244,Harlem Ave & Irving Park Rd,CHI01843,15,14,In Service,41.95326,-87.80714,"{""type"":""Point"",""coordinates"":[-87.80714,41.95326]}",25,22254,17,442,19,52,38,True,divvy_8ff65e4eb06fd830,2024-05-09 15:39:42,21326 | CHI01843,Harlem Ave & Irving Park Rd,202405-divvy-tripdata.zip,unverified_first_trip_proxy,,
1945178760530424534,Kedzie Ave & Archer Ave,CHI01885,15,15,In Service,41.81447,-87.70411,"{""type"":""Point"",""coordinates"":[-87.70411,41.81447]}",49,22248,55,156,3,56,12,True,divvy_3a951f932a041826,2022-05-11 12:25:25,24243 | 836 | CHI01885,Kedzie Ave & Archer Ave,202205-divvy-tripdata.zip,unverified_first_trip_proxy,,possible_rename
1945194351261708978,Lavergne Ave & 44th St,CHI01944,15,15,In Service,41.81311,-87.74869,"{""type"":""Point"",""coordinates"":[-87.74869,41.81311]}",35,22268,53,604,28,7,22,True,divvy_8bbbc0aa1ab75873,2024-06-17 11:42:20.294000,24252 | CHI01944,Lavergne Ave & 44th St,202406-divvy-tripdata.zip,unverified_first_trip_proxy,,
1945194573870506886,Lawler Ave & 50th St,CHI01860,7,6,In Service,41.80217,-87.74894,"{""type"":""Point"",""coordinates"":[-87.74894,41.80217]}",35,22268,53,605,28,7,22,True,divvy_88e24b47f283efa5,2021-10-27 11:28:59,21400 | 400 | CHI01860,Lawler Ave & 50th St,202110-divvy-tripdata.zip,unverified_first_trip_proxy,,
1945195369201185184,Kildare Ave & 47th St,CHI01894,7,7,In Service,41.80762,-87.73084,"{""type"":""Point"",""coordinates"":[-87.73084,41.80762]}",35,22248,54,697,8,56,14,True,divvy_f0e279949b5a9338,2021-11-10 15:53:51,21401 | 401 | CHI01894,Kildare Ave & 47th St,202111-divvy-tripdata.zip,unverified_first_trip_proxy,,
1945195574597886460,Kedzie Ave & 57th St,CHI01925,15,14,In Service,41.78983,-87.7031,"{""type"":""Point"",""coordinates"":[-87.7031,41.78983]}",49,21867,61,764,8,58,14,True,divvy_defb9e0df1839390,2021-10-08 16:20:51,21346 | 346 | CHI01925,Kedzie Ave & 57th St,202110-divvy-tripdata.zip,unverified_first_trip_proxy,,
1945195755748241796,Homan Ave & 77th St,CHI01811,7,7,In Service,41.7534283,-87.7075924,"{""type"":""Point"",""coordinates"":[-87.7075924,41.7534283]}",6,4300,69,498,30,8,18,True,divvy_64b96441537ce4bb,2024-06-05 16:37:44.230000,24135 | CHI01811,Homan Ave & 77th St,202406-divvy-tripdata.zip,unverified_first_trip_proxy,,
1945195957167804800,Knox Ave & Marquette Ave,CHI01847,7,7,In Service,41.77114,-87.73774,"{""type"":""Point"",""coordinates"":[-87.73774,41.77114]}",23,4300,63,318,15,58,23,True,divvy_e5b770e40dddbd6a,2024-05-19 10:56:47,24146 | CHI01847,Knox Ave & Marquette Ave,202405-divvy-tripdata.zip,unverified_first_trip_proxy,,
1951050538021341810,Lamon Ave & 47th St,CHI01917,11,10,In Service,41.80781,-87.74569,"{""type"":""Point"",""coordinates"":[-87.74569,41.80781]}",35,22268,53,604,28,7,22,True,divvy_cf508317dbf799f2,2024-05-29 20:41:41,24253 | CHI01917,Lamon Ave & 47th St,202405-divvy-tripdata.zip,unverified_first_trip_proxy,,
1952605912741636714,Cicero Ave & Wellington Ave,CHI01864,7,7,In Service,41.93515,-87.74636,"{""type"":""Point"",""coordinates"":[-87.74636,41.93515]}",7,22618,19,460,17,21,31,True,divvy_833b61addf5a6fad,2022-05-09 14:54:23,24174 | 546 | CHI01864 | Cicero Ave & Wellington Ave,Cicero Ave & Wellington Ave,202205-divvy-tripdata.zip,unverified_first_trip_proxy,,possible_rename
1954768541828039308,Kedzie Ave & 38th Pl,CHI01839,11,11,In Service,41.8235109,-87.7041017,"{""type"":""Point"",""coordinates"":[-87.7041017,41.8235109]}",29,22248,55,639,1,56,12,True,divvy_14a4f7323e219b4b,2024-06-26 11:29:33.910000,24240 | CHI01839,Kedzie Ave & 38th Pl | Kedzie Ave & 38th St,202406-divvy-tripdata.zip,unverified_first_trip_proxy,,
1955505344233296752,Hamilton Park,CHI01916,15,14,In Service,41.76252,-87.63734,"{""type"":""Point"",""coordinates"":[-87.63734,41.76252]}",17,21559,66,511,32,11,4,True,divvy_95f4a6cd6ef7614e,2022-05-16 06:24:42,24347 | 725 | CHI01916,Hamilton Park,202205-divvy-tripdata.zip,unverified_first_trip_proxy,,possible_rename
1955583912707186772,Rockwell St & Archer Ave,CHI01788,15,15,In Service,41.82272,-87.68982,"{""type"":""Point"",""coordinates"":[-87.68982,41.82272]}",29,22248,55,641,1,56,12,True,divvy_289ad65679623e21,2021-09-29 17:33:25,21379 | 379 | CHI01788,Rockwell St & Archer Ave | Rockwell St & Archer Ave\t,202109-divvy-tripdata.zip,unverified_first_trip_proxy,,
1955858510671552648,Kilbourn Ave & Diversey Ave,CHI01993,7,7,In Service,41.93179,-87.73934,"{""type"":""Point"",""coordinates"":[-87.73934,41.93179]}",7,22615,21,411,17,21,31,True,divvy_b878eef58c4b3fbe,2024-06-08 01:19:28.506000,24323 | CHI01993,Kilbourn Ave & Diversey Ave,202406-divvy-tripdata.zip,unverified_first_trip_proxy,,
1955904736576827886,Shabbona Park,CHI01914,15,14,In Service,41.9448,-87.79932,"{""type"":""Point"",""coordinates"":[-87.79932,41.9448]}",39,22254,17,396,19,52,38,True,divvy_9ff1ae54d02fae30,2021-10-22 16:05:55,21395 | 395 | CHI01914,Shabbona Park,202110-divvy-tripdata.zip,unverified_first_trip_proxy,,
1955905507044284968,Nordica Ave & Medill Ave,CHI01782,15,13,In Service,41.92227,-87.80202,"{""type"":""Point"",""coordinates"":[-87.80202,41.92227]}",39,4454,18,136,7,3,29,True,divvy_3500abb4d97a8618,2024-06-06 18:14:56.214000,21378 | CHI01782,Nordica Ave & Medill Ave,202406-divvy-tripdata.zip,unverified_first_trip_proxy,,
1957713517347478034,Midway Orange Line,CHI01901,23,23,In Service,41.78692,-87.73892,"{""type"":""Point"",""coordinates"":[-87.73892,41.78692]}",35,21867,53,86,15,58,13,True,divvy_5de4da65b457590c,2022-05-09 13:07:36,24289 | 777 | CHI01901,Midway Orange Line,202205-divvy-tripdata.zip,unverified_first_trip_proxy,,possible_rename
1958859209051740602,California Ave & Madison St,CHI01836,15,10,In Service,41.88098,-87.69598,"{""type"":""Point"",""coordinates"":[-87.69598,41.88098]}",48,21184,28,38,46,28,27,True,divvy_6f5a672da462365e,2024-06-15 03:15:40.361000,24212 | CHI01836,California Ave & Madison St,202406-divvy-tripdata.zip,unverified_first_trip_proxy,,
1958859390231356014,Tripp Ave & 15th St,CHI01980,7,7,In Service,41.86077,-87.73136,"{""type"":""Point"",""coordinates"":[-87.73136,41.86077]}",36,21569,30,761,14,57,24,True,divvy_816b5de51424c3a1,2021-07-15 21:17:00,21363 | 363.0 | CHI01980,Tripp Ave & 15th St,202107-divvy-tripdata.zip,unverified_first_trip_proxy,,
1958859639339458778,Wood St & 33rd St,CHI01842,15,13,In Service,41.83427,-87.6706,"{""type"":""Point"",""coordinates"":[-87.6706,41.83427]}",26,14920,56,192,1,43,7,True,divvy_c43e6f07ee01b7a4,2024-06-18 20:30:16.718000,24237 | CHI01842,Wood St & 33rd St,202406-divvy-tripdata.zip,unverified_first_trip_proxy,,
1958859802548216454,Komensky Ave & 47th St,CHI01855,15,15,In Service,41.80769,-87.72472,"{""type"":""Point"",""coordinates"":[-87.72472,41.80769]}",49,22248,54,697,8,56,14,True,divvy_92c3db9b300f0e22,2024-06-26 12:22:36.127000,24255 | CHI01855,Komensky Ave & 47th St,202406-divvy-tripdata.zip,unverified_first_trip_proxy,,
1958859960485118844,Archer Ave & 49th St,CHI01969,15,15,In Service,41.8042,-87.72082,"{""type"":""Point"",""coordinates"":[-87.72082,41.8042]}",49,22248,54,698,8,56,14,True,divvy_5aa35264f4bdf3f0,2024-07-18 15:34:05.004000,24257 | CHI01969,Archer Ave & 49th St,202407-divvy-tripdata.zip,unverified_first_trip_proxy,,
1958860132283810038,Kilbourn Ave & 49th St,CHI01975,7,7,In Service,41.80385,-87.73566,"{""type"":""Point"",""coordinates"":[-87.73566,41.80385]}",35,22248,54,697,8,56,14,True,divvy_537d2bf341ef80d3,2024-07-01 02:30:55.607000,24258 | CHI01975,Kilbourn Ave & 49th St,202407-divvy-tripdata.zip,unverified_first_trip_proxy,,
1958860355622110046,Merrimac Park,CHI00814,7,7,In Service,41.95261,-87.78535,"{""type"":""Point"",""coordinates"":[-87.78535,41.95261]}",25,22254,17,443,19,52,38,True,divvy_19a63bb5069da537,2024-06-19 11:52:46.416000,21323 | CHI00814,Merrimac Park,202406-divvy-tripdata.zip,unverified_first_trip_proxy,,
1961472602929588766,Long Ave & Diversey Ave,CHI01932,7,7,In Service,41.93104,-87.76124,"{""type"":""Point"",""coordinates"":[-87.76124,41.93104]}",7,22615,19,79,17,2,31,True,divvy_866a6c89b301d747,2024-06-22 10:35:01.778000,24326 | CHI01932,Long Ave & Diversey Ave,202406-divvy-tripdata.zip,unverified_first_trip_proxy,,
1961473975097987236,Meade Ave & Addison St,CHI00874,7,7,In Service,41.94595,-87.77888,"{""type"":""Point"",""coordinates"":[-87.77888,41.94595]}",25,22254,17,443,44,52,38,True,divvy_2c4736b738c538b0,2021-08-06 18:34:38,21324 | 324 | CHI00874,Meade Ave & Addison St,202108-divvy-tripdata.zip,unverified_first_trip_proxy,,
1962563227519515280,North Boundary Park,CHI01820,15,15,In Service,42.01303,-87.70891,"{""type"":""Point"",""coordinates"":[-87.70891,42.01303]}",42,22528,20,359,27,12,50,True,divvy_17e146f9cf66e0a4,2024-06-27 10:14:13.874000,24150 | CHI01820,North Boundary Park,202406-divvy-tripdata.zip,unverified_first_trip_proxy,,
1962566135789175644,Harlem Ave & Grace St,CHI00865,7,7,In Service,41.94894,-87.80683,"{""type"":""Point"",""coordinates"":[-87.80683,41.94894]}",25,22254,17,444,19,52,38,True,divvy_3bdacb71cfbb7ea9,2021-08-31 16:43:29,21325 | 325 | CHI00865,Harlem Ave & Grace St,202108-divvy-tripdata.zip,unverified_first_trip_proxy,,
1962566331666471698,Oketo Ave & Addison St,CHI01819,7,7,In Service,41.94496,-87.81189,"{""type"":""Point"",""coordinates"":[-87.81189,41.94496]}",39,22254,17,458,19,52,38,True,divvy_6a082c025ea77492,2021-08-25 14:29:06,21393 | 393 | CHI01819,Oketo Ave & Addison | Oketo Ave & Addison St,202108-divvy-tripdata.zip,unverified_first_trip_proxy,,
1962566552401003212,Oconto Ave & Belmont Ave,CHI01921,7,6,In Service,41.93783,-87.80788,"{""type"":""Point"",""coordinates"":[-87.80788,41.93783]}",39,22254,17,424,7,51,29,True,divvy_ad1e92f2169fe278,2024-06-29 13:07:36.479000,24321 | CHI01921,Oconto Ave & Belmont Ave,202406-divvy-tripdata.zip,unverified_first_trip_proxy,,
1962991219412381958,Laramie Ave & Bloomingdale Ave,CHI01906,9,9,In Service,41.91432,-87.75572,"{""type"":""Point"",""coordinates"":[-87.75572,41.91432]}",4,22615,26,523,45,2,37,True,divvy_43d04ad76a718d2c,2024-06-30 18:53:49.263000,24194 | CHI01906,Laramie Ave & Bloomingdale Ave,202406-divvy-tripdata.zip,unverified_first_trip_proxy,,
1963305045676278322,Milwaukee Ave & Agatite Ave,CHI01938,7,7,In Service,41.9615,-87.75489,"{""type"":""Point"",""coordinates"":[-87.75489,41.9615]}",20,21869,15,259,50,48,45,True,divvy_1ad0c30335ba1b5d,2024-06-27 16:34:51.802000,24367 | CHI01938,Milwaukee Ave & Agatite Ave,202406-divvy-tripdata.zip,unverified_first_trip_proxy,,
1963359453732131538,Kedzie Ave & 54th Pl,CHI01919,11,11,In Service,41.794357,-87.703467,"{""type"":""Point"",""coordinates"":[-87.703467,41.794357]}",49,22248,61,777,8,56,14,True,divvy_711798d0eeab5452,2024-06-27 05:16:58.919000,24266 | CHI01919,Kedzie Ave & 54th Pl,202406-divvy-tripdata.zip,unverified_first_trip_proxy,,
1963650659022207484,State St & 45th St,CHI02004,15,15,In Service,41.81313,-87.62585,"{""type"":""Point"",""coordinates"":[-87.62585,41.81313]}",12,14924,4,393,9,36,8,True,divvy_ecce848de6b62582,2024-06-27 11:38:05.666000,24374 | CHI02004,State St & 45th St,202406-divvy-tripdata.zip,unverified_first_trip_proxy,,
1963671811736140038,Kedzie Ave & 60th St,CHI01900,15,15,In Service,41.78458,-87.70319,"{""type"":""Point"",""coordinates"":[-87.70319,41.78458]}",19,21867,64,183,2,58,14,True,divvy_5bbefd7eefc7803f,2024-07-13 00:24:48.027000,24273 | CHI01900,Kedzie Ave & 60th St,202407-divvy-tripdata.zip,unverified_first_trip_proxy,,
1963672098315411610,Pulaski Rd & 54th St,CHI01895,15,13,In Service,41.79499,-87.72361,"{""type"":""Point"",""coordinates"":[-87.72361,41.79499]}",35,22248,60,793,6,56,23,True,divvy_454865764baf4d33,2024-07-01 16:47:22.224000,24281 | CHI01895,Pulaski Rd & 54th St,202407-divvy-tripdata.zip,unverified_first_trip_proxy,,
1963672425916463636,Kildare Ave & Archer Ave,CHI01978,7,7,In Service,41.800521,-87.730013,"{""type"":""Point"",""coordinates"":[-87.730013,41.800521]}",35,22248,54,637,8,56,14,True,divvy_852d4ab2175c93b8,2024-07-03 13:39:56.261000,24285 | CHI01978,Kildare Ave & Archer Ave,202407-divvy-tripdata.zip,unverified_first_trip_proxy,,
1963672958015783854,Mulligan Ave & Archer Ave,CHI01907,7,6,In Service,41.79296,-87.78052,"{""type"":""Point"",""coordinates"":[-87.78052,41.79296]}",35,22268,53,587,6,7,23,True,divvy_c866fcad9f960580,2024-07-10 10:08:59.568000,24297 | CHI01907,Mulligan Ave & Archer Ave,202407-divvy-tripdata.zip,unverified_first_trip_proxy,,
1963673207600511026,Wabash Ave & 49th St,CHI01987,15,15,In Service,41.80581,-87.6245,"{""type"":""Point"",""coordinates"":[-87.6245,41.80581]}",12,21192,4,448,9,10,8,True,divvy_37f93340dec130b3,2024-06-27 19:59:07.335000,24340 | CHI01987,Wabash Ave & 49th St,202406-divvy-tripdata.zip,unverified_first_trip_proxy,,
1965903932548317228,Burley Ave & 91st St,CHI01966,15,15,In Service,41.73054,-87.54558,"{""type"":""Point"",""coordinates"":[-87.54558,41.73054]}",47,21202,42,175,47,25,6,True,divvy_14f18e82c9cdc64a,2024-07-06 13:52:39.169000,24395 | CHI01966,Burley Ave & 91st St,202407-divvy-tripdata.zip,unverified_first_trip_proxy,,
1965904499533560722,University Ave & 65th St,CHI01994,11,9,In Service,41.77694,-87.59842,"{""type"":""Point"",""coordinates"":[-87.59842,41.77694]}",53,22260,9,27,4,60,20,True,divvy_10d635590ab184f6,2024-07-05 18:58:58.734000,24376 | CHI01994,University Ave & 65th St,202407-divvy-tripdata.zip,unverified_first_trip_proxy,,
1966261229814532840,Burley Ave & 85th St,CHI01992,15,13,In Service,41.74117,-87.54518,"{""type"":""Point"",""coordinates"":[-87.54518,41.74117]}",47,21202,42,506,47,25,6,True,divvy_335696dc004a1023,2024-07-13 19:30:55.630000,24393 | CHI01992,Burley Ave & 85th St,202407-divvy-tripdata.zip,unverified_first_trip_proxy,,
1966306862968688728,Vincennes Ave & 79th St,CHI01937,15,15,In Service,41.7506,-87.63409,"{""type"":""Point"",""coordinates"":[-87.63409,41.7506]}",17,21554,40,1,31,59,4,True,divvy_d2513e3380c59377,2024-08-10 18:01:54.031000,24352 | CHI01937,Vincennes Ave & 79th St,202408-divvy-tripdata.zip,unverified_first_trip_proxy,,
1967727360320698512,Western Ave & Lake St,CHI01848,15,15,In Service,41.88481,-87.68668,"{""type"":""Point"",""coordinates"":[-87.68668,41.88481]}",41,21184,29,37,46,28,27,True,divvy_53e54f4584462bbc,2021-11-27 09:05:00,24211 | 415 | CHI00903 | CHI01848,Western Ave & Lake St,202111-divvy-tripdata.zip,unverified_first_trip_proxy,,
1967731401884924158,Albany Ave & Douglas Blvd,CHI01869,7,7,In Service,41.8628028374,-87.7033333027,"{""type"":""Point"",""coordinates"":[-87.703333302682,41.862802837444]}",36,21569,30,132,14,57,24,True,divvy_4d0ea619d0f8164c,2022-03-15 19:27:47,21421 | 421 | CHI01869,Albany Ave & Douglas Blvd,202203-divvy-tripdata.zip,unverified_first_trip_proxy,,
1968516035938026380,Wabash Ave & 59th St,CHI02001,7,7,In Service,41.7870529703,-87.624029732,"{""type"":""Point"",""coordinates"":[-87.624029731967,41.787052970257]}",53,22260,7,164,4,60,20,True,divvy_ea9bf9d55a48fcd0,2024-07-27 18:22:15.327000,24375 | CHI02001,Wabash Ave & 59th St,202407-divvy-tripdata.zip,unverified_first_trip_proxy,,name_has_multiple_locations
1969204473221170122,Lavergne Ave & Lawrence Ave,CHI02002,15,14,In Service,41.96775,-87.75259,"{""type"":""Point"",""coordinates"":[-87.75259,41.96775]}",20,21869,15,259,50,48,45,True,divvy_7ec59acb78df88ad,2024-07-12 17:36:08.744000,24371 | CHI02002,Lavergne Ave & Lawrence Ave,202407-divvy-tripdata.zip,unverified_first_trip_proxy,,
1969221526359528022,Milwaukee Ave & Ainslie St,CHI01942,19,18,In Service,41.96861,-87.76108,"{""type"":""Point"",""coordinates"":[-87.76108,41.96861]}",20,21869,11,129,50,48,45,True,divvy_a23b93a532e593c8,2024-07-13 00:20:06.133000,24370 | CHI01942,Milwaukee Ave & Ainslie St,202407-divvy-tripdata.zip,unverified_first_trip_proxy,,
1969236968943731106,Menard Ave & Lawrence Ave,CHI01910,8,8,In Service,41.96788,-87.77274,"{""type"":""Point"",""coordinates"":[-87.77274,41.96788]}",20,21869,15,94,50,48,45,True,divvy_a86630b492a48b16,2024-07-13 15:56:18.506000,24369 | CHI01910,Menard Ave & Lawrence Ave,202407-divvy-tripdata.zip,unverified_first_trip_proxy,,
1970337111172100194,Orange Ave & Addison St,CHI00810,15,15,In Service,41.94485,-87.82423,"{""type"":""Point"",""coordinates"":[-87.82423,41.94485]}",39,22254,17,457,19,52,38,True,divvy_ae9176c38e28b9dc,2024-07-19 09:06:12.088000,21320 | CHI00810,Orange Ave & Addison St,202407-divvy-tripdata.zip,unverified_first_trip_proxy,,
1970337315463389684,Linder Ave & Montrose Ave,CHI01982,7,7,In Service,41.96081,-87.76488,"{""type"":""Point"",""coordinates"":[-87.76488,41.96081]}",20,22618,15,260,19,48,45,True,divvy_d5e08fcddc60ca1e,2024-07-19 07:08:10.333000,24366 | CHI01982,Linder Ave & Montrose Ave,202407-divvy-tripdata.zip,unverified_first_trip_proxy,,
1970390432459950744,Lavergne Ave & Diversey Ave,CHI01943,15,15,In Service,41.93128,-87.75141,"{""type"":""Point"",""coordinates"":[-87.75141,41.93128]}",7,22615,19,304,17,2,31,True,divvy_feaf5ec29dd1ad06,2024-07-16 19:34:24.194000,24332 | CHI01943,Lavergne Ave & Diversey Ave,202407-divvy-tripdata.zip,unverified_first_trip_proxy,,
1970688521031469268,Martin Luther King Dr & 87th St,CHI01973,15,15,In Service,41.73677,-87.61439,"{""type"":""Point"",""coordinates"":[-87.61439,41.73677]}",31,21546,40,140,32,61,4,True,divvy_78bd55e5d0212105,2024-07-30 15:46:06.288000,24379 | CHI01973,Martin Luther King Dr & 87th St,202407-divvy-tripdata.zip,unverified_first_trip_proxy,,
1970688691992443350,Shields Ave & 57th St,CHI01936,15,14,In Service,41.79076,-87.6345,"{""type"":""Point"",""coordinates"":[-87.6345,41.79076]}",53,21559,66,166,4,11,20,True,divvy_5756c3f4a0917a85,2024-08-07 12:23:40.420000,24341 | CHI01936,Shields Ave & 57th St,202408-divvy-tripdata.zip,unverified_first_trip_proxy,,
1974452106772983826,Mozart St & Jackson Blvd,CHI01866,8,8,In Service,41.8775,-87.6974,"{""type"":""Point"",""coordinates"":[-87.6974,41.8775]}",48,21184,28,51,46,28,27,True,divvy_ca95eb8799689925,2021-11-24 18:08:50,21418 | 418 | CHI01866,Mozart St & Jackson Blvd,202111-divvy-tripdata.zip,unverified_first_trip_proxy,,
1975534406854476324,Baltimore Ave & 133rd St,CHI01947,16,15,In Service,41.65349,-87.54703,"{""type"":""Point"",""coordinates"":[-87.54703,41.65349]}",47,22250,52,787,47,26,6,True,divvy_de1e55de949d2521,2022-06-08 13:49:25,24407 | 581 | CHI01947,Baltimore Ave & 133rd St,202206-divvy-tripdata.zip,unverified_first_trip_proxy,,possible_rename
1975534535703495210,Ewing Ave & 106th St,CHI01948,16,16,In Service,41.70266,-87.53564,"{""type"":""Point"",""coordinates"":[-87.53564,41.70266]}",47,21202,49,602,47,25,6,True,divvy_4845663fb8b1756c,2022-05-09 17:52:37,24402 | 612 | CHI01948,Ewing Ave & 106th St,202205-divvy-tripdata.zip,unverified_first_trip_proxy,,possible_rename
1975902497437067330,Homan Ave & 26th St,CHI01854,15,15,In Service,41.84425,-87.70983,"{""type"":""Point"",""coordinates"":[-87.70983,41.84425]}",14,21569,32,146,1,57,25,True,divvy_96a2a3e6542b205a,2022-06-10 18:56:11,24230 | 869 | CHI01854,Homan Ave & 26th St,202206-divvy-tripdata.zip,unverified_first_trip_proxy,,possible_rename
1976649188502348766,Commercial Ave & 97th St,CHI01931,15,15,In Service,41.71893,-87.55112,"{""type"":""Point"",""coordinates"":[-87.55112,41.71893]}",47,21202,48,526,47,25,6,True,divvy_95f1d48d9a5e05ac,2024-08-06 15:04:34.050000,24398 | CHI01931,Commercial Ave & 97th St,202408-divvy-tripdata.zip,unverified_first_trip_proxy,,
1976680841729198100,Manistee Ave & 95th St,CHI01951,16,16,In Service,41.7226,-87.55692,"{""type"":""Point"",""coordinates"":[-87.55692,41.7226]}",47,21202,48,527,47,25,6,True,divvy_7f70acdb8700a013,2024-09-09 08:21:14.887000,24396 | CHI01951,Manistee Ave & 95th St,202409-divvy-tripdata.zip,unverified_first_trip_proxy,,
1978164755330913194,Wentworth Ave & 92nd St,CHI01924,15,15,In Service,41.72714,-87.62886,"{""type"":""Point"",""coordinates"":[-87.62886,41.72714]}",18,21554,45,187,13,59,11,True,divvy_77ecdfb9fb27bede,2024-08-12 19:02:48.590000,24362 | CHI01924,Wentworth Ave & 92nd St,202408-divvy-tripdata.zip,unverified_first_trip_proxy,,
1978529864027224986,Narragansett Ave & Montrose Ave,CHI01977,16,16,In Service,41.959978,-87.786928,"{""type"":""Point"",""coordinates"":[-87.786928,41.959978]}",25,22254,17,442,19,52,38,True,divvy_ecf7049b4d534615,2024-08-07 06:38:20.169000,24364 | CHI01977,Narragansett Ave & Montrose Ave,202408-divvy-tripdata.zip,unverified_first_trip_proxy,,
1978855107320060734,Commercial Ave & 90th St,CHI01961,16,13,In Service,41.7319872,-87.5510674,"{""type"":""Point"",""coordinates"":[-87.5510674,41.7319872]}",47,21202,42,175,47,25,6,True,divvy_5bc5ecb091383df6,2024-08-21 13:22:04.323000,24392 | CHI01961,Commercial Ave & 90th St,202408-divvy-tripdata.zip,unverified_first_trip_proxy,,
1978857439487302508,Michigan Ave & 105th St,CHI01960,16,16,In Service,41.70346,-87.62037,"{""type"":""Point"",""coordinates"":[-87.62037,41.70346]}",30,21861,45,236,43,19,11,True,divvy_cd47045b9d05720e,2024-08-09 02:45:27.756000,24420 | CHI01960,Michigan Ave & 105th St,202408-divvy-tripdata.zip,unverified_first_trip_proxy,,
1978857650118994914,Indiana Ave & 133rd St,CHI01933,8,6,In Service,41.6538,-87.61719,"{""type"":""Point"",""coordinates"":[-87.61719,41.6538]}",30,4460,51,10,43,47,11,True,divvy_8f666a3eb25ced3d,2021-10-21 21:40:52,20240 | 24409 | CHI00827 | CHI01933,Indiana Ave & 133rd St,202110-divvy-tripdata.zip,unverified_first_trip_proxy,,possible_rename
1981450681586989620,Mason Ave & Montrose Ave,CHI01967,8,8,In Service,41.96056,-87.77588,"{""type"":""Point"",""coordinates"":[-87.77588,41.96056]}",25,22254,15,26,19,48,38,True,divvy_f77b0e6659146c1a,2024-08-17 09:56:43.719000,24365 | CHI01967,Mason Ave & Montrose Ave,202408-divvy-tripdata.zip,unverified_first_trip_proxy,,
1981474194261928388,Newcastle Ave & Irving Park Rd,CHI01974,16,16,In Service,41.95256,-87.79755,"{""type"":""Point"",""coordinates"":[-87.79755,41.95256]}",25,22254,17,444,19,52,38,True,divvy_db7a811bbe23a211,2024-08-22 16:04:30.559000,24335 | CHI01974,Newcastle Ave & Irving Park Rd,202408-divvy-tripdata.zip,unverified_first_trip_proxy,,
1981488728284770592,Nagle Ave & Belmont Ave,CHI01979,16,16,In Service,41.93852,-87.78735,"{""type"":""Point"",""coordinates"":[-87.78735,41.93852]}",39,22254,17,396,44,52,38,True,divvy_79db611a49e71440,2022-06-21 17:49:40,24324 | 810 | CHI01979,Nagle Ave & Belmont Ave,202206-divvy-tripdata.zip,unverified_first_trip_proxy,,possible_rename
1981861957867952304,Homan Ave & Arthington Ave,CHI01835,12,12,In Service,41.86963,-87.71055,"{""type"":""Point"",""coordinates"":[-87.71055,41.86963]}",36,21572,30,98,14,30,24,True,divvy_542c9eb894609121,2024-08-23 09:18:53.031000,24220 | CHI01835,Homan Ave & Arthington Ave,202408-divvy-tripdata.zip,unverified_first_trip_proxy,,
1982154088199745678,Overhill Ave & Belmont Ave,CHI01922,16,16,In Service,41.93799,-87.81915,"{""type"":""Point"",""coordinates"":[-87.81915,41.93799]}",39,22254,17,457,19,52,38,True,divvy_c19e6e58781909b9,2024-08-18 17:57:59.015000,24322 | CHI01922,Overhill Ave & Belmont Ave,202408-divvy-tripdata.zip,unverified_first_trip_proxy,,
1982213647115293456,Ewing Ave & 98th St,CHI01949,8,8,In Service,41.71781,-87.53504,"{""type"":""Point"",""coordinates"":[-87.53504,41.71781]}",47,21202,49,705,47,25,6,True,divvy_d6b739be587ec10f,2024-08-29 16:30:11.822000,24401 | CHI01949,Ewing Ave & 98th St,202408-divvy-tripdata.zip,unverified_first_trip_proxy,,
1984042930424753006,Steelworkers Park,CHI01962,16,14,In Service,41.73793,-87.53091,"{""type"":""Point"",""coordinates"":[-87.53091,41.73793]}",47,21202,42,505,47,25,6,True,divvy_5eb2bcb6c85cdb53,2022-03-01 18:21:43,20241 | 24394 | CHI01962,Steelworkers Park,202203-divvy-tripdata.zip,unverified_first_trip_proxy,,
1984107787514337392,Princeton Ave & 95th St,CHI01968,16,15,In Service,41.72175,-87.63075,"{""type"":""Point"",""coordinates"":[-87.63075,41.72175]}",18,21861,45,187,13,59,11,True,divvy_188422b44709d689,2024-09-13 14:25:24.703000,24360 | CHI01968,Princeton Ave & 95th St,202409-divvy-tripdata.zip,unverified_first_trip_proxy,,
1984470891045347604,Lawndale Ave & 59th St,CHI01896,16,16,In Service,41.78638,-87.7157,"{""type"":""Point"",""coordinates"":[-87.7157,41.78638]}",49,21867,60,774,6,58,23,True,divvy_4eeba7868be1bf1f,2024-08-25 09:40:04.368000,24279 | CHI01896,Lawndale Ave & 59th St,202408-divvy-tripdata.zip,unverified_first_trip_proxy,,
1984756450139626426,Avers Ave & 16th St,CHI01908,8,8,In Service,41.85909,-87.72121,"{""type"":""Point"",""coordinates"":[-87.72121,41.85909]}",36,21569,30,33,14,57,24,True,divvy_311d2910cbe0685f,2024-08-29 20:28:04.418000,24225 | CHI01908,Avers Ave & 16th St,202408-divvy-tripdata.zip,unverified_first_trip_proxy,,
1988470939730348720,Ewing Ave & 97th St,CHI01991,15,15,In Service,41.71982,-87.53542,"{""type"":""Point"",""coordinates"":[-87.53542,41.71982]}",47,21202,49,528,47,25,6,True,divvy_ce0e7237ffa278fc,2024-09-04 07:58:22.933000,24400 | CHI01991,Ewing Ave & 97th St,202409-divvy-tripdata.zip,unverified_first_trip_proxy,,
1988925731902098196,Oriole Ave & Irving Park Rd,CHI01934,4,4,In Service,41.95224,-87.81697,"{""type"":""Point"",""coordinates"":[-87.81697,41.95224]}",39,22254,17,392,19,52,38,True,divvy_a087fca7dc2032f3,2024-09-08 13:04:01.961000,24333 | CHI01934,Oriole Ave & Irving Park Rd,202409-divvy-tripdata.zip,unverified_first_trip_proxy,,
1989626448622643348,Rockwell St & 47th St,CHI01874,15,15,In Service,41.80853,-87.68942,"{""type"":""Point"",""coordinates"":[-87.68942,41.80853]}",29,22248,55,85,3,56,12,True,divvy_18cd220d7967f1c3,2024-09-12 15:17:42.644000,24250 | CHI01874,Rockwell St & 47th St,202409-divvy-tripdata.zip,unverified_first_trip_proxy,,
1989627762882635936,Sacramento Ave & 51st St,CHI01890,8,8,In Service,41.80068,-87.69895,"{""type"":""Point"",""coordinates"":[-87.69895,41.80068]}",49,22248,61,777,8,56,14,True,divvy_db1f76e3eb898420,2024-09-08 11:01:41.093000,24263 | CHI01890,Sacramento Ave & 51st St,202409-divvy-tripdata.zip,unverified_first_trip_proxy,,
1989675458983138282,Pulaski Rd & Ann Lurie Pl,CHI01950,11,11,In Service,41.81644,-87.7248,"{""type"":""Point"",""coordinates"":[-87.7248,41.81644]}",49,22248,54,591,8,56,14,True,divvy_be2737c54ef0745f,2024-09-06 01:16:45.861000,21340 | CHI01950,Pulaski Rd & Ann Lurie Pl,202409-divvy-tripdata.zip,unverified_first_trip_proxy,,
1989976253005812134,Stewart Ave & 123rd St,CHI01953,16,16,In Service,41.6706,-87.63244,"{""type"":""Point"",""coordinates"":[-87.63244,41.6706]}",45,21861,50,7,22,19,11,True,divvy_035ba70fe125eb9e,2022-05-18 15:51:49,24412 | 586 | CHI01953,Stewart Ave & 123rd St,202205-divvy-tripdata.zip,unverified_first_trip_proxy,,possible_rename
1991481183241069158,Michigan Ave & 113th St,CHI01963,8,8,In Service,41.68905,-87.62079,"{""type"":""Point"",""coordinates"":[-87.62079,41.68905]}",30,21861,45,253,43,19,11,True,divvy_c2e362e421b22e20,2022-05-09 12:56:01,24415 | 595 | CHI01963,Michigan Ave & 113th St,202205-divvy-tripdata.zip,unverified_first_trip_proxy,,possible_rename
1991508150894459550,State St & 111th St,CHI01941,8,8,In Service,41.6926464,-87.6226484,"{""type"":""Point"",""coordinates"":[-87.6226484,41.6926464]}",30,21861,45,237,43,19,11,True,divvy_b2f839152fe8b8ec,2024-10-23 07:53:47.802000,24417 | CHI01941,State St & 111th St,202410-divvy-tripdata.zip,unverified_first_trip_proxy,,
1991848709111763594,Michigan Ave & 108th St,CHI01972,12,12,In Service,41.69815,-87.62111,"{""type"":""Point"",""coordinates"":[-87.62111,41.69815]}",30,21861,45,236,43,19,11,True,divvy_cb599ebf7ec26b8b,2024-11-09 14:29:09.055000,24418 | CHI01972,Michigan Ave & 108th St,202411-divvy-tripdata.zip,unverified_first_trip_proxy,,
1991870527990319406,Wentworth Ave & 107th St,CHI01939,8,8,In Service,41.69989,-87.62785,"{""type"":""Point"",""coordinates"":[-87.62785,41.69989]}",45,21861,45,524,22,19,11,True,divvy_a5f1b50502e2ac1d,2024-09-14 13:06:43.371000,24419 | CHI01939,Wentworth Ave & 107th St,202409-divvy-tripdata.zip,unverified_first_trip_proxy,,
1992234898774407528,Pulaski Rd & 60th Pl,CHI01884,8,8,In Service,41.78315,-87.72257,"{""type"":""Point"",""coordinates"":[-87.72257,41.78315]}",23,21867,63,339,6,58,23,True,divvy_48e84627dd97c3a1,2024-09-13 15:28:27.468000,24283 | CHI01884,Pulaski Rd & 60th Pl,202409-divvy-tripdata.zip,unverified_first_trip_proxy,,
1ce9b7b2-6ef1-4e3b-abd4-85dedaf0ee65,State St & Chicago Ave,CHI01772,30,28,In Service,41.8966172004,-87.6285785437,"{""type"":""Point"",""coordinates"":[-87.628578543663,41.896617200408]}",22,4446,37,669,11,55,42,True,divvy_b0a50fc089158ae9,2021-12-30 07:13:01,21544 | CHI01772,State St & Chicago Ave,202112-divvy-tripdata.zip,unverified_first_trip_proxy,,
1e7e4cf3-a16b-4cb7-9ead-fdd71e07ea77,Yates Blvd & 93rd St,CHI00856,15,15,In Service,41.7261663902,-87.5662761927,"{""type"":""Point"",""coordinates"":[-87.566276192665,41.726166390245]}",43,21202,44,492,37,25,5,True,divvy_3c6f02924a85dace,2021-06-09 14:47:20,20237 | CHI00856,Yates Blvd & 93rd St,202106-divvy-tripdata.zip,unverified_first_trip_proxy,,
2006690972500072780,Parnell Ave & 127th St,CHI01940,16,14,In Service,41.66338,-87.63429,"{""type"":""Point"",""coordinates"":[-87.63429,41.66338]}",30,21861,50,7,43,19,11,True,divvy_e184551cbaefba8b,2024-11-12 19:44:02.759000,24411 | CHI01940,Parnell Ave & 127th St,202411-divvy-tripdata.zip,unverified_first_trip_proxy,,
2006720516911782212,Halsted St & 123rd St,CHI01989,16,15,In Service,41.67096,-87.64154,"{""type"":""Point"",""coordinates"":[-87.64154,41.67096]}",45,21861,50,60,22,19,21,True,divvy_fa84a49ede09e7e3,2024-11-12 19:38:56.276000,24440 | CHI01989,Halsted St & 123rd St,202411-divvy-tripdata.zip,unverified_first_trip_proxy,,
2007796988006173238,Melvina Ave & Giddings Ave,CHI01954,8,8,In Service,41.96648,-87.78202,"{""type"":""Point"",""coordinates"":[-87.78202,41.96648]}",25,21869,15,95,19,48,38,True,divvy_cdce2a9702fdc32e,2024-10-27 23:55:52.590000,24368 | CHI01954,Melvina Ave & Giddings Ave,202410-divvy-tripdata.zip,unverified_first_trip_proxy,,
2008158642964226604,Portage Park,CHI01952,8,5,In Service,41.95607,-87.76472,"{""type"":""Point"",""coordinates"":[-87.76472,41.95607]}",25,22618,15,260,19,21,38,True,divvy_73735aa6ef143639,2024-10-25 20:13:29.168000,24363 | CHI01952,Portage Park,202410-divvy-tripdata.zip,unverified_first_trip_proxy,,
2009300113903569554,St Louis Ave & 51st St,CHI01958,8,8,In Service,41.80095,-87.71104,"{""type"":""Point"",""coordinates"":[-87.71104,41.80095]}",49,22248,61,776,8,56,14,True,divvy_911438f3df93f17a,2024-11-27 19:41:44.882000,24261 | CHI01958,St Louis Ave & 51st St,202411-divvy-tripdata.zip,unverified_first_trip_proxy,,
2009656643260639434,Vincennes Ave & 95th St,CHI01912,8,8,In Service,41.72126,-87.65005,"{""type"":""Point"",""coordinates"":[-87.65005,41.72126]}",18,22212,72,592,13,13,21,True,divvy_4b383cc18f8787ec,2024-11-12 18:27:53.018000,24359 | CHI01912,Vincennes Ave & 95th St,202411-divvy-tripdata.zip,unverified_first_trip_proxy,,
2009656815059331280,Vincennes Ave & 107th St,CHI01971,12,9,In Service,41.69922,-87.65869,"{""type"":""Point"",""coordinates"":[-87.65869,41.69922]}",33,22212,74,315,22,13,21,True,divvy_b3b6bd0a114763cf,2024-11-12 18:45:34.139000,24427 | CHI01971,Vincennes Ave & 107th St,202411-divvy-tripdata.zip,unverified_first_trip_proxy,,
2010820263334840794,Panama Ave & Grace St,CHI01891,11,11,In Service,41.94766,-87.82925,"{""type"":""Point"",""coordinates"":[-87.82925,41.94766]}",39,22254,17,445,19,52,38,True,divvy_2e0012ea80c2809f,2021-09-10 22:50:01,21394 | 394 | CHI01891,Panama Ave & Grace St,202109-divvy-tripdata.zip,unverified_first_trip_proxy,,
2012268481809814414,Eggleston Ave & 115th St,CHI02018,16,16,In Service,41.68507,-87.63361,"{""type"":""Point"",""coordinates"":[-87.63361,41.68507]}",45,21861,50,255,22,19,21,True,divvy_170a93938a2d0353,2022-08-07 22:32:28,24433 | 592 | CHI02018,Eggleston Ave & 115th St,202208-divvy-tripdata.zip,unverified_first_trip_proxy,,possible_rename
2012268829702165398,Racine Ave & 115th St,CHI01965,8,8,In Service,41.68476,-87.65196,"{""type"":""Point"",""coordinates"":[-87.65196,41.68476]}",45,22212,50,642,22,13,21,True,divvy_03db49e6e8437282,2024-11-12 19:13:03.607000,24432 | CHI01965,Racine Ave & 115th St,202411-divvy-tripdata.zip,unverified_first_trip_proxy,,
2012672652900879218,Narragansett Ave & North Ave,CHI01920,12,12,In Service,41.9095,-87.78491,"{""type"":""Point"",""coordinates"":[-87.78491,41.9095]}",52,22615,26,597,7,2,29,True,divvy_a67f8ceeb9e81883,2024-11-11 00:38:09.006000,24308 | CHI01920,Narragansett Ave & North Ave,202411-divvy-tripdata.zip,unverified_first_trip_proxy,,
2013011935067374302,Throop St & 99th St,CHI01959,8,7,In Service,41.71414,-87.6547,"{""type"":""Point"",""coordinates"":[-87.6547,41.71414]}",18,22212,72,592,13,13,21,True,divvy_7bf01be34b48031c,2024-11-12 18:37:30.870000,24423 | CHI01959,Throop St & 99th St,202411-divvy-tripdata.zip,unverified_first_trip_proxy,,
2013067286975627866,Loomis St & 95th St,CHI01970,16,16,In Service,41.72148,-87.65774,"{""type"":""Point"",""coordinates"":[-87.65774,41.72148]}",18,22212,72,195,13,59,21,True,divvy_eecd4b317aee303b,2024-11-12 18:33:23.365000,24358 | CHI01970,Loomis St & 95th St,202411-divvy-tripdata.zip,unverified_first_trip_proxy,,
2014485295161274488,Halsted St & 83rd St,CHI01999,16,16,In Service,41.74307,-87.6437,"{""type"":""Point"",""coordinates"":[-87.6437,41.74307]}",18,21554,70,529,13,59,21,True,divvy_768e6a53a1618649,2024-11-12 17:36:17.241000,24353 | CHI01999,Halsted St & 83rd St,202411-divvy-tripdata.zip,unverified_first_trip_proxy,,
2014856134756363200,Aberdeen St & 103rd St,CHI01976,16,16,In Service,41.70704,-87.65022,"{""type"":""Point"",""coordinates"":[-87.65022,41.70704]}",45,22212,72,594,22,13,21,True,divvy_88a49f3e58ec3f9d,2024-11-12 18:52:17.911000,24425 | CHI01976,Aberdeen St & 103rd St,202411-divvy-tripdata.zip,unverified_first_trip_proxy,,
2014856357079685426,Halsted St & 93rd St,CHI01929,16,13,In Service,41.72489,-87.64358,"{""type"":""Point"",""coordinates"":[-87.64358,41.72489]}",18,21554,72,151,13,59,21,True,divvy_40e32ef8b7f8a857,2024-11-12 17:42:25.563000,24356 | CHI01929,Halsted St & 93rd St,202411-divvy-tripdata.zip,unverified_first_trip_proxy,,
2020066962711878174,Peterson/Ridge Metra,CHI01983,20,20,In Service,41.9918,-87.67489,"{""type"":""Point"",""coordinates"":[-87.67489,41.9918]}",46,4451,20,43,24,14,40,True,divvy_543f37fdce2470c8,2024-11-26 17:28:06.771000,24458 | CHI01983,Peterson/Ridge Metra,202411-divvy-tripdata.zip,unverified_first_trip_proxy,,
2020461740735777052,Laflin St & 115th St,CHI01956,16,16,In Service,41.68499,-87.65991,"{""type"":""Point"",""coordinates"":[-87.65991,41.68499]}",45,22212,74,663,22,13,21,True,divvy_c57cec236504cd93,2024-12-04 08:27:54.773000,24431 | CHI01956,Laflin St & 115th St,202412-divvy-tripdata.zip,unverified_first_trip_proxy,,
2020809814916515864,Menard Ave & Milwaukee Ave,CHI02003,8,8,In Service,41.98139,-87.77331,"{""type"":""Point"",""coordinates"":[-87.77331,41.98139]}",20,21869,11,693,50,48,45,True,divvy_ca56bbaf1f997f7e,2024-12-13 20:46:08.156000,24478 | CHI02003,Menard Ave & Milwaukee Ave,202412-divvy-tripdata.zip,unverified_first_trip_proxy,,
2020810253003180058,Farragut Ave & Central Ave,CHI01964,16,15,In Service,41.97666,-87.76823,"{""type"":""Point"",""coordinates"":[-87.76823,41.97666]}",20,21869,11,128,50,48,45,True,divvy_df446a2ebc349379,2024-12-02 18:22:03.265000,24476 | CHI01964,Farragut Ave & Central Ave,202412-divvy-tripdata.zip,unverified_first_trip_proxy,,
2021144286196005052,Lynch Ave & Elston Ave,CHI02000,8,8,In Service,41.98096,-87.76149,"{""type"":""Point"",""coordinates"":[-87.76149,41.98096]}",20,21869,11,701,50,48,45,True,divvy_e99d0dfcfb1cb2ea,2024-12-10 13:55:28.237000,24477 | CHI02000,Lynch Ave & Elston Ave,202412-divvy-tripdata.zip,unverified_first_trip_proxy,,
2021144707271657584,Western Ave & 101st St,CHI01981,16,16,In Service,41.71011,-87.68198,"{""type"":""Point"",""coordinates"":[-87.68198,41.71011]}",33,22212,71,661,42,33,19,True,divvy_6486af77cf23aa96,2024-12-10 15:32:11.320000,24454 | CHI01981,Western Ave & 101st St,202412-divvy-tripdata.zip,unverified_first_trip_proxy,,
2022391749515739924,Steelworkers Park Public Rack,,8,8,In Service,41.737948,-87.530836,"{""type"":""Point"",""coordinates"":[-87.530836,41.737948]}",47,21202,42,505,47,25,6,True,divvy_cd8e180e4393fa64,2026-02-16 10:20:01.593000,CHI00869,Steelworkers Park Public Rack,202602-divvy-tripdata.zip,unverified_first_trip_proxy,,possible_rename
2024842594057769234,Burling St & Diversey Pkwy,CHI00327,16,16,In Service,41.93314,-87.64776,"{""type"":""Point"",""coordinates"":[-87.64776,41.93314]}",38,21190,57,684,25,22,44,True,divvy_9008432ea61f5fa6,2018-01-01 13:55:40,13208 | 332 | CHI00327 | CHI00505 | TA1309000036,Burling St & Diversey Pkwy | Burling St & Diversey Pkwy* | Burling St (Halsted) & Diversey Pkwy (Temp),Divvy_Trips_2018_Q1.zip,unverified_first_trip_proxy,,possible_rename
2030108974061988752,Cumberland Ave & Catherine Ave,CHI01985,8,8,In Service,41.97732,-87.83674,"{""type"":""Point"",""coordinates"":[-87.83674,41.97732]}",34,4448,75,8,29,31,41,True,divvy_44ce47d870243fcd,2024-12-28 19:15:08.095000,24467 | CHI01985,Cumberland Ave & Catherine Ave,202412-divvy-tripdata.zip,unverified_first_trip_proxy,,
2036783513617573970,Elston Ave & Carmen Ave,CHI01986,8,8,In Service,41.97354,-87.74955,"{""type"":""Point"",""coordinates"":[-87.74955,41.97354]}",20,21869,12,746,50,48,45,True,divvy_4418a883c02b1f4a,2025-01-17 12:56:50.071000,24472 | CHI01986,Elston Ave & Carmen Ave,202501-divvy-tripdata.zip,unverified_first_trip_proxy,,
2037897415290078108,Higgins Ave & Austin Ave,CHI01984,8,8,In Service,41.97342,-87.77865,"{""type"":""Point"",""coordinates"":[-87.77865,41.97342]}",20,21869,11,779,50,48,45,True,divvy_da60ab65a1c06139,2025-01-14 18:23:31.164000,24459 | CHI01984,Higgins Ave & Austin Ave,202501-divvy-tripdata.zip,unverified_first_trip_proxy,,
2038265780361703964,Austin Ave & Milwaukee Ave,CHI01995,9,9,In Service,41.98736,-87.77805,"{""type"":""Point"",""coordinates"":[-87.77805,41.98736]}",20,22532,36,656,50,18,45,True,divvy_4e8248a2488a276b,2025-01-18 10:16:17.784000,24480 | CHI01995,Austin Ave & Milwaukee Ave,202501-divvy-tripdata.zip,unverified_first_trip_proxy,,
2038315274961340692,State St & 127th St,CHI01946,8,8,In Service,41.66388,-87.622,"{""type"":""Point"",""coordinates"":[-87.622,41.66388]}",30,21861,50,504,43,19,11,True,divvy_6b07ddb28e19be81,2025-02-22 12:27:00.736000,24410 | CHI01946,State St & 127th St,202502-divvy-tripdata.zip,unverified_first_trip_proxy,,
2047210456672276856,Archer Ave & Wentworth Ave,CHI02006,11,11,In Service,41.8546868,-87.6308531,"{""type"":""Point"",""coordinates"":[-87.6308531,41.8546868]}",8,21194,35,3,26,40,7,True,divvy_5679df8061d27624,2025-02-08 09:22:13.166000,25001 | CHI02006,Archer & Wentworth | Archer Ave & Wentworth Ave,202502-divvy-tripdata.zip,unverified_first_trip_proxy,,
2049399156721566146,Halsted St & 119th St,CHI02005,12,11,In Service,41.67764,-87.64174,"{""type"":""Point"",""coordinates"":[-87.64174,41.67764]}",45,21861,50,60,22,19,21,True,divvy_56c87d638a9a26f8,2025-02-22 11:56:54.141000,25437 | CHI02005,Halsted St & 119th St,202502-divvy-tripdata.zip,unverified_first_trip_proxy,,
2056421762206241370,Hyacinth Ave & Milwaukee Ave,CHI02014,12,11,In Service,41.99282,-87.78377,"{""type"":""Point"",""coordinates"":[-87.78377,41.99282]}",20,22532,36,656,38,18,39,True,divvy_454f25773a229527,2025-03-08 18:26:19.913000,25481 | CHI02014,Hyacinth Ave & Milwaukee Ave,202503-divvy-tripdata.zip,unverified_first_trip_proxy,,
2056811709817405946,Milwaukee Ave & Highland Ave,CHI02015,12,12,In Service,41.99636,-87.78674,"{""type"":""Point"",""coordinates"":[-87.78674,41.99636]}",20,22532,36,656,38,18,39,True,divvy_e866e1e4e0cef870,2025-03-09 06:32:45.861000,25490 | CHI02015,Milwaukee Ave & Highland Ave,202503-divvy-tripdata.zip,unverified_first_trip_proxy,,
2057127898206728832,Halsted St & Roscoe St,CHI00473,24,24,In Service,41.94367,-87.64895,"{""type"":""Point"",""coordinates"":[-87.64895,41.94367]}",38,4449,57,730,25,22,44,True,divvy_b946e0dc4237a804,2013-09-19 14:21:00,13127 | 299 | CHI00473 | TA1309000025,Halsted St & Roscoe St,Divvy_Stations_Trips_2013.zip,unverified_first_trip_proxy,,
2057559901799078642,Edgebrook Metra,CHI02027,8,8,In Service,41.99751,-87.76539,"{""type"":""Point"",""coordinates"":[-87.76539,41.99751]}",34,22532,12,782,29,18,45,True,divvy_810e967b8a921323,2025-03-08 23:56:56.880000,24499 | CHI02027,Edgebrook Metra,202503-divvy-tripdata.zip,unverified_first_trip_proxy,,
2059001119848706206,Karlov Ave & Fillmore St,CHI01997,16,15,In Service,41.86815,-87.7276,"{""type"":""Point"",""coordinates"":[-87.7276,41.86815]}",36,21572,30,98,14,30,24,True,divvy_7ddab6494defb286,2025-04-11 12:41:23.874000,25218 | CHI01997,Karlov Ave & Fillmore St,202504-divvy-tripdata.zip,unverified_first_trip_proxy,,
2059374037671818134,Central & Elston,CHI02016,12,12,In Service,41.9855,-87.7682,"{""type"":""Point"",""coordinates"":[-87.7682,41.9855]}",20,22532,11,701,38,18,39,True,divvy_735559693f918bf9,2025-03-17 18:46:16.550000,25479 | CHI02016,Central & Elston,202503-divvy-tripdata.zip,unverified_first_trip_proxy,,
2061236431280065434,Eggleston Ave & 111th St,CHI01957,12,11,In Service,41.69254,-87.63374,"{""type"":""Point"",""coordinates"":[-87.63374,41.69254]}",45,21861,45,525,22,19,21,True,divvy_09b6dfb53fb5fc81,2025-04-18 20:57:38.564000,24430 | CHI01957,Eggleston Ave & 111th St,202504-divvy-tripdata.zip,unverified_first_trip_proxy,,
2064963313873613218,Racine Ave & Belmont Ave,CHI00411,16,15,In Service,41.939743,-87.658865,"{""type"":""Point"",""coordinates"":[-87.658865,41.939743]}",38,4449,57,680,25,22,44,True,divvy_c9bcc8651edbfed2,2013-08-19 18:08:00,13230 | 226 | CHI00411 | TA1308000019,Racine Ave & Belmont Ave,Divvy_Stations_Trips_2013.zip,unverified_first_trip_proxy,,
2064974399404579678,Clark St & Newport St,CHI00674,16,16,In Service,41.94454,-87.654678,"{""type"":""Point"",""coordinates"":[-87.654678,41.94454]}",38,4449,57,710,25,22,44,True,divvy_f2f999c23211a8d6,2018-11-13 14:58:40,18001 | 632 | CHI00674,Clark St & Newport St,Divvy_Trips_2018_Q4.zip,unverified_first_trip_proxy,,
2072042555341816674,Pulaski Rd & 75th St,CHI01998,15,15,In Service,41.75725,-87.72247,"{""type"":""Point"",""coordinates"":[-87.72247,41.75725]}",23,4300,63,318,30,58,18,True,divvy_666b396f56cf1991,2025-04-17 08:55:16.199000,25134 | CHI01998,Pulaski Rd & 75th St,202504-divvy-tripdata.zip,unverified_first_trip_proxy,,
2072426969175128454,Ave L & 114th,CHI01990,16,16,In Service,41.68803,-87.53641,"{""type"":""Point"",""coordinates"":[-87.53641,41.68803]}",47,21202,49,603,47,25,6,True,divvy_4bbcb836b5588ac6,2025-04-22 07:32:34.624000,25405 | CHI01990,Ave L & 114th,202504-divvy-tripdata.zip,unverified_first_trip_proxy,,
2074213565581244760,Wells St & Huron St,CHI00294,28,27,In Service,41.8947953,-87.6343743,"{""type"":""Point"",""coordinates"":[-87.6343743,41.8947953]}",22,4446,37,652,36,55,42,True,divvy_88ea2bc918eda421,2016-01-01 07:41:00,13064 | 53 | CHI00294 | TA1306000012,Wells St & Huron St,Divvy_Trips_2016_Q1Q2.zip,unverified_first_trip_proxy,,possible_rename
2075366191969569494,Pine Grove Ave & Irving Park Rd,CHI00482,16,16,In Service,41.9543646,-87.6479285,"{""type"":""Point"",""coordinates"":[-87.6479285,41.9543646]}",37,21186,57,690,39,53,46,True,divvy_553c0ccd492fc47c,2013-09-09 15:09:00,13324 | 254 | CHI00482 | TA1308000022,Pine Grove Ave & Irving Park Rd,Divvy_Stations_Trips_2013.zip,unverified_first_trip_proxy,,
2078379617704292706,Milwaukee Ave & The 606,CHI00622,19,19,In Service,41.913754,-87.6826658,"{""type"":""Point"",""coordinates"":[-87.6826658,41.913754]}",16,22535,23,373,40,1,32,True,divvy_4baec12a25953877,2025-05-04 11:24:57.522000,CHI00622 | T13243,Milwaukee Ave & The 606 | Wabansia & Milwaukee,202505-divvy-tripdata.zip,unverified_first_trip_proxy,,
2079474556089797110,Major Taylor Trail & 111th St,CHI02010,15,15,In Service,41.69211,-87.6489,"{""type"":""Point"",""coordinates"":[-87.6489,41.69211]}",45,22212,74,663,22,13,21,True,divvy_1b6dbc3dc2be8194,2025-05-23 20:44:11.428000,25429 | CHI02010,Major Taylor Trail & 111th St,202505-divvy-tripdata.zip,unverified_first_trip_proxy,,
2080537224276504924,Le Mai Ave & Devon Ave,CHI02008,15,15,In Service,41.99722,-87.75687,"{""type"":""Point"",""coordinates"":[-87.75687,41.99722]}",34,22532,12,782,38,18,39,True,divvy_77bd6cfc73896820,2025-05-17 08:56:42.752000,25498 | CHI02008,Le Mai Ave & Devon Ave,202505-divvy-tripdata.zip,unverified_first_trip_proxy,,
2080586734933671976,Avers Ave & Foster Ave,CHI01810,15,15,In Service,41.97541,-87.72452,"{""type"":""Point"",""coordinates"":[-87.72452,41.97541]}",28,21849,14,127,38,20,39,True,divvy_c9fe0083c27c8ba9,2025-05-10 17:46:56.267000,24111 | CHI01810,Avers Ave & Foster Ave,202505-divvy-tripdata.zip,unverified_first_trip_proxy,,
2093518273701847410,Sheffield Ave & Addison St,CHI02054,44,41,In Service,41.947017,-87.654418,"{""type"":""Point"",""coordinates"":[-87.654418,41.947017]}",38,4449,57,211,25,22,44,True,divvy_3e83520b5ae82893,2013-08-02 14:13:00,114 | CHI02054,Sheffield Ave & Addison St,Divvy_Stations_Trips_2013.zip,unverified_first_trip_proxy,,
2093910803156329194,Wilton Ave & Addison St,CHI02055,7,7,In Service,41.947459,-87.653216,"{""type"":""Point"",""coordinates"":[-87.653216,41.947459]}",38,21186,57,727,25,53,44,True,divvy_74e04fd647071b76,2025-06-13 12:13:46.164000,CHI02055,Wilton Ave & Addison St,202506-divvy-tripdata.zip,unverified_first_trip_proxy,,
2096535401636666136,Aberdeen St & Carroll Ave,CHI02056,16,16,In Service,41.88819,-87.65459,"{""type"":""Point"",""coordinates"":[-87.65459,41.88819]}",41,14917,29,63,46,44,27,True,divvy_e8a53f71263fe13b,2025-06-20 14:05:50.471000,CHI02056,Aberdeen St & Carroll Ave,202506-divvy-tripdata.zip,unverified_first_trip_proxy,,
2100635943484261050,Damen Ave & Pierce Ave,CHI02057,24,24,In Service,41.9093581,-87.6777585,"{""type"":""Point"",""coordinates"":[-87.6777585,41.9093581]}",24,21560,25,481,41,4,1,True,divvy_9611fe0db7627494,2013-06-27 21:39:00,69 | CHI00254 | CHI02057 | TA1305000041,Damen Ave & Pierce Ave,Divvy_Stations_Trips_2013.zip,unverified_first_trip_proxy,,possible_rename | first_archive_day
2101023507274653734,Clark/Racine Corral,,120,120,In Service,41.950436,-87.6593212,"{""type"":""Point"",""coordinates"":[-87.6593212,41.950436]}",38,21186,57,728,25,53,44,True,divvy_83c560debcbbcc47,2025-07-02 17:00:07.389000,CHI02059,Clark/Racine Corral,202507-divvy-tripdata.zip,unverified_first_trip_proxy,,
2101023507274653736,Clark/Newport Corral,,120,120,In Service,41.9449411,-87.654611,"{""type"":""Point"",""coordinates"":[-87.654611,41.9449411]}",38,4449,57,211,25,22,44,True,divvy_59ac823b003610d8,2025-07-02 15:35:01.554000,CHI02061,Clark/Newport Corral,202507-divvy-tripdata.zip,unverified_first_trip_proxy,,
2101023507274653738,Addison/Wilton Corral,,120,120,In Service,41.9473827,-87.6531716,"{""type"":""Point"",""coordinates"":[-87.6531716,41.9473827]}",38,21186,57,727,25,53,44,True,divvy_2554a62b50894e1b,2025-07-02 18:42:09.221000,CHI02063,Addison/Wilton Corral,202507-divvy-tripdata.zip,unverified_first_trip_proxy,,
2101023507274653740,Eddy/Seminary Corral,,120,120,In Service,41.9461279,-87.6566721,"{""type"":""Point"",""coordinates"":[-87.6566721,41.9461279]}",38,4449,57,211,25,22,44,True,divvy_8cda9b7dc17f593a,2025-07-02 17:49:16.111000,CHI02065,Eddy/Seminary Corral,202507-divvy-tripdata.zip,unverified_first_trip_proxy,,
2101023507744358674,Addison/Sheffield SE Corral,,120,120,In Service,41.9470281,-87.654252,"{""type"":""Point"",""coordinates"":[-87.654252,41.9470281]}",38,4449,57,211,25,22,44,True,divvy_511acd95d04935a3,2025-07-02 18:40:26.522000,CHI02058,Addison/Sheffield SE Corral,202507-divvy-tripdata.zip,unverified_first_trip_proxy,,
2101023507744358676,Addison/Racine Corral,,120,120,In Service,41.9470683,-87.6593535,"{""type"":""Point"",""coordinates"":[-87.6593535,41.9470683]}",38,21186,57,729,25,22,44,True,divvy_5147a5dcdf445124,2025-07-02 17:32:40.316000,CHI02060,Addison/Racine Corral,202507-divvy-tripdata.zip,unverified_first_trip_proxy,,
2101023507744358678,Grace/Sheffield Corral,,120,120,In Service,41.9511586,-87.6546115,"{""type"":""Point"",""coordinates"":[-87.6546115,41.9511586]}",38,21186,57,83,39,53,46,True,divvy_7e9887e7ffaff9ef,2025-07-02 16:48:02.693000,CHI02062,Grace/Sheffield Corral,202507-divvy-tripdata.zip,unverified_first_trip_proxy,,
2101023507744358680,Waveland/Wilton Corral,,120,120,In Service,41.9489031,-87.653141,"{""type"":""Point"",""coordinates"":[-87.653141,41.9489031]}",38,21186,57,727,25,53,44,True,divvy_5bd69c5b13dc6039,2025-07-02 17:33:16.806000,CHI02064,Waveland/Wilton Corral,202507-divvy-tripdata.zip,unverified_first_trip_proxy,,
2101023507744358682,Sheffield/Newport Corral,,120,120,In Service,41.9446132,-87.6542018,"{""type"":""Point"",""coordinates"":[-87.6542018,41.9446132]}",38,4449,57,731,25,22,44,True,divvy_7480c742a220924b,2025-07-02 15:23:12.512000,CHI02066,Sheffield/Newport Corral,202507-divvy-tripdata.zip,unverified_first_trip_proxy,,
2101023511569621038,Sheffield/Cornelia Corral,,120,120,In Service,41.9452875,-87.6542225,"{""type"":""Point"",""coordinates"":[-87.6542225,41.9452875]}",38,4449,57,731,25,22,44,True,divvy_49a26f0954280615,2025-07-03 18:55:09.031000,CHI02067,Sheffield/Cornelia Corral,202507-divvy-tripdata.zip,unverified_first_trip_proxy,,
2101023511569621040,Addison/Sheffield SW Corral,,120,120,In Service,41.9469539,-87.6544123,"{""type"":""Point"",""coordinates"":[-87.6544123,41.9469539]}",38,4449,57,211,25,22,44,True,divvy_a3b62d54146d89ed,2025-07-02 17:47:44.780000,CHI02069,Addison/Sheffield SW Corral,202507-divvy-tripdata.zip,unverified_first_trip_proxy,,
2101023511569621042,Waveland/Racine Corral,,120,120,In Service,41.9488214,-87.6592823,"{""type"":""Point"",""coordinates"":[-87.6592823,41.9488214]}",38,21186,57,728,25,53,44,True,divvy_670c731c2be45f9e,2025-07-02 18:13:24.603000,CHI02071,Waveland/Racine Corral,202507-divvy-tripdata.zip,unverified_first_trip_proxy,,
2101023512039325980,Racine/Eddy Corral,,120,120,In Service,41.9463404,-87.6591024,"{""type"":""Point"",""coordinates"":[-87.6591024,41.9463404]}",38,4449,57,211,25,22,44,True,divvy_26cc6a9e3f06fe34,2025-07-02 18:31:27.929000,CHI02068,Racine/Eddy Corral,202507-divvy-tripdata.zip,unverified_first_trip_proxy,,
2102842761542543614,Wells St & Washington St,CHI02072,11,11,In Service,41.883,-87.63396,"{""type"":""Point"",""coordinates"":[-87.63396,41.883]}",22,14914,38,92,36,46,34,True,divvy_703e01076b580181,2025-07-07 13:13:59.277000,CHI02072,Wells St & Washington St,202507-divvy-tripdata.zip,unverified_first_trip_proxy,,
2103281785461334546,Franklin St & Washington St,CHI02074,36,31,In Service,41.88318,-87.63511,"{""type"":""Point"",""coordinates"":[-87.63511,41.88318]}",22,14914,38,92,36,46,34,True,divvy_800265fea460c45c,2025-07-09 10:34:01.625000,CHI02074,Franklin St & Washington St,202507-divvy-tripdata.zip,unverified_first_trip_proxy,,
2103610248112881712,Milwaukee Ave & Fullerton Ave,CHI02075,15,15,In Service,41.92469,-87.7006,"{""type"":""Point"",""coordinates"":[-87.7006,41.92469]}",15,22535,23,322,41,1,1,True,divvy_bb955844320f9476,2021-10-28 15:22:39,428 | CHI00918 | CHI02075,Milwaukee & Fullerton | Milwaukee Ave & Fullerton Ave,202110-divvy-tripdata.zip,unverified_first_trip_proxy,,
2108022405953321550,Francisco Ave & Chicago Ave,CHI02080,15,14,In Service,41.895745,-87.698653,"{""type"":""Point"",""coordinates"":[-87.698653,41.895745]}",10,21560,25,544,49,4,36,True,divvy_454d1b88f1da8260,2023-04-27 18:04:56,411 | CHI00901 | CHI02080,Francisco Ave & Chicago Ave,202304-divvy-tripdata.zip,unverified_first_trip_proxy,,
2108035409441534756,Green St & Lake St,CHI02081,11,11,In Service,41.88558,-87.64841,"{""type"":""Point"",""coordinates"":[-87.64841,41.88558]}",41,14917,29,63,46,44,27,True,divvy_345b6ef493acae32,2025-07-23 19:36:19.136000,CHI02081,Green St & Lake St,202507-divvy-tripdata.zip,unverified_first_trip_proxy,,
2108374001471259348,Rockwell St & Fletcher St,CHI02082,11,11,In Service,41.93885,-87.69299,"{""type"":""Point"",""coordinates"":[-87.69299,41.93885]}",24,21538,22,467,20,39,35,True,divvy_8e4e69cc14de5864,2021-11-16 12:59:17,435 | CHI00925 | CHI02082,Rockwell St & Fletcher St,202111-divvy-tripdata.zip,unverified_first_trip_proxy,,
2108441700539699862,Western Ave & Grace St,CHI02083,11,11,In Service,41.95035,-87.68808,"{""type"":""Point"",""coordinates"":[-87.68808,41.95035]}",13,21538,46,613,18,39,47,True,divvy_2bafba938540f8f5,2021-11-11 16:59:24,431 | CHI00921 | CHI02083,Western Ave & Grace St,202111-divvy-tripdata.zip,unverified_first_trip_proxy,,
2111730464161852178,Elston Ave & George St,CHI02084,11,10,In Service,41.934003,-87.690823,"{""type"":""Point"",""coordinates"":[-87.690823,41.934003]}",24,21538,22,467,20,39,35,True,divvy_a752a8068ce90e0d,2021-11-05 14:02:13,472 | CHI00940 | CHI02084,Elston Ave & George St,202111-divvy-tripdata.zip,unverified_first_trip_proxy,,
2111748084869249170,Kedzie Ave & George St,CHI02085,11,11,In Service,41.933886,-87.707262,"{""type"":""Point"",""coordinates"":[-87.707262,41.933886]}",15,21538,22,465,20,39,35,True,divvy_f76135ac336ccb82,2021-11-11 16:30:54,436 | CHI00926 | CHI02085,Kedzie Ave & George St,202111-divvy-tripdata.zip,unverified_first_trip_proxy,,
2112108504264821720,Francisco Ave & Bloomingdale Ave,CHI02086,11,11,In Service,41.91396,-87.6994,"{""type"":""Point"",""coordinates"":[-87.6994,41.91396]}",15,22535,23,350,41,1,26,True,divvy_b5d681afb94391ff,2021-11-11 18:06:28,429 | CHI00914 | CHI02086,Francisco Ave & Bloomingdale Ave | Franciso Ave & Bloomingdale Ave,202111-divvy-tripdata.zip,unverified_first_trip_proxy,,
2113618458403709162,Hampden Ct & Diversey Pkwy,CHI02087,24,24,In Service,41.93247,-87.64242,"{""type"":""Point"",""coordinates"":[-87.64242,41.93247]}",51,21190,68,18,34,16,43,True,divvy_09726a055105652d,2013-06-29 12:52:00,220 | CHI02087,Clark St & Drummond Pl | Hampden Ct & Diversey Pkwy,Divvy_Stations_Trips_2013.zip,unverified_first_trip_proxy,,
2113982651207555516,Broadway & Oakdale Ave,CHI02088,11,11,In Service,41.93558,-87.64405,"{""type"":""Point"",""coordinates"":[-87.64405,41.93558]}",38,4449,57,102,25,22,44,True,divvy_3ef94cf330e0eabe,2025-07-08 16:39:33.337000,CHI02073 | CHI02088,Broadway & Oakdale Ave,202507-divvy-tripdata.zip,unverified_first_trip_proxy,,
2113983149663334938,Broadway & Sunnyside Ave,CHI02089,11,11,In Service,41.963419,-87.656069,"{""type"":""Point"",""coordinates"":[-87.656069,41.963419]}",37,22616,31,241,39,15,46,True,divvy_825996fc6d6943a3,2025-08-08 14:29:51.103000,CHI02089,Broadway & Sunnyside Ave,202508-divvy-tripdata.zip,unverified_first_trip_proxy,,
2113983884661901700,Wallace St & 28th St,CHI02090,15,15,In Service,41.843511,-87.6419,"{""type"":""Point"",""coordinates"":[-87.6419,41.843511]}",26,21194,58,688,48,40,7,True,divvy_e8a9363406aa9a37,2025-08-07 20:15:37.625000,CHI02090,Wallace St & 28th St,202508-divvy-tripdata.zip,unverified_first_trip_proxy,,
2113985612794702690,Lock St & 31st St,CHI02091,15,15,In Service,41.837962,-87.659049,"{""type"":""Point"",""coordinates"":[-87.659049,41.837962]}",26,14920,58,723,48,43,7,True,divvy_1af595a9b29ea612,2025-08-09 23:37:38.979000,CHI02091,Lock St & 31st St,202508-divvy-tripdata.zip,unverified_first_trip_proxy,,
2113986813030865450,Parnell Ave & 31st St,CHI02092,15,15,In Service,41.837911,-87.640279,"{""type"":""Point"",""coordinates"":[-87.640279,41.837911]}",26,21194,58,223,48,40,7,True,divvy_4d8b64950e3b010b,2025-08-11 13:35:43.952000,CHI02092,Parnell Ave & 31st St,202508-divvy-tripdata.zip,unverified_first_trip_proxy,,
2114129634899669242,Rockwell/Irving Park Hub,,120,120,In Service,41.954212,-87.69317,"{""type"":""Point"",""coordinates"":[-87.69317,41.954212]}",13,21538,46,624,18,39,47,True,divvy_48832614a0e0ff9e,2025-08-07 14:02:04.119000,CHI02094,Rockwell/Irving Park Hub,202508-divvy-tripdata.zip,unverified_first_trip_proxy,,
2116172334493307456,Green St & Chicago Ave,CHI02095,11,11,In Service,41.893392,-87.650737,"{""type"":""Point"",""coordinates"":[-87.650737,41.893392]}",41,22620,25,522,46,49,27,True,divvy_f8398892c692b128,2025-11-01 01:13:37.117000,CHI02095,Green St & Chicago Ave,202511-divvy-tripdata.zip,unverified_first_trip_proxy,2025-08-13 10:09:30.704000,earlier_same_name_history | name_has_multiple_locations
2116533844391069994,Larrabee St & Clybourn Ave,CHI02096,15,15,In Service,41.9066,-87.64322,"{""type"":""Point"",""coordinates"":[-87.64322,41.9066]}",51,14926,37,309,46,54,27,True,divvy_620171323fba1430,2025-08-13 17:20:08.978000,CHI02096,Larrabee St & Clybourn Ave,202508-divvy-tripdata.zip,unverified_first_trip_proxy,,
2116941558607507816,Peoria St & Kinzie St,CHI02098,19,19,In Service,41.88896,-87.64973,"{""type"":""Point"",""coordinates"":[-87.64973,41.88896]}",41,14917,29,63,46,44,27,True,divvy_19ea80f19d68883a,2025-08-14 16:12:32.182000,CHI02098,Peoria St & Kinzie St,202508-divvy-tripdata.zip,unverified_first_trip_proxy,,
2116968075735593618,Wood St & Walnut St,CHI02099,15,15,In Service,41.8861247784,-87.6719841442,"{""type"":""Point"",""coordinates"":[-87.671984144169,41.886124778383]}",41,21184,29,579,46,28,27,True,divvy_8a187d0d3f6462c1,2025-10-01 00:29:29.594000,CHI02099,Wood St & Walnut St,202510-divvy-tripdata.zip,unverified_first_trip_proxy,2025-08-14 16:31:00.653000,earlier_same_name_history | name_has_multiple_locations
2117289274864824946,The Salt Shed,CHI02100,23,23,In Service,41.90689,-87.65978,"{""type"":""Point"",""coordinates"":[-87.65978,41.90689]}",16,22620,25,109,46,49,27,True,divvy_9791a37b42e60e28,2025-08-15 14:13:06.628000,CHI02100,The Salt Shed,202508-divvy-tripdata.zip,unverified_first_trip_proxy,,
2118391840318927564,Riley O'Neil Memorial Station at City Hall,CHI02101,30,28,In Service,41.8832351,-87.6321117,"{""type"":""Point"",""coordinates"":[-87.6321117,41.8832351]}",22,14310,38,92,36,41,42,True,divvy_6c45a261fb07a23e,2013-07-15 14:47:00,13006 | 98 | CHI01666 | CHI02101,LaSalle St & Washington St | Lasalle St & Washington St | Riley O'Neil Memorial Station at City Hall,Divvy_Stations_Trips_2013.zip,unverified_first_trip_proxy,,possible_rename
2118772560060283098,Wells St & Madison St,CHI02102,19,18,In Service,41.88199,-87.63418,"{""type"":""Point"",""coordinates"":[-87.63418,41.88199]}",22,14914,38,92,36,46,34,True,divvy_58f9f07a90bfe532,2025-08-19 12:17:21.804000,CHI02102,Madison St & Wells St | Wells St & Madison St,202508-divvy-tripdata.zip,unverified_first_trip_proxy,,
2119522369875669374,Noble St & Ohio St,CHI02103,15,15,In Service,41.89242,-87.66206,"{""type"":""Point"",""coordinates"":[-87.66206,41.89242]}",41,22620,25,521,41,49,1,True,divvy_37359cc952b880d0,2025-08-21 13:38:31.083000,CHI02103,Noble St & Ohio St,202508-divvy-tripdata.zip,unverified_first_trip_proxy,,
2119523769644264352,Campbell Ave & Augusta Blvd,CHI02104,11,11,In Service,41.899578,-87.689497,"{""type"":""Point"",""coordinates"":[-87.689497,41.899578]}",24,21560,25,542,49,4,36,True,divvy_550a56c17bd91ae7,2023-04-26 18:57:37,410 | CHI00888 | CHI02104,Campbell Ave & Augusta Blvd,202304-divvy-tripdata.zip,unverified_first_trip_proxy,,
2119634701066248836,Halsted St & Belden St,CHI02105,15,15,In Service,41.92365,-87.64894,"{""type"":""Point"",""coordinates"":[-87.64894,41.92365]}",51,21190,68,744,34,16,43,True,divvy_2c0e5e2c7761b178,2025-08-25 12:11:06.836000,CHI02105,Halsted St & Belden St,202508-divvy-tripdata.zip,unverified_first_trip_proxy,,
2119635270602279048,Seminary Ave & Belden Ave,CHI02106,15,15,In Service,41.92339,-87.65599,"{""type"":""Point"",""coordinates"":[-87.65599,41.92339]}",16,21190,68,797,34,16,43,True,divvy_a4edde33c755aa30,2025-08-25 16:29:26.844000,CHI02106,Seminary Ave & Belden Ave,202508-divvy-tripdata.zip,unverified_first_trip_proxy,,
2119884942656086576,Leavitt St & Hirsch St,CHI02107,11,11,In Service,41.90689,-87.68233,"{""type"":""Point"",""coordinates"":[-87.68233,41.90689]}",24,21560,25,516,41,4,1,True,divvy_a2de8f9b232fb6ba,2013-09-22 04:02:00,315 | CHI02107,Leavitt St & Hirsch St,Divvy_Stations_Trips_2013.zip,unverified_first_trip_proxy,,
2121736790630324894,Hudson Ave & Armitage Ave,CHI02110,15,15,In Service,41.91818,-87.64,"{""type"":""Point"",""coordinates"":[-87.64,41.91818]}",51,21190,68,208,34,16,43,True,divvy_3798b46287990d6a,2025-08-27 11:50:50.289000,CHI02110,Hudson Ave & Armitage Ave,202508-divvy-tripdata.zip,unverified_first_trip_proxy,,
2121775389501413766,Lincoln Ave & Dickens Ave,CHI02112,15,15,In Service,41.92012,-87.6416,"{""type"":""Point"",""coordinates"":[-87.6416,41.92012]}",51,21190,68,745,34,16,43,True,divvy_047fd4b975128cce,2025-08-27 16:14:08.427000,CHI02112,Lincoln Ave & Dickens Ave,202508-divvy-tripdata.zip,unverified_first_trip_proxy,,
2122108427592833732,Clark St & Arlington Pl,CHI02109,15,15,In Service,41.92694,-87.64148,"{""type"":""Point"",""coordinates"":[-87.64148,41.92694]}",51,21190,68,185,34,16,43,True,divvy_98a98e6398f64d71,2025-08-29 16:08:04.761000,CHI02109,Clark St & Arlington Pl,202508-divvy-tripdata.zip,unverified_first_trip_proxy,,
2122122162253046072,Halsted St & Armitage Ave,CHI02111,15,15,In Service,41.91823,-87.64879,"{""type"":""Point"",""coordinates"":[-87.64879,41.91823]}",51,21190,68,744,34,16,43,True,divvy_22d658974ce932a1,2025-10-09 15:23:24.135000,CHI02111,Halsted St & Armitage Ave,202510-divvy-tripdata.zip,unverified_first_trip_proxy,,possible_rename
2123427060109083116,Lincoln Ave & Montana St,CHI02114,11,11,Not In Service,41.92657,-87.6506,"{""type"":""Point"",""coordinates"":[-87.6506,41.92657]}",51,21190,68,769,34,16,43,True,divvy_c51a0386e25c837c,2025-09-02 14:35:22.592000,CHI02114,Lincoln Ave & Montana St,202509-divvy-tripdata.zip,unverified_first_trip_proxy,,
2123427844802601334,Sangamon St & Adams St,CHI02116,15,15,In Service,41.87909,-87.65128,"{""type"":""Point"",""coordinates"":[-87.65128,41.87909]}",48,14917,29,91,26,44,34,True,divvy_3a6d14a2b6ceb200,2025-09-03 17:34:53.600000,CHI02116,Sangamon St & Adams St,202509-divvy-tripdata.zip,unverified_first_trip_proxy,,
2124315675815283526,Wood St & Milwaukee Ave,CHI02119,15,15,In Service,41.90629,-87.67151,"{""type"":""Point"",""coordinates"":[-87.67151,41.90629]}",24,21560,25,481,41,4,1,True,divvy_0f1f927aa46a1a6e,2025-09-03 15:56:06.418000,CHI02119,Wood St & Milwaukee Ave,202509-divvy-tripdata.zip,unverified_first_trip_proxy,2013-06-27 14:38:00,earlier_same_name_history | name_has_multiple_locations
2124470598870291364,Wabash Ave & Washington St,CHI02108,30,30,In Service,41.8832,-87.62662,"{""type"":""Point"",""coordinates"":[-87.62662,41.8832]}",22,14310,38,580,36,41,34,True,divvy_af10ceed5d111189,2025-09-04 14:40:15.028000,CHI02108,Wabash Ave & Washington St,202509-divvy-tripdata.zip,unverified_first_trip_proxy,,
2124820331580000694,Western Ave & Wabansia Ave,CHI02117,11,11,In Service,41.91208,-87.68752,"{""type"":""Point"",""coordinates"":[-87.68752,41.91208]}",24,22535,25,287,41,1,1,True,divvy_840cc23d666d11e8,2025-09-05 13:36:14.989000,CHI02117,Western Ave & Wabansia Ave,202509-divvy-tripdata.zip,unverified_first_trip_proxy,,
2126182171734508022,Leavitt St & Augusta Blvd,CHI02120,15,15,In Service,41.89962,-87.68194,"{""type"":""Point"",""coordinates"":[-87.68194,41.89962]}",16,21560,25,476,11,4,1,True,divvy_34fe23bd09bb2566,2025-09-08 17:25:25.378000,CHI02120,Leavitt St & Augusta Blvd,202509-divvy-tripdata.zip,unverified_first_trip_proxy,,
2126938673328711742,Halsted St & Lake St,CHI02121,15,15,In Service,41.88576,-87.64711,"{""type"":""Point"",""coordinates"":[-87.64711,41.88576]}",41,4452,29,784,46,45,27,True,divvy_4f2743808eccdaec,2025-09-10 15:05:46.433000,CHI02121,Halsted St & Lake St,202509-divvy-tripdata.zip,unverified_first_trip_proxy,,
2126942354115684484,Halsted St & Fulton St,CHI02118,15,14,In Service,41.88672,-87.64729,"{""type"":""Point"",""coordinates"":[-87.64729,41.88672]}",41,4452,29,784,46,45,27,True,divvy_a11a1f6bd9201dc7,2023-03-16 13:50:39,23003 | CHI01880 | CHI02118,Halsted St & Fulton St,202303-divvy-tripdata.zip,unverified_first_trip_proxy,,possible_rename
2127352974007087978,Clark St & Eddy St,CHI02122,15,15,In Service,41.94628,-87.65627,"{""type"":""Point"",""coordinates"":[-87.65627,41.94628]}",38,4449,57,211,25,22,44,True,divvy_0b30c3fd815b3777,2025-09-11 16:36:05.112000,CHI02122,Clark St & Eddy St,202509-divvy-tripdata.zip,unverified_first_trip_proxy,,
2127670914437391286,Kedzie Ave & Armitage Ave,CHI02123,11,11,In Service,41.91759,-87.70685,"{""type"":""Point"",""coordinates"":[-87.70685,41.91759]}",15,22535,23,371,40,1,1,True,divvy_0a7dbb3c893e659a,2025-09-12 11:00:17.894000,CHI02123,Kedzie Ave & Armitage Ave,202509-divvy-tripdata.zip,unverified_first_trip_proxy,,
2128788290981175550,Dearborn St & Maple St,CHI02124,19,19,In Service,41.90192,-87.63026,"{""type"":""Point"",""coordinates"":[-87.63026,41.90192]}",22,14926,37,310,11,54,2,True,divvy_62dc99347d8235e6,2025-09-15 13:15:53.448000,CHI02124,Dearborn St & Maple St,202509-divvy-tripdata.zip,unverified_first_trip_proxy,,
2129148164045400658,Dearborn St & Division St,CHI02125,15,15,In Service,41.9043,-87.62991,"{""type"":""Point"",""coordinates"":[-87.62991,41.9043]}",22,14926,37,17,11,54,2,True,divvy_4a762e3a59f7dcb5,2025-09-16 14:28:59.687000,CHI02125,Dearborn St & Division St,202509-divvy-tripdata.zip,unverified_first_trip_proxy,,
2129546026429261924,Sacramento Ave & Lyndale St,CHI02126,15,14,In Service,41.92235,-87.70241,"{""type"":""Point"",""coordinates"":[-87.70241,41.92235]}",15,22535,23,371,40,1,1,True,divvy_9c8862d003e06554,2025-09-17 14:26:30.697000,CHI02126,Sacramento Ave & Lyndale St,202509-divvy-tripdata.zip,unverified_first_trip_proxy,,
2129546812406551546,Racine Ave & Broadway,CHI02127,15,15,In Service,41.968235,-87.6596548,"{""type"":""Point"",""coordinates"":[-87.6596548,41.968235]}",40,22616,31,241,39,15,46,True,divvy_a2010bd4cdb639d5,2025-09-17 16:39:07.929000,CHI02127,Racine Ave & Broadway,202509-divvy-tripdata.zip,unverified_first_trip_proxy,,
2129649769571455176,Broadway & Cuyler Ave,CHI02128,15,15,In Service,41.955417,-87.6515,"{""type"":""Point"",""coordinates"":[-87.6515,41.955417]}",37,21186,31,577,39,53,46,True,divvy_20bf3676fc139a13,2025-09-18 13:03:17.363000,CHI02128,Broadway & Cuyler Ave,202509-divvy-tripdata.zip,unverified_first_trip_proxy,,
2129649962298110134,Western Ave & Lyndale St,CHI02129,11,11,In Service,41.9226,-87.68772,"{""type"":""Point"",""coordinates"":[-87.68772,41.9226]}",24,22535,23,323,41,1,1,True,divvy_847b1f86d21f3567,2025-09-18 17:03:49.531000,CHI02129,Western Ave & Lyndale St,202509-divvy-tripdata.zip,unverified_first_trip_proxy,,
2130025986384902502,Rockwell Ave & Logan Blvd,CHI02130,15,15,In Service,41.92811,-87.69268,"{""type"":""Point"",""coordinates"":[-87.69268,41.92811]}",15,22535,23,468,40,1,1,True,divvy_48b8ba75fabd77f5,2025-09-19 18:58:57.140000,CHI02130,Rockwell Ave & Logan Blvd,202509-divvy-tripdata.zip,unverified_first_trip_proxy,,
2130026180535114202,Milwaukee Ave & Armitage Ave,CHI02131,11,10,In Service,41.91771,-87.68864,"{""type"":""Point"",""coordinates"":[-87.68864,41.91771]}",24,22535,23,323,41,1,1,True,divvy_0e9e4f7985e1e9c8,2025-09-19 15:48:38.351000,CHI02131,Milwaukee Ave & Armitage Ave,202509-divvy-tripdata.zip,unverified_first_trip_proxy,,
2131402959429978700,Paulina St & Cortland St,CHI02132,11,11,In Service,41.91626,-87.67019,"{""type"":""Point"",""coordinates"":[-87.67019,41.91626]}",16,21560,23,209,40,4,32,True,divvy_0ba2cf245e7f644a,2025-09-22 16:49:06.701000,CHI02132,Paulina St & Cortland St,202509-divvy-tripdata.zip,unverified_first_trip_proxy,,
2131429867387521772,Damen Ave & Wabansia Ave,CHI02133,11,11,In Service,41.91225,-87.67722,"{""type"":""Point"",""coordinates"":[-87.67722,41.91225]}",16,22535,25,438,11,4,32,True,divvy_7853bb55f0818db8,2021-03-25 12:59:51,20.0 | CHI00958 | CHI02133,Damen Ave & Wabansia Ave,202103-divvy-tripdata.zip,unverified_first_trip_proxy,,
2132145448121002368,Damen Ave & St Paul Ave,CHI02135,15,15,In Service,41.91301,-87.67778,"{""type"":""Point"",""coordinates"":[-87.67778,41.91301]}",16,22535,25,179,40,1,32,True,divvy_35893087aba36ebe,2025-09-24 16:45:10.902000,CHI02135,Damen Ave & St Paul Ave,202509-divvy-tripdata.zip,unverified_first_trip_proxy,,
2132204879062053464,Wood St & Cortland St,CHI02134,11,11,In Service,41.91589,-87.67281,"{""type"":""Point"",""coordinates"":[-87.67281,41.91589]}",16,21560,23,179,40,4,32,True,divvy_9aac95a314d35461,2025-09-25 06:56:29,CHI02134,Wood St & Cortland St,202509-divvy-tripdata.zip,unverified_first_trip_proxy,,
2132491172992070588,Paulina St & Adams St,CHI02136,11,10,In Service,41.87862,-87.66913,"{""type"":""Point"",""coordinates"":[-87.66913,41.87862]}",48,21184,29,90,46,28,34,True,divvy_50bd76e85d9bc96b,2025-09-26 09:45:57.756000,CHI02136,Paulina St & Adams St,202509-divvy-tripdata.zip,unverified_first_trip_proxy,,
2132864313425115444,Clark St & Fletcher St,CHI02137,15,15,In Service,41.93894,-87.65031,"{""type"":""Point"",""coordinates"":[-87.65031,41.93894]}",38,4449,57,681,25,22,44,True,divvy_7ae7a39e9369c0d9,2025-09-26 11:32:13.512000,CHI02137,Clark St & Fletcher St,202509-divvy-tripdata.zip,unverified_first_trip_proxy,,
2132864841706092860,Sheffield Ave & Fletcher St,CHI02138,23,23,In Service,41.93901,-87.65321,"{""type"":""Point"",""coordinates"":[-87.65321,41.93901]}",38,4449,57,681,25,22,44,True,divvy_563b3d28e6fe6325,2025-09-26 16:23:48.438000,CHI02138,Sheffield Ave & Fletcher St,202509-divvy-tripdata.zip,unverified_first_trip_proxy,,
2133966036055659104,Carpenter St & Fulton St,CHI02139,11,11,In Service,41.88668,-87.65315,"{""type"":""Point"",""coordinates"":[-87.65315,41.88668]}",41,14917,29,63,46,44,27,True,divvy_549a31253d157484,2025-09-29 14:56:50.809000,CHI02139,Carpenter St & Fulton St,202509-divvy-tripdata.zip,unverified_first_trip_proxy,,
2133966431192650344,Wacker Dr & Randolph St,CHI02140,24,24,In Service,41.88454,-87.63732,"{""type"":""Point"",""coordinates"":[-87.63732,41.88454]}",22,14914,38,92,36,46,42,True,divvy_248063a0b0218517,2025-09-29 13:36:46.500000,CHI02140,Wacker Dr & Randolph St,202509-divvy-tripdata.zip,unverified_first_trip_proxy,,
2134349150128577368,Rush St & Illinois St,CHI02141,23,23,In Service,41.89087,-87.62584,"{""type"":""Point"",""coordinates"":[-87.62584,41.89087]}",22,21182,37,626,36,6,42,True,divvy_99fb420bc11ca056,2025-09-30 16:09:20.172000,CHI02141,Rush St & Illinois St,202509-divvy-tripdata.zip,unverified_first_trip_proxy,,
2134709725966754810,Franklin St & Madison St,CHI02142,11,11,In Service,41.88139,-87.63542,"{""type"":""Point"",""coordinates"":[-87.63542,41.88139]}",48,14914,38,92,36,46,42,True,divvy_05f48067a71e6bb1,2025-10-01 15:19:38.543000,CHI02142,Franklin St & Madison St,202510-divvy-tripdata.zip,unverified_first_trip_proxy,,
2134710117969748266,St Clair St & Ohio St,CHI02143,11,11,In Service,41.89238,-87.62264,"{""type"":""Point"",""coordinates"":[-87.62264,41.89238]}",22,21182,37,159,36,6,2,True,divvy_d77afab5963e7821,2025-10-01 13:04:47.703000,CHI02143,St Clair St & Ohio St,202510-divvy-tripdata.zip,unverified_first_trip_proxy,,
2135454923413539710,Racine Ave & Webster Ave,CHI02144,11,11,In Service,41.92161,-87.65803,"{""type"":""Point"",""coordinates"":[-87.65803,41.92161]}",16,21190,68,797,34,16,2,True,divvy_6637b573242ed293,2025-10-03 15:55:29.168000,CHI02144,Racine Ave & Webster Ave,202510-divvy-tripdata.zip,unverified_first_trip_proxy,,
2136568776043912090,Sedgwick St & Chicago Ave,CHI02145,11,11,In Service,41.89677,-87.6386,"{""type"":""Point"",""coordinates"":[-87.6386,41.89677]}",41,14926,37,652,46,54,27,True,divvy_62e74173d2068389,2025-10-06 12:10:08.904000,CHI02145,Larrabee St & Chicago Ave | Sedgwick St & Chicago Ave,202510-divvy-tripdata.zip,unverified_first_trip_proxy,,
2136953134578149618,Rockwell St & Cermak Rd,CHI02146,11,11,In Service,41.851644,-87.690621,"{""type"":""Point"",""coordinates"":[-87.690621,41.851644]}",11,14920,32,263,14,43,25,True,divvy_7b5487b53f8cd7b4,2021-11-03 22:25:33,425 | CHI00896 | CHI02146,Rockwell St & Cermak Rd,202111-divvy-tripdata.zip,unverified_first_trip_proxy,,
2136953562065386088,Western Ave & Berteau Ave,CHI02147,11,11,In Service,41.95774,-87.688273,"{""type"":""Point"",""coordinates"":[-87.688273,41.95774]}",13,21538,46,623,18,39,47,True,divvy_11d6cd545fc5c2e6,2022-06-10 21:05:32,438 | CHI00927 | CHI02147,Western Ave & Berteau Ave,202206-divvy-tripdata.zip,unverified_first_trip_proxy,,
2137323583098022140,Western Ave & Gunnison St,CHI02148,11,11,In Service,41.96966,-87.6895259,"{""type"":""Point"",""coordinates"":[-87.6895259,41.96966]}",13,21849,6,28,24,20,40,True,divvy_b988d771ba335d10,2021-10-29 00:12:51,445 | CHI00933 | CHI02148,Western Ave & Gunnison St,202110-divvy-tripdata.zip,unverified_first_trip_proxy,,
2137697298090635320,Lincoln Ave & Balmoral Ave,CHI02149,11,11,In Service,41.979461,-87.693013,"{""type"":""Point"",""coordinates"":[-87.693013,41.979461]}",46,21849,6,29,24,20,40,True,divvy_07c8490d4ea6d2f1,2021-10-29 12:55:28,442 | CHI00930 | CHI02149,Lincoln Ave & Balmoral Ave,202110-divvy-tripdata.zip,unverified_first_trip_proxy,,
2139204594028635040,Kostner Ave & Devon Ave,CHI02150,15,15,In Service,41.997032,-87.73837,"{""type"":""Point"",""coordinates"":[-87.73837,41.997032]}",28,22532,12,713,38,18,39,True,divvy_13726e6c266022f1,2024-04-10 11:13:12,24155 | CHI01766 | CHI02150,Kostner Ave & Devon Ave,202404-divvy-tripdata.zip,unverified_first_trip_proxy,,
2139215142468313110,Malden St & Wilson Ave,CHI02151,11,10,In Service,41.96526,-87.66275,"{""type"":""Point"",""coordinates"":[-87.66275,41.96526]}",37,22616,31,611,39,15,46,True,divvy_190c2d326916a8c0,2025-10-13 20:27:08.436000,CHI02151,Malden St & Wilson Ave,202510-divvy-tripdata.zip,unverified_first_trip_proxy,,
2140270131934052952,Marshfield Ave & Diversey Pkwy,CHI02152,11,11,In Service,41.93204,-87.6697,"{""type"":""Point"",""coordinates"":[-87.6697,41.93204]}",16,21190,68,743,40,16,32,True,divvy_7d1fd572066fd35e,2025-10-16 18:25:34.536000,CHI02152,Marshfield Ave & Diversey Pkwy,202510-divvy-tripdata.zip,unverified_first_trip_proxy,,
2140270741196378296,Broadway & Roscoe Ave,CHI02153,11,11,In Service,41.9436,-87.64532,"{""type"":""Point"",""coordinates"":[-87.64532,41.9436]}",38,4449,57,730,25,22,44,True,divvy_f52b6f248a5b5a76,2025-10-16 17:19:46.731000,CHI02153,Broadway & Roscoe Ave,202510-divvy-tripdata.zip,unverified_first_trip_proxy,,
2140647511081896348,Damen Ave & Evergreen Ave,CHI02154,15,15,In Service,41.90605,-87.67758,"{""type"":""Point"",""coordinates"":[-87.67758,41.90605]}",24,21560,25,481,41,4,1,True,divvy_112941592be8d8f9,2025-10-17 14:28:54.082000,CHI02154,Damen Ave & Evergreen Ave,202510-divvy-tripdata.zip,unverified_first_trip_proxy,,
2141761256023053044,Sheridan Rd & Berwyn Ave,CHI02155,15,15,In Service,41.97828,-87.65529,"{""type"":""Point"",""coordinates"":[-87.65529,41.97828]}",40,22616,76,160,16,15,48,True,divvy_e75fec034c0f3d4e,2025-10-21 12:03:25.323000,CHI02155,Sheridan Rd & Berwyn Ave,202510-divvy-tripdata.zip,unverified_first_trip_proxy,,
2142134222222184846,Granville Ave & Clark St,CHI02156,15,14,In Service,41.9944,-87.66983,"{""type"":""Point"",""coordinates"":[-87.66983,41.9944]}",46,4451,76,536,16,14,48,True,divvy_7b9cbe22a39fe1d5,2025-10-21 15:01:40.734000,CHI02156,Granville Ave & Clark St,202510-divvy-tripdata.zip,unverified_first_trip_proxy,,
2142873950873792982,Southport Ave & Grace St,CHI02157,15,15,In Service,41.95155,-87.66404,"{""type"":""Point"",""coordinates"":[-87.66404,41.95155]}",38,21186,57,725,25,53,44,True,divvy_8271b524e8e74c5c,2025-10-23 12:38:55.197000,CHI02157,Southport Ave & Grace St,202510-divvy-tripdata.zip,unverified_first_trip_proxy,,
2142874382964769174,Pine Grove Ave & Wellington Ave,CHI02158,15,15,In Service,41.93651,-87.64119,"{""type"":""Point"",""coordinates"":[-87.64119,41.93651]}",38,4449,57,153,25,22,44,True,divvy_5363d17f9d3d393f,2025-10-23 17:25:27.741000,CHI02158,Pine Grove Ave & Wellington Ave,202510-divvy-tripdata.zip,unverified_first_trip_proxy,,
2142960195123685888,Kedzie Ave & Jackson Blvd,CHI02159,15,15,In Service,41.877161,-87.706134,"{""type"":""Point"",""coordinates"":[-87.706134,41.877161]}",11,21572,28,765,23,30,28,True,divvy_498927e7644f913f,2024-04-15 22:41:26,000-CHI01831 | 24213 | CHI01831 | CHI02159,Kedzie Ave & Jackson Blvd,202404-divvy-tripdata.zip,unverified_first_trip_proxy,,
2142960538272023440,Marshfield Ave & Wabansia Ave,CHI02160,15,14,In Service,41.91218,-87.66888,"{""type"":""Point"",""coordinates"":[-87.66888,41.91218]}",24,21560,25,437,40,4,32,True,divvy_9a5e27303b382f9b,2025-10-24 16:52:13.152000,CHI02160,Marshfield Ave & Wabansia Ave,202510-divvy-tripdata.zip,unverified_first_trip_proxy,,
2144730165297252480,Western Ave & 81st St,CHI02161,15,15,In Service,41.746426,-87.683123,"{""type"":""Point"",""coordinates"":[-87.683123,41.746426]}",6,21554,69,243,30,8,18,True,divvy_03a9a0ced9df3b5e,2024-05-29 12:06:23,24130 | CHI01809 | CHI02161,Western Ave & 81st St,202405-divvy-tripdata.zip,unverified_first_trip_proxy,,
2144742400386513746,Halsted St & Melrose St,CHI02162,12,8,In Service,41.94112,-87.64907,"{""type"":""Point"",""coordinates"":[-87.64907,41.94112]}",38,4449,57,730,25,22,44,True,divvy_d4041b374b8dd8b7,2025-10-28 16:16:58.253000,CHI02162,Halsted St & Melrose St,202510-divvy-tripdata.zip,unverified_first_trip_proxy,,
2145477325643916168,Oakley Ave & Lyndale St,CHI02164,15,15,Not In Service,41.92261,-87.68513,"{""type"":""Point"",""coordinates"":[-87.68513,41.92261]}",16,22535,23,324,40,1,32,True,divvy_9f68c9a265318ab6,2025-10-31 18:54:33.701000,CHI02164,Oakley Ave & Lyndale St,202510-divvy-tripdata.zip,unverified_first_trip_proxy,,
2145477699306070924,Noble St & Potomac Ave,CHI02165,15,15,In Service,41.905533,-87.662715,"{""type"":""Point"",""coordinates"":[-87.662715,41.905533]}",16,22620,25,483,11,49,1,True,divvy_bd73b6c429ffc2bd,2025-11-04 17:11:27.071000,CHI02165,Noble St & Potomac Ave,202511-divvy-tripdata.zip,unverified_first_trip_proxy,,
2147339944727486696,May St & Hubbard St,CHI02166,15,13,In Service,41.89008,-87.65597,"{""type"":""Point"",""coordinates"":[-87.65597,41.89008]}",41,22620,25,522,46,49,27,True,divvy_a2829b5846029637,2025-11-04 17:44:40.317000,CHI02166,May St & Hubbard St,202511-divvy-tripdata.zip,unverified_first_trip_proxy,,
2147701475268802856,Halsted St & Court Pl,CHI02174,15,15,In Service,41.8837,-87.64722,"{""type"":""Point"",""coordinates"":[-87.64722,41.8837]}",41,4452,29,784,46,45,27,True,divvy_6144c0378ca75148,2025-11-19 18:52:21.884000,CHI02174,Halsted St & Court Pl,202511-divvy-tripdata.zip,unverified_first_trip_proxy,,
2148085923136363046,Harper Ave & 55th St,CHI02167,15,14,In Service,41.7953,-87.58833,"{""type"":""Point"",""coordinates"":[-87.58833,41.7953]}",1,21192,8,500,33,10,3,True,divvy_37bf58311a13b77b,2025-11-06 15:07:11.268000,CHI02167,Harper Ave & 55th St,202511-divvy-tripdata.zip,unverified_first_trip_proxy,,
2148486988012384726,Wabash Ave & Jackson Blvd,CHI02168,15,15,In Service,41.87801,-87.62599,"{""type"":""Point"",""coordinates"":[-87.62599,41.87801]}",48,14912,38,367,36,29,34,True,divvy_fe62ddd6b37ee564,2025-11-07 13:01:21.526000,CHI02168,Wabash Ave & Jackson Blvd,202511-divvy-tripdata.zip,unverified_first_trip_proxy,,
2149950859971400242,Larrabee St & Kingsbury St 2,CHI02169,27,27,In Service,41.89758,-87.6429,"{""type"":""Point"",""coordinates"":[-87.6429,41.89758]}",41,14926,37,617,46,54,27,True,divvy_a576d7bfb37a2bdb,2025-11-11 15:06:34.113000,CHI02169,Larrabee St & Kingsbury St 2,202511-divvy-tripdata.zip,unverified_first_trip_proxy,,
2150297963654969438,Kenwood Ave & 57th St,CHI02170,15,14,In Service,41.79153,-87.59295,"{""type"":""Point"",""coordinates"":[-87.59295,41.79153]}",32,22260,8,503,33,60,3,True,divvy_4f6314fce9a74046,2025-11-12 17:50:08.470000,CHI02170,Kenwood Ave & 57th St,202511-divvy-tripdata.zip,unverified_first_trip_proxy,,
2150298404205650896,Blackstone Ave & 53rd St,CHI02185,15,14,In Service,41.79962,-87.59013,"{""type"":""Point"",""coordinates"":[-87.59013,41.79962]}",1,21192,8,500,10,10,9,True,divvy_5ed681adf7bc1c94,2026-01-02 14:06:08.331000,CHI02185,Blackstone Ave & 53rd St,202601-divvy-tripdata.zip,unverified_first_trip_proxy,,
2150674821797738944,Dorchester Ave & 53rd St,CHI02171,15,15,In Service,41.79943,-87.59227,"{""type"":""Point"",""coordinates"":[-87.59227,41.79943]}",1,21192,8,499,33,10,3,True,divvy_12b7ee501f131f36,2025-11-14 13:13:04.332000,CHI02171,Dorchester Ave & 53rd St,202511-divvy-tripdata.zip,unverified_first_trip_proxy,,
2150675229819632068,Shore Dr & 53rd St,CHI02172,15,15,In Service,41.79945,-87.58237,"{""type"":""Point"",""coordinates"":[-87.58237,41.79945]}",32,21192,8,501,33,10,3,True,divvy_e35297ff68a27640,2025-11-13 16:45:11.852000,CHI02172,Shore Dr & 53rd St,202511-divvy-tripdata.zip,unverified_first_trip_proxy,,
2152914415572609602,Clark St & Madison St,CHI02173,15,15,Not In Service,41.88218,-87.63098,"{""type"":""Point"",""coordinates"":[-87.63098,41.88218]}",22,14310,38,92,36,41,34,True,divvy_e8dbad21230d0f9c,2026-08-03 18:11:57.011000,CHI02173,Clark St & Madison St,202608-divvy-tripdata.zip,unverified_first_trip_proxy,,possible_rename
2154766968679369322,Dearborn St & Adams St 2,CHI02175,18,18,In Service,41.87963,-87.62937,"{""type"":""Point"",""coordinates"":[-87.62937,41.87963]}",22,14311,38,92,36,34,34,True,divvy_5bb08d265c79cbf1,2026-02-09 06:30:31.162000,CHI02175,Dearborn St & Adams St 2,202602-divvy-tripdata.zip,unverified_first_trip_proxy,,possible_rename
2155141472647710942,Dearborn St & Washington St,CHI02176,18,18,In Service,41.88299,-87.6293,"{""type"":""Point"",""coordinates"":[-87.6293,41.88299]}",22,14310,38,92,36,41,34,True,divvy_da88dad0f2fc8f8c,2025-11-25 14:42:15.063000,CHI02176,Dearborn St & Washington St,202511-divvy-tripdata.zip,unverified_first_trip_proxy,,
2155618682032192194,Milwaukee Ave & Diversey Ave,CHI02177,11,11,In Service,41.93266,-87.71222,"{""type"":""Point"",""coordinates"":[-87.71222,41.93266]}",15,21538,22,55,12,39,35,True,divvy_1fcae49ca57d5de4,2022-05-09 11:06:19,504 | CHI02177,Milwaukee Ave & Diversey Ave,202205-divvy-tripdata.zip,unverified_first_trip_proxy,,
2155619628908394686,Sawyer Ave & Fullerton Ave,CHI02178,14,13,In Service,41.92448,-87.7092,"{""type"":""Point"",""coordinates"":[-87.7092,41.92448]}",15,22535,23,321,40,1,35,True,divvy_5006430312b273c9,2025-11-28 13:06:27.362000,CHI02178,Sawyer Ave & Fullerton Ave,202511-divvy-tripdata.zip,unverified_first_trip_proxy,,
2155894851718356542,Sacramento Ave & Linden Pl,CHI02179,14,13,In Service,41.92575,-87.70258,"{""type"":""Point"",""coordinates"":[-87.70258,41.92575]}",15,22535,23,549,40,1,35,True,divvy_a9570ed497cf0e54,2025-11-28 11:25:11.074000,CHI02179,Sacramento Ave & Linden Pl,202511-divvy-tripdata.zip,unverified_first_trip_proxy,,
2155895081860557422,Spaulding Ave & Milwaukee Ave,CHI02180,14,14,In Service,41.93089,-87.71072,"{""type"":""Point"",""coordinates"":[-87.71072,41.93089]}",15,22535,23,72,12,1,35,True,divvy_ec05f471a21276e7,2025-12-02 17:18:44.529000,CHI02180,Spaulding Ave & Milwaukee Ave,202512-divvy-tripdata.zip,unverified_first_trip_proxy,,
2161159315996441640,Kingsbury St & Kinzie St 2,CHI02181,32,32,In Service,41.889188,-87.638387,"{""type"":""Point"",""coordinates"":[-87.638387,41.889188]}",22,4446,37,652,36,55,42,True,divvy_1f7776f9c6319836,2025-12-12 15:55:20.982000,CHI02181,Kingsbury St & Kinzie St 2,202512-divvy-tripdata.zip,unverified_first_trip_proxy,,
2162605010317203902,St. Clair St & Erie St 2,CHI02182,30,30,In Service,41.89445,-87.62268,"{""type"":""Point"",""coordinates"":[-87.62268,41.89445]}",22,21182,37,158,36,6,2,True,divvy_0d6c54b5feb429d1,2025-12-16 14:54:28.696000,CHI02182,St. Clair St & Erie St 2,202512-divvy-tripdata.zip,unverified_first_trip_proxy,,
2167791249088656448,Rockwell St & Division St,CHI02183,15,14,In Service,41.90275,-87.69202,"{""type"":""Point"",""coordinates"":[-87.69202,41.90275]}",10,21560,25,543,49,4,26,True,divvy_62d8f611856c1af0,2025-12-31 15:19:23.825000,CHI02183,Rockwell St & Division St,202512-divvy-tripdata.zip,unverified_first_trip_proxy,,
2168166459511991810,Canal St & Lake St,CHI02184,16,14,In Service,41.88597,-87.63999,"{""type"":""Point"",""coordinates"":[-87.63999,41.88597]}",22,14914,29,784,36,45,34,True,divvy_14cb29cda27ea625,2025-12-31 14:54:20.348000,CHI02184,Canal St & Lake St,202512-divvy-tripdata.zip,unverified_first_trip_proxy,,
2170354014030504722,Albany Ave & 16th St,CHI02186,8,8,In Service,41.85932,-87.70302,"{""type"":""Point"",""coordinates"":[-87.70302,41.85932]}",36,21569,30,132,14,57,24,True,divvy_11e708adbde9fc1c,2022-02-24 13:19:03,422 | CHI00907 | CHI02186,Albany Ave & 16th St,202202-divvy-tripdata.zip,unverified_first_trip_proxy,,
2170354186502672462,Lawndale Ave & 16th St,CHI02187,8,7,In Service,41.85916,-87.71769,"{""type"":""Point"",""coordinates"":[-87.71769,41.85916]}",36,21569,30,33,14,57,24,True,divvy_943fbeb6008f74fa,2021-07-11 10:05:49,362.0 | CHI00895 | CHI02187,Lawndale Ave & 16th St,202107-divvy-tripdata.zip,unverified_first_trip_proxy,,
2170720668030248368,Milwaukee Ave & Wolfram St,CHI02189,11,11,In Service,41.93301,-87.71428,"{""type"":""Point"",""coordinates"":[-87.71428,41.93301]}",15,21538,22,55,12,39,35,True,divvy_7c80a4470d3c082a,2026-01-06 18:34:26.633000,CHI02189,Milwaukee Ave & Wolfram St,202601-divvy-tripdata.zip,unverified_first_trip_proxy,,
2172972052596651782,Monticello Ave & Diversey Ave,CHI02190,15,15,In Service,41.93172,-87.71846,"{""type"":""Point"",""coordinates"":[-87.71846,41.93172]}",15,22535,23,107,12,1,35,True,divvy_99a580a817eb363c,2026-02-13 15:59:43.239000,CHI02190,Monticello Ave & Diversey Ave,202602-divvy-tripdata.zip,unverified_first_trip_proxy,,
2173356807749990394,Drake Ave & Armitage Ave,CHI02191,15,15,In Service,41.91749,-87.71524,"{""type"":""Point"",""coordinates"":[-87.71524,41.91749]}",10,22535,23,550,49,1,26,True,divvy_e839e9d63a4b817f,2026-01-13 18:13:55.117000,CHI02191,Drake Ave & Armitage Ave,202601-divvy-tripdata.zip,unverified_first_trip_proxy,,
2176700070219997476,Kimball Ave & Wrightwood Ave,CHI02192,15,15,In Service,41.92837,-87.71244,"{""type"":""Point"",""coordinates"":[-87.71244,41.92837]}",15,22535,23,72,12,1,35,True,divvy_e8cdc0b2e04e3293,2026-02-04 23:42:29.653000,CHI02192,Kimball Ave & Wrightwood Ave,202602-divvy-tripdata.zip,unverified_first_trip_proxy,,
2178904806732191280,Riverside Plaza & Adams St,CHI02193,24,22,In Service,41.87926,-87.63879,"{""type"":""Point"",""coordinates"":[-87.63879,41.87926]}",48,14914,29,786,36,46,42,True,divvy_a641b5cc846707ab,2026-01-28 16:54:27.043000,CHI02193,Riverside Plaza & Adams St,202601-divvy-tripdata.zip,unverified_first_trip_proxy,,
2180731186891818558,California Blvd & 29th St,CHI02194,8,8,In Service,41.84024,-87.69413,"{""type"":""Point"",""coordinates"":[-87.69413,41.84024]}",29,14920,32,124,1,43,25,True,divvy_c7a0b54a111eced0,2026-02-19 17:00:11.200000,CHI02194,California Blvd & 29th St,202602-divvy-tripdata.zip,unverified_first_trip_proxy,,
2180731383329403462,Komensky Ave & 31st St,CHI02195,7,7,In Service,41.8367,-87.72564,"{""type"":""Point"",""coordinates"":[-87.72564,41.8367]}",14,21569,32,200,28,57,22,True,divvy_10a7235788ac81c9,2021-08-11 18:36:46,335.0 | CHI02013 | CHI02195,Komensky Ave & 31st St,202108-divvy-tripdata.zip,unverified_first_trip_proxy,,
2181157653719738134,Clinton St & Washington Blvd 2,CHI02196,32,32,In Service,41.88338,-87.64117,"{""type"":""Point"",""coordinates"":[-87.64117,41.88338]}",22,4452,29,784,36,45,42,True,divvy_1555ba03bcc135c4,2026-02-03 15:17:46.412000,CHI02196,Clinton St & Washington Blvd 2,202602-divvy-tripdata.zip,unverified_first_trip_proxy,,
2181500487930254846,Front Ave & 115th St,CHI02197,11,11,In Service,41.68577,-87.61248,"{""type"":""Point"",""coordinates"":[-87.61248,41.68577]}",30,21861,45,253,43,19,11,True,divvy_8e0175ca92a56c3e,2026-02-10 15:22:03.220000,CHI02197,Front Ave & 115th St,202602-divvy-tripdata.zip,unverified_first_trip_proxy,,
2183340497449435640,St Louis Ave & Armitage Ave,CHI02198,15,15,In Service,41.91717,-87.71358,"{""type"":""Point"",""coordinates"":[-87.71358,41.91717]}",10,22535,23,351,49,1,26,True,divvy_498ad086c01a0312,2026-02-12 22:42:58.225000,CHI02198,St Louis Ave & Armitage Ave,202602-divvy-tripdata.zip,unverified_first_trip_proxy,,
2184108207824344172,Western Ave & 62nd St,CHI02199,8,7,In Service,41.78098,-87.68338,"{""type"":""Point"",""coordinates"":[-87.68338,41.78098]}",44,22257,64,111,2,23,16,True,divvy_1e44dc849dd604ec,2021-09-23 18:19:30,348 | CHI00899 | CHI02199,Western Ave & 62nd St,202109-divvy-tripdata.zip,unverified_first_trip_proxy,,
2184108441202871768,Rockwell St & 63rd St,CHI02200,8,7,In Service,41.77879,-87.68858,"{""type"":""Point"",""coordinates"":[-87.68858,41.77879]}",44,21867,64,319,2,58,16,True,divvy_5ea6c4980c06ae1d,2022-03-02 10:55:44,391 | CHI00917 | CHI02200,Rockwell St & 63rd St,202203-divvy-tripdata.zip,unverified_first_trip_proxy,,
2184824365297877962,Maplewood Ave & 59th St,CHI02201,8,8,In Service,41.78633,-87.68743,"{""type"":""Point"",""coordinates"":[-87.68743,41.78633]}",19,21867,64,111,2,58,16,True,divvy_8310fa7655631fef,2021-09-23 13:03:13,389 | CHI00909 | CHI02201,Maplewood Ave & 59th St,202109-divvy-tripdata.zip,unverified_first_trip_proxy,,
2184825100143886810,Kenneth Ave & 50th St,CHI02202,4,4,In Service,41.80231,-87.7344,"{""type"":""Point"",""coordinates"":[-87.7344,41.80231]}",35,22248,54,697,8,56,14,True,divvy_7a8c65512f81d2ce,2021-10-30 15:21:24,402 | CHI00893 | CHI02202,Kenneth Ave & 50th St,202110-divvy-tripdata.zip,unverified_first_trip_proxy,,
2185938651906372480,Lavergne Ave & 46th St,CHI02203,8,8,In Service,41.80934,-87.74783,"{""type"":""Point"",""coordinates"":[-87.74783,41.80934]}",35,22268,53,604,28,7,22,True,divvy_7fc8af5f81731470,2021-10-22 17:08:02,399 | CHI00890 | CHI02203,Lavergne Ave & 46th St,202110-divvy-tripdata.zip,unverified_first_trip_proxy,,
2186308082634157970,Hamlin Ave & 62nd Pl,CHI02204,8,8,In Service,41.77987,-87.71783,"{""type"":""Point"",""coordinates"":[-87.71783,41.77987]}",23,21867,63,339,6,58,23,True,divvy_caf7c05d7696ee0a,2021-10-09 14:53:17,350 | CHI00900 | CHI02204,Hamlin Ave & 62nd Pl,202110-divvy-tripdata.zip,unverified_first_trip_proxy,,
2186308443416755100,Homan Ave & 65th St,CHI02205,8,7,In Service,41.77519,-87.70811,"{""type"":""Point"",""coordinates"":[-87.70811,41.77519]}",44,21867,64,293,6,58,14,True,divvy_dc910d753ff0319d,2022-03-05 16:44:00,392 | CHI00915 | CHI02205,Homan Ave & 65th St,202203-divvy-tripdata.zip,unverified_first_trip_proxy,,
2186726165999504510,Sheffield Ave & School St,CHI02207,15,15,In Service,41.94236,-87.65427,"{""type"":""Point"",""coordinates"":[-87.65427,41.94236]}",38,4449,57,710,25,22,44,True,divvy_8fd3fc1ce384be57,2026-02-19 20:09:16.783000,CHI02207,Sheffield Ave & School St,202602-divvy-tripdata.zip,unverified_first_trip_proxy,,
2186823631363753926,Kedzie Ave & 104th St,CHI02208,8,8,In Service,41.70382,-87.70136,"{""type"":""Point"",""coordinates"":[-87.70136,41.70382]}",33,4447,73,316,42,33,19,True,divvy_7375b03a8cd93eb6,2021-04-11 13:09:10,20201 | CHI00831 | CHI02208,Kedzie Ave & 104th St,202104-divvy-tripdata.zip,unverified_first_trip_proxy,,
2186823828932249544,Aberdeen St & 106th St,CHI02209,8,8,Not In Service,41.70121,-87.64934,"{""type"":""Point"",""coordinates"":[-87.64934,41.70121]}",45,22212,72,595,22,13,21,True,divvy_e111982d393eef14,2026-04-03 13:17:24.926000,CHI02209,Aberdeen St & 106th St,202604-divvy-tripdata.zip,unverified_first_trip_proxy,,fewer_than_10_endpoints
2186824022205777866,Wentworth Ave & 111th St,CHI02210,8,7,In Service,41.69259,-87.62825,"{""type"":""Point"",""coordinates"":[-87.62825,41.69259]}",45,21861,45,524,22,19,11,True,divvy_70b46c5800889825,2026-02-19 14:49:05.741000,CHI02210,Wentworth Ave & 111th St,202602-divvy-tripdata.zip,unverified_first_trip_proxy,,
2187200718323293662,Troy St & 27th St,CHI02206,8,8,In Service,41.84266,-87.70405,"{""type"":""Point"",""coordinates"":[-87.70405,41.84266]}",29,21569,32,124,1,57,25,True,divvy_fc41d3e3e484c70a,2026-03-02 08:41:55.935000,CHI02206,Troy St & 27th St,202603-divvy-tripdata.zip,unverified_first_trip_proxy,,
2189686778565177118,Harlem Ave & Roscoe St,CHI02211,8,7,In Service,41.94159,-87.8072,"{""type"":""Point"",""coordinates"":[-87.8072,41.94159]}",39,22254,17,458,19,52,38,True,divvy_609bd6ef1baff929,2026-03-21 13:51:58.940000,CHI02211,Harlem Ave & Roscoe St,202603-divvy-tripdata.zip,unverified_first_trip_proxy,,
2189712357764865178,Narragansett Ave & School St,CHI02212,8,8,In Service,41.94012,-87.78648,"{""type"":""Point"",""coordinates"":[-87.78648,41.94012]}",39,22254,17,396,44,52,36,True,divvy_2b22d80a4e93174d,2021-08-08 13:54:46,397 | CHI00911 | CHI02212,Narragansett Ave & School St,202108-divvy-tripdata.zip,unverified_first_trip_proxy,,
2192603399274832178,Monitor Ave & Fullerton Ave,CHI02213,8,7,In Service,41.92379,-87.77228,"{""type"":""Point"",""coordinates"":[-87.77228,41.92379]}",27,22615,19,57,44,2,36,True,divvy_a0bc9c208684b07a,2026-03-06 17:22:23.150000,CHI02213,Monitor Ave & Fullerton Ave,202603-divvy-tripdata.zip,unverified_first_trip_proxy,,
2192660829509882218,New England Ave & North Ave,CHI02214,8,7,In Service,41.90929,-87.79715,"{""type"":""Point"",""coordinates"":[-87.79715,41.90929]}",39,4454,26,598,7,3,29,True,divvy_2a1edb030e61b655,2026-03-09 23:34:41.046000,CHI02214,New England Ave & North Ave,202603-divvy-tripdata.zip,unverified_first_trip_proxy,,
2192689737427529066,Lamon Ave & Belmont Ave,CHI02215,8,8,In Service,41.93897,-87.74927,"{""type"":""Point"",""coordinates"":[-87.74927,41.93897]}",27,22618,15,115,17,21,31,True,divvy_abe14569b2c5de12,2021-07-17 16:33:50,316 | CHI01006 | CHI02215,Lamon Ave & Belmont Ave,202107-divvy-tripdata.zip,unverified_first_trip_proxy,,
2194828324890325284,California Ave & 16th St,CHI02216,8,8,In Service,41.85926,-87.6955,"{""type"":""Point"",""coordinates"":[-87.6955,41.85926]}",11,14920,30,16,23,43,28,True,divvy_205a06bd2dc99cdc,2026-03-13 18:15:29.412000,CHI02216,California Ave & 16th St,202603-divvy-tripdata.zip,unverified_first_trip_proxy,,
2195190262551549264,Long Ave & Irving Park Rd,CHI02218,8,8,In Service,41.95301,-87.76214,"{""type"":""Point"",""coordinates"":[-87.76214,41.95301]}",25,22618,15,231,19,21,30,True,divvy_6e51ce567f69368f,2026-03-17 18:33:48.575000,CHI02218,Long Ave & Irving Park Rd,202603-divvy-tripdata.zip,unverified_first_trip_proxy,,
2196315036885701008,Keeler Ave & Roosevelt Rd,CHI02217,8,8,In Service,41.8664,-87.73001,"{""type"":""Point"",""coordinates"":[-87.73001,41.8664]}",36,21572,30,98,14,30,24,True,divvy_c0c6b9037df419be,2021-07-30 19:51:10,330.0 | CHI01149 | CHI02217,Keeler Ave & Roosevelt Rd,202107-divvy-tripdata.zip,unverified_first_trip_proxy,,
2196663691400301236,Kedzie Ave & 45th St,CHI02219,8,8,In Service,41.81139,-87.704,"{""type"":""Point"",""coordinates"":[-87.704,41.81139]}",49,22248,55,85,8,56,12,True,divvy_238c3ac2b42930db,2022-01-04 18:06:07,342 | CHI01888 | CHI02219,Kedzie Ave & 45th St,202201-divvy-tripdata.zip,unverified_first_trip_proxy,,
2196708841322784694,Archer Ave & 43rd St,CHI02220,8,8,In Service,41.81549,-87.7024,"{""type"":""Point"",""coordinates"":[-87.7024,41.81549]}",49,22248,55,156,3,56,12,True,divvy_370b878446605715,2021-09-30 14:36:27,341 | CHI00213 | CHI02220,Archer Ave & 43rd St,202109-divvy-tripdata.zip,unverified_first_trip_proxy,,
2197048925058850020,Woodlawn Ave & 103rd St,CHI02221,4,4,In Service,41.70738,-87.59404,"{""type"":""Point"",""coordinates"":[-87.59404,41.70738]}",30,21861,47,254,43,19,11,True,divvy_975adae6ca3e97ef,2026-03-21 19:59:12.323000,CHI02221,Woodlawn Ave & 103rd St,202603-divvy-tripdata.zip,unverified_first_trip_proxy,,
2197090354313387750,Michigan Ave & 118th St,CHI02222,8,8,In Service,41.67982,-87.62075,"{""type"":""Point"",""coordinates"":[-87.62075,41.67982]}",30,21861,50,229,43,19,11,True,divvy_b4b9c76914d372e3,2026-03-22 01:21:06.042000,CHI02222,Michigan Ave & 118th St,202603-divvy-tripdata.zip,unverified_first_trip_proxy,,
2199275602477022666,Avers Ave & 103rd St,CHI02223,8,8,In Service,41.70586,-87.71709,"{""type"":""Point"",""coordinates"":[-87.71709,41.70586]}",33,4447,73,316,42,33,19,True,divvy_2119165b6460aecd,2026-04-13 11:09:54.920000,CHI02223,Avers Ave & 103rd St,202604-divvy-tripdata.zip,unverified_first_trip_proxy,,
2200441213815186298,Laramie Ave & Augusta Blvd,CHI02224,8,8,In Service,41.89865,-87.75547,"{""type"":""Point"",""coordinates"":[-87.75547,41.89865]}",4,4299,26,585,45,5,37,True,divvy_ab262a2464f06132,2026-03-30 20:56:03.544000,CHI02224,Laramie Ave & Augusta Blvd,202603-divvy-tripdata.zip,unverified_first_trip_proxy,,
2202217293959060352,Central Ave & Parker Ave,CHI02225,8,8,In Service,41.93018,-87.76612,"{""type"":""Point"",""coordinates"":[-87.76612,41.93018]}",27,22615,19,79,21,2,31,True,divvy_72a7b00f7de714c1,2021-07-31 00:48:21,355 | CHI00891 | CHI02225,Central Ave & Parker Ave,202107-divvy-tripdata.zip,unverified_first_trip_proxy,,
2202276889568630568,Kilpatrick Ave & Parker Ave,CHI02226,8,8,In Service,41.93074,-87.74407,"{""type"":""Point"",""coordinates"":[-87.74407,41.93074]}",7,22615,19,305,17,2,31,True,divvy_0b0354b4f529f508,2021-07-28 12:54:37,358 | CHI00892 | CHI02226,Kilpatrick Ave & Parker Ave,202107-divvy-tripdata.zip,unverified_first_trip_proxy,,
2202639178190136648,Springfield Ave & 47th St,CHI02227,8,8,In Service,41.80807,-87.72123,"{""type"":""Point"",""coordinates"":[-87.72123,41.80807]}",49,22248,54,563,8,56,14,True,divvy_28e6eafbf32e56f9,2021-10-08 16:04:07,344 | CHI00356 | CHI02227,Springfield Ave & 47th St,202110-divvy-tripdata.zip,unverified_first_trip_proxy,,
2202980188008689098,Major Ave & Bloomingdale Ave,CHI02228,8,8,In Service,41.91258,-87.7688,"{""type"":""Point"",""coordinates"":[-87.7688,41.91258]}",52,22615,26,597,7,2,29,True,divvy_0251e093b5721d58,2021-09-01 15:35:30,308 | CHI01196 | CHI02228,Major Ave & Bloomingdale Ave,202109-divvy-tripdata.zip,unverified_first_trip_proxy,,
2202980574555745742,Long Ave & Belden Ave,CHI02229,8,7,In Service,41.92273,-87.76095,"{""type"":""Point"",""coordinates"":[-87.76095,41.92273]}",4,22615,19,307,44,2,36,True,divvy_88d9b799224f53ca,2021-07-22 18:24:39,313 | CHI01253 | CHI02229,Long Ave & Belden Ave,202107-divvy-tripdata.zip,unverified_first_trip_proxy,,
2204154850493840624,California Ave & Winona St,CHI02230,8,7,In Service,41.97471,-87.69786,"{""type"":""Point"",""coordinates"":[-87.69786,41.97471]}",46,21849,6,28,24,20,40,True,divvy_a8792bd2383961fb,2021-11-03 13:00:22,443 | CHI00931 | CHI02230,California Ave & Winona St,202111-divvy-tripdata.zip,unverified_first_trip_proxy,,
2204171310211851732,Francisco Ave & Hollywood Ave,CHI02232,8,8,In Service,41.98443,-87.70157,"{""type"":""Point"",""coordinates"":[-87.70157,41.98443]}",46,4450,20,65,24,50,50,True,divvy_9545a384bfeb4624,2021-11-05 16:35:27,460 | CHI00935 | CHI02232,Francisco Ave & Hollywood Ave,202111-divvy-tripdata.zip,unverified_first_trip_proxy,,
2204206266051127252,Oak Park Ave & Wellington Ave,CHI02231,8,8,In Service,41.93459,-87.79586,"{""type"":""Point"",""coordinates"":[-87.79586,41.93459]}",39,22254,18,397,44,52,36,True,divvy_eef166a0e9fe082e,2026-04-10 12:46:21.601000,CHI02231,Oak Park Ave & Wellington Ave,202604-divvy-tripdata.zip,unverified_first_trip_proxy,,
2204470644384050272,Washtenaw Ave & Peterson Ave,CHI02233,8,8,In Service,41.99073,-87.69705,"{""type"":""Point"",""coordinates"":[-87.69705,41.99073]}",42,4450,20,31,24,50,40,True,divvy_cae1ecd929c72d25,2021-11-11 17:56:10,458 | CHI00934 | CHI02233,Washtenaw Ave & Peterson Ave,202111-divvy-tripdata.zip,unverified_first_trip_proxy,,
2204471076050942998,Western Ave & Ardmore Ave,CHI02234,8,8,In Service,41.98662,-87.68968,"{""type"":""Point"",""coordinates"":[-87.68968,41.98662]}",46,4450,20,15,24,50,40,True,divvy_e542a8f333641748,2021-11-21 16:04:58,464 | CHI00936 | CHI02234,Western Ave & Ardmore Ave,202111-divvy-tripdata.zip,unverified_first_trip_proxy,,
2205610155911264688,N Shore Channel Trail & Argyle St,CHI02244,12,12,In Service,41.97222,-87.70282,"{""type"":""Point"",""coordinates"":[-87.70282,41.97222]}",46,21849,6,620,24,20,40,True,divvy_524b2d341a9a4810,2022-02-24 13:51:43,444 | CHI00932 | CHI02244,N Shore Channel Trail & Argyle St,202202-divvy-tripdata.zip,unverified_first_trip_proxy,,
2206674729063575646,Francisco Ave & Montrose Ave,CHI02245,8,7,In Service,41.96106,-87.70095,"{""type"":""Point"",""coordinates"":[-87.70095,41.96106]}",2,21538,16,214,20,39,33,True,divvy_c2de00480917cb25,2021-11-02 19:12:07,446 | CHI00951 | CHI02245,Francisco Ave & Montrose Ave,202111-divvy-tripdata.zip,unverified_first_trip_proxy,,
2206674953022716066,Virginia Ave & Catalpa Ave,CHI02246,8,8,In Service,41.98124,-87.70495,"{""type"":""Point"",""coordinates"":[-87.70495,41.98124]}",46,21849,6,620,24,20,39,True,divvy_4946e2656a9c8106,2021-11-12 16:37:06,441 | CHI00929 | CHI02246,Virginia Ave & Catalpa Ave,202111-divvy-tripdata.zip,unverified_first_trip_proxy,,
2207048336540083862,Central Park Ave & Ohio St,CHI02247,8,7,In Service,41.89188,-87.71644,"{""type"":""Point"",""coordinates"":[-87.71644,41.89188]}",41,21572,24,584,46,30,27,True,divvy_5d7fb0f538036ecd,2021-10-16 15:40:39,369 | CHI00884 | CHI02247,Central Park Ave & Ohio St,202110-divvy-tripdata.zip,unverified_first_trip_proxy,,
2207102109220165412,Lavergne Ave & Archer Ave,CHI02248,8,7,In Service,41.79816,-87.74772,"{""type"":""Point"",""coordinates"":[-87.74772,41.79816]}",35,22268,53,173,8,7,23,True,divvy_23f4cfd5c21badcb,2026-04-15 19:49:02.791000,CHI02248,Lavergne Ave & Archer Ave,202604-divvy-tripdata.zip,unverified_first_trip_proxy,,
2209665962787237634,Campbell Ave & Irving Park Rd,CHI02249,11,11,In Service,41.95362,-87.69079,"{""type"":""Point"",""coordinates"":[-87.69079,41.95362]}",13,21538,46,110,18,39,47,True,divvy_1c1f522cc5d30024,2022-01-25 20:37:15,439 | CHI00928 | CHI02249,Campbell Ave & Irving Park Rd,202201-divvy-tripdata.zip,unverified_first_trip_proxy,,
2209666353179784114,Central Park Ave & Augusta Blvd,CHI02250,8,8,In Service,41.89894,-87.71649,"{""type"":""Point"",""coordinates"":[-87.71649,41.89894]}",41,4299,24,456,46,5,27,True,divvy_eaa8c1a0e47aeb2c,2026-04-25 11:43:17.850000,CHI02250,Central Park Ave & Augusta Blvd,202604-divvy-tripdata.zip,unverified_first_trip_proxy,,
2210387618732456004,Sacramento Blvd & Addison St,CHI02252,8,7,In Service,41.94609,-87.70298,"{""type"":""Point"",""coordinates"":[-87.70298,41.94609]}",2,21538,22,425,20,39,33,True,divvy_81579fa88f307b83,2021-11-23 19:17:52,432 | CHI00922 | CHI02252,Sacramento Blvd & Addison St,202111-divvy-tripdata.zip,unverified_first_trip_proxy,,
2210387851258904906,Elston Ave & Henderson St,CHI02251,8,6,In Service,41.94154,-87.70086,"{""type"":""Point"",""coordinates"":[-87.70086,41.94154]}",2,21538,22,425,20,39,33,True,divvy_223c24d2c713928b,2021-11-19 12:06:11,433 | CHI00923 | CHI02251,Elston Ave & Henderson St,202111-divvy-tripdata.zip,unverified_first_trip_proxy,,
2210773719573363916,Mango Ave & Grand Ave,CHI02253,8,8,In Service,41.91965,-87.76941,"{""type"":""Point"",""coordinates"":[-87.76941,41.91965]}",52,22615,19,57,44,2,36,True,divvy_7abae6fb9f613143,2025-07-28 02:40:37.292000,CHI02076 | CHI02253,Mango Ave & Grand Ave,202507-divvy-tripdata.zip,unverified_first_trip_proxy,,
2210792929387709856,Sacramento Ave & 25th St,CHI02254,8,8,In Service,41.84661,-87.70012,"{""type"":""Point"",""coordinates"":[-87.70012,41.84661]}",29,21569,32,262,1,57,24,True,divvy_510782054b38e652,2021-11-20 11:50:11,424 | CHI00908 | CHI02254,Sacramento Ave & 25th St,202111-divvy-tripdata.zip,unverified_first_trip_proxy,,
2211895655445329726,Albany Ave & Belmont Ave,CHI02255,8,6,In Service,41.93966,-87.70526,"{""type"":""Point"",""coordinates"":[-87.70526,41.93966]}",2,21538,22,425,20,39,33,True,divvy_f6acb091d46dc983,2021-10-27 16:17:49,434 | CHI00924 | CHI02255,Albany Ave & Belmont Ave,202110-divvy-tripdata.zip,unverified_first_trip_proxy,,
2211980152295771728,Sacramento Blvd & Fulton St,CHI02256,8,7,In Service,41.88653,-87.70165,"{""type"":""Point"",""coordinates"":[-87.70165,41.88653]}",41,21184,28,50,46,28,27,True,divvy_8bb90b1e53894895,2026-04-27 16:29:56.180000,CHI02256,Sacramento Blvd & Fulton St,202604-divvy-tripdata.zip,unverified_first_trip_proxy,,
2212240071432007550,Perry St & 119th St,CHI02257,8,8,In Service,41.67785,-87.62519,"{""type"":""Point"",""coordinates"":[-87.62519,41.67785]}",30,21861,50,60,43,19,11,True,divvy_131049acf409fa2e,2026-06-05 17:15:42.994000,CHI02257,Perry St & 119th St,202606-divvy-tripdata.zip,unverified_first_trip_proxy,,
2212240277590437762,Ave H & 110th St,CHI02258,8,8,In Service,41.69553,-87.53304,"{""type"":""Point"",""coordinates"":[-87.53304,41.69553]}",47,21202,49,552,47,25,6,True,divvy_d4397359b24a67f3,2026-05-08 19:51:58.371000,CHI02258,Ave H & 110th St,202605-divvy-tripdata.zip,unverified_first_trip_proxy,,
2212612103140826014,MLK Dr & 111th St,CHI02259,8,8,In Service,41.69263,-87.6136,"{""type"":""Point"",""coordinates"":[-87.6136,41.69263]}",30,21861,45,253,43,19,11,True,divvy_bd2c65ac2e086806,2026-04-29 16:20:31.474000,CHI02259,MLK Dr & 111th St,202604-divvy-tripdata.zip,unverified_first_trip_proxy,,
2212612309299256224,Cottage Grove Ave & 107th St,CHI02260,8,8,In Service,41.70015,-87.60793,"{""type"":""Point"",""coordinates"":[-87.60793,41.70015]}",30,21861,47,254,43,19,11,True,divvy_08fbe216513ac89b,2026-05-01 14:58:56.205000,CHI02260,Cottage Grove Ave & 107th St,202605-divvy-tripdata.zip,unverified_first_trip_proxy,,
2213358517971897438,Hamlin Ave & Grand Ave,CHI02261,8,8,In Service,41.90403,-87.72156,"{""type"":""Point"",""coordinates"":[-87.72156,41.90403]}",41,4299,24,454,49,5,36,True,divvy_c43dfd8de9af26ff,2022-05-10 03:22:49,372 | 514 | CHI00885 | CHI02261,Hamlin Ave & Grand Ave,202205-divvy-tripdata.zip,unverified_first_trip_proxy,,possible_rename
2213358698360523876,Homan Ave & Fillmore St,CHI02262,8,8,In Service,41.86811,-87.71085,"{""type"":""Point"",""coordinates"":[-87.71085,41.86811]}",36,21572,30,98,14,30,24,True,divvy_22c244815ca38d90,2021-07-14 18:24:42,364.0 | CHI00898 | CHI02262,Homan Ave & Fillmore St,202107-divvy-tripdata.zip,unverified_first_trip_proxy,,
2214504720540875974,Troy St & Grace St,CHI02322,8,8,In Service,41.95024,-87.70627,"{""type"":""Point"",""coordinates"":[-87.70627,41.95024]}",2,21538,16,372,20,39,33,True,divvy_c9fe7f5d7d45c2a5,2021-10-28 07:22:19,430 | CHI00920 | CHI02322,Troy St & Grace St,202110-divvy-tripdata.zip,unverified_first_trip_proxy,,
2214505028100735236,Whipple St & Irving Park Rd,CHI02323,8,5,In Service,41.95422,-87.70444,"{""type"":""Point"",""coordinates"":[-87.70444,41.95422]}",2,21538,16,116,20,39,33,True,divvy_1703fa30e1ca56cd,2021-10-28 21:41:20,437 | CHI02323,Whipple St & Irving Park Rd,202110-divvy-tripdata.zip,unverified_first_trip_proxy,,
2214553029651408278,Sacramento Ave & Polk St,CHI02324,8,8,In Service,41.87096,-87.7003,"{""type"":""Point"",""coordinates"":[-87.7003,41.87096]}",11,21184,28,714,23,28,28,True,divvy_73faa52b279c9d9a,2026-05-08 08:21:41.642000,CHI02324,Sacramento Ave & Polk St,202605-divvy-tripdata.zip,unverified_first_trip_proxy,,
2214553270169576858,Washtenaw Ave & Polk St,CHI02325,8,8,In Service,41.87114,-87.69377,"{""type"":""Point"",""coordinates"":[-87.69377,41.87114]}",48,21184,28,38,23,28,28,True,divvy_f3f05af9535f8309,2021-11-08 16:20:13,420 | CHI00906 | CHI02325,Washtenaw Ave & Polk St,202111-divvy-tripdata.zip,unverified_first_trip_proxy,,
2214937709073941248,Whipple St & Roosevelt Rd,CHI02326,8,8,In Service,41.86655,-87.70178,"{""type"":""Point"",""coordinates"":[-87.70178,41.86655]}",11,21184,30,35,23,28,28,True,divvy_b69986910f56e870,2021-11-27 11:35:12,427 | CHI00913 | CHI02326,Whipple St & Roosevelt Rd,202111-divvy-tripdata.zip,unverified_first_trip_proxy,,
2214937939270373542,Dearborn St & Erie St,CHI02327,42,40,In Service,41.894,-87.62922,"{""type"":""Point"",""coordinates"":[-87.62922,41.894]}",22,4446,37,669,36,55,42,True,divvy_7d8a1cdb422e3c37,2015-01-01 01:00:00,110 | 13045 | CHI00295 | CHI02327,Dearborn St & Erie St,Divvy_Trips_2015-Q1Q2.zip,unverified_first_trip_proxy,2013-07-30 10:26:00,earlier_same_name_history | name_has_multiple_locations | possible_rename
2215581150890693080,Inner Lake Shore Dr & Aldine Ave,CHI02328,24,23,In Service,41.94232,-87.63989,"{""type"":""Point"",""coordinates"":[-87.63989,41.94232]}",38,4449,57,535,25,22,44,True,divvy_2f6e53f582d2df36,2026-05-07 14:27:46.910000,CHI02328,Inner Lake Shore Dr & Aldine Ave,202605-divvy-tripdata.zip,unverified_first_trip_proxy,,
2215968256696176332,Winthrop Ave & Sheridan Rd,CHI02329,15,15,In Service,41.99814,-87.65885,"{""type"":""Point"",""coordinates"":[-87.65885,41.99814]}",40,4451,76,212,16,14,48,True,divvy_0cfdc9cb6a4a4f95,2026-05-09 11:45:39.375000,CHI02329,Winthrop Ave & Sheridan Rd,202605-divvy-tripdata.zip,unverified_first_trip_proxy,,
2217128383470699128,Museum Campus Metra Station,CHI02330,19,19,In Service,41.8693520335,-87.6228815224,"{""type"":""Point"",""coordinates"":[-87.622881522442,41.869352033471]}",48,14913,38,368,10,35,9,True,divvy_c01d6fb8dbf0e03b,2026-05-12 10:24:49.055000,CHI02330,Museum Campus Metra Station,202605-divvy-tripdata.zip,unverified_first_trip_proxy,,possible_rename
2218246099267533948,Franklin St & Randolph St,CHI02331,18,17,In Service,41.88439,-87.63517,"{""type"":""Point"",""coordinates"":[-87.63517,41.88439]}",22,14914,38,92,36,46,42,True,divvy_d21f9284d7bc9320,2026-05-15 06:57:58.993000,CHI02331,Franklin St & Randolph St,202605-divvy-tripdata.zip,unverified_first_trip_proxy,,
2220052515863650030,Lakewood Ave & Addison St,CHI02333,15,15,In Service,41.9472,-87.66085,"{""type"":""Point"",""coordinates"":[-87.66085,41.9472]}",38,21186,57,728,25,53,44,True,divvy_f6cce39097ffc9fd,2026-05-19 17:05:02.039000,CHI02333,Lakewood Ave & Addison St,202605-divvy-tripdata.zip,unverified_first_trip_proxy,,
2220092137003328362,Winthrop Ave & Bryn Mawr Ave,CHI02332,15,15,In Service,41.98384,-87.65806,"{""type"":""Point"",""coordinates"":[-87.65806,41.98384]}",40,4451,76,144,16,14,48,True,divvy_a12259671e7f69eb,2026-05-19 17:24:14.504000,CHI02332,Winthrop Ave & Bryn Mawr Ave,202605-divvy-tripdata.zip,unverified_first_trip_proxy,,
2225993076743664360,Honore St & 71st St,CHI02345,8,8,In Service,41.76498,-87.66983,"{""type"":""Point"",""coordinates"":[-87.66983,41.76498]}",17,22257,65,283,31,23,17,True,divvy_73f9c66106552846,2026-07-20 10:01:06.298000,CHI02345,Honore St & 71st St,202607-divvy-tripdata.zip,unverified_first_trip_proxy,,fewer_than_10_endpoints
2227510210044398032,Pine Grove Ave & Belmont Ave,CHI02346,11,11,In Service,41.94002,-87.64166,"{""type"":""Point"",""coordinates"":[-87.64166,41.94002]}",38,4449,57,683,25,22,44,True,divvy_ecb41153c338f15e,2026-06-08 20:14:09.143000,CHI02346,Pine Grove Ave & Belmont Ave,202606-divvy-tripdata.zip,unverified_first_trip_proxy,,
2228291487111661872,Glenwood Ave & Devon Ave,CHI02347,15,15,In Service,41.99791,-87.66545,"{""type"":""Point"",""coordinates"":[-87.66545,41.99791]}",46,4451,76,536,16,14,48,True,divvy_2c4ff5e801d05711,2026-06-10 15:51:19.122000,CHI02347,Glenwood Ave & Devon Ave,202606-divvy-tripdata.zip,unverified_first_trip_proxy,,
2230843608074233548,Kenmore Ave & Catalpa Ave,CHI02348,11,11,In Service,41.98203,-87.65653,"{""type"":""Point"",""coordinates"":[-87.65653,41.98203]}",40,22616,76,145,16,15,48,True,divvy_31c8c01a06f426a1,2026-06-17 15:49:00.622000,CHI02348,Kenmore Ave & Catalpa Ave,202606-divvy-tripdata.zip,unverified_first_trip_proxy,,
2232759736070696510,Damen Ave & Ogden Ave,CHI02349,15,15,Not Installed,41.87317,-87.67662,"{""type"":""Point"",""coordinates"":[-87.67662,41.87317]}",8,21184,29,5,23,28,28,False,,,,,,,,
2233046216613422764,Racine/Lake Corral,,24,24,In Service,41.8856855,-87.6568915,"{""type"":""Point"",""coordinates"":[-87.6568915,41.8856855]}",41,14917,29,63,46,44,27,True,divvy_d165d6996678efc0,2026-06-23 12:51:23.233000,CHI02350,Racine/Lake Corral,202606-divvy-tripdata.zip,unverified_first_trip_proxy,,
2233046216613422766,Lake/Aberdeen Corral,,24,24,In Service,41.8856975,-87.6545365,"{""type"":""Point"",""coordinates"":[-87.6545365,41.8856975]}",41,14917,29,63,46,44,27,True,divvy_fe5b9b6eb5bdbe8d,2026-06-23 10:30:01.142000,CHI02351,Lake/Aberdeen Corral,202606-divvy-tripdata.zip,unverified_first_trip_proxy,,
2233046220908390064,Lake/Carpenter Corral,,24,24,In Service,41.8857214,-87.6533778,"{""type"":""Point"",""coordinates"":[-87.6533778,41.8857214]}",41,14917,29,63,46,44,27,True,divvy_60a0b8124a1ab91c,2026-06-23 11:43:37.225000,CHI02352,Lake/Carpenter Corral,202606-divvy-tripdata.zip,unverified_first_trip_proxy,,
2233046220908390066,Lake/Morgan Corral,,24,24,In Service,41.8854978,-87.6523157,"{""type"":""Point"",""coordinates"":[-87.6523157,41.8854978]}",41,14917,29,63,46,44,27,True,divvy_9fa9a125ac196d96,2026-06-23 17:18:25.685000,CHI02353,Lake/Morgan Corral,202606-divvy-tripdata.zip,unverified_first_trip_proxy,,
2233046220908390068,Lake/Sangamon Corral,,24,24,In Service,41.8854693,-87.6508941,"{""type"":""Point"",""coordinates"":[-87.6508941,41.8854693]}",41,14917,29,63,46,44,27,True,divvy_cacea7dda312888e,2026-06-24 08:48:48.048000,CHI02354,Lake/Sangamon Corral,202606-divvy-tripdata.zip,unverified_first_trip_proxy,,
2233046220908390070,Lake/Green Corral,,24,24,In Service,41.8854698,-87.6485637,"{""type"":""Point"",""coordinates"":[-87.6485637,41.8854698]}",41,14917,29,63,46,44,27,True,divvy_bd5c3f9e7a3e76b7,2026-06-23 10:31:45.638000,CHI02355,Lake/Green Corral,202606-divvy-tripdata.zip,unverified_first_trip_proxy,,
2233046220908390072,Washington/Green (Washington Side) Corral,,24,24,In Service,41.8831974,-87.6487729,"{""type"":""Point"",""coordinates"":[-87.6487729,41.8831974]}",41,14917,29,63,46,44,27,True,divvy_babd371db716dd8d,2026-06-25 17:47:23.122000,CHI02356,Washington/Green (Washington Side) Corral,202606-divvy-tripdata.zip,unverified_first_trip_proxy,,
2233046220908390074,Washington/Green (Green Side) Corral,,24,24,In Service,41.8833012,-87.6486656,"{""type"":""Point"",""coordinates"":[-87.6486656,41.8833012]}",41,14917,29,63,46,44,27,True,divvy_759e5c6c2db70e98,2026-06-23 10:15:09.147000,CHI02357,Washington/Green (Green Side) Corral,202606-divvy-tripdata.zip,unverified_first_trip_proxy,,
2233046220908390076,Midway Corral,,24,24,In Service,41.7868405,-87.738735,"{""type"":""Point"",""coordinates"":[-87.738735,41.7868405]}",35,21867,53,86,15,58,13,True,divvy_7a1c75ed38ea7077,2026-06-23 17:18:45.795000,CHI02358,Midway Corral,202606-divvy-tripdata.zip,unverified_first_trip_proxy,,fewer_than_10_endpoints
2237899334645272536,Ravenswood Ave & Grace St,CHI02359,15,14,In Service,41.95051,-87.67407,"{""type"":""Point"",""coordinates"":[-87.67407,41.95051]}",13,21186,46,644,18,53,47,True,divvy_69a90586172f1c8f,2026-07-06 14:03:08.599000,CHI02359,Ravenswood Ave & Grace St,202607-divvy-tripdata.zip,unverified_first_trip_proxy,,
2239011021643536028,Obama Presidential Center,CHI02360,22,22,In Service,41.786419,-87.586462,"{""type"":""Point"",""coordinates"":[-87.586462,41.786419]}",32,22260,8,502,33,60,3,True,divvy_b564ea62f384fb57,2026-07-09 12:52:32.619000,CHI02360,Obama Presidential Center,202607-divvy-tripdata.zip,unverified_first_trip_proxy,,
2239371122346611190,Chicago Ave & Grove St,CHI02361,12,12,In Service,42.0452227,-87.6799575,"{""type"":""Point"",""coordinates"":[-87.6799575,42.0452227]}",,26293,,,,,,False,,,,,,,,
2241649114257641054,DuSable Lake Shore Dr & Jackson Blvd,CHI02363,24,24,In Service,41.87831,-87.61695,"{""type"":""Point"",""coordinates"":[-87.61695,41.87831]}",22,14913,38,367,36,29,42,True,divvy_e75acabaad7021f3,2026-07-16 15:36:46.145000,CHI02363,DuSable Lake Shore Dr & Jackson Blvd,202607-divvy-tripdata.zip,unverified_first_trip_proxy,,
2243075339816629728,Lincoln Park Zoo,CHI02364,36,36,In Service,41.92242,-87.63195,"{""type"":""Point"",""coordinates"":[-87.63195,41.92242]}",51,21190,68,207,34,16,43,True,divvy_fcf5f324e72c49a8,2026-07-20 11:30:11.339000,CHI02364,Lincoln Park Zoo,202607-divvy-tripdata.zip,unverified_first_trip_proxy,,
2243090008605339148,North Ave Beach Pedestrian Bridge,CHI02365,36,36,In Service,41.915633,-87.628214,"{""type"":""Point"",""coordinates"":[-87.628214,41.915633]}",51,21190,68,271,34,16,43,True,divvy_f2430a96b893784b,2026-07-20 13:16:33.919000,CHI02365,North Ave Beach Pedestrian Bridge | North Avenue Beach Pedestrian Bridge,202607-divvy-tripdata.zip,unverified_first_trip_proxy,,
2243454367036320744,North Ave Beach,CHI02366,42,42,In Service,41.91399,-87.62527,"{""type"":""Point"",""coordinates"":[-87.62527,41.91399]}",51,14926,68,271,34,16,43,True,divvy_1530ab1173fb55cb,2026-07-21 12:20:38.344000,CHI02366,North Ave Beach | North Avenue Beach,202607-divvy-tripdata.zip,unverified_first_trip_proxy,,
2243491579914199404,DuSable Lake Shore Dr & Balbo Dr,CHI02367,30,30,In Service,41.87318,-87.61685,"{""type"":""Point"",""coordinates"":[-87.61685,41.87318]}",48,14913,38,368,10,35,9,True,divvy_29c4e28e1a904e3e,2026-07-21 13:31:12.781000,CHI02367,DuSable Lake Shore Dr & Balbo Dr,202607-divvy-tripdata.zip,unverified_first_trip_proxy,,
2244216452452080904,ETHS Main Campus,CHI02368,7,7,Not In Service,42.044138,-87.698823,"{""type"":""Point"",""coordinates"":[-87.698823,42.044138]}",,26293,,,,,,False,,,,,,,,
2244296304484047200,Navy Pier Public Rack - East,,50,50,In Service,41.89093,-87.6096738,"{""type"":""Point"",""coordinates"":[-87.6096738,41.89093]}",22,21182,37,534,36,6,42,True,divvy_72bd22227b2ffcb5,2026-07-23 17:23:23.715000,CHI02369,Navy Pier Public Rack - East,202607-divvy-tripdata.zip,unverified_first_trip_proxy,,
2244296304484047204,Oak St Beach Public Rack - North,,3,3,In Service,41.9027778,-87.6235803,"{""type"":""Point"",""coordinates"":[-87.6235803,41.9027778]}",22,21182,37,105,11,6,2,True,divvy_966f9dc5579baae4,2026-07-23 17:47:19.686000,CHI02377,Oak St Beach Public Rack - North,202607-divvy-tripdata.zip,unverified_first_trip_proxy,,
2244296305091603790,Navy Pier Public Rack - West,,8,8,In Service,41.8909738,-87.6114815,"{""type"":""Point"",""coordinates"":[-87.6114815,41.8909738]}",22,21182,37,534,36,6,42,True,divvy_ba9a4a9054cafea9,2026-07-23 17:40:14.139000,CHI02370,Navy Pier Public Rack - West,202607-divvy-tripdata.zip,unverified_first_trip_proxy,,
2244296306430178920,North Ave Beach Public Rack - 3,,6,6,In Service,41.9211296,-87.6293063,"{""type"":""Point"",""coordinates"":[-87.6293063,41.9211296]}",51,21190,68,207,34,16,43,True,divvy_1ed7eccd579446b6,2026-07-24 14:10:32.942000,CHI02371,North Ave Beach Public Rack - 3 | North Ave Public Rack - 1,202607-divvy-tripdata.zip,unverified_first_trip_proxy,,
2244296306430178924,Theater on the Lake Public Rack - East,,14,14,In Service,41.9269768,-87.6301854,"{""type"":""Point"",""coordinates"":[-87.6301854,41.9269768]}",51,4449,68,101,34,16,43,True,divvy_f463fe35036e536b,2026-07-23 17:23:16.416000,CHI02379,Theater on the Lake Public Rack - East,202607-divvy-tripdata.zip,unverified_first_trip_proxy,,
2244296306710315908,Oak St Beach Public Rack - South,,12,12,In Service,41.9018549,-87.6222465,"{""type"":""Point"",""coordinates"":[-87.6222465,41.9018549]}",22,21182,37,105,11,6,2,True,divvy_ea8ed85de7f453ab,2026-07-23 19:10:21.743000,CHI02378,Oak St Beach Public Rack - South,202607-divvy-tripdata.zip,unverified_first_trip_proxy,,
2244296306710315910,Theater on the Lake Public Rack - North,,6,6,In Service,41.9275216,-87.6307031,"{""type"":""Point"",""coordinates"":[-87.6307031,41.9275216]}",51,4449,68,101,34,16,43,True,divvy_9ac6eafc45e7cf6e,2026-07-24 16:12:37.453000,CHI02380,Theater on the Lake Public Rack - North,202607-divvy-tripdata.zip,unverified_first_trip_proxy,,
2244296307416022208,North Ave Beach Public Rack - 4,,3,3,In Service,41.9206217,-87.6291956,"{""type"":""Point"",""coordinates"":[-87.6291956,41.9206217]}",51,21190,68,207,34,16,43,True,divvy_37f364b18293e660,2026-07-23 17:31:58.889000,CHI02372,North Ave Beach Public Rack - 4 | North Ave Public Rack - 2,202607-divvy-tripdata.zip,unverified_first_trip_proxy,,
2244296308779014502,Theater on the Lake Overflow Corral,,20,20,In Service,41.92621,-87.63109,"{""type"":""Point"",""coordinates"":[-87.63109,41.92621]}",51,4449,68,101,34,16,43,True,divvy_4111e2312066ea48,2026-07-23 17:48:23.557000,CHI02384,Theater on the Lake Overflow Corral,202607-divvy-tripdata.zip,unverified_first_trip_proxy,,
2244296309386571090,Navy Pier Overflow Corral,,20,20,In Service,41.89231,-87.61217,"{""type"":""Point"",""coordinates"":[-87.61217,41.89231]}",22,21182,37,534,36,6,42,True,divvy_c881baedd0125364,2026-07-23 18:26:47.113000,CHI02382,Navy Pier Overflow Corral,202607-divvy-tripdata.zip,unverified_first_trip_proxy,,
2244296311710989508,Theater on the Lake Public Rack - South,,10,10,In Service,41.9265258,-87.6306173,"{""type"":""Point"",""coordinates"":[-87.6306173,41.9265258]}",51,4449,68,101,34,16,43,True,divvy_a75855efa55201ba,2026-07-23 20:06:14.588000,CHI02381,Theater on the Lake Public Rack - South,202607-divvy-tripdata.zip,unverified_first_trip_proxy,,
2244296311710989510,North Ave Beach Overflow Corral,,50,50,In Service,41.9139321,-87.6252532,"{""type"":""Point"",""coordinates"":[-87.6252532,41.9139321]}",51,14926,68,271,34,16,43,True,divvy_32b813305b2d05ae,2026-07-23 17:16:24.839000,CHI02383,North Ave Beach Overflow Corral,202607-divvy-tripdata.zip,unverified_first_trip_proxy,,
2244646421854540096,Foster CTA,CHI02385,18,18,In Service,42.053903,-87.683677,"{""type"":""Point"",""coordinates"":[-87.683677,42.053903]}",,26293,,,,,,False,,,,,,,,
2245646187730700376,South Boulevard CTA,CHI02386,8,8,In Service,42.0274991,-87.6781649,"{""type"":""Point"",""coordinates"":[-87.6781649,42.0274991]}",,26609,,,,,,False,,,,,,,,
2245701723851962616,Maple Ave & Grove St,CHI02387,8,8,In Service,42.045537,-87.685317,"{""type"":""Point"",""coordinates"":[-87.685317,42.045537]}",,26293,,,,,,False,,,,,,,,
2246051588008437124,Evanston Civic Center,CHI02388,8,8,In Service,42.057127,-87.686482,"{""type"":""Point"",""coordinates"":[-87.686482,42.057127]}",,26293,,,,,,False,,,,,,,,
2246085102741633664,Noyes CTA,CHI02389,15,15,In Service,42.0584715,-87.683518,"{""type"":""Point"",""coordinates"":[-87.683518,42.0584715]}",,26293,,,,,,False,,,,,,,,
2246215988797035830,Bent Park,CHI02390,6,6,In Service,42.064494,-87.724011,"{""type"":""Point"",""coordinates"":[-87.724011,42.064494]}",,26293,,,,,,False,,,,,,,,
2246219009938486686,Arrington Lagoon,CHI02391,6,6,In Service,42.046434,-87.6738773,"{""type"":""Point"",""coordinates"":[-87.6738773,42.046434]}",,26293,,,,,,False,,,,,,,,
2246219929932439602,Clark Beach,CHI02392,8,8,In Service,42.0500013,-87.6740198,"{""type"":""Point"",""coordinates"":[-87.6740198,42.0500013]}",,26293,,,,,,False,,,,,,,,
2246221031600538080,Harbert Park,CHI02393,6,6,In Service,42.033803,-87.708814,"{""type"":""Point"",""coordinates"":[-87.708814,42.033803]}",,26609,,,,,,False,,,,,,,,
2246222815279511014,Dodge Ave & Mulford St,CHI02394,8,8,In Service,42.02365,-87.699617,"{""type"":""Point"",""coordinates"":[-87.699617,42.02365]}",,26609,,,,,,False,,,,,,,,
2246595749089478166,Northwestern Main Campus,CHI02395,12,12,In Service,42.053906,-87.677688,"{""type"":""Point"",""coordinates"":[-87.677688,42.053906]}",,26293,,,,,,False,,,,,,,,
2246596861486007846,Burnham Shores,CHI02396,6,6,In Service,42.0403531,-87.6702128,"{""type"":""Point"",""coordinates"":[-87.6702128,42.0403531]}",,26609,,,,,,False,,,,,,,,
2248723317798294962,North Ave Beach Public Rack - 1,,6,6,In Service,41.922648,-87.629767,"{""type"":""Point"",""coordinates"":[-87.629767,41.922648]}",51,21190,68,207,34,16,43,True,divvy_8e5001dba70c0f39,2026-08-07 05:47:46.696000,CHI02398,North Ave Beach Public Rack - 1,202608-divvy-tripdata.zip,unverified_first_trip_proxy,,
2248723319435878536,North Ave Beach Public Rack - 2,,4,4,In Service,41.921984,-87.629547,"{""type"":""Point"",""coordinates"":[-87.629547,41.921984]}",51,21190,68,207,34,16,43,True,divvy_a50b82140272408c,2026-08-08 15:05:45.829000,CHI02399,North Ave Beach Public Rack - 2,202608-divvy-tripdata.zip,unverified_first_trip_proxy,,
2252396478467522142,Leamington Ave & 63rd Pl,CHI02400,8,8,In Service,41.7774,-87.751,"{""type"":""Point"",""coordinates"":[-87.751,41.7774]}",23,22268,62,337,15,7,13,False,,,,,,,,
2252414929099132426,Linder Ave & 64th,CHI02401,8,8,In Service,41.77546,-87.75791,"{""type"":""Point"",""coordinates"":[-87.75791,41.77546]}",23,22268,62,337,15,7,13,True,divvy_b2edef37c5fab615,2026-08-20 12:41:03.404000,CHI02401,Linder Ave & 64th,202608-divvy-tripdata.zip,unverified_first_trip_proxy,,fewer_than_10_endpoints
2254013036547184568,Laflin St & Taylor St,CHI02403,15,15,In Service,41.86912,-87.66416,"{""type"":""Point"",""coordinates"":[-87.66416,41.86912]}",48,14917,29,758,23,44,28,True,divvy_b869c75c98136acf,2026-08-19 14:50:55.507000,CHI02403,Laflin St & Taylor St,202608-divvy-tripdata.zip,unverified_first_trip_proxy,,
2256172897303479166,Lincoln Ave & Hutchinson St,CHI02404,15,15,In Service,41.95864,-87.68198,"{""type"":""Point"",""coordinates"":[-87.68198,41.95864]}",13,21538,46,623,18,39,47,True,divvy_dc1d5e1b20f856ef,2026-08-25 14:03:44.393000,CHI02404,Lincoln Ave & Hutchinson St,202608-divvy-tripdata.zip,unverified_first_trip_proxy,,
2256173249550987254,Ravenswood Ave & Roscoe St,CHI02405,15,15,In Service,41.94334,-87.67383,"{""type"":""Point"",""coordinates"":[-87.67383,41.94334]}",16,4449,46,645,18,22,47,True,divvy_8b02881bd1189eb4,2026-08-25 17:59:57.452000,CHI02405,Ravenswood Ave & Roscoe St,202608-divvy-tripdata.zip,unverified_first_trip_proxy,,
2256465664725929896,Ravenswood Ave & Sunnyside Ave,CHI02406,15,15,In Service,41.96328,-87.67425,"{""type"":""Point"",""coordinates"":[-87.67425,41.96328]}",13,22616,6,225,18,15,47,True,divvy_69a6049fb0c4e745,2026-08-26 11:42:55.212000,CHI02406,Ravenswood Ave & Sunnyside Ave,202608-divvy-tripdata.zip,unverified_first_trip_proxy,,
2256466128790948444,Ashland Ave & Addison St,CHI02407,15,15,In Service,41.94689,-87.66916,"{""type"":""Point"",""coordinates"":[-87.66916,41.94689]}",16,4449,57,239,18,22,47,True,divvy_c1694f7fe6c7a7b0,2026-08-26 17:56:34.157000,CHI02407,Ashland Ave & Addison St,202608-divvy-tripdata.zip,unverified_first_trip_proxy,,
2259042357156666196,Ravenswood Ave & Foster Ave,CHI02409,15,15,In Service,41.97647,-87.67434,"{""type"":""Point"",""coordinates"":[-87.67434,41.97647]}",46,22616,76,564,24,15,40,False,,,,,,,,
2259051415615903576,Damen Ave & Rodgers St,CHI02412,15,15,In Service,42.01378,-87.67992,"{""type"":""Point"",""coordinates"":[-87.67992,42.01378]}",3,22528,10,52,5,9,49,False,,,,,,,,
2259052081335834494,Glenwood Ave & Ardmore Ave,CHI02413,15,15,In Service,41.98828,-87.66512,"{""type"":""Point"",""coordinates"":[-87.66512,41.98828]}",40,4451,76,539,16,14,48,False,,,,,,,,
22afe78c-e8f7-4a80-969e-7ddeafdf49da,Halsted St & 104th St,CHI00829,15,15,In Service,41.7051397889,-87.6424241066,"{""type"":""Point"",""coordinates"":[-87.642424106598,41.705139788932]}",45,21861,45,525,22,19,21,True,divvy_19f52af09628958e,2020-09-15 18:21:29,20125 | 709 | 725 | CHI00829,Halsted St & 104th St,202009-divvy-tripdata.zip,unverified_first_trip_proxy,,
2a80f8d9-85dc-4c36-ba07-86d775ffd1ee,Baltimore Ave & 87th St,CHI00860,15,15,In Service,41.7373356004,-87.5485146046,"{""type"":""Point"",""coordinates"":[-87.548514604568,41.737335600417]}",47,21202,42,509,47,25,6,True,divvy_2ffffde28e6b1880,2020-08-19 18:46:56,20229 | 693 | CHI00860,Baltimore Ave & 87th St,202008-divvy-tripdata.zip,unverified_first_trip_proxy,,
2f5957e4-e83a-4d5a-b073-ec9422989315,Commercial Ave & 100th St,CHI00840,15,15,In Service,41.7133173955,-87.5510975718,"{""type"":""Point"",""coordinates"":[-87.55109757185,41.713317395477]}",47,21202,48,526,47,25,6,True,divvy_c2aab0aed2ac2cde,2021-01-25 11:51:58,20225 | CHI00840,Commercial Ave & 100th St,202101-divvy-tripdata.zip,unverified_first_trip_proxy,,
34dc92b5-7cb7-4536-856b-46644d31b48c,State St & 123rd St,CHI00838,15,15,In Service,41.6706438369,-87.6225864887,"{""type"":""Point"",""coordinates"":[-87.622586488724,41.67064383688]}",30,21861,50,206,43,19,11,True,divvy_e0338f24e911ef02,2020-09-18 17:06:39,20210 | 714 | CHI00838,State St & 123rd St,202009-divvy-tripdata.zip,unverified_first_trip_proxy,,
391d5cd8-c87c-42f8-94df-823f94284005,Calumet Park,CHI00853,15,15,In Service,41.7137098304,-87.5308442116,"{""type"":""Point"",""coordinates"":[-87.530844211578,41.713709830356]}",47,21202,49,705,47,25,6,True,divvy_70f1e242706b64bb,2021-04-17 23:07:18,20224 | CHI00853,Calumet Park,202104-divvy-tripdata.zip,unverified_first_trip_proxy,,
3d1da4c7-23c9-4731-81f5-91db08f6c97f,Constance Ave & 95th St,CHI00880,15,15,In Service,41.722290741,-87.5789684057,"{""type"":""Point"",""coordinates"":[-87.578968405724,41.722290740953]}",43,21202,48,252,37,25,5,True,divvy_39b3e4d5883b2a34,2020-09-03 17:58:49,20228 | 701 | CHI00880,Constance Ave & 95th St,202009-divvy-tripdata.zip,unverified_first_trip_proxy,,
430d5876-c44d-446e-ac53-065da9fb9c17,Green St & Randolph St,CHI01988,12,12,In Service,41.8836016573,-87.6486267149,"{""type"":""Point"",""coordinates"":[-87.648626714945,41.883601657275]}",41,14917,29,63,46,44,27,True,divvy_2381d50b9471d6e7,2013-06-29 17:08:00,112 | 13053 | CHI01988 | chargingstx3,Green St & Randolph St | Green St & Randolph St*,Divvy_Stations_Trips_2013.zip,unverified_first_trip_proxy,,possible_rename
4843d153-c725-4230-a4c7-402da6a62143,Lincoln Ave & Roscoe St,CHI01837,16,16,In Service,41.943350247,-87.6706677675,"{""type"":""Point"",""coordinates"":[-87.670667767525,41.943350247017]}",16,4449,57,239,18,22,47,True,divvy_12f821fb1fdc000a,2013-08-20 16:41:00,230 | CHI01837 | TA1307000138 | chargingstx5,Lincoln Ave & Roscoe St | Lincoln Ave & Roscoe St*,Divvy_Stations_Trips_2013.zip,unverified_first_trip_proxy,,
48b2ed2f-18aa-4a9b-b27d-db9f6d0c8c16,Homewood Ave & 115th St,CHI00866,15,15,In Service,41.684595072,-87.6707080007,"{""type"":""Point"",""coordinates"":[-87.67070800066,41.684595072026]}",33,22212,74,378,22,13,19,True,divvy_6f56dbd33b5d6bdb,2020-10-07 14:31:40,20206 | 724 | CHI00866,Homewood Ave & 115th St,202010-divvy-tripdata.zip,unverified_first_trip_proxy,,
4c57c316-82a8-4b9d-a16c-ae7922a2057a,Wentworth Ave & 104th St,CHI00883,15,15,In Service,41.705307997,-87.6292169094,"{""type"":""Point"",""coordinates"":[-87.629216909409,41.705307996998]}",45,21861,45,524,22,19,21,True,divvy_5a0b29f2c5a2f3c1,2020-09-20 17:53:04,20130 | 712 | CHI00883,Wentworth Ave & 104th St,202009-divvy-tripdata.zip,unverified_first_trip_proxy,,
4fcebf8a-b065-4cd1-a167-211a45ada30e,Dauphin Ave & 103rd St,CHI00753,15,14,In Service,41.7072503678,-87.6076626778,"{""type"":""Point"",""coordinates"":[-87.607662677765,41.707250367782]}",30,21861,45,236,43,19,11,True,divvy_9c5567f87e2b8742,2020-08-22 01:56:37,20113 | 695 | CHI00753,Dauphin Ave & 103rd St,202008-divvy-tripdata.zip,unverified_first_trip_proxy,,
532a6e43-6efc-4c87-81a8-c75dfd8e8fde,Wentworth Ave & Cermak Rd*,CHI02021,16,16,In Service,41.8532144185,-87.6318722963,"{""type"":""Point"",""coordinates"":[-87.631872296333,41.85321441852]}",8,21194,35,3,26,40,7,True,divvy_72aa5c9d3d955130,2023-04-12 14:21:50,CHI02021 | chargingstx07,Wentworth Ave & Cermak Rd*,202304-divvy-tripdata.zip,unverified_first_trip_proxy,,
56eccb5b-f4d7-43c5-b554-a6a0a7585e5e,Avenue O & 118th St,CHI00868,15,15,In Service,41.6810014591,-87.5379312227,"{""type"":""Point"",""coordinates"":[-87.537931222687,41.68100145911]}",47,21202,52,787,47,25,6,True,divvy_01fd68361e3a54ae,2020-09-29 19:03:43,20218 | 719 | CHI00868,Avenue O & 118th St,202009-divvy-tripdata.zip,unverified_first_trip_proxy,,
59019cbc-47d4-4743-afb2-e71e9767df0c,Clyde Ave & 87th St,CHI00835,15,14,In Service,41.7371514643,-87.5727403164,"{""type"":""Point"",""coordinates"":[-87.572740316391,41.737151464311]}",9,21202,41,431,35,25,10,True,divvy_ea562991dc750914,2020-09-10 15:45:21,20230 | 708 | CHI00835,Clyde Ave & 87th St,202009-divvy-tripdata.zip,unverified_first_trip_proxy,,
61695579-2f75-4090-a071-c76079b5fb5d,Michigan Ave & 71st St,CHI00799,7,7,In Service,41.765286,-87.621748,"{""type"":""Point"",""coordinates"":[-87.621748,41.765286]}",31,21546,67,474,32,61,4,True,divvy_900a5aa6278aa3d2,2018-11-22 12:21:39,651 | 674 | CHI00799,Michigan Ave & 71st St,Divvy_Trips_2018_Q4.zip,unverified_first_trip_proxy,,
625e37ea-24ea-4f13-9a54-6322466ec521,Dauphin Ave & 87th St,CHI00881,15,15,Not In Service,41.73648,-87.601252,"{""type"":""Point"",""coordinates"":[-87.601252,41.73648]}",9,21546,40,429,35,61,10,True,divvy_e4eaf1483720f1c8,2020-09-08 21:02:30,20116 | 706 | CHI00881,Dauphin Ave & 87th St,202009-divvy-tripdata.zip,unverified_first_trip_proxy,,
62cb5f1d-7dcb-4fe1-849f-d928288d73b9,Ada St & 113th Pl,CHI00825,15,15,Not In Service,41.68759,-87.65541,"{""type"":""Point"",""coordinates"":[-87.65541,41.68759]}",45,22212,74,663,22,13,21,True,divvy_d726227713f056a9,2020-10-07 19:34:30,20129 | 727 | CHI00825,Ada St & 113th Pl | Ada St & 113th Place | Ada St & 113th St,202010-divvy-tripdata.zip,unverified_first_trip_proxy,,
6849c4e2-cffa-432b-8d83-5c0524594b4f,Marquette Ave & 89th St,CHI00871,15,15,In Service,41.7336687907,-87.5583422184,"{""type"":""Point"",""coordinates"":[-87.558342218399,41.733668790715]}",43,21202,42,508,37,25,5,True,divvy_dd1907740dafb869,2020-08-21 08:05:02,20239 | 692 | CHI00871,Marquette Ave & 89th St,202008-divvy-tripdata.zip,unverified_first_trip_proxy,,
6997d1fb-9887-4c15-b5db-524d45a2f101,Ashland Ave & 74th St,CHI00809,14,14,In Service,41.7592360243,-87.6634740829,"{""type"":""Point"",""coordinates"":[-87.663474082947,41.759236024259]}",17,22257,65,432,31,23,17,True,divvy_ec498955921d3af7,2020-08-22 23:42:41,20245 | 679 | CHI00809,Ashland Ave & 74th St,202008-divvy-tripdata.zip,unverified_first_trip_proxy,,
6fd280b0-74de-4a89-947d-3be40afa079c,Altgeld Gardens,CHI00849,15,15,In Service,41.6566655297,-87.5988006592,"{""type"":""Point"",""coordinates"":[-87.59880065918,41.656665529674]}",30,4460,51,10,43,47,6,True,divvy_ae363b5477268bda,2021-04-29 19:12:19,20212 | CHI00849,Altgeld Gardens,202104-divvy-tripdata.zip,unverified_first_trip_proxy,,
732c9f35-0c82-4128-acc3-2cf447298b1d,Major Taylor Trail & 124th St,CHI00839,15,15,In Service,41.6686963533,-87.6371133327,"{""type"":""Point"",""coordinates"":[-87.637113332748,41.668696353322]}",45,21861,50,7,22,19,11,True,divvy_2202ed293bcf030d,2020-09-21 20:10:14,20208 | 715 | CHI00839,Major Taylor Trail & 124th St,202009-divvy-tripdata.zip,unverified_first_trip_proxy,,
759171ce-f355-4740-948d-e14bb8f7dc0e,Avenue O & 134th St,CHI00843,15,15,In Service,41.6519026853,-87.5395553938,"{""type"":""Point"",""coordinates"":[-87.539555393765,41.651902685321]}",47,22250,52,787,47,26,6,True,divvy_a8a5d7cd9f3aa1ba,2020-09-23 18:40:05,20214 | 704 | CHI00843,Avenue O & 134th St,202009-divvy-tripdata.zip,unverified_first_trip_proxy,,
792ceba0-564f-4a2c-bcb5-90da781ffeef,State St & 95th St,CHI00748,15,14,In Service,41.7218499,-87.6228544,"{""type"":""Point"",""coordinates"":[-87.6228544,41.7218499]}",31,21546,45,554,43,61,4,True,divvy_80cffc462708ca55,2020-08-20 13:04:24,20104 | 690 | CHI00748,State St & 95th St,202008-divvy-tripdata.zip,unverified_first_trip_proxy,,
7c56e4d5-92ee-4129-9a3a-d2ce89eab31d,Burnham Greenway & 112th St,CHI00873,15,15,In Service,41.6917738512,-87.5304311514,"{""type"":""Point"",""coordinates"":[-87.53043115139,41.691773851168]}",47,21202,49,552,47,25,6,True,divvy_c7caea1e71aa9259,2022-02-13 22:01:00,20219 | CHI00873,Burnham Greenway & 112th St,202202-divvy-tripdata.zip,unverified_first_trip_proxy,,
7dc58bb9-24de-4544-9a12-c3975139370f,Doty Ave & 111th St,CHI00779,15,15,In Service,41.6950104494,-87.5987148285,"{""type"":""Point"",""coordinates"":[-87.598714828491,41.695010449381]}",30,21861,47,254,43,19,11,True,divvy_b1cad9a31c46b625,2021-09-16 04:24:40,20114 | CHI00779,Doty Ave & 111th St,202109-divvy-tripdata.zip,unverified_first_trip_proxy,,
7e435d2a-617e-4c3f-bed0-a8801c20f265,Stony Island Ave & 90th St,CHI00850,15,15,In Service,41.7313949433,-87.5857436657,"{""type"":""Point"",""coordinates"":[-87.585743665695,41.731394943302]}",9,21202,44,491,35,61,10,True,divvy_18ca813bdcc6bd6d,2020-09-07 22:18:01,20236 | 705 | CHI00850,Stony Island Ave & 90th St,202009-divvy-tripdata.zip,unverified_first_trip_proxy,,
8759a858-d7eb-4382-b38f-2223c3f9e25d,Big Marsh Park,CHI00858,15,15,In Service,41.6858770556,-87.5738239288,"{""type"":""Point"",""coordinates"":[-87.573823928833,41.685877055623]}",47,22250,48,174,47,25,6,True,divvy_6dd427a21527d845,2020-09-25 17:47:17,20232 | 717 | CHI00858,Big Marsh Park,202009-divvy-tripdata.zip,unverified_first_trip_proxy,,
87c01e57-8a00-430d-9eb3-2abe51e535dd,Vernon Ave & 107th St,CHI00772,15,15,In Service,41.7001213792,-87.612259984,"{""type"":""Point"",""coordinates"":[-87.612259984016,41.700121379239]}",30,21861,45,236,43,19,11,True,divvy_418280275b1ccfb7,2020-09-06 16:00:08,20109 | 699 | CHI00772,Vernon Ave & 107th St,202009-divvy-tripdata.zip,unverified_first_trip_proxy,,
87d2a090-22cd-471b-b622-fef3923999dd,Loomis St & 89th St,CHI00738,15,15,In Service,41.7323797533,-87.6580694318,"{""type"":""Point"",""coordinates"":[-87.658069431782,41.732379753296]}",18,21554,70,533,13,59,21,True,divvy_2fbb67a06b0550b8,2021-05-12 20:53:36,20102 | 201022 | CHI00738,Loomis St & 89th St,202105-divvy-tripdata.zip,unverified_first_trip_proxy,,
8a677aec-442b-47b8-aff7-50852e1d26c0,Kedzie Ave & 110th St,CHI00818,11,11,In Service,41.6923947459,-87.7009606361,"{""type"":""Point"",""coordinates"":[-87.700960636139,41.692394745876]}",33,4447,73,369,42,33,19,True,divvy_7c5565d156556248,2021-01-10 05:20:59,20204 | CHI00818,Kedzie Ave & 110th St,202101-divvy-tripdata.zip,unverified_first_trip_proxy,,
8fd03909-317e-4b6c-b8e9-f4c28b4c90b1,Torrence Ave & 126th Pl,CHI00841,15,15,In Service,41.6663120083,-87.5572156906,"{""type"":""Point"",""coordinates"":[-87.557215690613,41.666312008257]}",47,22250,52,586,47,26,6,True,divvy_346823a4a071eec7,2020-09-29 03:57:28,20217 | 720 | CHI00841,Torrence Ave & 126th Pl,202009-divvy-tripdata.zip,unverified_first_trip_proxy,,
90011328-f7bd-4b7b-8f95-8204a0b50f27,Wells St & Institute Pl,CHI01928,11,11,In Service,41.8973798607,-87.6344203949,"{""type"":""Point"",""coordinates"":[-87.634420394897,41.897379860723]}",41,14926,37,652,46,54,27,True,divvy_30449314206964d8,2022-10-31 21:19:43,22001 | CHI01928,Wells St & Institute Pl,202210-divvy-tripdata.zip,unverified_first_trip_proxy,,
94788869-1849-43f6-99e1-2eacbc3fab03,Morgan St & Lake St,CHI00878,30,30,In Service,41.8854917063,-87.6522892714,"{""type"":""Point"",""coordinates"":[-87.652289271355,41.885491706269]}",41,14917,29,63,46,44,27,True,divvy_98df82f228609d99,2013-06-28 20:00:00,71 | CHI00878 | TA1306000015 | chargingstx4,Morgan St & Lake St | Morgan St & Lake St*,Divvy_Stations_Trips_2013.zip,unverified_first_trip_proxy,,possible_rename
95185a0d-da45-406a-a892-6b37b0d29fa8,Greenwood Ave & 97th St,CHI00879,15,15,In Service,41.7187031548,-87.5970357656,"{""type"":""Point"",""coordinates"":[-87.597035765648,41.718703154757]}",9,21861,47,643,35,19,10,True,divvy_252cd56e9569f1b6,2020-09-03 06:54:57,20238 | 703 | CHI00879,Greenwood Ave & 97th St,202009-divvy-tripdata.zip,unverified_first_trip_proxy,,
97818a9b-0f86-44df-98e6-1bc16812e3d9,Lakefront Trail & Bryn Mawr Ave,CHI00298,19,19,In Service,41.9840441152,-87.6522812247,"{""type"":""Point"",""coordinates"":[-87.652281224728,41.984044115192]}",40,22616,76,14,16,14,48,True,divvy_885120811cf591f8,2015-05-11 17:04:00,15576 | 459 | CHI00298 | KA1504000152,Lakefront Trail & Bryn Mawr Ave,Divvy_Trips_2015-Q1Q2.zip,unverified_first_trip_proxy,,
98fe78dc-4efa-4b39-a47c-0d94abcdb221,Ewing Ave & Burnham Greenway,CHI00851,11,11,In Service,41.70999,-87.5355,"{""type"":""Point"",""coordinates"":[-87.5355,41.70999]}",47,21202,49,528,47,25,6,True,divvy_bf0afffb1368bbbd,2024-09-01 08:22:13.392000,20223 | CHI00851,Ewing Ave & Burnham Greenway,202409-divvy-tripdata.zip,unverified_first_trip_proxy,2020-09-24 13:11:04,earlier_same_name_history | name_has_multiple_locations
9e1fbaaa-e872-4505-ada6-5080e62bef77,Lincoln Park Conservatory,CHI00626,31,31,In Service,41.9239313114,-87.6358245313,"{""type"":""Point"",""coordinates"":[-87.635824531317,41.923931311366]}",51,21190,68,207,34,16,43,True,divvy_00a444fc3144e653,2019-08-15 12:41:14,673 | CHI00626 | LP-,Lincoln Park Conservatory,Divvy_Trips_2019_Q3.zip,unverified_first_trip_proxy,,
9e5ce0b6-198f-48fa-9363-64ab5ec2b222,Chicago State University,CHI00767,23,23,In Service,41.7189634217,-87.6082956791,"{""type"":""Point"",""coordinates"":[-87.608295679092,41.718963421655]}",31,21861,45,567,43,19,10,True,divvy_72a064ac9ffc57bb,2021-03-23 11:56:17,20106 | CHI00767,Chicago State University,202103-divvy-tripdata.zip,unverified_first_trip_proxy,,
a065d29d-a081-47f4-8d0f-9a572f6085fe,Michigan Ave & 114th St,CHI00823,15,15,In Service,41.6870147947,-87.6210522652,"{""type"":""Point"",""coordinates"":[-87.621052265167,41.687014794671]}",30,21861,45,253,43,19,11,True,divvy_a095f7b110abd280,2020-09-17 18:27:01,20243 | 709 | CHI00823,Michigan Ave & 114th St,202009-divvy-tripdata.zip,unverified_first_trip_proxy,,
a21de1a5-f5bc-4b50-8a13-aa28b7dcfa95,Halsted St & 96th St,CHI02029,15,13,In Service,41.7197121836,-87.643019557,"{""type"":""Point"",""coordinates"":[-87.643019556999,41.719712183619]}",18,21861,72,593,13,19,21,True,divvy_db68ce5ea1b52e3d,2020-08-27 15:06:34,20105 | 700 | CHI02029,Halsted St & 96th St,202008-divvy-tripdata.zip,unverified_first_trip_proxy,,
a2aa2a53-3439-459b-9345-c21435e99a72,Elizabeth St & 92nd St,CHI00821,15,15,In Service,41.7267989637,-87.6542901993,"{""type"":""Point"",""coordinates"":[-87.65429019928,41.726798963701]}",18,21554,72,195,13,59,21,True,divvy_0badcf424ea3dab1,2020-08-14 16:41:50,20119 | 689 | CHI00821,Elizabeth St & 92nd St,202008-divvy-tripdata.zip,unverified_first_trip_proxy,,
a3a37378-a135-11e9-9cda-0a87ae2ba916,Shedd Aquarium,CHI00533,55,28,In Service,41.8672259568,-87.6153553902,"{""type"":""Point"",""coordinates"":[-87.6153553902,41.86722595682]}",48,14913,34,374,10,35,9,True,divvy_119d8f529408db4f,2015-04-24 14:24:00,15544 | 3 | CHI00533,Shedd Aquarium,Divvy_Trips_2015-Q1Q2.zip,unverified_first_trip_proxy,,
a3a378ca-a135-11e9-9cda-0a87ae2ba916,Burnham Harbor,CHI00558,23,23,In Service,41.8574117871,-87.6137915254,"{""type"":""Point"",""coordinates"":[-87.613791525364,41.857411787074]}",48,21194,34,374,10,40,9,True,divvy_d05f6fd2cfbd052e,2015-05-16 11:07:00,15545 | 4 | CHI00558,Burnham Harbor,Divvy_Trips_2015-Q1Q2.zip,unverified_first_trip_proxy,,
a3a37e26-a135-11e9-9cda-0a87ae2ba916,State St & Harrison St,CHI01774,23,23,In Service,41.874053,-87.627716,"{""type"":""Point"",""coordinates"":[-87.627716,41.874053]}",48,14913,38,12,10,35,9,True,divvy_f9c6afbd3ea8c916,2013-06-28 07:08:00,5 | CHI01774 | SL-007,State St & Harrison St,Divvy_Stations_Trips_2013.zip,unverified_first_trip_proxy,,
a3a38363-a135-11e9-9cda-0a87ae2ba916,Dusable Harbor,CHI00531,39,39,In Service,41.886976,-87.612813,"{""type"":""Point"",""coordinates"":[-87.612813,41.886976]}",22,21182,38,159,36,42,42,True,divvy_1602f1e1c25de7b2,2020-01-01 12:48:27,6 | CHI00531 | KA1503000064,Dusable Harbor,Divvy_Trips_2020_Q1.zip,unverified_first_trip_proxy,2015-04-24 17:35:00,earlier_same_name_history | name_has_multiple_locations
a3a3888b-a135-11e9-9cda-0a87ae2ba916,Field Blvd & South Water St,CHI00383,19,19,In Service,41.8863490627,-87.6175165471,"{""type"":""Point"",""coordinates"":[-87.6175165471,41.88634906269]}",22,14309,38,580,36,42,42,True,divvy_4a8c6525b6e681b1,2015-04-18 19:50:00,15534 | 7 | CHI00383,Field Blvd & South Water St,Divvy_Trips_2015-Q1Q2.zip,unverified_first_trip_proxy,,
a3a39301-a135-11e9-9cda-0a87ae2ba916,Leavitt St & Archer Ave,CHI00319,15,15,In Service,41.8287920199,-87.6806044594,"{""type"":""Point"",""coordinates"":[-87.6806044594,41.82879201994]}",26,14924,56,719,1,37,12,True,divvy_e8a432edb4adce89,2015-04-15 10:19:00,9 | CHI00319 | KA1503000068,Leavitt St & Archer Ave,Divvy_Trips_2015-Q1Q2.zip,unverified_first_trip_proxy,,
a3a3983e-a135-11e9-9cda-0a87ae2ba916,Jeffery Blvd & 71st St,CHI00780,11,11,In Service,41.766638237,-87.5764501141,"{""type"":""Point"",""coordinates"":[-87.5764501141,41.76663823695]}",32,22538,39,381,33,24,3,True,divvy_1643d2a935392946,2015-05-01 16:18:00,11 | CHI00780 | KA1503000018,Jeffery Blvd & 71st St,Divvy_Trips_2015-Q1Q2.zip,unverified_first_trip_proxy,,
a3a39d55-a135-11e9-9cda-0a87ae2ba916,South Shore Dr & 71st St,CHI02048,15,15,In Service,41.7664094567,-87.5656875719,"{""type"":""Point"",""coordinates"":[-87.5656875719,41.7664094567]}",32,22538,39,142,33,24,3,True,divvy_dad20ee19c92df88,2015-04-26 19:02:00,12 | CHI02048 | KA1503000002,South Shore Dr & 71st St,Divvy_Trips_2015-Q1Q2.zip,unverified_first_trip_proxy,,
a3a3a7b4-a135-11e9-9cda-0a87ae2ba916,Morgan St & 18th St,CHI00479,15,15,In Service,41.858086,-87.651073,"{""type"":""Point"",""coordinates"":[-87.651073,41.858086]}",8,14920,33,228,26,43,25,True,divvy_6af8a30604b0b240,2013-06-28 15:04:00,13163 | 14 | CHI00479,Morgan St & 18th St,Divvy_Stations_Trips_2013.zip,unverified_first_trip_proxy,,
a3a3ace6-a135-11e9-9cda-0a87ae2ba916,Racine Ave & 18th St,CHI00277,15,15,In Service,41.8583996,-87.6564226,"{""type"":""Point"",""coordinates"":[-87.6564226,41.8583996]}",8,14920,33,365,26,43,25,True,divvy_bee923a3971bbf3d,2013-06-27 23:51:00,13164 | 15 | CHI00277,Racine Ave & 18th St,Divvy_Stations_Trips_2013.zip,unverified_first_trip_proxy,,first_archive_day
a3a3b202-a135-11e9-9cda-0a87ae2ba916,Paulina Ave & North Ave,CHI00258,15,15,In Service,41.9098546522,-87.66993016,"{""type"":""Point"",""coordinates"":[-87.669930160046,41.909854652167]}",24,21560,25,482,11,4,1,True,divvy_d820eba39e33b1d3,2016-01-01 03:00:00,16 | CHI00258 | TA1305000037,Paulina Ave & North Ave,Divvy_Trips_2016_Q1Q2.zip,unverified_first_trip_proxy,,
a3a3b731-a135-11e9-9cda-0a87ae2ba916,Honore St & Division St,CHI00269,23,23,In Service,41.903119,-87.673935,"{""type"":""Point"",""coordinates"":[-87.673935,41.903119]}",24,21560,25,462,41,4,1,True,divvy_2ff4646ed9019339,2017-07-01 00:36:18,17 | CHI00269 | TA1305000034,Honore St & Division St,Divvy_Trips_2017_Q3Q4.zip,unverified_first_trip_proxy,,possible_rename
a3a3bc53-a135-11e9-9cda-0a87ae2ba916,Wacker Dr & Washington St,CHI01787,19,19,In Service,41.8831433644,-87.6372420788,"{""type"":""Point"",""coordinates"":[-87.637242078781,41.88314336439]}",22,14914,38,92,36,46,42,True,divvy_468f4eea81365ea4,2015-04-18 12:07:00,18 | CHI01787 | KA1503000072,Wacker Dr & Washington St,Divvy_Trips_2015-Q1Q2.zip,unverified_first_trip_proxy,,
a3a3c174-a135-11e9-9cda-0a87ae2ba916,Throop St & Taylor St,CHI00389,15,15,In Service,41.868968,-87.659141,"{""type"":""Point"",""coordinates"":[-87.659141,41.868968]}",48,14917,29,759,23,44,28,True,divvy_fb1903ca09983d4d,2020-01-01 02:18:42,13139 | 19 | CHI00389,Throop (Loomis) St & Taylor St | Throop St & Taylor St,Divvy_Trips_2020_Q1.zip,unverified_first_trip_proxy,2013-06-27 15:05:00,earlier_same_name_history
a3a3c696-a135-11e9-9cda-0a87ae2ba916,Sheffield Ave & Kingsbury St,CHI02023,16,13,In Service,41.910522,-87.653106,"{""type"":""Point"",""coordinates"":[-87.653106,41.910522]}",16,22620,37,108,46,49,27,True,divvy_d899e81ccf255543,2013-06-27 20:22:00,13154 | 20 | CHI02023,Sheffield Ave & Kingsbury St | Sheffield Ave & Kingsbury St*,Divvy_Stations_Trips_2013.zip,unverified_first_trip_proxy,,first_archive_day
a3a3cbac-a135-11e9-9cda-0a87ae2ba916,Aberdeen St & Jackson Blvd,CHI00406,23,23,In Service,41.87772613,-87.65478743,"{""type"":""Point"",""coordinates"":[-87.65478743,41.87772613]}",48,14917,29,91,26,44,34,True,divvy_f075409d101d984d,2013-06-28 08:03:00,13157 | 21 | CHI00406,Aberdeen St & Jackson Blvd,Divvy_Stations_Trips_2013.zip,unverified_first_trip_proxy,,
a3a3d1b8-a135-11e9-9cda-0a87ae2ba916,May St & Taylor St,CHI00322,16,16,In Service,41.86938,-87.6555,"{""type"":""Point"",""coordinates"":[-87.6555,41.86938]}",8,14917,29,87,26,44,34,True,divvy_54700c1571135cef,2013-06-28 08:32:00,13160 | 22 | CHI00322,May St & Taylor St,Divvy_Stations_Trips_2013.zip,unverified_first_trip_proxy,,
a3a3d6f0-a135-11e9-9cda-0a87ae2ba916,Orleans St & Elm St,CHI00263,15,15,In Service,41.902924,-87.637715,"{""type"":""Point"",""coordinates"":[-87.637715,41.902924]}",41,14926,37,148,46,54,27,True,divvy_95f93b98cba5ac2e,2013-06-28 20:54:00,23 | CHI00263 | TA1306000006,Orleans St & Elm St | Orleans St & Elm St (*),Divvy_Stations_Trips_2013.zip,unverified_first_trip_proxy,,
a3a3dc37-a135-11e9-9cda-0a87ae2ba916,Fairbanks Ct & Grand Ave,CHI00605,15,15,In Service,41.8918473721,-87.6205801964,"{""type"":""Point"",""coordinates"":[-87.620580196381,41.89184737211]}",22,21182,37,159,36,6,2,True,divvy_f69dbb54f4f6512a,2013-06-27 19:52:00,24 | CHI00605 | TA1305000003,Fairbanks Ct & Grand Ave,Divvy_Stations_Trips_2013.zip,unverified_first_trip_proxy,,first_archive_day
a3a3e158-a135-11e9-9cda-0a87ae2ba916,Michigan Ave & Pearson St,CHI01751,23,23,In Service,41.89766,-87.62351,"{""type"":""Point"",""coordinates"":[-87.62351,41.89766]}",22,21182,37,233,11,6,2,True,divvy_403793e9fe82ed5c,2013-06-28 07:21:00,13034 | 25 | CHI01751,Michigan Ave & Pearson St,Divvy_Stations_Trips_2013.zip,unverified_first_trip_proxy,,
a3a3e67b-a135-11e9-9cda-0a87ae2ba916,New St & Illinois St,CHI00279,31,31,In Service,41.8908470406,-87.6186168194,"{""type"":""Point"",""coordinates"":[-87.618616819382,41.890847040624]}",22,21182,37,159,36,6,42,True,divvy_549d0b8800ddce1a,2020-10-18 15:45:54,26 | CHI00279 | TA1306000013,New St & Illinois St,202010-divvy-tripdata.zip,unverified_first_trip_proxy,,possible_rename
a3a3eb9a-a135-11e9-9cda-0a87ae2ba916,Larrabee St & North Ave,CHI00297,20,20,In Service,41.91021,-87.6435,"{""type"":""Point"",""coordinates"":[-87.6435,41.91021]}",41,14926,37,108,46,54,27,True,divvy_149b1e8769ae3b80,2013-06-27 23:15:00,27 | CHI00297 | TA1306000008,Larrabee St & North Ave,Divvy_Stations_Trips_2013.zip,unverified_first_trip_proxy,,first_archive_day
a3a3f0c6-a135-11e9-9cda-0a87ae2ba916,Larrabee St & Menomonee St,CHI00262,15,15,In Service,41.91468,-87.64332,"{""type"":""Point"",""coordinates"":[-87.64332,41.91468]}",51,21190,68,208,34,16,43,True,divvy_60921d72b8fdcfd4,2013-06-27 12:15:00,28 | CHI00262 | TA1306000007,Larrabee St & Menomonee St,Divvy_Stations_Trips_2013.zip,unverified_first_trip_proxy,,first_archive_day
a3a3f5e9-a135-11e9-9cda-0a87ae2ba916,Noble St & Milwaukee Ave,CHI00457,15,14,In Service,41.9007,-87.662607,"{""type"":""Point"",""coordinates"":[-87.662607,41.9007]}",41,22620,25,484,11,49,1,True,divvy_2b325a70a5fd923f,2013-06-27 21:51:00,13290 | 29 | CHI00457,Noble St & Milwaukee Ave | Noble St & Milwaukee Ave (Temp),Divvy_Stations_Trips_2013.zip,unverified_first_trip_proxy,,first_archive_day
a3a3fb5d-a135-11e9-9cda-0a87ae2ba916,Ashland Ave & Augusta Blvd,CHI02012,15,15,In Service,41.89962,-87.66841,"{""type"":""Point"",""coordinates"":[-87.66841,41.89962]}",24,21560,25,518,41,4,1,True,divvy_53d4d0497ddd2f5a,2013-06-27 23:26:00,13248 | 30 | CHI02012,Ashland Ave & Augusta Blvd,Divvy_Stations_Trips_2013.zip,unverified_first_trip_proxy,,first_archive_day
a3a40088-a135-11e9-9cda-0a87ae2ba916,Franklin St & Chicago Ave,CHI01745,24,24,In Service,41.89679,-87.63564,"{""type"":""Point"",""coordinates"":[-87.63564,41.89679]}",41,14926,37,652,46,54,27,True,divvy_c2d5d64022d5faba,2013-06-27 20:50:00,13017 | 31 | CHI01745,Franklin St & Chicago Ave | Franklin St & Chicago Ave (Temp) | Franklin St & Chicago Ave*,Divvy_Stations_Trips_2013.zip,unverified_first_trip_proxy,,first_archive_day
a3a405a1-a135-11e9-9cda-0a87ae2ba916,Racine Ave & Congress Pkwy,CHI00265,19,19,In Service,41.87464,-87.65703,"{""type"":""Point"",""coordinates"":[-87.65703,41.87464]}",48,14917,29,88,23,44,34,True,divvy_41892d32b9d38f2f,2013-06-27 14:44:00,32 | CHI00265 | TA1306000025,Racine Ave & Congress Pkwy,Divvy_Stations_Trips_2013.zip,unverified_first_trip_proxy,,first_archive_day
a3a40ad8-a135-11e9-9cda-0a87ae2ba916,State St & Van Buren St,CHI00246,27,27,In Service,41.877181,-87.627844,"{""type"":""Point"",""coordinates"":[-87.627844,41.877181]}",48,14912,38,92,10,29,9,True,divvy_9090ad272531d11b,2013-06-28 14:53:00,33 | CHI00246 | TA1305000035,State St & Van Buren St,Divvy_Stations_Trips_2013.zip,unverified_first_trip_proxy,,
a3a41004-a135-11e9-9cda-0a87ae2ba916,Cannon Dr & Fullerton Ave,CHI00314,15,15,In Service,41.9267559875,-87.6344287848,"{""type"":""Point"",""coordinates"":[-87.6344287848,41.9267559875]}",51,21190,68,101,34,16,43,True,divvy_3657b024be86aca6,2013-06-27 16:01:00,13124 | 34 | CHI00314,Cannon Dr & Fullerton Ave,Divvy_Stations_Trips_2013.zip,unverified_first_trip_proxy,,first_archive_day
a3a41526-a135-11e9-9cda-0a87ae2ba916,Navy Pier,CHI01747,71,69,In Service,41.892278,-87.612043,"{""type"":""Point"",""coordinates"":[-87.612043,41.892278]}",22,21182,37,534,36,6,42,True,divvy_1367bd1e624286c1,2016-01-01 00:26:00,13022 | 35 | CHI01747,NAVY PIER | Navy Pier | Streeter Dr & Grand Ave,Divvy_Trips_2016_Q1Q2.zip,unverified_first_trip_proxy,,possible_rename
a3a41af5-a135-11e9-9cda-0a87ae2ba916,Franklin St & Jackson Blvd,CHI02050,39,39,In Service,41.8777079559,-87.6353211408,"{""type"":""Point"",""coordinates"":[-87.6353211408,41.8777079559]}",48,14914,38,92,36,46,34,True,divvy_20f0b12ede6f7e80,2013-06-27 18:21:00,36 | CHI02050 | TA1305000025,Franklin St & Jackson Blvd,Divvy_Stations_Trips_2013.zip,unverified_first_trip_proxy,,first_archive_day
a3a4203a-a135-11e9-9cda-0a87ae2ba916,Dearborn St & Adams St 1,CHI00438,30,26,In Service,41.8793563587,-87.6297910363,"{""type"":""Point"",""coordinates"":[-87.6297910363,41.8793563587]}",22,14912,38,92,36,29,34,True,divvy_d5d3f97a2752403e,2013-06-27 18:45:00,37 | CHI00438 | CHI02175 | TA1305000005,Dearborn St & Adams St | Dearborn St & Adams St 1,Divvy_Stations_Trips_2013.zip,unverified_first_trip_proxy,,possible_rename | first_archive_day
a3a42574-a135-11e9-9cda-0a87ae2ba916,Clark St & Lake St,CHI00761,24,23,In Service,41.8860208277,-87.6308760584,"{""type"":""Point"",""coordinates"":[-87.6308760584,41.88602082773]}",22,14309,38,92,36,42,42,True,divvy_18e7fd555e2ebd1e,2015-04-18 13:00:00,(ARCHIVE)CHI02077 | 38 | CHI00761 | CHI02077 | KA1503000012,Clark St & Lake St,Divvy_Trips_2015-Q1Q2.zip,unverified_first_trip_proxy,,
a3a42a93-a135-11e9-9cda-0a87ae2ba916,Wabash Ave & Adams St,CHI00786,23,23,In Service,41.8794723523,-87.6256886059,"{""type"":""Point"",""coordinates"":[-87.6256886059,41.87947235235]}",22,14912,38,367,36,29,34,True,divvy_6dab28ee3c8a97a4,2015-04-18 18:47:00,39 | CHI00786 | KA1503000015,Wabash Ave & Adams St,Divvy_Trips_2015-Q1Q2.zip,unverified_first_trip_proxy,,
a3a42fa7-a135-11e9-9cda-0a87ae2ba916,LaSalle St & Adams St,CHI00451,15,15,In Service,41.8793443735,-87.6319852213,"{""type"":""Point"",""coordinates"":[-87.6319852213,41.87934437346]}",22,14912,38,92,36,29,34,True,divvy_38154902f22affb9,2015-04-26 12:29:00,40 | CHI00451 | KA1503000034,LaSalle St & Adams St,Divvy_Trips_2015-Q1Q2.zip,unverified_first_trip_proxy,,
a3a434ce-a135-11e9-9cda-0a87ae2ba916,Federal St & Polk St,CHI01775,30,30,In Service,41.8720776329,-87.6295437729,"{""type"":""Point"",""coordinates"":[-87.6295437729,41.87207763285]}",48,14913,38,12,10,35,9,True,divvy_acc25fa689adcff2,2015-04-25 19:11:00,41 | CHI01775 | SL-008,Federal St & Polk St,Divvy_Trips_2015-Q1Q2.zip,unverified_first_trip_proxy,,
a3a43a25-a135-11e9-9cda-0a87ae2ba916,Wabash Ave & Cermak Rd,CHI00621,11,11,In Service,41.852619,-87.626488,"{""type"":""Point"",""coordinates"":[-87.626488,41.852619]}",12,21194,34,193,9,40,8,True,divvy_067fa29bf7e9ecc2,2013-06-27 16:34:00,42 | CHI00621 | TA1305000001,Wabash Ave & Cermak Rd,Divvy_Stations_Trips_2013.zip,unverified_first_trip_proxy,,first_archive_day
a3a43f48-a135-11e9-9cda-0a87ae2ba916,Michigan Ave & Washington St,CHI01677,43,43,In Service,41.8839840647,-87.6246839762,"{""type"":""Point"",""coordinates"":[-87.624683976173,41.883984064727]}",22,14309,38,580,36,41,34,True,divvy_7bba43a396e87046,2013-06-28 15:49:00,13001 | 43 | CHI01677,Michigan Ave & Washington St,Divvy_Stations_Trips_2013.zip,unverified_first_trip_proxy,,
a3a44476-a135-11e9-9cda-0a87ae2ba916,State St & Randolph St,CHI00251,23,22,In Service,41.8846210726,-87.6278342307,"{""type"":""Point"",""coordinates"":[-87.627834230661,41.884621072579]}",22,14309,38,580,36,42,42,True,divvy_a74f078c3eff76c0,2013-06-27 18:57:00,44 | CHI00251 | TA1305000029,State St & Randolph St,Divvy_Stations_Trips_2013.zip,unverified_first_trip_proxy,,first_archive_day
a3a4499f-a135-11e9-9cda-0a87ae2ba916,Michigan Ave & Ida B Wells Dr,CHI00250,15,15,In Service,41.876203,-87.624464,"{""type"":""Point"",""coordinates"":[-87.624464,41.876203]}",48,14913,38,367,36,35,9,True,divvy_456c7ed952001441,2013-06-27 13:00:00,45 | CHI00250 | TA1305000010,Michigan Ave & Congress Pkwy | Michigan Ave & Ida B Wells Dr,Divvy_Stations_Trips_2013.zip,unverified_first_trip_proxy,,first_archive_day
a3a44ec7-a135-11e9-9cda-0a87ae2ba916,Wells St & Walton St,CHI00260,19,19,In Service,41.89993001,-87.63443007,"{""type"":""Point"",""coordinates"":[-87.63443007,41.89993001]}",41,14926,37,148,46,54,27,True,divvy_e12476d9565963de,2013-06-27 20:50:00,46 | CHI00260 | TA1306000011,Wells St & Walton St,Divvy_Stations_Trips_2013.zip,unverified_first_trip_proxy,,first_archive_day
a3a453fa-a135-11e9-9cda-0a87ae2ba916,State St & Kinzie St,CHI00288,23,23,In Service,41.8893754666,-87.6270765066,"{""type"":""Point"",""coordinates"":[-87.627076506615,41.889375466632]}",22,21182,37,626,36,6,42,True,divvy_1248c1fb3c41e0e4,2013-06-28 16:27:00,13050 | 47 | CHI00288,State St & Kinzie St,Divvy_Stations_Trips_2013.zip,unverified_first_trip_proxy,,
a3a4591a-a135-11e9-9cda-0a87ae2ba916,Larrabee St & Kingsbury St 1,CHI00245,43,43,In Service,41.897764,-87.642884,"{""type"":""Point"",""coordinates"":[-87.642884,41.897764]}",41,14926,37,617,46,54,27,True,divvy_b5bcf9f700e39d00,2013-06-27 09:46:00,48 | CHI00245 | TA1306000009,Larrabee St & Kingsbury St | Larrabee St & Kingsbury St 1,Divvy_Stations_Trips_2013.zip,unverified_first_trip_proxy,,first_archive_day
a3a45e3b-a135-11e9-9cda-0a87ae2ba916,Dearborn St & Madison St,CHI00405,19,19,In Service,41.88206,-87.62964,"{""type"":""Point"",""coordinates"":[-87.62964,41.88206]}",22,14310,38,92,36,41,34,True,divvy_c8467edf8d293576,2025-11-22 10:27:33.208000,CHI00405,Dearborn St & Madison St,202511-divvy-tripdata.zip,unverified_first_trip_proxy,,possible_rename
a3a46361-a135-11e9-9cda-0a87ae2ba916,Clark St & Ida B Wells Dr,CHI00216,35,35,In Service,41.8759326655,-87.6305845355,"{""type"":""Point"",""coordinates"":[-87.6305845355,41.8759326655]}",48,14913,38,92,10,35,34,True,divvy_9cacbb3a476daf5d,2013-06-28 08:25:00,50 | CHI00216 | TA1305000009,Clark St & Congress Pkwy | Clark St & Ida B Wells Dr,Divvy_Stations_Trips_2013.zip,unverified_first_trip_proxy,,
a3a46896-a135-11e9-9cda-0a87ae2ba916,Wells St & Randolph St,CHI00266,42,41,In Service,41.884295,-87.633963,"{""type"":""Point"",""coordinates"":[-87.633963,41.884295]}",22,14914,38,92,36,46,42,True,divvy_4122e4cfa1f10c23,2024-01-25 08:13:57,CHI00266 | TA1305000030,Wells St & Randolph St,202401-divvy-tripdata.zip,unverified_first_trip_proxy,,
a3a46e71-a135-11e9-9cda-0a87ae2ba916,Michigan Ave & Lake St,CHI00553,35,35,In Service,41.886022,-87.624398,"{""type"":""Point"",""coordinates"":[-87.624398,41.886022]}",22,14309,38,580,36,42,42,True,divvy_7db0a773b6b2c101,2013-06-27 19:42:00,52 | CHI00553 | TA1305000011,Michigan Ave & Lake St,Divvy_Stations_Trips_2013.zip,unverified_first_trip_proxy,,first_archive_day
a3a478c9-a135-11e9-9cda-0a87ae2ba916,Ogden Ave & Chicago Ave,CHI00275,19,19,In Service,41.896362458,-87.6540612729,"{""type"":""Point"",""coordinates"":[-87.6540612729,41.896362458]}",41,22620,25,109,46,49,27,True,divvy_8813304f91f53ada,2013-06-27 19:34:00,54 | CHI00275 | TA1305000020,Ogden Ave & Chicago Ave,Divvy_Stations_Trips_2013.zip,unverified_first_trip_proxy,,first_archive_day
a3a47dde-a135-11e9-9cda-0a87ae2ba916,Halsted St & Roosevelt Rd,CHI00364,23,22,In Service,41.867324,-87.648625,"{""type"":""Point"",""coordinates"":[-87.648625,41.867324]}",8,14917,29,97,48,44,28,True,divvy_064765d877f527e2,2015-07-01 00:33:00,55 | CHI00364 | TA1305000017,Halsted St & Roosevelt Rd,Divvy_Trips_2015_Q3Q4.zip,unverified_first_trip_proxy,,
a3a482fb-a135-11e9-9cda-0a87ae2ba916,Desplaines St & Kinzie St,CHI00517,27,27,In Service,41.888716036,-87.6444478533,"{""type"":""Point"",""coordinates"":[-87.6444478533,41.888716036]}",41,4452,25,109,36,45,34,True,divvy_cfde2e226767d6e9,2013-06-28 13:48:00,56 | CHI00517 | TA1306000003,Desplaines St & Kinzie St,Divvy_Stations_Trips_2013.zip,unverified_first_trip_proxy,,
a3a4881d-a135-11e9-9cda-0a87ae2ba916,Clinton St & Roosevelt Rd,CHI00497,15,15,In Service,41.8671177825,-87.6410879593,"{""type"":""Point"",""coordinates"":[-87.6410879593,41.8671177825]}",48,14917,29,97,48,44,28,True,divvy_e6ae2a0070e6432d,2013-06-28 14:28:00,57 | CHI00497 | WL-008,Clinton St & Roosevelt Rd,Divvy_Stations_Trips_2013.zip,unverified_first_trip_proxy,,
a3a48d5c-a135-11e9-9cda-0a87ae2ba916,Elston Ave & Cortland St,CHI00259,23,23,In Service,41.9164334291,-87.6667463779,"{""type"":""Point"",""coordinates"":[-87.666746377945,41.916433429127]}",16,22620,23,209,40,49,32,True,divvy_bd4388da2ce7918a,2021-05-23 14:50:25,CHI00259 | TA1305000039,Elston Ave & Cortland St,202105-divvy-tripdata.zip,unverified_first_trip_proxy,,
a3a49288-a135-11e9-9cda-0a87ae2ba916,Wabash Ave & Roosevelt Rd,CHI00524,23,23,In Service,41.867227,-87.625961,"{""type"":""Point"",""coordinates"":[-87.625961,41.867227]}",48,14913,34,374,9,35,34,True,divvy_71a866c0525c5ece,2013-06-27 20:05:00,59 | CHI00524 | TA1305000002,Wabash Ave & Roosevelt Rd,Divvy_Stations_Trips_2013.zip,unverified_first_trip_proxy,,first_archive_day
a3a497b6-a135-11e9-9cda-0a87ae2ba916,Dayton St & North Ave,CHI00240,19,19,In Service,41.9105780349,-87.6494219288,"{""type"":""Point"",""coordinates"":[-87.6494219288,41.9105780349]}",51,22620,37,108,11,49,2,True,divvy_1991489596f60c45,2013-06-27 21:41:00,13058 | 60 | CHI00240,Dayton St & North Ave,Divvy_Stations_Trips_2013.zip,unverified_first_trip_proxy,,first_archive_day
a3a49cd7-a135-11e9-9cda-0a87ae2ba916,Wood St & Beach Ave,CHI00329,27,27,In Service,41.907655,-87.672552,"{""type"":""Point"",""coordinates"":[-87.672552,41.907655]}",24,21560,25,482,41,4,1,True,divvy_2aa272152732acce,2013-06-27 14:38:00,13221 | 61 | CHI00329,Wood St & Beach Ave | Wood St & Milwaukee Ave | Wood St & Milwaukee Ave*,Divvy_Stations_Trips_2013.zip,unverified_first_trip_proxy,,first_archive_day
a3a4a202-a135-11e9-9cda-0a87ae2ba916,McCormick Place,CHI00607,27,27,In Service,41.8513751729,-87.6188346489,"{""type"":""Point"",""coordinates"":[-87.6188346489,41.8513751729]}",48,21194,34,193,10,40,9,True,divvy_040a87f46d79ffb8,2013-06-28 10:12:00,62 | CHI00607 | TA1305000004,McCormick Place,Divvy_Stations_Trips_2013.zip,unverified_first_trip_proxy,,
a3a4a71e-a135-11e9-9cda-0a87ae2ba916,Clinton St & Lake St,CHI01746,23,22,In Service,41.885637,-87.641823,"{""type"":""Point"",""coordinates"":[-87.641823,41.885637]}",22,4452,29,784,36,45,34,True,divvy_2eb591716bf1ab82,2013-06-28 07:30:00,13021 | 66 | CHI01746,Clinton St & Lake St,Divvy_Stations_Trips_2013.zip,unverified_first_trip_proxy,,
a3a4ac3f-a135-11e9-9cda-0a87ae2ba916,Sheffield Ave & Fullerton Ave,CHI00225,28,28,In Service,41.9256163,-87.6536574,"{""type"":""Point"",""coordinates"":[-87.6536574,41.9256163]}",51,21190,68,795,34,16,43,True,divvy_0b3ce68bfeb47274,2013-06-27 19:35:00,13060 | 67 | CHI00225 | TA1306000016,Sheffield Ave & Fullerton Ave | Sheffield Ave & Fullerton Ave*,Divvy_Stations_Trips_2013.zip,unverified_first_trip_proxy,,first_archive_day
a3a4b164-a135-11e9-9cda-0a87ae2ba916,Clinton St & Tilden St,CHI01542,27,27,In Service,41.875885,-87.640795,"{""type"":""Point"",""coordinates"":[-87.640795,41.875885]}",48,14917,29,97,26,44,28,True,divvy_900a7d174e9738dd,2013-06-27 14:56:00,13037 | 68 | CHI01542,Clinton St & Tilden St,Divvy_Stations_Trips_2013.zip,unverified_first_trip_proxy,,first_archive_day
a3a4b693-a135-11e9-9cda-0a87ae2ba916,Damen Ave & Wicker Park Ave,CHI00254,23,23,In Service,41.9088152,-87.6771937,"{""type"":""Point"",""coordinates"":[-87.6771937,41.9088152]}",24,21560,25,481,41,4,1,True,divvy_89718c7236502242,2025-06-25 11:57:36.707000,CHI00254,Damen Ave & Wicker Park Ave,202506-divvy-tripdata.zip,unverified_first_trip_proxy,,possible_rename
a3a4bbba-a135-11e9-9cda-0a87ae2ba916,Sangamon St & Lake St,CHI00242,24,24,In Service,41.8857792524,-87.6510246098,"{""type"":""Point"",""coordinates"":[-87.651024609804,41.885779252404]}",41,14917,29,63,46,44,27,True,divvy_ba26d88be8f3ca61,2022-07-27 15:55:59,CHI00242 | TA1306000015,Sangamon St & Lake St,202207-divvy-tripdata.zip,unverified_first_trip_proxy,,possible_rename
a3a4c0df-a135-11e9-9cda-0a87ae2ba916,Wabash Ave & 16th St,CHI00604,39,39,In Service,41.860384,-87.625813,"{""type"":""Point"",""coordinates"":[-87.625813,41.860384]}",12,14913,34,374,9,35,8,True,divvy_c35ae2df37bca88e,2016-01-01 16:22:00,72 | CHI00604 | SL-012,Wabash Ave & 16th St,Divvy_Trips_2016_Q1Q2.zip,unverified_first_trip_proxy,,
a3a4c618-a135-11e9-9cda-0a87ae2ba916,Jefferson St & Monroe St,CHI00513,19,19,In Service,41.8803296336,-87.6427459717,"{""type"":""Point"",""coordinates"":[-87.64274597168,41.880329633635]}",48,4452,29,786,36,45,34,True,divvy_a1f52ac3fe79f748,2013-06-28 00:04:00,73 | CHI00513 | WL-011,Jefferson St & Monroe St,Divvy_Stations_Trips_2013.zip,unverified_first_trip_proxy,,
a3a4cb42-a135-11e9-9cda-0a87ae2ba916,Kingsbury St & Erie St,CHI02028,23,23,In Service,41.8939139,-87.6417358,"{""type"":""Point"",""coordinates"":[-87.6417358,41.8939139]}",22,4446,37,652,36,55,42,True,divvy_84c828028dbaf247,2013-06-27 20:57:00,13265 | 74 | CHI02028,Kingsbury St & Erie St,Divvy_Stations_Trips_2013.zip,unverified_first_trip_proxy,,first_archive_day
a3a4d069-a135-11e9-9cda-0a87ae2ba916,Canal St & Jackson Blvd,CHI00521,31,31,Not In Service,41.878125,-87.639968,"{""type"":""Point"",""coordinates"":[-87.639968,41.878125]}",48,14914,29,786,36,45,34,True,divvy_d981e52743e64fd6,2013-06-27 19:06:00,13138 | 75 | CHI00521,Canal St & Jackson Blvd,Divvy_Stations_Trips_2013.zip,unverified_first_trip_proxy,,possible_rename | first_archive_day
a3a4d588-a135-11e9-9cda-0a87ae2ba916,DuSable Lake Shore Dr & Monroe St,CHI00374,39,37,In Service,41.880958,-87.616743,"{""type"":""Point"",""coordinates"":[-87.616743,41.880958]}",22,14913,38,580,36,34,42,True,divvy_397b577c20a7a51d,2013-06-27 19:03:00,13300 | 76 | CHI00374,DuSable Lake Shore Dr & Monroe St | Lake Shore Dr & Monroe St,Divvy_Stations_Trips_2013.zip,unverified_first_trip_proxy,,first_archive_day
a3a4daa1-a135-11e9-9cda-0a87ae2ba916,Clinton St & Madison St,CHI00233,27,27,In Service,41.88166,-87.64115,"{""type"":""Point"",""coordinates"":[-87.64115,41.88166]}",48,14914,29,786,36,45,42,True,divvy_741fc8f6f8067f48,2013-06-27 21:15:00,77 | CHI00233 | TA1305000032,Clinton St & Madison St,Divvy_Stations_Trips_2013.zip,unverified_first_trip_proxy,,first_archive_day
a3a4e4e3-a135-11e9-9cda-0a87ae2ba916,Aberdeen St & Monroe St,CHI00321,19,19,In Service,41.88014,-87.6547,"{""type"":""Point"",""coordinates"":[-87.6547,41.88014]}",48,14917,29,91,26,44,34,True,divvy_ab0652e75584cf5d,2016-01-01 12:01:00,13156 | 80 | CHI00321,Aberdeen St & Monroe St,Divvy_Trips_2016_Q1Q2.zip,unverified_first_trip_proxy,,possible_rename
a3a4ea00-a135-11e9-9cda-0a87ae2ba916,Daley Center Plaza,CHI00253,60,54,In Service,41.884241,-87.629634,"{""type"":""Point"",""coordinates"":[-87.629634,41.884241]}",22,14310,38,92,36,41,42,True,divvy_6cc9f16417d36aae,2013-06-27 18:32:00,(ARCHIVE)CHI02079 | 81 | CHI00253 | CHI02079 | TA1306000010,Daley Center Plaza,Divvy_Stations_Trips_2013.zip,unverified_first_trip_proxy,,first_archive_day
a3a4ef26-a135-11e9-9cda-0a87ae2ba916,Milwaukee Ave & Grand Ave,CHI01750,19,19,In Service,41.891578,-87.648384,"{""type"":""Point"",""coordinates"":[-87.648384,41.891578]}",41,22620,25,522,46,49,27,True,divvy_63bdfa6649a5fd7a,2013-06-28 12:09:00,13033 | 84 | CHI01750,Green St & Milwaukee Ave | Milwaukee Ave & Grand Ave,Divvy_Stations_Trips_2013.zip,unverified_first_trip_proxy,,
a3a4f46b-a135-11e9-9cda-0a87ae2ba916,Michigan Ave & Oak St,CHI00252,23,23,In Service,41.90096039,-87.62377664,"{""type"":""Point"",""coordinates"":[-87.62377664,41.90096039]}",22,21182,37,105,11,6,2,True,divvy_85c37b553fa02aef,2013-06-27 12:06:00,13042 | 85 | CHI00252,Michigan Ave & Oak St,Divvy_Stations_Trips_2013.zip,unverified_first_trip_proxy,,first_archive_day
a3a4f993-a135-11e9-9cda-0a87ae2ba916,Eckhart Park,CHI00349,19,19,In Service,41.89637337,-87.66098386,"{""type"":""Point"",""coordinates"":[-87.66098386,41.89637337]}",41,22620,25,109,46,49,27,True,divvy_ea8710d129174661,2013-06-28 20:55:00,13289 | 86 | CHI00349,Eckhart Park,Divvy_Stations_Trips_2013.zip,unverified_first_trip_proxy,,
a3a4fec3-a135-11e9-9cda-0a87ae2ba916,Racine Ave & Fullerton Ave,CHI00273,19,19,In Service,41.925566,-87.658416,"{""type"":""Point"",""coordinates"":[-87.658416,41.925566]}",51,21190,68,795,34,16,43,True,divvy_f822e2da6fa715b1,2013-06-28 19:00:00,87 | CHI00273 | TA1306000026,Racine Ave & Fullerton Ave | Racine Ave & Fullerton Ave (Temp),Divvy_Stations_Trips_2013.zip,unverified_first_trip_proxy,,
a3a503e5-a135-11e9-9cda-0a87ae2ba916,Racine Ave & Randolph St,CHI00320,19,19,In Service,41.8840812248,-87.6569207293,"{""type"":""Point"",""coordinates"":[-87.656920729303,41.884081224847]}",41,14917,29,63,46,44,27,True,divvy_2b37839001ebb0bc,2017-01-01 01:31:24,13155 | 88 | CHI00320,Racine Ave & Randolph St,Divvy_Trips_2017_Q1Q2.zip,unverified_first_trip_proxy,,name_has_multiple_locations | possible_rename
a3a50991-a135-11e9-9cda-0a87ae2ba916,Financial Pl & Ida B Wells Dr,CHI00781,31,31,In Service,41.875023628,-87.6330940425,"{""type"":""Point"",""coordinates"":[-87.63309404254,41.875023628033]}",48,14913,38,92,26,35,34,True,divvy_c8ef4f298f75dee7,2015-05-08 11:42:00,89 | CHI00781 | SL-010,Financial Pl & Congress Pkwy | Financial Pl & Congress Pkwy (Temp) | Financial Pl & Ida B Wells Dr | Financial Pl & Ida B Wells Dr (Temp),Divvy_Trips_2015-Q1Q2.zip,unverified_first_trip_proxy,,
a3a50ec8-a135-11e9-9cda-0a87ae2ba916,Millennium Park,CHI01742,47,46,In Service,41.8810317,-87.62408432,"{""type"":""Point"",""coordinates"":[-87.62408432,41.8810317]}",22,14309,38,580,36,34,42,True,divvy_1d2fd02d528e3f7e,2013-06-27 13:03:00,13008 | 90 | CHI01742,Millennium Park,Divvy_Stations_Trips_2013.zip,unverified_first_trip_proxy,,first_archive_day
a3a513e9-a135-11e9-9cda-0a87ae2ba916,Clinton St & Washington Blvd,CHI00509,27,27,In Service,41.88281,-87.6412,"{""type"":""Point"",""coordinates"":[-87.6412,41.88281]}",22,4452,29,784,36,45,42,True,divvy_a52492774ef17650,2013-06-27 01:06:00,91 | CHI00509 | WL-012,Clinton St & Washington Blvd,Divvy_Stations_Trips_2013.zip,unverified_first_trip_proxy,,first_archive_day
a3a51934-a135-11e9-9cda-0a87ae2ba916,Carpenter St & Huron St,CHI00286,20,20,In Service,41.894556,-87.653449,"{""type"":""Point"",""coordinates"":[-87.653449,41.894556]}",41,22620,25,522,46,49,27,True,divvy_8dddda0005866ac6,2013-06-29 15:54:00,13196 | 92 | CHI00286,Carpenter St & Huron St,Divvy_Stations_Trips_2013.zip,unverified_first_trip_proxy,,
a3a51e6e-a135-11e9-9cda-0a87ae2ba916,Sheffield Ave & Willow St,CHI00264,15,15,In Service,41.913688,-87.652855,"{""type"":""Point"",""coordinates"":[-87.652855,41.913688]}",16,21190,68,168,11,16,43,True,divvy_2916e11025545ee6,2013-06-28 17:37:00,93 | CHI00264 | TA1306000032,Sheffield Ave & Willow St,Divvy_Stations_Trips_2013.zip,unverified_first_trip_proxy,,
a3a523a6-a135-11e9-9cda-0a87ae2ba916,Clark St & Armitage Ave,CHI00474,31,31,In Service,41.918306,-87.636282,"{""type"":""Point"",""coordinates"":[-87.636282,41.918306]}",51,21190,68,271,34,16,43,True,divvy_3711960801300c02,2014-01-01 00:17:00,13146 | 94 | CHI00474,Clark St & Armitage Ave,Divvy_Stations_Trips_2014_Q1Q2.zip,unverified_first_trip_proxy,,
a3a528d0-a135-11e9-9cda-0a87ae2ba916,Stony Island Ave & 64th St,CHI00557,11,11,In Service,41.778881,-87.586647,"{""type"":""Point"",""coordinates"":[-87.586647,41.778881]}",53,22260,9,134,4,60,3,True,divvy_f0e395a832c25a12,2015-05-08 11:01:00,95 | CHI00557 | KA1503000021,Stony Island Ave & 64th St,Divvy_Trips_2015-Q1Q2.zip,unverified_first_trip_proxy,,
a3a52df5-a135-11e9-9cda-0a87ae2ba916,Desplaines St & Randolph St,CHI00370,23,23,In Service,41.883703,-87.644238,"{""type"":""Point"",""coordinates"":[-87.644238,41.883703]}",41,4452,29,784,36,45,34,True,divvy_6115d98eff8635e3,2015-04-25 17:59:00,15535 | 96 | CHI00370,Desplaines St & Randolph St,Divvy_Trips_2015-Q1Q2.zip,unverified_first_trip_proxy,,
a3a53324-a135-11e9-9cda-0a87ae2ba916,Field Museum,CHI01749,55,55,In Service,41.865312,-87.617867,"{""type"":""Point"",""coordinates"":[-87.617867,41.865312]}",48,14913,34,374,10,35,9,True,divvy_36dc5cff1dd7b1a5,2013-06-28 14:57:00,13029 | 97 | CHI01749,Field Museum | Museum Campus,Divvy_Stations_Trips_2013.zip,unverified_first_trip_proxy,,
a3a53843-a135-11e9-9cda-0a87ae2ba916,LaSalle St & Calhoun Pl,CHI01666,15,14,In Service,41.882664,-87.63253,"{""type"":""Point"",""coordinates"":[-87.63253,41.882664]}",22,14310,38,92,36,41,34,True,divvy_1a97b33437ee9f72,2025-08-18 15:49:38.441000,CHI01666,LaSalle St & Calhoun Pl,202508-divvy-tripdata.zip,unverified_first_trip_proxy,,possible_rename
a3a53d70-a135-11e9-9cda-0a87ae2ba916,McClurg Ct & Ohio St,CHI00330,19,19,In Service,41.8925921197,-87.6172891259,"{""type"":""Point"",""coordinates"":[-87.617289125919,41.89259211971]}",22,21182,37,534,36,6,2,True,divvy_f17e81795ffae1b3,2021-12-13 19:51:03,CHI00330 | TA1306000029,McClurg Ct & Ohio St,202112-divvy-tripdata.zip,unverified_first_trip_proxy,,
a3a5428e-a135-11e9-9cda-0a87ae2ba916,Orleans St & Merchandise Mart Plaza,CHI00367,35,35,In Service,41.888243,-87.63639,"{""type"":""Point"",""coordinates"":[-87.63639,41.888243]}",22,4446,37,652,36,55,42,True,divvy_9371b60cc3596dcb,2013-07-17 07:56:00,100 | CHI00367 | TA1305000022,Orleans St & Merchandise Mart Plaza,Divvy_Stations_Trips_2013.zip,unverified_first_trip_proxy,,
a3a547b8-a135-11e9-9cda-0a87ae2ba916,63rd St Beach,CHI00315,15,15,In Service,41.7809109642,-87.5763237476,"{""type"":""Point"",""coordinates"":[-87.576323747635,41.780910964248]}",32,22260,9,134,33,60,3,True,divvy_ad8696f445159360,2015-04-21 15:57:00,101 | 15491 | CHI00315,63rd St Beach,Divvy_Trips_2015-Q1Q2.zip,unverified_first_trip_proxy,,
a3a54cdb-a135-11e9-9cda-0a87ae2ba916,Stony Island Ave & 67th St,CHI00561,11,11,Not In Service,41.7734584995,-87.5853397391,"{""type"":""Point"",""coordinates"":[-87.5853397391,41.77345849948]}",32,22538,9,134,33,24,3,True,divvy_dd22033a4f2bcd46,2015-04-26 18:12:00,102 | CHI00561 | KA1503000023,Stony Island Ave & 67th St,Divvy_Trips_2015-Q1Q2.zip,unverified_first_trip_proxy,,
a3a555e8-a135-11e9-9cda-0a87ae2ba916,Clinton St & Polk St,CHI00458,15,15,In Service,41.8714665178,-87.6409491327,"{""type"":""Point"",""coordinates"":[-87.6409491327,41.87146651779]}",48,14917,29,97,26,44,28,True,divvy_3ba8c529e7adf276,2015-05-09 10:17:00,103 | 15542 | CHI00458,Clinton St & Polk St | Clinton St & Polk St (*),Divvy_Trips_2015-Q1Q2.zip,unverified_first_trip_proxy,,
a3a55b3e-a135-11e9-9cda-0a87ae2ba916,State St & Pearson St,CHI00271,27,27,In Service,41.897448,-87.628722,"{""type"":""Point"",""coordinates"":[-87.628722,41.897448]}",22,14926,37,230,11,54,42,True,divvy_438839341cd3b5c8,2013-08-01 19:25:00,106 | CHI00271 | TA1307000061,State St & Pearson St,Divvy_Stations_Trips_2013.zip,unverified_first_trip_proxy,,
a3a56075-a135-11e9-9cda-0a87ae2ba916,Desplaines St & Jackson Blvd,CHI00518,28,28,In Service,41.8781189009,-87.6439476013,"{""type"":""Point"",""coordinates"":[-87.643947601318,41.878118900912]}",48,4452,29,786,36,45,34,True,divvy_3a2edd6a2da78535,2015-04-26 09:41:00,107 | 15539 | CHI00518,Desplaines St & Jackson Blvd,Divvy_Trips_2015-Q1Q2.zip,unverified_first_trip_proxy,,name_has_multiple_locations
a3a565b1-a135-11e9-9cda-0a87ae2ba916,Halsted St & Polk St,CHI00359,19,19,In Service,41.87184,-87.64664,"{""type"":""Point"",""coordinates"":[-87.64664,41.87184]}",48,14917,29,97,48,44,28,True,divvy_1587644b9ebeb40c,2013-06-28 07:06:00,108 | CHI00359 | TA1307000121,Halsted St & Polk St,Divvy_Stations_Trips_2013.zip,unverified_first_trip_proxy,,
a3a56ae5-a135-11e9-9cda-0a87ae2ba916,900 W Harrison St,CHI01748,19,19,In Service,41.874754,-87.649807,"{""type"":""Point"",""coordinates"":[-87.649807,41.874754]}",48,14917,29,97,26,44,34,True,divvy_9ebff28566c5c14f,2013-08-06 17:13:00,109 | 13028 | CHI01748,900 W Harrison | 900 W Harrison St,Divvy_Stations_Trips_2013.zip,unverified_first_trip_proxy,,
a3a5700b-a135-11e9-9cda-0a87ae2ba916,Wells St & Ohio St,CHI00295,15,15,In Service,41.89281,-87.63421,"{""type"":""Point"",""coordinates"":[-87.63421,41.89281]}",22,4446,37,652,36,55,42,True,divvy_a3264aaf8b5c08ad,2013-07-30 10:26:00,212 | CHI00295,Dearborn St & Erie St | Wells St & Ohio St,Divvy_Stations_Trips_2013.zip,unverified_first_trip_proxy,,
a3a57527-a135-11e9-9cda-0a87ae2ba916,Sedgwick St & Huron St,CHI00241,27,27,In Service,41.894666,-87.638437,"{""type"":""Point"",""coordinates"":[-87.638437,41.894666]}",22,4446,37,652,36,55,42,True,divvy_2d309b643769d886,2013-08-01 20:27:00,111 | CHI00241 | TA1307000062,Sedgwick St & Huron St,Divvy_Stations_Trips_2013.zip,unverified_first_trip_proxy,,
a3a57a52-a135-11e9-9cda-0a87ae2ba916,Green St & Washington Blvd,CHI00379,11,11,In Service,41.883181306,-87.6487246156,"{""type"":""Point"",""coordinates"":[-87.648724615574,41.883181305974]}",41,14917,29,63,46,44,27,True,divvy_bad2f5e9ac5ab868,2022-07-27 16:40:22,13053 | CHI00379,Green St & Washington Blvd,202207-divvy-tripdata.zip,unverified_first_trip_proxy,,possible_rename
a3a57f6b-a135-11e9-9cda-0a87ae2ba916,Sheridan Rd & Argyle St,CHI00270,15,15,In Service,41.9732868203,-87.6547595859,"{""type"":""Point"",""coordinates"":[-87.654759585857,41.97328682026]}",40,22616,31,635,16,15,48,True,divvy_57a273d561c456f0,2022-07-12 02:11:15,13059 | CHI00270,Sheridan Rd & Argyle St,202207-divvy-tripdata.zip,unverified_first_trip_proxy,,
a3a58495-a135-11e9-9cda-0a87ae2ba916,Sheffield Ave & Waveland Ave,CHI00310,27,27,In Service,41.949399,-87.654529,"{""type"":""Point"",""coordinates"":[-87.654529,41.949399]}",38,21186,57,691,25,53,44,True,divvy_227843c2c3a44ac5,2016-10-01 00:38:26,114 | CHI00310 | TA1307000126,Sheffield Ave & Waveland Ave,Divvy_Trips_2016_Q3Q4.zip,unverified_first_trip_proxy,,
a3a589b9-a135-11e9-9cda-0a87ae2ba916,Sheffield Ave & Wellington Ave,CHI00274,23,23,In Service,41.9362534831,-87.6526620984,"{""type"":""Point"",""coordinates"":[-87.652662098408,41.936253483141]}",38,4449,57,681,25,22,44,True,divvy_2cea71e22ca73949,2013-07-22 12:59:00,115 | CHI00274 | TA1307000052,Sheffield Ave & Wellington Ave,Divvy_Stations_Trips_2013.zip,unverified_first_trip_proxy,,
a3a58ee0-a135-11e9-9cda-0a87ae2ba916,Western Ave & Winnebago Ave,CHI00282,15,15,In Service,41.91552,-87.687022,"{""type"":""Point"",""coordinates"":[-87.687022,41.91552]}",24,22535,23,373,40,1,32,True,divvy_4608ae9454c9d678,2013-07-26 15:47:00,116 | 13068 | CHI00282,Western Ave & Winnebago Ave,Divvy_Stations_Trips_2013.zip,unverified_first_trip_proxy,,
a3a593fc-a135-11e9-9cda-0a87ae2ba916,Wilton Ave & Belmont Ave,CHI00353,27,27,In Service,41.9402319181,-87.6529437304,"{""type"":""Point"",""coordinates"":[-87.652943730354,41.940231918109]}",38,4449,57,731,25,22,44,True,divvy_aeeca22bd101dd80,2013-08-02 17:37:00,117 | CHI00353 | TA1307000134,Wilton Ave & Belmont Ave,Divvy_Stations_Trips_2013.zip,unverified_first_trip_proxy,,
a3a59915-a135-11e9-9cda-0a87ae2ba916,Sedgwick St & North Ave,CHI00257,16,16,In Service,41.910983,-87.638525,"{""type"":""Point"",""coordinates"":[-87.638525,41.910983]}",41,14926,37,290,46,54,27,True,divvy_1e53d355b1f9be6d,2013-08-01 16:00:00,118 | CHI00257 | TA1307000038,Sedgwick St & North Ave | Sedgwick St & North Ave*,Divvy_Stations_Trips_2013.zip,unverified_first_trip_proxy,,
a3a59ec3-a135-11e9-9cda-0a87ae2ba916,Ashland Ave & Lake St,CHI00384,19,19,In Service,41.88592,-87.66717,"{""type"":""Point"",""coordinates"":[-87.66717,41.88592]}",41,21184,29,579,46,28,27,True,divvy_9623848eee245de2,2013-07-28 15:33:00,119 | 13073 | CHI00384,Ashland Ave & Lake St | Ashland Ave & Lake St (Temp),Divvy_Stations_Trips_2013.zip,unverified_first_trip_proxy,,
a3a5a9d0-a135-11e9-9cda-0a87ae2ba916,Blackstone Ave & Hyde Park Blvd,CHI00520,19,19,In Service,41.802562,-87.590368,"{""type"":""Point"",""coordinates"":[-87.590368,41.802562]}",1,21192,5,400,10,10,9,True,divvy_54cad3323743c2d2,2013-06-29 13:03:00,121 | 13398 | CHI00520,Blackstone Ave & Hyde Park Blvd,Divvy_Stations_Trips_2013.zip,unverified_first_trip_proxy,,
a3a5af44-a135-11e9-9cda-0a87ae2ba916,Ogden Ave & Congress Pkwy,CHI00305,15,15,In Service,41.87501,-87.67328,"{""type"":""Point"",""coordinates"":[-87.67328,41.87501]}",48,21184,29,90,46,28,27,True,divvy_25736b9ada6a26af,2013-07-29 07:19:00,122 | 13081 | CHI00305,Congress Pkwy & Ogden Ave | Ogden Ave & Congress Pkwy,Divvy_Stations_Trips_2013.zip,unverified_first_trip_proxy,,
a3a5b496-a135-11e9-9cda-0a87ae2ba916,California Ave & Milwaukee Ave,CHI00307,16,16,In Service,41.922695,-87.697153,"{""type"":""Point"",""coordinates"":[-87.697153,41.922695]}",24,22535,23,294,41,1,1,True,divvy_1dabcd5e137dbe82,2013-07-16 14:03:00,123 | 13084 | CHI00307,California Ave & Milwaukee Ave,Divvy_Stations_Trips_2013.zip,unverified_first_trip_proxy,,
a3a5b9d3-a135-11e9-9cda-0a87ae2ba916,Damen Ave & Cullerton St,CHI00267,15,15,In Service,41.8549665188,-87.6756995916,"{""type"":""Point"",""coordinates"":[-87.675699591637,41.854966518754]}",8,14920,33,366,26,43,25,True,divvy_eeec0e8b43f70f91,2013-07-24 13:00:00,124 | 13089 | CHI00267,Damen Ave & Cullerton St,Divvy_Stations_Trips_2013.zip,unverified_first_trip_proxy,,
a3a5bf01-a135-11e9-9cda-0a87ae2ba916,Rush St & Hubbard St,CHI00555,23,23,In Service,41.890173,-87.626185,"{""type"":""Point"",""coordinates"":[-87.626185,41.890173]}",22,21182,37,626,36,6,42,True,divvy_9a80997e4e79653f,2015-05-08 14:09:00,125 | CHI00555 | KA1503000044,Rush St & Hubbard St,Divvy_Trips_2015-Q1Q2.zip,unverified_first_trip_proxy,,
a3a5c440-a135-11e9-9cda-0a87ae2ba916,Clark St & North Ave,CHI00444,15,14,In Service,41.911974,-87.631942,"{""type"":""Point"",""coordinates"":[-87.631942,41.911974]}",51,21190,68,271,34,16,43,True,divvy_8dac1fb9055e52bd,2013-07-29 12:19:00,126 | 13128 | CHI00444,Clark St & North Ave,Divvy_Stations_Trips_2013.zip,unverified_first_trip_proxy,,
a3a5c96f-a135-11e9-9cda-0a87ae2ba916,Lincoln Ave & Fullerton Ave,CHI00494,16,16,In Service,41.9241610291,-87.6463803649,"{""type"":""Point"",""coordinates"":[-87.646380364895,41.924161029068]}",51,21190,68,798,34,16,43,True,divvy_3153924d452969dd,2021-11-01 00:07:46,CHI00494 | TA1309000058,Lincoln Ave & Fullerton Ave,202111-divvy-tripdata.zip,unverified_first_trip_proxy,2013-06-28 10:00:00,earlier_same_name_history | name_has_multiple_locations
a3a5ce97-a135-11e9-9cda-0a87ae2ba916,Damen Ave & Chicago Ave,CHI00316,20,20,In Service,41.8956873705,-87.6771350829,"{""type"":""Point"",""coordinates"":[-87.677135082864,41.895687370534]}",24,21560,25,547,41,28,36,True,divvy_f02853b40bed54ac,2013-08-03 19:09:00,128 | 13132 | CHI00316,Damen Ave & Chicago Ave,Divvy_Stations_Trips_2013.zip,unverified_first_trip_proxy,,
a3a5d3bb-a135-11e9-9cda-0a87ae2ba916,Blue Island Ave & 18th St,CHI00443,15,15,In Service,41.857556,-87.661535,"{""type"":""Point"",""coordinates"":[-87.661535,41.857556]}",8,14920,33,365,26,43,25,True,divvy_e77d2eaddeccd664,2013-07-25 12:46:00,129 | 13135 | CHI00443,Blue Island Ave & 18th St,Divvy_Stations_Trips_2013.zip,unverified_first_trip_proxy,,
a3a5d8db-a135-11e9-9cda-0a87ae2ba916,Damen Ave & Division St,CHI00318,19,19,In Service,41.903266,-87.678435,"{""type"":""Point"",""coordinates"":[-87.678435,41.903266]}",24,21560,25,481,41,4,1,True,divvy_752785c1333953f2,2013-07-26 22:56:00,130 | 13136 | CHI00318,Damen Ave & Division St,Divvy_Stations_Trips_2013.zip,unverified_first_trip_proxy,,
a3a5de24-a135-11e9-9cda-0a87ae2ba916,Lincoln Ave & Melrose St,CHI00477,15,15,In Service,41.9406,-87.669435,"{""type"":""Point"",""coordinates"":[-87.669435,41.9406]}",16,4449,57,742,18,22,32,True,divvy_935f252d59c99361,2023-07-10 16:47:57,CHI00477 | TA1309000042,Lincoln Ave & Melrose St,202307-divvy-tripdata.zip,unverified_first_trip_proxy,,
a3a5e353-a135-11e9-9cda-0a87ae2ba916,Wentworth Ave & 24th St,CHI00409,15,15,In Service,41.8500836935,-87.6321405172,"{""type"":""Point"",""coordinates"":[-87.632140517235,41.850083693476]}",8,21194,35,3,26,40,7,True,divvy_938c26e4166248f8,2013-09-05 18:56:00,132 | CHI00409 | TA1308000026,Wentworth Ave & 24th St | Wentworth Ave & 24th St (Temp),Divvy_Stations_Trips_2013.zip,unverified_first_trip_proxy,,
a3a5eb69-a135-11e9-9cda-0a87ae2ba916,Kingsbury St & Kinzie St 1,CHI00299,27,27,In Service,41.88907,-87.63835,"{""type"":""Point"",""coordinates"":[-87.63835,41.88907]}",22,4446,37,652,36,55,42,True,divvy_36fc9a90766a8cb1,2015-04-25 12:39:00,133 | CHI00299 | KA1503000043,Kingsbury St & Kinzie St | Kingsbury St & Kinzie St 1,Divvy_Trips_2015-Q1Q2.zip,unverified_first_trip_proxy,,
a3a5f0b8-a135-11e9-9cda-0a87ae2ba916,Peoria St & Jackson Blvd,CHI00402,30,30,In Service,41.8776415963,-87.6496177912,"{""type"":""Point"",""coordinates"":[-87.649617791176,41.877641596275]}",48,14917,29,91,26,44,34,True,divvy_bf1d10326a9e746f,2013-07-23 15:05:00,13158 | 134 | CHI00402,Peoria St & Jackson Blvd,Divvy_Stations_Trips_2013.zip,unverified_first_trip_proxy,,
a3a5f5e6-a135-11e9-9cda-0a87ae2ba916,Halsted St & 21st St,CHI00323,11,11,In Service,41.8537798107,-87.6466029882,"{""type"":""Point"",""coordinates"":[-87.646602988243,41.853779810727]}",8,14920,33,250,48,43,25,True,divvy_a60448a62e485191,2013-07-24 12:22:00,13162 | 135 | CHI00323,Halsted St & 21st St,Divvy_Stations_Trips_2013.zip,unverified_first_trip_proxy,,
a3a5fb0d-a135-11e9-9cda-0a87ae2ba916,Racine Ave & 13th St,CHI00228,15,15,In Service,41.865054,-87.656959,"{""type"":""Point"",""coordinates"":[-87.656959,41.865054]}",48,14920,29,96,26,43,28,True,divvy_ab8f03780b639dd1,2013-08-01 10:15:00,13165 | 136 | CHI00228,Racine Ave & 13th St,Divvy_Stations_Trips_2013.zip,unverified_first_trip_proxy,,
a3a6002c-a135-11e9-9cda-0a87ae2ba916,Morgan Ave & 14th Pl,CHI00261,15,15,In Service,41.862378,-87.651062,"{""type"":""Point"",""coordinates"":[-87.651062,41.862378]}",8,14920,29,760,48,43,28,True,divvy_706880b523a2e6b6,2013-07-31 15:52:00,137 | CHI00261 | TA1306000002,Morgan Ave & 14th Pl,Divvy_Stations_Trips_2013.zip,unverified_first_trip_proxy,,
a3a6054c-a135-11e9-9cda-0a87ae2ba916,Clybourn Ave & Division St,CHI00344,15,15,In Service,41.904613,-87.640552,"{""type"":""Point"",""coordinates"":[-87.640552,41.904613]}",41,14926,37,309,46,54,27,True,divvy_3eca5c0d2377c617,2013-08-05 17:05:00,138 | CHI00344 | TA1307000115,Clybourn Ave & Division St,Divvy_Stations_Trips_2013.zip,unverified_first_trip_proxy,,
a3a60a65-a135-11e9-9cda-0a87ae2ba916,Dearborn Pkwy & Delaware Pl,CHI00306,30,30,In Service,41.898969,-87.629912,"{""type"":""Point"",""coordinates"":[-87.629912,41.898969]}",22,14926,37,310,11,54,2,True,divvy_3646f658f48b70ae,2013-08-01 17:39:00,140 | CHI00306 | TA1307000128,Dearborn Pkwy & Delaware Pl,Divvy_Stations_Trips_2013.zip,unverified_first_trip_proxy,,
a3a60f7e-a135-11e9-9cda-0a87ae2ba916,Clark St & Lincoln Ave,CHI00413,24,24,In Service,41.915689,-87.6346,"{""type"":""Point"",""coordinates"":[-87.6346,41.915689]}",51,21190,68,271,34,16,43,True,divvy_67e91c04d240e7a3,2013-06-30 20:35:00,13179 | 141 | CHI00413,Clark St & Lincoln Ave,Divvy_Stations_Trips_2013.zip,unverified_first_trip_proxy,,
a3a61a0b-a135-11e9-9cda-0a87ae2ba916,Sedgwick St & Webster Ave,CHI00487,24,24,In Service,41.922167,-87.638888,"{""type"":""Point"",""coordinates"":[-87.638888,41.922167]}",51,21190,68,207,34,16,43,True,divvy_fa4e1dbeb3fe7792,2013-08-03 12:41:00,13191 | 143 | CHI00487,Sedgwick St & Webster Ave,Divvy_Stations_Trips_2013.zip,unverified_first_trip_proxy,,
a3a62025-a135-11e9-9cda-0a87ae2ba916,Larrabee St & Webster Ave,CHI00454,19,19,In Service,41.921822,-87.64414,"{""type"":""Point"",""coordinates"":[-87.64414,41.921822]}",51,21190,68,798,34,16,43,True,divvy_d5742347984aafa9,2013-08-02 19:01:00,13193 | 144 | CHI00454,Larrabee St & Webster Ave,Divvy_Stations_Trips_2013.zip,unverified_first_trip_proxy,,
a3a62566-a135-11e9-9cda-0a87ae2ba916,Mies van der Rohe Way & Chestnut St,CHI00418,19,19,In Service,41.8985866514,-87.6219152258,"{""type"":""Point"",""coordinates"":[-87.6219152258,41.8985866514]}",22,21182,37,233,11,6,2,True,divvy_15fd404119c4c633,2015-05-08 16:31:00,145 | 15529 | CHI00418,Mies van der Rohe Way & Chestnut St,Divvy_Trips_2015-Q1Q2.zip,unverified_first_trip_proxy,,
a3a62aad-a135-11e9-9cda-0a87ae2ba916,Loomis St & Jackson Blvd,CHI00230,19,19,In Service,41.877945,-87.662007,"{""type"":""Point"",""coordinates"":[-87.662007,41.877945]}",48,14917,29,91,46,44,27,True,divvy_7946da07e78ff5f3,2013-07-28 13:56:00,13206 | 146 | CHI00230,Loomis St & Jackson Blvd,Divvy_Stations_Trips_2013.zip,unverified_first_trip_proxy,,
a3a62fc9-a135-11e9-9cda-0a87ae2ba916,Indiana Ave & 26th St,CHI00237,15,15,In Service,41.845687,-87.622481,"{""type"":""Point"",""coordinates"":[-87.622481,41.845687]}",48,21194,34,193,10,40,9,True,divvy_5d5c8dfca0f642b3,2013-07-24 15:43:00,147 | CHI00237 | TA1307000005,Indiana Ave & 26th St,Divvy_Stations_Trips_2013.zip,unverified_first_trip_proxy,,
a3a634dd-a135-11e9-9cda-0a87ae2ba916,State St & 33rd St,CHI00223,15,15,In Service,41.834734,-87.625813,"{""type"":""Point"",""coordinates"":[-87.625813,41.834734]}",12,21194,1,25,9,40,8,True,divvy_59703690c5d36fb1,2013-08-19 14:00:00,13216 | 148 | CHI00223,State St & 33rd St,Divvy_Stations_Trips_2013.zip,unverified_first_trip_proxy,,
a3a639f5-a135-11e9-9cda-0a87ae2ba916,Calumet Ave & 33rd St,CHI00224,11,11,In Service,41.83472,-87.61797,"{""type"":""Point"",""coordinates"":[-87.61797,41.83472]}",48,21194,1,190,10,40,9,True,divvy_90412ef17cb14d9a,2013-06-28 09:59:00,13217 | 149 | CHI00224,Calumet Ave & 33rd St,Divvy_Stations_Trips_2013.zip,unverified_first_trip_proxy,,
a3a640d1-a135-11e9-9cda-0a87ae2ba916,Fort Dearborn Dr & 31st St,CHI00222,27,27,In Service,41.838556,-87.608218,"{""type"":""Point"",""coordinates"":[-87.608218,41.838556]}",1,21194,1,581,10,40,9,True,divvy_ea37f4aefb394a6c,2013-07-23 19:55:00,150 | CHI00222 | TA1307000048,Fort Dearborn Dr & 31st St,Divvy_Stations_Trips_2013.zip,unverified_first_trip_proxy,,
a3a64639-a135-11e9-9cda-0a87ae2ba916,Lincoln Ave & Diversey Pkwy,CHI00285,16,16,In Service,41.932225,-87.658617,"{""type"":""Point"",""coordinates"":[-87.658617,41.932225]}",16,21190,68,795,34,16,43,True,divvy_0940a48e3251f054,2013-07-29 19:43:00,152 | CHI00285 | TA1307000064,Lincoln Ave & Diversey Pkwy,Divvy_Stations_Trips_2013.zip,unverified_first_trip_proxy,,
a3a6c38e-a135-11e9-9cda-0a87ae2ba916,Southport Ave & Wellington Ave,CHI00236,19,19,In Service,41.9357746177,-87.6636001468,"{""type"":""Point"",""coordinates"":[-87.66360014677,41.935774617665]}",16,4449,57,679,40,22,32,True,divvy_80427b75dd52b04b,2013-07-25 17:19:00,153 | CHI00236 | TA1307000006,Southport Ave & Wellington Ave,Divvy_Stations_Trips_2013.zip,unverified_first_trip_proxy,,
a3a6c910-a135-11e9-9cda-0a87ae2ba916,Southport Ave & Belmont Ave,CHI00335,15,15,In Service,41.9394777504,-87.6637476683,"{""type"":""Point"",""coordinates"":[-87.663747668266,41.939477750405]}",16,4449,57,679,40,22,32,True,divvy_63ba11ec88c14f4b,2013-07-29 17:51:00,13229 | 154 | CHI00335,Southport Ave & Belmont Ave,Divvy_Stations_Trips_2013.zip,unverified_first_trip_proxy,,
a3a6ce53-a135-11e9-9cda-0a87ae2ba916,Clark St & Wellington Ave,CHI00377,15,15,In Service,41.9364968219,-87.6475386582,"{""type"":""Point"",""coordinates"":[-87.6475386582,41.9364968219]}",38,4449,57,682,25,22,44,True,divvy_ad7576c2fcd40f11,2013-08-02 20:26:00,156 | CHI00377 | TA1307000136,Clark St & Wellington Ave,Divvy_Stations_Trips_2013.zip,unverified_first_trip_proxy,,
a3a6d371-a135-11e9-9cda-0a87ae2ba916,DuSable Lake Shore Dr & Wellington Ave,CHI00255,15,15,In Service,41.9366884495,-87.6368290186,"{""type"":""Point"",""coordinates"":[-87.636829018593,41.9366884495]}",38,4449,57,683,25,22,44,True,divvy_d18e86fc55a18cdd,2013-07-30 10:35:00,157 | CHI00255 | TA1307000041,DuSable Lake Shore Dr & Wellington Ave | Lake Shore Dr & Wellington Ave,Divvy_Stations_Trips_2013.zip,unverified_first_trip_proxy,,
a3a6d884-a135-11e9-9cda-0a87ae2ba916,Milwaukee Ave & Wabansia Ave,CHI00005,24,24,In Service,41.912616,-87.681469,"{""type"":""Point"",""coordinates"":[-87.681469,41.912616]}",16,22535,25,298,40,1,32,True,divvy_ffc7be4986115d1a,2013-07-26 11:04:00,13243 | 158 | CHI00005,Milwaukee Ave & Wabansia Ave | Milwaukee Ave & Wabansia Ave*,Divvy_Stations_Trips_2013.zip,unverified_first_trip_proxy,,
a3a6de38-a135-11e9-9cda-0a87ae2ba916,Claremont Ave & Hirsch St,CHI00404,11,11,In Service,41.907781,-87.685854,"{""type"":""Point"",""coordinates"":[-87.685854,41.907781]}",24,21560,25,516,41,4,1,True,divvy_e406b597370b481a,2013-07-16 14:21:00,13245 | 159 | CHI00404,Claremont Ave & Hirsch St,Divvy_Stations_Trips_2013.zip,unverified_first_trip_proxy,,
a3a6e359-a135-11e9-9cda-0a87ae2ba916,Campbell Ave & North Ave,CHI00341,15,15,In Service,41.910535,-87.689556,"{""type"":""Point"",""coordinates"":[-87.689556,41.910535]}",24,22535,25,287,41,1,1,True,divvy_11823eb6f54b8583,2013-07-27 13:00:00,13257 | 160 | CHI00341,Campbell Ave & North Ave,Divvy_Stations_Trips_2013.zip,unverified_first_trip_proxy,,
a3a6e866-a135-11e9-9cda-0a87ae2ba916,Rush St & Superior St,CHI00368,23,22,In Service,41.8957647456,-87.6259080327,"{""type"":""Point"",""coordinates"":[-87.6259080327,41.89576474564]}",22,21182,37,626,36,6,2,True,divvy_9c5411c3bc9f4feb,2015-05-09 12:45:00,15530 | 161 | CHI00368,Rush St & Superior St,Divvy_Trips_2015-Q1Q2.zip,unverified_first_trip_proxy,,
a3a6ed98-a135-11e9-9cda-0a87ae2ba916,Damen Ave & Wellington Ave,CHI00484,15,15,In Service,41.93588,-87.67842,"{""type"":""Point"",""coordinates"":[-87.67842,41.93588]}",24,21538,46,616,40,39,32,True,divvy_d825b541dfd07e4d,2013-07-25 21:27:00,13268 | 162 | CHI00484,Damen Ave & Wellington Ave,Divvy_Stations_Trips_2013.zip,unverified_first_trip_proxy,,
a3a6f2a2-a135-11e9-9cda-0a87ae2ba916,Damen Ave & Clybourn Ave,CHI00348,15,15,In Service,41.93221,-87.67859,"{""type"":""Point"",""coordinates"":[-87.67859,41.93221]}",24,22535,68,743,41,1,32,True,divvy_b8c7092a18c3d2c5,2014-07-01 07:24:00,13271 | 163 | CHI00348,Damen Ave & Clybourn Ave,Divvy_Stations_Trips_2014_Q3Q4.zip,unverified_first_trip_proxy,,
a3a6f7a5-a135-11e9-9cda-0a87ae2ba916,Franklin St & Lake St,CHI00376,40,40,In Service,41.885837,-87.6355,"{""type"":""Point"",""coordinates"":[-87.6355,41.885837]}",22,14914,38,92,36,46,42,True,divvy_aaf1bf77437b45ca,2013-06-28 08:09:00,164 | CHI00376 | TA1307000111,Franklin St & Lake St,Divvy_Stations_Trips_2013.zip,unverified_first_trip_proxy,,
a3a6fcac-a135-11e9-9cda-0a87ae2ba916,Clark St & Grace St,CHI00301,23,23,In Service,41.95078,-87.659172,"{""type"":""Point"",""coordinates"":[-87.659172,41.95078]}",38,21186,57,691,25,53,44,True,divvy_779e36d7b6304dc4,2014-07-01 01:24:00,165 | CHI00301 | TA1307000127,Clark St & Grace St,Divvy_Stations_Trips_2014_Q3Q4.zip,unverified_first_trip_proxy,,
a3a701b8-a135-11e9-9cda-0a87ae2ba916,Ashland Ave & Wrightwood Ave,CHI00276,15,15,In Service,41.92883,-87.668507,"{""type"":""Point"",""coordinates"":[-87.668507,41.92883]}",16,21190,68,743,40,16,32,True,divvy_261f2aa12a69fab8,2013-06-28 07:32:00,13296 | 166 | CHI00276,Ashland Ave & Wrightwood Ave,Divvy_Stations_Trips_2013.zip,unverified_first_trip_proxy,,
a3a70bbd-a135-11e9-9cda-0a87ae2ba916,Michigan Ave & 14th St,CHI00342,19,19,In Service,41.864059,-87.623727,"{""type"":""Point"",""coordinates"":[-87.623727,41.864059]}",48,14913,34,374,9,35,8,True,divvy_4b67e6195e6bcbca,2013-08-03 15:33:00,168 | CHI00342 | TA1307000124,Michigan Ave & 14th St,Divvy_Stations_Trips_2013.zip,unverified_first_trip_proxy,,
a3a710c5-a135-11e9-9cda-0a87ae2ba916,Canal St & Harrison St,CHI00489,15,14,In Service,41.874255,-87.639573,"{""type"":""Point"",""coordinates"":[-87.639573,41.874255]}",48,14917,29,97,26,44,28,True,divvy_da5144e550761fee,2013-07-15 17:59:00,13326 | 169 | CHI00489,Canal St & Harrison St,Divvy_Stations_Trips_2013.zip,unverified_first_trip_proxy,,
a3a715ce-a135-11e9-9cda-0a87ae2ba916,Clinton St & 18th St,CHI00235,16,16,In Service,41.85795,-87.640826,"{""type"":""Point"",""coordinates"":[-87.640826,41.85795]}",8,21194,33,126,26,40,25,True,divvy_796b9cae6a00ccaf,2013-07-23 13:44:00,170 | CHI00235 | TA1307000044,Clinton St & 18th St,Divvy_Stations_Trips_2013.zip,unverified_first_trip_proxy,,
a3a71b0a-a135-11e9-9cda-0a87ae2ba916,May St & Cullerton St,CHI00284,11,11,In Service,41.855136,-87.654127,"{""type"":""Point"",""coordinates"":[-87.654127,41.855136]}",8,14920,33,251,26,43,25,True,divvy_dad96e63e24aa1ec,2013-07-25 17:44:00,13331 | 171 | CHI00284,May St & Cullerton St,Divvy_Stations_Trips_2013.zip,unverified_first_trip_proxy,,
a3a72012-a135-11e9-9cda-0a87ae2ba916,Rush St & Cedar St,CHI00537,16,16,In Service,41.9023087012,-87.627690528,"{""type"":""Point"",""coordinates"":[-87.627690528,41.90230870122]}",22,21182,37,105,36,6,42,True,divvy_562f8d226316d59b,2015-05-09 13:41:00,172 | CHI00537 | KA1504000133,Rush St & Cedar St,Divvy_Trips_2015-Q1Q2.zip,unverified_first_trip_proxy,,
a3a7258b-a135-11e9-9cda-0a87ae2ba916,Mies van der Rohe Way & Chicago Ave,CHI00470,15,15,In Service,41.8969446264,-87.6217576861,"{""type"":""Point"",""coordinates"":[-87.621757686138,41.896944626371]}",22,21182,37,233,11,6,2,True,divvy_1929a78a5d9d4157,2013-08-01 11:00:00,13338 | 173 | CHI00470,Mies van der Rohe Way & Chicago Ave,Divvy_Stations_Trips_2013.zip,unverified_first_trip_proxy,,
a3a72aad-a135-11e9-9cda-0a87ae2ba916,Canal St & Madison St,CHI00498,43,43,In Service,41.882409,-87.639767,"{""type"":""Point"",""coordinates"":[-87.639767,41.882409]}",22,4452,29,784,36,45,42,True,divvy_f3adedb17150c1dd,2013-07-27 11:58:00,13341 | 174 | CHI00498,Canal St & Madison St,Divvy_Stations_Trips_2013.zip,unverified_first_trip_proxy,,
a3a72fc4-a135-11e9-9cda-0a87ae2ba916,Wells St & Polk St,CHI00606,19,19,In Service,41.8727315423,-87.6335164905,"{""type"":""Point"",""coordinates"":[-87.633516490459,41.872731542263]}",48,14917,38,12,26,35,34,True,divvy_6aa672e7e652c3ed,2013-08-03 16:52:00,175 | CHI00606 | SL-011,Wells St & Polk St,Divvy_Stations_Trips_2013.zip,unverified_first_trip_proxy,,
a3a734ce-a135-11e9-9cda-0a87ae2ba916,Clark St & Elm St,CHI00281,39,39,In Service,41.90297,-87.6313,"{""type"":""Point"",""coordinates"":[-87.6313,41.90297]}",22,14926,37,310,11,54,2,True,divvy_ee60c9a59017c127,2013-08-01 14:48:00,176 | CHI00281 | TA1307000039,Clark St & Elm St,Divvy_Stations_Trips_2013.zip,unverified_first_trip_proxy,,
a3a739e4-a135-11e9-9cda-0a87ae2ba916,Theater on the Lake,CHI00420,31,30,In Service,41.926277,-87.630834,"{""type"":""Point"",""coordinates"":[-87.630834,41.926277]}",51,4449,68,101,34,16,43,True,divvy_bb2d7582af742fe1,2013-08-13 13:41:00,177 | CHI00420 | TA1308000001,Theater on the Lake,Divvy_Stations_Trips_2013.zip,unverified_first_trip_proxy,,
a3a73ef1-a135-11e9-9cda-0a87ae2ba916,State St & 19th St,CHI00676,16,16,In Service,41.856575,-87.627568,"{""type"":""Point"",""coordinates"":[-87.627568,41.856575]}",12,21194,34,330,9,40,8,True,divvy_adbee37ca5f432a7,2013-07-21 11:25:00,178 | CHI00676 | SL-013,State St & 19th St,Divvy_Stations_Trips_2013.zip,unverified_first_trip_proxy,,
a3a743ff-a135-11e9-9cda-0a87ae2ba916,MLK Jr Dr & Pershing Rd,CHI02040,15,15,In Service,41.8246,-87.61678,"{""type"":""Point"",""coordinates"":[-87.61678,41.8246]}",1,4301,1,222,10,36,9,True,divvy_c2311303414a7fa1,2020-01-02 13:20:17,13420 | 179 | CHI02040,MLK Jr Dr & Pershing Rd,Divvy_Trips_2020_Q1.zip,unverified_first_trip_proxy,2013-06-28 05:26:00,earlier_same_name_history | name_has_multiple_locations
a3a74947-a135-11e9-9cda-0a87ae2ba916,Ritchie Ct & Banks St,CHI00544,15,15,In Service,41.906866,-87.626217,"{""type"":""Point"",""coordinates"":[-87.626217,41.906866]}",51,14926,37,308,34,54,43,True,divvy_7c153c41ae8ca601,2015-05-09 14:29:00,180 | CHI00544 | KA1504000134,Ritchie Ct & Banks St,Divvy_Trips_2015-Q1Q2.zip,unverified_first_trip_proxy,,
a3a74e60-a135-11e9-9cda-0a87ae2ba916,LaSalle St & Illinois St,CHI00358,31,31,In Service,41.890762,-87.631697,"{""type"":""Point"",""coordinates"":[-87.631697,41.890762]}",22,4446,37,670,36,55,42,True,divvy_10f4d79b50cd8236,2013-06-29 13:21:00,13430 | 181 | CHI00358,LaSalle St & Illinois St,Divvy_Stations_Trips_2013.zip,unverified_first_trip_proxy,,
a3a7537c-a135-11e9-9cda-0a87ae2ba916,Wells St & Elm St,CHI00540,23,23,In Service,41.903222,-87.634324,"{""type"":""Point"",""coordinates"":[-87.634324,41.903222]}",51,14926,37,310,46,54,27,True,divvy_87d3a44d383da6f0,2015-06-16 13:31:00,182 | CHI00540 | KA1504000135,Wells St & Elm St,Divvy_Trips_2015-Q1Q2.zip,unverified_first_trip_proxy,,
a3a75885-a135-11e9-9cda-0a87ae2ba916,Damen Ave & Thomas St (Augusta Blvd),CHI00296,15,15,In Service,41.901315,-87.677409,"{""type"":""Point"",""coordinates"":[-87.677409,41.901315]}",16,21560,25,476,11,4,1,True,divvy_4d48243dd7d948e6,2020-01-01 01:36:27,183 | CHI00296 | TA1307000070,Damen Ave & Thomas St (Augusta Blvd),Divvy_Trips_2020_Q1.zip,unverified_first_trip_proxy,2013-07-25 14:51:00,earlier_same_name_history | name_has_multiple_locations
a3a75d8a-a135-11e9-9cda-0a87ae2ba916,State St & 35th St,CHI00343,15,15,Not In Service,41.831036314,-87.6267975569,"{""type"":""Point"",""coordinates"":[-87.626797556877,41.831036314016]}",12,21194,1,25,9,40,8,True,divvy_1cf96d1e844988ca,2013-08-05 17:11:00,184 | CHI00343 | TA1307000129,State St & 35th St,Divvy_Stations_Trips_2013.zip,unverified_first_trip_proxy,,
a3a762a1-a135-11e9-9cda-0a87ae2ba916,Stave St & Armitage Ave,CHI00412,11,11,In Service,41.917741,-87.691392,"{""type"":""Point"",""coordinates"":[-87.691392,41.917741]}",24,22535,23,294,41,1,1,True,divvy_36935375dcb41982,2013-07-27 06:38:00,13266 | 185 | CHI00412,Stave St & Armitage Ave,Divvy_Stations_Trips_2013.zip,unverified_first_trip_proxy,,
a3a767b1-a135-11e9-9cda-0a87ae2ba916,Ogden Ave & Race Ave,CHI00229,15,15,In Service,41.891795,-87.658751,"{""type"":""Point"",""coordinates"":[-87.658751,41.891795]}",41,22620,25,521,41,49,1,True,divvy_9e9f207da3c61e3f,2013-07-28 09:47:00,13194 | 186 | CHI00229,Ogden Ave & Race Ave,Divvy_Stations_Trips_2013.zip,unverified_first_trip_proxy,,
a3a76cb6-a135-11e9-9cda-0a87ae2ba916,Greenview Ave & Fullerton Ave,CHI00232,18,16,In Service,41.92533,-87.6658,"{""type"":""Point"",""coordinates"":[-87.6658,41.92533]}",16,21190,68,770,40,16,32,True,divvy_2c5db0e7d4439fda,2013-07-11 17:24:00,188 | CHI00232 | TA1307000001,Greenview Ave & Fullerton Ave,Divvy_Stations_Trips_2013.zip,unverified_first_trip_proxy,,
a3a771c2-a135-11e9-9cda-0a87ae2ba916,Southport Ave & Wrightwood Ave,CHI00339,16,16,In Service,41.928773,-87.663913,"{""type"":""Point"",""coordinates"":[-87.663913,41.928773]}",16,21190,68,770,11,16,32,True,divvy_e85c7bd199f42030,2013-06-27 19:38:00,190 | CHI00339 | TA1307000113,Southport Ave & Wrightwood Ave | Southport Ave & Wrightwood Ave*,Divvy_Stations_Trips_2013.zip,unverified_first_trip_proxy,,first_archive_day
a3a7775b-a135-11e9-9cda-0a87ae2ba916,Canal St & Monroe St,CHI00398,27,27,In Service,41.8829056,-87.6397409,"{""type"":""Point"",""coordinates"":[-87.6397409,41.8829056]}",22,4452,29,784,36,45,42,False,,,,,,,,
a3a77c8d-a135-11e9-9cda-0a87ae2ba916,Canal St & Adams St,CHI01743,47,47,In Service,41.879255,-87.639904,"{""type"":""Point"",""coordinates"":[-87.639904,41.879255]}",48,14914,29,786,36,45,34,True,divvy_4080b15bc261cc12,2013-07-04 09:20:00,13011 | 192 | CHI01743,Canal St & Adams St,Divvy_Stations_Trips_2013.zip,unverified_first_trip_proxy,,
a3a781a6-a135-11e9-9cda-0a87ae2ba916,State St & 29th St,CHI00231,11,11,In Service,41.8417,-87.62693,"{""type"":""Point"",""coordinates"":[-87.62693,41.8417]}",12,21194,1,377,9,40,8,True,divvy_94daec4afa51ced3,2013-08-23 16:52:00,13213 | 193 | CHI00231,State St & 29th St,Divvy_Stations_Trips_2013.zip,unverified_first_trip_proxy,,
a3a78bc0-a135-11e9-9cda-0a87ae2ba916,Columbus Dr & Randolph St,CHI00345,55,53,In Service,41.884728,-87.619521,"{""type"":""Point"",""coordinates"":[-87.619521,41.884728]}",22,14309,38,580,36,42,42,True,divvy_741d4f98caac5b7f,2013-06-29 12:37:00,13263 | 195 | CHI00345,Columbus Dr & Randolph St,Divvy_Stations_Trips_2013.zip,unverified_first_trip_proxy,,
a3a790cc-a135-11e9-9cda-0a87ae2ba916,Cityfront Plaza Dr & Pioneer Ct,CHI00483,31,31,In Service,41.890573,-87.622072,"{""type"":""Point"",""coordinates"":[-87.622072,41.890573]}",22,21182,37,159,36,6,42,True,divvy_ca6b6e3d737e131c,2014-07-01 04:47:00,13427 | 196 | CHI00483,Cityfront Plaza Dr & Pioneer Ct,Divvy_Stations_Trips_2014_Q3Q4.zip,unverified_first_trip_proxy,,possible_rename
a3a795d7-a135-11e9-9cda-0a87ae2ba916,Michigan Ave & Madison St,CHI01915,15,15,In Service,41.882134,-87.625125,"{""type"":""Point"",""coordinates"":[-87.625125,41.882134]}",22,14310,38,580,36,41,34,True,divvy_bf9e601f5cb95449,2013-08-10 16:19:00,13036 | 197 | CHI01915,Michigan Ave & Madison St,Divvy_Stations_Trips_2013.zip,unverified_first_trip_proxy,,
a3a79adb-a135-11e9-9cda-0a87ae2ba916,Green St & Madison St,CHI00347,27,27,In Service,41.881859328,-87.6492637396,"{""type"":""Point"",""coordinates"":[-87.649263739586,41.881859328038]}",41,14917,29,63,46,44,27,True,divvy_3e0abecca9beca66,2016-01-01 02:52:00,198 | CHI00347 | TA1307000120,Green St & Madison St,Divvy_Trips_2016_Q1Q2.zip,unverified_first_trip_proxy,,possible_rename
a3a79fdc-a135-11e9-9cda-0a87ae2ba916,Wabash Ave & Grand Ave,CHI00313,42,42,In Service,41.891466,-87.626761,"{""type"":""Point"",""coordinates"":[-87.626761,41.891466]}",22,21182,37,626,36,6,42,True,divvy_5eee8f355b4dff30,2013-08-10 13:14:00,199 | CHI00313 | TA1307000117,Wabash Ave & Grand Ave,Divvy_Stations_Trips_2013.zip,unverified_first_trip_proxy,,
a3a7a4fc-a135-11e9-9cda-0a87ae2ba916,MLK Jr Dr & 47th St,CHI00399,11,11,In Service,41.809851,-87.616279,"{""type"":""Point"",""coordinates"":[-87.616279,41.809851]}",12,4301,4,447,9,36,8,True,divvy_1f9dc06fba624902,2013-08-14 23:00:00,200 | CHI00399 | TA1308000007,King Dr & 47th St | MLK Jr Dr & 47th St,Divvy_Stations_Trips_2013.zip,unverified_first_trip_proxy,,
a3a7aa0e-a135-11e9-9cda-0a87ae2ba916,Indiana Ave & 40th St,CHI00256,11,11,In Service,41.82168,-87.6216,"{""type"":""Point"",""coordinates"":[-87.6216,41.82168]}",12,4301,4,163,9,36,8,True,divvy_78e4486e9dc5ef91,2013-08-14 17:09:00,13083 | 201 | CHI00256,Indiana Ave & 40th St,Divvy_Stations_Trips_2013.zip,unverified_first_trip_proxy,,
a3a7af11-a135-11e9-9cda-0a87ae2ba916,Halsted St & 18th St,CHI00424,16,16,In Service,41.8575056803,-87.6459914446,"{""type"":""Point"",""coordinates"":[-87.645991444588,41.857505680317]}",8,21194,33,249,48,40,25,True,divvy_2f8d6201d79282b2,2013-08-13 12:02:00,13099 | 202 | CHI00424,Halsted St & 18th St | Halsted St & 18th St (Temp),Divvy_Stations_Trips_2013.zip,unverified_first_trip_proxy,,
a3a7b41d-a135-11e9-9cda-0a87ae2ba916,Western Ave & 21st St,CHI00308,15,15,In Service,41.854109,-87.685838,"{""type"":""Point"",""coordinates"":[-87.685838,41.854109]}",8,14920,33,4,23,43,28,True,divvy_3b9078fec1c355f0,2013-08-16 08:04:00,13091 | 203 | CHI00308,Western Ave & 21st St,Divvy_Stations_Trips_2013.zip,unverified_first_trip_proxy,,
a3a7b936-a135-11e9-9cda-0a87ae2ba916,Prairie Ave & Garfield Blvd,CHI00346,11,11,In Service,41.794853,-87.618691,"{""type"":""Point"",""coordinates"":[-87.618691,41.794853]}",12,21192,7,401,9,10,8,True,divvy_69b07549db73b3e5,2013-08-15 13:16:00,204 | 906 | CHI00346 | TA1307000160,Prairie Ave & Garfield Blvd,Divvy_Stations_Trips_2013.zip,unverified_first_trip_proxy,,possible_rename
a3a7be40-a135-11e9-9cda-0a87ae2ba916,Paulina St & 18th St,CHI00312,15,15,In Service,41.857901,-87.668745,"{""type"":""Point"",""coordinates"":[-87.668745,41.857901]}",8,14920,33,343,26,43,25,True,divvy_f352fb5f1baa6be9,2013-08-13 14:48:00,205 | CHI00312 | TA1307000159,Paulina St & 18th St,Divvy_Stations_Trips_2013.zip,unverified_first_trip_proxy,,
a3a7c341-a135-11e9-9cda-0a87ae2ba916,Halsted St & Archer Ave,CHI00426,15,15,In Service,41.847203,-87.646795,"{""type"":""Point"",""coordinates"":[-87.646795,41.847203]}",26,14920,58,59,48,43,7,True,divvy_79c224396ad840ab,2013-08-15 07:25:00,206 | CHI00426 | TA1308000013,Halsted St & Archer Ave,Divvy_Stations_Trips_2013.zip,unverified_first_trip_proxy,,
a3a7c852-a135-11e9-9cda-0a87ae2ba916,Emerald Ave & 28th St,CHI00373,15,15,In Service,41.84358,-87.645368,"{""type"":""Point"",""coordinates"":[-87.645368,41.84358]}",26,21194,58,688,48,40,7,True,divvy_cbdc5ed2e13fe243,2013-08-15 20:17:00,207 | CHI00373 | TA1307000153,Emerald Ave & 28th St,Divvy_Stations_Trips_2013.zip,unverified_first_trip_proxy,,
a3a7cd56-a135-11e9-9cda-0a87ae2ba916,Laflin St & Cullerton St,CHI00352,15,14,In Service,41.8549145758,-87.6635599136,"{""type"":""Point"",""coordinates"":[-87.663559913635,41.854914575766]}",8,14920,33,365,26,43,25,True,divvy_ba599a760245ba96,2020-01-01 16:04:08,13307 | 208 | CHI00352,Laflin St & Cullerton St,Divvy_Trips_2020_Q1.zip,unverified_first_trip_proxy,,
a3a7d279-a135-11e9-9cda-0a87ae2ba916,Normal Ave & Archer Ave,CHI00392,11,11,In Service,41.849527,-87.640591,"{""type"":""Point"",""coordinates"":[-87.640591,41.849527]}",8,21194,35,3,48,40,7,True,divvy_0a49ade1fd00a21b,2013-08-16 14:56:00,209 | CHI00392 | TA1308000014,Normal Ave & Archer Ave,Divvy_Stations_Trips_2013.zip,unverified_first_trip_proxy,,
a3a7d782-a135-11e9-9cda-0a87ae2ba916,Paulina St & Division St,CHI00244,23,23,In Service,41.9035529,-87.6704292,"{""type"":""Point"",""coordinates"":[-87.6704292,41.9035529]}",24,21560,25,481,41,4,1,True,divvy_86ee26db0884059a,2025-08-31 19:46:59.939000,CHI00244,Ashland Ave & Division St | Paulina St & Division St,202509-divvy-tripdata.zip,unverified_first_trip_proxy,2013-08-16 11:01:00,earlier_same_name_history | possible_rename
a3a7dc8c-a135-11e9-9cda-0a87ae2ba916,St. Clair St & Erie St 1,CHI01744,19,19,In Service,41.8944,-87.62286,"{""type"":""Point"",""coordinates"":[-87.62286,41.8944]}",22,21182,37,158,36,6,42,True,divvy_75442b80566237e8,2013-08-15 17:13:00,13016 | 211 | CHI01744,St Clair St & Erie St | St. Clair St & Erie St | St. Clair St & Erie St 1,Divvy_Stations_Trips_2013.zip,unverified_first_trip_proxy,,
a3a7e19b-a135-11e9-9cda-0a87ae2ba916,Wells St & Hubbard St,CHI00332,42,42,In Service,41.889906,-87.634266,"{""type"":""Point"",""coordinates"":[-87.634266,41.889906]}",22,4446,37,652,36,55,42,True,divvy_0449069ed674df3e,2014-01-01 16:16:00,212 | CHI00332 | TA1307000151,Wells St & Hubbard St,Divvy_Stations_Trips_2014_Q1Q2.zip,unverified_first_trip_proxy,,
a3a7e69e-a135-11e9-9cda-0a87ae2ba916,Leavitt St & North Ave,CHI00428,23,23,In Service,41.91016,-87.68232,"{""type"":""Point"",""coordinates"":[-87.68232,41.91016]}",16,21560,25,517,11,4,1,True,divvy_dfdfd51c310043c8,2013-08-16 22:47:00,213 | CHI00428 | TA1308000005,Leavitt St & North Ave,Divvy_Stations_Trips_2013.zip,unverified_first_trip_proxy,,
a3a7eba7-a135-11e9-9cda-0a87ae2ba916,Damen Ave & Ohio St,CHI00417,23,23,Not In Service,41.892394453,-87.676885128,"{""type"":""Point"",""coordinates"":[-87.676885128021,41.892394452963]}",24,21560,25,519,41,4,36,True,divvy_54744698119065b4,2013-08-16 16:44:00,214 | CHI00417 | TA1308000006,Damen Ave & Grand Ave | Damen Ave & Ohio St,Divvy_Stations_Trips_2013.zip,unverified_first_trip_proxy,,
a3a7f0ba-a135-11e9-9cda-0a87ae2ba916,Damen Ave & Madison St,CHI00317,15,15,In Service,41.88137,-87.67493,"{""type"":""Point"",""coordinates"":[-87.67493,41.88137]}",41,21184,29,90,46,28,27,True,divvy_fdc75a43602f2f9e,2013-08-15 20:28:00,13134 | 215 | CHI00317,Damen Ave & Madison St,Divvy_Stations_Trips_2013.zip,unverified_first_trip_proxy,,
a3a7f5ea-a135-11e9-9cda-0a87ae2ba916,California Ave & Division St,CHI00340,19,19,In Service,41.903029,-87.697474,"{""type"":""Point"",""coordinates"":[-87.697474,41.903029]}",10,22535,25,301,49,4,26,True,divvy_cd5bb8e69b3e5d8e,2013-08-16 15:43:00,13256 | 216 | CHI00340,California Ave & Division St,Divvy_Stations_Trips_2013.zip,unverified_first_trip_proxy,,
a3a7faf7-a135-11e9-9cda-0a87ae2ba916,Elizabeth St & Fulton St,CHI00280,15,15,In Service,41.88672,-87.65957,"{""type"":""Point"",""coordinates"":[-87.65957,41.88672]}",41,14917,29,63,46,44,27,True,divvy_2f253beb7222675b,2022-09-24 17:06:25,13197 | CHI00280,Elizabeth St & Fulton St,202209-divvy-tripdata.zip,unverified_first_trip_proxy,,possible_rename
a3a80009-a135-11e9-9cda-0a87ae2ba916,Wells St & 19th St,CHI00782,11,11,In Service,41.856802,-87.633879,"{""type"":""Point"",""coordinates"":[-87.633879,41.856802]}",8,21194,35,3,26,40,7,True,divvy_9fd5e7c78544e047,2013-08-23 13:47:00,218 | CHI00782 | SL-006,Wells St & 19th St,Divvy_Stations_Trips_2013.zip,unverified_first_trip_proxy,,
a3a80512-a135-11e9-9cda-0a87ae2ba916,Damen Ave & Cortland St,CHI00388,19,19,In Service,41.915983,-87.677335,"{""type"":""Point"",""coordinates"":[-87.677335,41.915983]}",16,21560,23,179,40,4,32,True,divvy_250fd020e6ba8580,2013-08-20 14:05:00,13133 | 219 | CHI00388,Damen Ave & Cortland Ave | Damen Ave & Cortland St,Divvy_Stations_Trips_2013.zip,unverified_first_trip_proxy,,
a3a80a1e-a135-11e9-9cda-0a87ae2ba916,Clark St & Drummond Pl,CHI00385,23,23,In Service,41.931248,-87.644336,"{""type"":""Point"",""coordinates"":[-87.644336,41.931248]}",51,21190,68,794,34,16,43,True,divvy_4a47098f1f4578d5,2020-01-01 02:50:33,220 | CHI00385 | TA1307000142,Clark St & Drummond Pl,Divvy_Trips_2020_Q1.zip,unverified_first_trip_proxy,2013-06-29 12:52:00,earlier_same_name_history | name_has_multiple_locations
a3a80f32-a135-11e9-9cda-0a87ae2ba916,Milwaukee Ave & Rockwell St,CHI00289,19,19,In Service,41.92033,-87.69309,"{""type"":""Point"",""coordinates"":[-87.69309,41.92033]}",24,22535,23,294,41,1,1,True,divvy_1c4545bbd1ea4921,2013-08-22 23:13:00,13242 | 222 | CHI00289,Milwaukee Ave & Rockwell St,Divvy_Stations_Trips_2013.zip,unverified_first_trip_proxy,,
a3a817dc-a135-11e9-9cda-0a87ae2ba916,Clifton Ave & Armitage Ave,CHI00421,15,15,Not In Service,41.918216,-87.656936,"{""type"":""Point"",""coordinates"":[-87.656936,41.918216]}",51,21190,68,797,34,16,43,True,divvy_2f0220900a5c2acc,2013-08-22 15:36:00,223 | CHI00421 | TA1307000163,Clifton Ave & Armitage Ave,Divvy_Stations_Trips_2013.zip,unverified_first_trip_proxy,,
a3a81d33-a135-11e9-9cda-0a87ae2ba916,Halsted St & Willow St,CHI00407,19,19,In Service,41.913865,-87.648755,"{""type"":""Point"",""coordinates"":[-87.648755,41.913865]}",51,21190,68,168,34,16,43,True,divvy_883eda3d74673268,2013-08-01 16:24:00,224 | CHI00407 | TA1307000166,Halsted St & Willow St,Divvy_Stations_Trips_2013.zip,unverified_first_trip_proxy,,
a3a8224f-a135-11e9-9cda-0a87ae2ba916,Halsted St & Dickens Ave,CHI00291,20,20,In Service,41.919936,-87.64883,"{""type"":""Point"",""coordinates"":[-87.64883,41.919936]}",51,21190,68,744,34,16,43,True,divvy_bdb9d8cd7a40e46a,2013-08-19 15:30:00,13192 | 225 | CHI00291,Halsted St & Dickens Ave | Halsted St & Dickens Ave*,Divvy_Stations_Trips_2013.zip,unverified_first_trip_proxy,,
a3a82c6c-a135-11e9-9cda-0a87ae2ba916,Southport Ave & Waveland Ave,CHI00336,24,24,In Service,41.948226,-87.6640712,"{""type"":""Point"",""coordinates"":[-87.6640712,41.948226]}",38,21186,57,724,25,53,44,True,divvy_a09bb19bb133f172,2013-08-20 13:55:00,13235 | 227 | CHI00336,Southport Ave & Waveland Ave | Southport Ave & Waveland Ave*,Divvy_Stations_Trips_2013.zip,unverified_first_trip_proxy,,
a3a83181-a135-11e9-9cda-0a87ae2ba916,Damen Ave & Melrose Ave,CHI00516,15,15,In Service,41.9406,-87.6785,"{""type"":""Point"",""coordinates"":[-87.6785,41.9406]}",16,21538,46,647,40,39,32,True,divvy_b9c09a456b3fb2c3,2013-08-20 16:43:00,13143 | 228 | CHI00516,Damen Ave & Melrose Ave,Divvy_Stations_Trips_2013.zip,unverified_first_trip_proxy,,
a3a83698-a135-11e9-9cda-0a87ae2ba916,Southport Ave & Roscoe St,CHI00234,19,19,In Service,41.943739,-87.66402,"{""type"":""Point"",""coordinates"":[-87.66402,41.943739]}",38,4449,57,239,25,22,44,True,divvy_89fa8c360375437b,2013-08-02 21:34:00,13071 | 229 | CHI00234,Southport Ave & Roscoe St,Divvy_Stations_Trips_2013.zip,unverified_first_trip_proxy,,
a3a83ba1-a135-11e9-9cda-0a87ae2ba916,Wood St & Webster Ave,CHI00331,19,19,In Service,41.9210567299,-87.6727974415,"{""type"":""Point"",""coordinates"":[-87.672797441483,41.921056729928]}",16,21190,23,209,40,16,32,True,divvy_2434327a0aa880ff,2022-07-19 07:11:21,CHI00331 | TA1307000138,Wood St & Webster Ave,202207-divvy-tripdata.zip,unverified_first_trip_proxy,,
a3a840a6-a135-11e9-9cda-0a87ae2ba916,Sheridan Rd & Montrose Ave,CHI00290,32,32,In Service,41.96167,-87.65464,"{""type"":""Point"",""coordinates"":[-87.65464,41.96167]}",37,21186,31,577,39,53,46,True,divvy_b8f983b39cdc76db,2013-08-20 11:35:00,231 | CHI00290 | TA1307000107,Sheridan Rd & Montrose Ave,Divvy_Stations_Trips_2013.zip,unverified_first_trip_proxy,,
a3a845b0-a135-11e9-9cda-0a87ae2ba916,Pine Grove Ave & Waveland Ave,CHI00354,23,23,In Service,41.9494727409,-87.6464527845,"{""type"":""Point"",""coordinates"":[-87.646452784538,41.949472740883]}",37,21186,57,726,39,53,46,True,divvy_ce53c2c83aa1d3ec,2014-01-02 11:31:00,232 | CHI00354 | TA1307000150,Pine Grove Ave & Waveland Ave,Divvy_Stations_Trips_2014_Q1Q2.zip,unverified_first_trip_proxy,,
a3a84ab4-a135-11e9-9cda-0a87ae2ba916,Sangamon St & Washington Blvd,CHI00439,15,15,In Service,41.883165,-87.6511,"{""type"":""Point"",""coordinates"":[-87.6511,41.883165]}",41,14917,29,63,46,44,27,True,divvy_ee5af1bb0356395f,2013-08-02 17:37:00,13409 | 233 | CHI00439,Sangamon St & Washington Blvd | Sangamon St & Washington Blvd (*),Divvy_Stations_Trips_2013.zip,unverified_first_trip_proxy,,
a3a84fb8-a135-11e9-9cda-0a87ae2ba916,Clark St & Montrose Ave,CHI00562,19,18,In Service,41.961588,-87.666036,"{""type"":""Point"",""coordinates"":[-87.666036,41.961588]}",13,21186,57,650,18,53,47,True,divvy_d3bf70fca7566761,2013-08-21 17:30:00,234 | CHI00562 | KA1503000022,Clark St & Montrose Ave,Divvy_Stations_Trips_2013.zip,unverified_first_trip_proxy,,
a3a854bf-a135-11e9-9cda-0a87ae2ba916,Sedgwick St & Schiller St,CHI00303,15,15,In Service,41.907626,-87.638566,"{""type"":""Point"",""coordinates"":[-87.638566,41.907626]}",41,14926,37,309,46,54,27,True,divvy_0aeb149126fec5ef,2013-08-20 18:05:00,236 | CHI00303 | TA1307000143,Sedgwick St & Schiller St,Divvy_Stations_Trips_2013.zip,unverified_first_trip_proxy,,
a3a859c4-a135-11e9-9cda-0a87ae2ba916,MLK Jr Dr & 29th St,CHI00386,19,19,In Service,41.842052,-87.617,"{""type"":""Point"",""coordinates"":[-87.617,41.842052]}",1,21194,1,560,10,40,9,True,divvy_a81cff502e6de5ee,2013-08-20 18:00:00,237 | CHI00386 | TA1307000139,MLK Jr Dr & 29th St | Martin Luther King Dr & 29th St,Divvy_Stations_Trips_2013.zip,unverified_first_trip_proxy,,
a3a85eda-a135-11e9-9cda-0a87ae2ba916,Wolcott (Ravenswood) Ave & Montrose Ave,CHI00357,15,15,In Service,41.961406,-87.676169,"{""type"":""Point"",""coordinates"":[-87.676169,41.961406]}",13,21186,46,622,18,53,47,True,divvy_5b459643bf6eb25a,2020-01-01 01:17:21,238 | CHI00357 | TA1307000144,Wolcott (Ravenswood) Ave & Montrose Ave,Divvy_Trips_2020_Q1.zip,unverified_first_trip_proxy,2013-08-22 18:09:00,earlier_same_name_history | name_has_multiple_locations
a3a866a5-a135-11e9-9cda-0a87ae2ba916,Western Ave & Leland Ave,CHI00435,19,19,In Service,41.96572,-87.68844,"{""type"":""Point"",""coordinates"":[-87.68844,41.96572]}",13,21849,6,665,18,20,47,True,divvy_7c3e2055cbed8845,2013-08-21 17:12:00,239 | CHI00435 | TA1307000140,Western Ave & Leland Ave,Divvy_Stations_Trips_2013.zip,unverified_first_trip_proxy,,
a3a86c05-a135-11e9-9cda-0a87ae2ba916,Sheridan Rd & Irving Park Rd,CHI00304,31,31,In Service,41.954245,-87.654406,"{""type"":""Point"",""coordinates"":[-87.654406,41.954245]}",37,21186,57,83,39,53,46,True,divvy_2e22ce2ac60d932d,2013-08-13 10:43:00,13063 | 240 | CHI00304,Sheridan Rd & Irving Park Rd,Divvy_Stations_Trips_2013.zip,unverified_first_trip_proxy,,
a3a8711c-a135-11e9-9cda-0a87ae2ba916,Morgan St & Polk St,CHI00372,19,19,In Service,41.871737,-87.65103,"{""type"":""Point"",""coordinates"":[-87.65103,41.871737]}",8,14917,29,97,48,44,34,True,divvy_51643ecc428cda98,2013-08-22 15:41:00,241 | CHI00372 | TA1307000130,Morgan St & Polk St,Divvy_Stations_Trips_2013.zip,unverified_first_trip_proxy,,
a3a87631-a135-11e9-9cda-0a87ae2ba916,Damen Ave & Leland Ave,CHI00381,15,15,In Service,41.967081,-87.679076,"{""type"":""Point"",""coordinates"":[-87.679076,41.967081]}",13,21849,6,225,18,15,47,True,divvy_927f581493e6e7cf,2013-08-22 19:33:00,242 | CHI00381 | TA1307000158,Damen Ave & Leland Ave,Divvy_Stations_Trips_2013.zip,unverified_first_trip_proxy,,
a3a87b3f-a135-11e9-9cda-0a87ae2ba916,Lincoln Ave & Sunnyside Ave,CHI00425,15,14,In Service,41.963004,-87.684781,"{""type"":""Point"",""coordinates"":[-87.684781,41.963004]}",13,21849,6,667,18,20,47,True,divvy_19be793d706dc823,2018-07-01 06:23:21,243 | CHI00425 | TA1307000156,Lincoln Ave & Sunnyside Ave,Divvy_Trips_2018_Q3.zip,unverified_first_trip_proxy,,possible_rename
a3a8804b-a135-11e9-9cda-0a87ae2ba916,Ravenswood Ave & Irving Park Rd,CHI00309,19,19,In Service,41.95469,-87.67393,"{""type"":""Point"",""coordinates"":[-87.67393,41.95469]}",13,21186,46,622,18,53,47,True,divvy_b9348b549e3870b5,2013-06-29 06:26:00,244 | CHI00309 | TA1307000149,Ravenswood Ave & Irving Park Rd,Divvy_Stations_Trips_2013.zip,unverified_first_trip_proxy,,
a3a8855c-a135-11e9-9cda-0a87ae2ba916,Clarendon Ave & Junior Ter,CHI00395,27,27,In Service,41.961004,-87.649603,"{""type"":""Point"",""coordinates"":[-87.649603,41.961004]}",37,21186,31,636,39,53,46,True,divvy_c4b2355dfb399499,2013-08-26 14:58:00,13389 | 245 | CHI00395,Clarendon Ave & Junior Ter,Divvy_Stations_Trips_2013.zip,unverified_first_trip_proxy,,
a3a88a6d-a135-11e9-9cda-0a87ae2ba916,Ashland Ave & Belle Plaine Ave,CHI00380,15,15,In Service,41.95605,-87.66883,"{""type"":""Point"",""coordinates"":[-87.66883,41.95605]}",13,21186,57,650,18,53,47,True,divvy_1e3f6a57e65d2478,2013-08-26 16:00:00,13249 | 246 | CHI00380,Ashland Ave & Belle Plaine Ave,Divvy_Stations_Trips_2013.zip,unverified_first_trip_proxy,,name_has_multiple_locations
a3a88f84-a135-11e9-9cda-0a87ae2ba916,Shore Dr & 55th St,CHI00394,19,19,In Service,41.795212,-87.580715,"{""type"":""Point"",""coordinates"":[-87.580715,41.795212]}",32,21192,8,502,33,60,3,True,divvy_9c48ccd93dc3b812,2013-08-23 16:20:00,247 | CHI00394 | TA1308000009,Shore Dr & 55th St | Shore Drive & 55th St,Divvy_Stations_Trips_2013.zip,unverified_first_trip_proxy,,
a3a89488-a135-11e9-9cda-0a87ae2ba916,Woodlawn Ave & 55th St,CHI00423,19,19,In Service,41.795264,-87.596471,"{""type"":""Point"",""coordinates"":[-87.596471,41.795264]}",1,21192,8,499,33,10,3,True,divvy_92f1b0481b41db90,2013-08-23 16:14:00,248 | CHI00423 | TA1307000164,Woodlawn Ave & 55th St,Divvy_Stations_Trips_2013.zip,unverified_first_trip_proxy,,
a3a8999a-a135-11e9-9cda-0a87ae2ba916,Montrose Harbor,CHI00427,31,31,In Service,41.963982,-87.638181,"{""type"":""Point"",""coordinates"":[-87.638181,41.963982]}",37,21186,31,636,39,15,46,True,divvy_dda1b353f901b218,2013-06-28 13:54:00,249 | CHI00427 | TA1308000012,Montrose Harbor,Divvy_Stations_Trips_2013.zip,unverified_first_trip_proxy,,
a3a89ea8-a135-11e9-9cda-0a87ae2ba916,Ashland Ave & Wellington Ave,CHI00408,20,20,In Service,41.936083,-87.669807,"{""type"":""Point"",""coordinates"":[-87.669807,41.936083]}",16,4449,57,711,40,22,32,True,divvy_058d773680a2947a,2013-06-28 13:24:00,13269 | 250 | CHI00408,Ashland Ave & Wellington Ave,Divvy_Stations_Trips_2013.zip,unverified_first_trip_proxy,,
a3a9309d-a135-11e9-9cda-0a87ae2ba916,Clarendon Ave & Leland Ave,CHI00365,15,15,In Service,41.967968,-87.650001,"{""type"":""Point"",""coordinates"":[-87.650001,41.967968]}",37,22616,31,636,39,15,46,True,divvy_755360fe02c046bc,2013-06-27 19:10:00,251 | CHI00365 | TA1307000119,Clarendon Ave & Leland Ave,Divvy_Stations_Trips_2013.zip,unverified_first_trip_proxy,,first_archive_day
a3a93622-a135-11e9-9cda-0a87ae2ba916,Greenwood Ave & 47th St,CHI00422,15,15,In Service,41.809835,-87.599383,"{""type"":""Point"",""coordinates"":[-87.599383,41.809835]}",1,4301,5,395,10,36,9,True,divvy_37deeae637171cdb,2013-06-28 11:05:00,252 | CHI00422 | TA1308000002,Greenwood Ave & 47th St,Divvy_Stations_Trips_2013.zip,unverified_first_trip_proxy,,
a3a93b6d-a135-11e9-9cda-0a87ae2ba916,Winthrop Ave & Lawrence Ave,CHI00391,15,15,In Service,41.968812,-87.657659,"{""type"":""Point"",""coordinates"":[-87.657659,41.968812]}",37,22616,31,241,39,15,46,True,divvy_881cedb4b9d32fad,2013-09-05 21:23:00,253 | CHI00391 | TA1308000021,Clifton Ave & Lawrence Ave | Winthrop Ave & Lawrence Ave,Divvy_Stations_Trips_2013.zip,unverified_first_trip_proxy,,
a3a945c0-a135-11e9-9cda-0a87ae2ba916,Indiana Ave & Roosevelt Rd,CHI00450,39,39,In Service,41.867888,-87.623041,"{""type"":""Point"",""coordinates"":[-87.623041,41.867888]}",48,14913,38,368,10,35,9,True,divvy_ff031be077afbfe7,2013-06-28 00:50:00,255 | CHI00450 | SL-005,Indiana Ave & Roosevelt Rd,Divvy_Stations_Trips_2013.zip,unverified_first_trip_proxy,,
a3a94bc8-a135-11e9-9cda-0a87ae2ba916,Broadway & Sheridan Rd,CHI00476,24,24,In Service,41.952833,-87.649993,"{""type"":""Point"",""coordinates"":[-87.649993,41.952833]}",37,21186,57,83,39,53,46,True,divvy_a2bd0170196655ec,2013-09-05 18:27:00,13323 | 256 | CHI00476,Broadway & Sheridan Rd,Divvy_Stations_Trips_2013.zip,unverified_first_trip_proxy,,
a3a95142-a135-11e9-9cda-0a87ae2ba916,Lincoln Ave & Waveland Ave,CHI00446,15,15,In Service,41.948797,-87.675278,"{""type"":""Point"",""coordinates"":[-87.675278,41.948797]}",13,21186,46,644,18,53,47,True,divvy_3ee9e396a8cdc55e,2013-09-09 18:14:00,13253 | 257 | CHI00446,Lincoln Ave & Waveland Ave,Divvy_Stations_Trips_2013.zip,unverified_first_trip_proxy,,
a3a95669-a135-11e9-9cda-0a87ae2ba916,Logan Blvd & Elston Ave,CHI00410,27,27,In Service,41.929465,-87.684158,"{""type"":""Point"",""coordinates"":[-87.684158,41.929465]}",24,22535,23,240,41,1,32,True,divvy_c0a8161ecf9f3320,2013-09-09 16:36:00,258 | CHI00410 | TA1308000031,Logan Blvd & Elston Ave,Divvy_Stations_Trips_2013.zip,unverified_first_trip_proxy,,
a3a95b7a-a135-11e9-9cda-0a87ae2ba916,California Ave & Francis Pl,CHI00512,15,14,In Service,41.9184911537,-87.6974228024,"{""type"":""Point"",""coordinates"":[-87.697422802448,41.918491153687]}",15,22535,23,322,41,1,1,True,divvy_ed29384f261506e4,2013-09-03 10:51:00,13259 | 259 | CHI00512,California Ave & Francis Pl | California Ave & Francis Pl (Temp),Divvy_Stations_Trips_2013.zip,unverified_first_trip_proxy,,
a3a9607f-a135-11e9-9cda-0a87ae2ba916,Kedzie Ave & Milwaukee Ave,CHI00378,31,31,In Service,41.9297142,-87.7079884,"{""type"":""Point"",""coordinates"":[-87.7079884,41.9297142]}",15,22535,23,72,12,1,35,True,divvy_685c69f9938d7880,2013-09-17 14:59:00,13085 | 260 | CHI00378,Kedzie Ave & Milwaukee Ave,Divvy_Stations_Trips_2013.zip,unverified_first_trip_proxy,,
a3a965b2-a135-11e9-9cda-0a87ae2ba916,Hermitage Ave & Polk St,CHI00283,16,16,In Service,41.871514,-87.669886,"{""type"":""Point"",""coordinates"":[-87.669886,41.871514]}",48,21184,29,5,46,28,27,True,divvy_f5af841a94745759,2013-09-05 15:26:00,13080 | 261 | CHI00283,Hermitage Ave & Polk St,Divvy_Stations_Trips_2013.zip,unverified_first_trip_proxy,,
a3a96aca-a135-11e9-9cda-0a87ae2ba916,Halsted St & 37th St,CHI00415,11,11,In Service,41.827059,-87.64572,"{""type"":""Point"",""coordinates"":[-87.64572,41.827059]}",26,14924,58,172,48,37,7,True,divvy_f49f7ee3667e4ddc,2013-06-28 14:36:00,262 | CHI00415 | TA1307000161,Halsted St & 37th St,Divvy_Stations_Trips_2013.zip,unverified_first_trip_proxy,,
a3a96fd5-a135-11e9-9cda-0a87ae2ba916,Rhodes Ave & 32nd St,CHI00328,11,11,In Service,41.836208,-87.613533,"{""type"":""Point"",""coordinates"":[-87.613533,41.836208]}",1,21194,1,581,10,40,9,True,divvy_5935d5c8977ec23d,2013-09-18 11:46:00,13215 | 263 | CHI00328,Rhodes Ave & 32nd St,Divvy_Stations_Trips_2013.zip,unverified_first_trip_proxy,,
a3a97a01-a135-11e9-9cda-0a87ae2ba916,Cottage Grove Ave & Oakwood Blvd,CHI00400,15,15,In Service,41.822985,-87.6071,"{""type"":""Point"",""coordinates"":[-87.6071,41.822985]}",1,4301,4,583,10,36,9,True,divvy_333e8e39f87739b3,2013-09-18 12:12:00,265 | CHI00400 | TA1308000038,Cottage Grove Ave & Oakwood Blvd,Divvy_Stations_Trips_2013.zip,unverified_first_trip_proxy,,
a3a98429-a135-11e9-9cda-0a87ae2ba916,Lake Park Ave & 47th St,CHI00366,15,15,In Service,41.809443,-87.591875,"{""type"":""Point"",""coordinates"":[-87.591875,41.809443]}",1,21192,5,400,10,10,9,True,divvy_ffa50099e2413e0a,2013-09-17 15:27:00,267 | 812 | CHI00366 | TA1308000035,Lake Park Ave & 47th St,Divvy_Stations_Trips_2013.zip,unverified_first_trip_proxy,,possible_rename
a3a9892f-a135-11e9-9cda-0a87ae2ba916,DuSable Lake Shore Dr & North Blvd,CHI00525,39,39,In Service,41.911722,-87.626804,"{""type"":""Point"",""coordinates"":[-87.626804,41.911722]}",51,21190,68,271,34,16,43,True,divvy_c056add73abb74ea,2013-09-12 16:29:00,268 | CHI00525 | LF-005,DuSable Lake Shore Dr & North Blvd | Lake Shore Dr & North Blvd,Divvy_Stations_Trips_2013.zip,unverified_first_trip_proxy,,
a3a98e37-a135-11e9-9cda-0a87ae2ba916,Stony Island Ave & 75th St,CHI00565,11,11,In Service,41.7586696704,-87.586882871,"{""type"":""Point"",""coordinates"":[-87.586882871,41.7586696704]}",32,22538,39,188,35,61,10,True,divvy_faf848672e5cb8aa,2015-04-28 07:01:00,270 | CHI00565 | KA1503000019,Stony Island Ave & 75th St,Divvy_Trips_2015-Q1Q2.zip,unverified_first_trip_proxy,,
a3a99346-a135-11e9-9cda-0a87ae2ba916,Cottage Grove Ave & 43rd St,CHI00445,11,10,In Service,41.816499,-87.606582,"{""type"":""Point"",""coordinates"":[-87.606582,41.816499]}",1,4301,5,398,10,36,9,True,divvy_0a13bf93532ce7f2,2013-09-12 17:28:00,271 | CHI00445 | TA1308000023,Cottage Grove Ave & 43rd St,Divvy_Stations_Trips_2013.zip,unverified_first_trip_proxy,,
a3a9984a-a135-11e9-9cda-0a87ae2ba916,Indiana Ave & 31st St,CHI00436,11,11,In Service,41.838842,-87.621857,"{""type"":""Point"",""coordinates"":[-87.621857,41.838842]}",48,21194,1,191,10,40,9,True,divvy_48d467fb785ede5e,2013-09-13 08:36:00,272 | CHI00436 | TA1308000036,Indiana Ave & 31st St,Divvy_Stations_Trips_2013.zip,unverified_first_trip_proxy,,
a3a99d47-a135-11e9-9cda-0a87ae2ba916,Michigan Ave & 18th St,CHI00243,23,23,In Service,41.857926,-87.624336,"{""type"":""Point"",""coordinates"":[-87.624336,41.857926]}",48,21194,34,374,9,40,8,True,divvy_0f97e371f205f78d,2013-07-15 18:03:00,13150 | 273 | CHI00243,Michigan Ave & 18th St,Divvy_Stations_Trips_2013.zip,unverified_first_trip_proxy,,
a3a9a24f-a135-11e9-9cda-0a87ae2ba916,Racine Ave & 15th St,CHI00434,15,15,In Service,41.861267,-87.656625,"{""type"":""Point"",""coordinates"":[-87.656625,41.861267]}",8,14920,29,96,26,43,25,True,divvy_af184d9f56455a58,2013-09-12 21:21:00,13304 | 274 | CHI00434,Racine Ave & 15th St,Divvy_Stations_Trips_2013.zip,unverified_first_trip_proxy,,
a3a9a778-a135-11e9-9cda-0a87ae2ba916,Ashland Ave & 13th St,CHI00515,15,15,In Service,41.865234,-87.666507,"{""type"":""Point"",""coordinates"":[-87.666507,41.865234]}",48,14920,29,96,23,43,28,True,divvy_9ff22fa6664f3532,2013-09-12 20:20:00,13354 | 275 | CHI00515,Ashland Ave & 13th St,Divvy_Stations_Trips_2013.zip,unverified_first_trip_proxy,,
a3a9acc5-a135-11e9-9cda-0a87ae2ba916,California Ave & North Ave,CHI00268,11,11,In Service,41.910044,-87.697167,"{""type"":""Point"",""coordinates"":[-87.697167,41.910044]}",10,22535,25,301,49,4,26,True,divvy_fb734812be68e422,2013-09-12 18:03:00,13258 | 276 | CHI00268,California Ave & North Ave,Divvy_Stations_Trips_2013.zip,unverified_first_trip_proxy,,
a3a9b1d7-a135-11e9-9cda-0a87ae2ba916,Ashland Ave & Grand Ave,CHI00362,15,15,In Service,41.891072,-87.666611,"{""type"":""Point"",""coordinates"":[-87.666611,41.891072]}",10,22620,25,485,41,49,1,True,divvy_12b6f2841cca016c,2013-09-12 16:13:00,13434 | 277 | CHI00362,Ashland Ave & Grand Ave,Divvy_Stations_Trips_2013.zip,unverified_first_trip_proxy,,
a3a9b6e9-a135-11e9-9cda-0a87ae2ba916,Wallace St & 35th St,CHI00387,15,15,In Service,41.8307070514,-87.641255334,"{""type"":""Point"",""coordinates"":[-87.64125533402,41.830707051441]}",26,14924,58,172,48,37,7,True,divvy_2b67a8035e44f977,2013-09-13 19:58:00,278 | CHI00387 | TA1308000045,Wallace Ave & 35th St | Wallace St & 35th St,Divvy_Stations_Trips_2013.zip,unverified_first_trip_proxy,,
a3a9bbf0-a135-11e9-9cda-0a87ae2ba916,Halsted St & 35th St,CHI00401,15,15,In Service,41.830661,-87.647172,"{""type"":""Point"",""coordinates"":[-87.647172,41.830661]}",26,14924,58,172,48,37,7,True,divvy_0ea252da702edbf1,2013-06-28 10:04:00,279 | CHI00401 | TA1308000043,Halsted St & 35th St | Halsted St & 35th St (*),Divvy_Stations_Trips_2013.zip,unverified_first_trip_proxy,,
a3a9c0f6-a135-11e9-9cda-0a87ae2ba916,Morgan St & 31st St,CHI00431,15,15,In Service,41.8378,-87.65114,"{""type"":""Point"",""coordinates"":[-87.65114,41.8378]}",26,14920,58,676,48,43,7,True,divvy_5ff2e6efe4e62f43,2013-09-13 22:26:00,280 | CHI00431 | TA1308000046,Morgan St & 31st St,Divvy_Stations_Trips_2013.zip,unverified_first_trip_proxy,,
a3a9c5f7-a135-11e9-9cda-0a87ae2ba916,Western Ave & 24th St,CHI00325,7,7,In Service,41.84847,-87.685109,"{""type"":""Point"",""coordinates"":[-87.685109,41.84847]}",8,14920,33,204,26,43,25,True,divvy_9691e0f79b720057,2013-09-13 14:55:00,281 | CHI00325 | TA1309000003,Western Ave & 24th St,Divvy_Stations_Trips_2013.zip,unverified_first_trip_proxy,,
a3a9cafa-a135-11e9-9cda-0a87ae2ba916,Halsted St & Maxwell St,CHI00437,15,15,In Service,41.864883,-87.647071,"{""type"":""Point"",""coordinates"":[-87.647071,41.864883]}",8,14917,29,97,48,43,28,True,divvy_41de7855982b91c1,2013-09-13 20:10:00,282 | CHI00437 | TA1309000001,Halsted St & Maxwell St,Divvy_Stations_Trips_2013.zip,unverified_first_trip_proxy,,
a3a9d00a-a135-11e9-9cda-0a87ae2ba916,LaSalle St & Jackson Blvd,CHI00447,35,35,In Service,41.878166,-87.631929,"{""type"":""Point"",""coordinates"":[-87.631929,41.878166]}",22,14912,38,92,36,29,34,True,divvy_7d1b3c00c75bbc0c,2013-09-14 13:11:00,283 | CHI00447 | TA1309000004,LaSalle St & Jackson Blvd,Divvy_Stations_Trips_2013.zip,unverified_first_trip_proxy,,
a3a9d529-a135-11e9-9cda-0a87ae2ba916,Michigan Ave & Jackson Blvd,CHI00452,23,23,In Service,41.878556,-87.624146,"{""type"":""Point"",""coordinates"":[-87.624146,41.878556]}",22,14912,38,367,36,29,42,True,divvy_6c24e1d36f4e8bf9,2013-09-14 11:19:00,284 | CHI00452 | TA1309000002,Michigan Ave & Jackson Blvd,Divvy_Stations_Trips_2013.zip,unverified_first_trip_proxy,,
a3a9da3b-a135-11e9-9cda-0a87ae2ba916,Wood St & Hubbard St,CHI00499,19,19,In Service,41.889715,-87.671966,"{""type"":""Point"",""coordinates"":[-87.671966,41.889715]}",41,21560,25,520,46,4,27,True,divvy_221509ae188a5a02,2016-10-01 02:13:33,13432 | 285 | CHI00499,Wood St & Hubbard St,Divvy_Trips_2016_Q3Q4.zip,unverified_first_trip_proxy,,
a3a9df3a-a135-11e9-9cda-0a87ae2ba916,Franklin St & Adams St,CHI00453,15,15,In Service,41.8794340914,-87.6355040073,"{""type"":""Point"",""coordinates"":[-87.635504007339,41.8794340914]}",48,14914,38,92,36,46,42,True,divvy_7ac1e5a05b78c27c,2019-07-01 04:15:59,286 | CHI00453 | TA1309000008,Franklin St & Adams St | Franklin St & Adams St (Temp),Divvy_Trips_2019_Q3.zip,unverified_first_trip_proxy,,possible_rename
a3a9e44a-a135-11e9-9cda-0a87ae2ba916,Franklin St & Monroe St,CHI00449,48,48,In Service,41.880317,-87.635185,"{""type"":""Point"",""coordinates"":[-87.635185,41.880317]}",48,14914,38,92,36,46,42,True,divvy_4f248d343c282c95,2015-07-01 05:48:00,(ARCHIVE)CHI02078 | 287 | CHI00449 | CHI02078 | TA1309000007,Franklin St & Monroe St,Divvy_Trips_2015_Q3Q4.zip,unverified_first_trip_proxy,,possible_rename
a3a9ecff-a135-11e9-9cda-0a87ae2ba916,Larrabee St & Armitage Ave,CHI00441,15,15,In Service,41.918084,-87.643749,"{""type"":""Point"",""coordinates"":[-87.643749,41.918084]}",51,21190,68,273,34,16,43,True,divvy_3bed81c86cf1f573,2013-09-13 23:46:00,288 | CHI00441 | TA1309000006,Larrabee St & Armitage Ave,Divvy_Stations_Trips_2013.zip,unverified_first_trip_proxy,,
a3a9f256-a135-11e9-9cda-0a87ae2ba916,Wells St & Concord Ln,CHI00396,19,19,In Service,41.912133,-87.634656,"{""type"":""Point"",""coordinates"":[-87.634656,41.912133]}",51,21190,68,271,11,16,2,True,divvy_9ce8ac747f7fa501,2013-09-14 14:51:00,289 | CHI00396 | TA1308000050,Wells St & Concord Ln | Wells St & Concord Pl,Divvy_Stations_Trips_2013.zip,unverified_first_trip_proxy,,
a3a9f76a-a135-11e9-9cda-0a87ae2ba916,Kedzie Ave & Palmer Ct,CHI00442,15,15,In Service,41.921525,-87.707322,"{""type"":""Point"",""coordinates"":[-87.707322,41.921525]}",10,22535,23,321,40,1,35,True,divvy_11628518a63c16d2,2013-10-09 18:06:00,13292 | 290 | CHI00442,Kedzie Ave & Palmer Ct,Divvy_Stations_Trips_2013.zip,unverified_first_trip_proxy,,
a3a9fc75-a135-11e9-9cda-0a87ae2ba916,Wells St & Evergreen Ave,CHI00393,19,19,In Service,41.906724,-87.63483,"{""type"":""Point"",""coordinates"":[-87.63483,41.906724]}",51,14926,37,290,11,54,2,True,divvy_4b0aaa6183b1ec75,2013-09-05 14:25:00,291 | CHI00393 | TA1308000049,Wells St & Evergreen Ave,Divvy_Stations_Trips_2013.zip,unverified_first_trip_proxy,,
a3aa017e-a135-11e9-9cda-0a87ae2ba916,Southport Ave & Clark St,CHI00433,11,11,In Service,41.957081,-87.664199,"{""type"":""Point"",""coordinates"":[-87.664199,41.957081]}",13,21186,57,650,18,53,46,True,divvy_5d2dfce58d36b956,2013-09-09 10:07:00,292 | CHI00433 | TA1308000047,Southport Ave & Clark St,Divvy_Stations_Trips_2013.zip,unverified_first_trip_proxy,,
a3aa0699-a135-11e9-9cda-0a87ae2ba916,Broadway & Wilson Ave,CHI00272,23,22,In Service,41.965221,-87.658139,"{""type"":""Point"",""coordinates"":[-87.658139,41.965221]}",37,22616,31,241,39,15,46,True,divvy_0ca268041b2939bf,2013-09-18 12:49:00,13074 | 293 | CHI00272,Broadway & Wilson - Truman College Vaccination Site | Broadway & Wilson Ave,Divvy_Stations_Trips_2013.zip,unverified_first_trip_proxy,,
a3aa0bb7-a135-11e9-9cda-0a87ae2ba916,Broadway & Berwyn Ave,CHI00414,15,15,In Service,41.978361,-87.659789,"{""type"":""Point"",""coordinates"":[-87.659789,41.978361]}",40,22616,76,160,16,15,48,True,divvy_6af4826365da8be0,2013-09-18 17:26:00,13109 | 294 | CHI00414,Broadway & Berwyn Ave,Divvy_Stations_Trips_2013.zip,unverified_first_trip_proxy,,
a3aa10ca-a135-11e9-9cda-0a87ae2ba916,Broadway & Argyle St,CHI00311,19,19,In Service,41.97423,-87.6597735,"{""type"":""Point"",""coordinates"":[-87.6597735,41.97423]}",40,22616,31,634,16,15,48,True,divvy_f177758dc28aedf2,2013-09-18 23:54:00,13108 | 295 | CHI00311,Broadway & Argyle St,Divvy_Stations_Trips_2013.zip,unverified_first_trip_proxy,,
a3aa1623-a135-11e9-9cda-0a87ae2ba916,Broadway & Belmont Ave,CHI00239,19,19,In Service,41.940106,-87.645451,"{""type"":""Point"",""coordinates"":[-87.645451,41.940106]}",38,4449,57,730,25,22,44,True,divvy_90f5a6fbe37b7c30,2013-09-13 19:01:00,13277 | 296 | CHI00239,Broadway & Belmont Ave,Divvy_Stations_Trips_2013.zip,unverified_first_trip_proxy,,
a3aa1b5b-a135-11e9-9cda-0a87ae2ba916,Paulina St & Montrose Ave,CHI00463,15,15,In Service,41.961507,-87.671387,"{""type"":""Point"",""coordinates"":[-87.671387,41.961507]}",13,21186,57,651,18,53,47,True,divvy_3729b4be752555ab,2013-09-19 17:09:00,297 | CHI00463 | TA1309000021,Paulina St & Montrose Ave,Divvy_Stations_Trips_2013.zip,unverified_first_trip_proxy,,
a3aa2078-a135-11e9-9cda-0a87ae2ba916,Lincoln Ave & Belle Plaine Ave,CHI00464,15,15,In Service,41.9560035508,-87.6801614463,"{""type"":""Point"",""coordinates"":[-87.680161446333,41.956003550785]}",13,21538,46,623,18,39,47,True,divvy_768efd0049a2ed17,2013-10-01 19:40:00,298 | CHI00464 | TA1309000026,Lincoln Ave & Belle Plaine Ave,Divvy_Stations_Trips_2013.zip,unverified_first_trip_proxy,,
a3aa2abb-a135-11e9-9cda-0a87ae2ba916,Broadway & Barry Ave,CHI00390,19,19,In Service,41.937582316,-87.644097805,"{""type"":""Point"",""coordinates"":[-87.644097805023,41.937582316006]}",38,4449,57,683,25,22,44,True,divvy_b8cff87488c71eac,2013-06-27 14:40:00,13137 | 300 | CHI00390,Broadway & Barry Ave,Divvy_Stations_Trips_2013.zip,unverified_first_trip_proxy,,first_archive_day
a3aa2ff4-a135-11e9-9cda-0a87ae2ba916,Clark St & Schiller St,CHI00462,19,19,In Service,41.907993,-87.631501,"{""type"":""Point"",""coordinates"":[-87.631501,41.907993]}",22,14926,37,100,11,54,2,True,divvy_89e308a90cb4d4cb,2013-09-19 13:02:00,301 | CHI00462 | TA1309000024,Clark St & Schiller St,Divvy_Stations_Trips_2013.zip,unverified_first_trip_proxy,,
a3aa35a4-a135-11e9-9cda-0a87ae2ba916,Sheffield Ave & Wrightwood Ave,CHI00465,36,35,In Service,41.928712,-87.653833,"{""type"":""Point"",""coordinates"":[-87.653833,41.928712]}",16,21190,68,795,34,16,43,True,divvy_cbeb9f05621472c0,2013-09-20 15:26:00,302 | CHI00465 | TA1309000023,Sheffield Ave & Wrightwood Ave,Divvy_Stations_Trips_2013.zip,unverified_first_trip_proxy,,
a3aa3adf-a135-11e9-9cda-0a87ae2ba916,Broadway & Cornelia Ave,CHI00430,24,23,In Service,41.945529,-87.646439,"{""type"":""Point"",""coordinates"":[-87.646439,41.945529]}",37,4449,57,692,39,22,46,True,divvy_97a7b303527b7725,2013-09-19 18:03:00,13278 | 303 | CHI00430,Broadway & Cornelia Ave,Divvy_Stations_Trips_2013.zip,unverified_first_trip_proxy,,
a3aa4017-a135-11e9-9cda-0a87ae2ba916,Broadway & Waveland Ave,CHI00496,16,16,In Service,41.949074,-87.648636,"{""type"":""Point"",""coordinates"":[-87.648636,41.949074]}",37,21186,57,726,39,53,46,True,divvy_d1ac474ffc2acd49,2015-01-01 08:54:00,13325 | 304 | CHI00496,Broadway & Waveland Ave,Divvy_Trips_2015-Q1Q2.zip,unverified_first_trip_proxy,,possible_rename
a3aa453c-a135-11e9-9cda-0a87ae2ba916,Western Ave & Division St,CHI00375,23,23,In Service,41.902893,-87.687275,"{""type"":""Point"",""coordinates"":[-87.687275,41.902893]}",10,21560,25,542,41,4,26,True,divvy_bafb6dad48975ff9,2013-06-30 13:14:00,13241 | 305 | CHI00375,Western Ave & Division St,Divvy_Stations_Trips_2013.zip,unverified_first_trip_proxy,,
a3aa4a58-a135-11e9-9cda-0a87ae2ba916,Sheridan Rd & Buena Ave,CHI00468,19,19,In Service,41.95848,-87.65507,"{""type"":""Point"",""coordinates"":[-87.65507,41.95848]}",37,21186,31,577,39,53,46,True,divvy_4c636f107894ed7b,2013-09-23 21:53:00,306 | CHI00468 | TA1309000027,Sheridan Rd & Buena Ave,Divvy_Stations_Trips_2013.zip,unverified_first_trip_proxy,,
a3aa4f80-a135-11e9-9cda-0a87ae2ba916,Southport Ave & Clybourn Ave,CHI00466,16,16,In Service,41.9207449,-87.6636913,"{""type"":""Point"",""coordinates"":[-87.6636913,41.9207449]}",16,21190,68,210,11,16,32,True,divvy_0e1cc2fa312d2db5,2013-09-25 12:29:00,307 | CHI00466 | TA1309000030,Southport Ave & Clybourn Ave,Divvy_Stations_Trips_2013.zip,unverified_first_trip_proxy,,name_has_multiple_locations
a3aa54a0-a135-11e9-9cda-0a87ae2ba916,Seeley Ave & Roscoe St,CHI00475,11,11,In Service,41.943403,-87.679618,"{""type"":""Point"",""coordinates"":[-87.679618,41.943403]}",16,21538,46,614,40,39,32,True,divvy_4848e0a02124dae2,2013-09-27 13:34:00,13144 | 308 | CHI00475,Seeley Ave & Roscoe St,Divvy_Stations_Trips_2013.zip,unverified_first_trip_proxy,,
a3aa59bb-a135-11e9-9cda-0a87ae2ba916,Leavitt St & Armitage Ave,CHI00467,11,11,In Service,41.917805,-87.682437,"{""type"":""Point"",""coordinates"":[-87.682437,41.917805]}",16,22535,23,178,40,1,32,True,divvy_95fb62a1e685377e,2013-09-20 14:37:00,309 | CHI00467 | TA1309000029,Leavitt St & Armitage Ave,Divvy_Stations_Trips_2013.zip,unverified_first_trip_proxy,,
a3aa5ed1-a135-11e9-9cda-0a87ae2ba916,Damen Ave & Charleston St,CHI00403,11,11,In Service,41.920082,-87.677855,"{""type"":""Point"",""coordinates"":[-87.677855,41.920082]}",16,22535,23,178,40,1,32,True,divvy_0e9ce9b4986ba484,2013-06-29 17:29:00,13288 | 310 | CHI00403,Damen Ave & Charleston St,Divvy_Stations_Trips_2013.zip,unverified_first_trip_proxy,,
a3aa640c-a135-11e9-9cda-0a87ae2ba916,Leavitt St & Argyle,CHI00472,11,11,In Service,41.97246,-87.68413,"{""type"":""Point"",""coordinates"":[-87.68413,41.97246]}",13,21849,6,106,24,20,40,True,divvy_b5b27340b763fa0c,2026-08-05 16:01:15.076000,CHI00472,Leavitt St & Argyle,202608-divvy-tripdata.zip,unverified_first_trip_proxy,,
a3aa692e-a135-11e9-9cda-0a87ae2ba916,Clarendon Ave & Gordon Ter,CHI00455,15,15,In Service,41.9578665242,-87.6495051384,"{""type"":""Point"",""coordinates"":[-87.649505138397,41.957866524152]}",37,21186,31,636,39,53,46,True,divvy_4ab1707a79326f36,2013-06-30 10:34:00,13379 | 312 | CHI00455,Clarendon Ave & Gordon Ter,Divvy_Stations_Trips_2013.zip,unverified_first_trip_proxy,,
a3aa6e51-a135-11e9-9cda-0a87ae2ba916,Lakeview Ave & Fullerton Pkwy,CHI00469,19,19,In Service,41.925858,-87.638973,"{""type"":""Point"",""coordinates"":[-87.638973,41.925858]}",51,21190,68,101,34,16,43,True,divvy_e384012fff6b755c,2013-06-30 03:06:00,313 | CHI00469 | TA1309000019,Lakeview Ave & Fullerton Pkwy,Divvy_Stations_Trips_2013.zip,unverified_first_trip_proxy,,
a3aa7373-a135-11e9-9cda-0a87ae2ba916,Ravenswood Ave & Berteau Ave,CHI00471,15,15,In Service,41.957921,-87.673567,"{""type"":""Point"",""coordinates"":[-87.673567,41.957921]}",13,21186,57,651,18,53,47,True,divvy_b57ead20d3d1ffeb,2013-07-29 15:12:00,314 | CHI00471 | TA1309000018,Ravenswood Ave & Berteau Ave,Divvy_Stations_Trips_2013.zip,unverified_first_trip_proxy,,
a3aa7897-a135-11e9-9cda-0a87ae2ba916,Elston Ave & Wabansia Ave,CHI00500,23,23,In Service,41.912919,-87.664169,"{""type"":""Point"",""coordinates"":[-87.664169,41.912919]}",16,22620,25,109,11,49,32,True,divvy_2c3e07e4f9d44c85,2015-07-01 05:34:00,315 | CHI00500 | TA1309000032,Elston Ave & Wabansia Ave,Divvy_Trips_2015_Q3Q4.zip,unverified_first_trip_proxy,,
a3aa7db3-a135-11e9-9cda-0a87ae2ba916,Damen Ave & Sunnyside Ave,CHI00459,19,19,In Service,41.96325,-87.679258,"{""type"":""Point"",""coordinates"":[-87.679258,41.96325]}",13,21849,6,667,18,20,47,True,divvy_b8d7de542a4dcaf7,2013-09-25 18:33:00,316 | CHI00459 | TA1309000012,Damen Ave & Sunnyside Ave,Divvy_Stations_Trips_2013.zip,unverified_first_trip_proxy,,
a3aa82d0-a135-11e9-9cda-0a87ae2ba916,Wood St & Taylor St (Temp),CHI00440,23,23,In Service,41.8692652184,-87.6737308502,"{""type"":""Point"",""coordinates"":[-87.67373085022,41.869265218438]}",48,21184,29,5,46,28,27,True,divvy_f3bfadcfbda1d264,2020-09-01 04:17:11,13285 | 317 | CHI00440,Wood St & Taylor St | Wood St & Taylor St (Temp),202009-divvy-tripdata.zip,unverified_first_trip_proxy,2013-09-22 09:55:00,earlier_same_name_history | name_has_multiple_locations
a3aa8ca0-a135-11e9-9cda-0a87ae2ba916,Southport Ave & Irving Park Rd,CHI00481,15,15,In Service,41.954177,-87.664358,"{""type"":""Point"",""coordinates"":[-87.664358,41.954177]}",13,21186,57,724,18,53,46,True,divvy_fc9d2e3194410663,2013-09-22 10:52:00,318 | CHI00481 | TA1309000043,Southport Ave & Irving Park Rd,Divvy_Stations_Trips_2013.zip,unverified_first_trip_proxy,,
a3aa91f4-a135-11e9-9cda-0a87ae2ba916,Southport Ave & Diversey Pkwy,CHI00382,15,15,In Service,41.93266,-87.66347,"{""type"":""Point"",""coordinates"":[-87.66347,41.93266]}",16,21190,57,679,40,22,32,True,divvy_eabfd69089a0c4b8,2026-02-01 14:06:51.891000,CHI00382,Greenview Ave & Diversey Pkwy | Southport Ave & Diversey Pkwy,202602-divvy-tripdata.zip,unverified_first_trip_proxy,2013-06-29 19:40:00,earlier_same_name_history
a3aa9732-a135-11e9-9cda-0a87ae2ba916,Loomis St & Lexington St,CHI00238,20,20,In Service,41.8722287322,-87.661363855,"{""type"":""Point"",""coordinates"":[-87.661363855004,41.87222873224]}",8,14917,29,88,23,44,34,True,divvy_655e9edc84ce7419,2013-06-27 15:54:00,13332 | 320 | CHI00238 | chargingstx06,Loomis St & Lexington St | Loomis St & Lexington St*,Divvy_Stations_Trips_2013.zip,unverified_first_trip_proxy,,first_archive_day
a3aa9c65-a135-11e9-9cda-0a87ae2ba916,Wabash Ave & 9th St,CHI00448,19,19,In Service,41.870769,-87.625734,"{""type"":""Point"",""coordinates"":[-87.625734,41.870769]}",48,14913,38,368,10,35,9,True,divvy_2b4a61eb70e58b85,2017-07-01 01:57:23,321 | CHI00448 | TA1309000010,Wabash Ave & 9th St,Divvy_Trips_2017_Q3Q4.zip,unverified_first_trip_proxy,,possible_rename
a3aaa17b-a135-11e9-9cda-0a87ae2ba916,Kimbark Ave & 53rd St,CHI00490,19,19,In Service,41.7994549,-87.5947779,"{""type"":""Point"",""coordinates"":[-87.5947779,41.7994549]}",1,21192,8,499,10,10,3,True,divvy_a6dc80b6a6cbc722,2013-06-28 17:01:00,322 | CHI00490 | TA1309000037,Kimbark Ave & 53rd St,Divvy_Stations_Trips_2013.zip,unverified_first_trip_proxy,,
a3aaa68b-a135-11e9-9cda-0a87ae2ba916,Sheridan Rd & Lawrence Ave,CHI00492,19,19,In Service,41.969517,-87.654691,"{""type"":""Point"",""coordinates"":[-87.654691,41.969517]}",40,22616,31,635,39,15,46,True,divvy_175f55857f2a35c8,2013-09-23 16:31:00,323 | CHI00492 | TA1309000041,Sheridan Rd & Lawrence Ave,Divvy_Stations_Trips_2013.zip,unverified_first_trip_proxy,,
a3aaaba2-a135-11e9-9cda-0a87ae2ba916,Stockton Dr & Wrightwood Ave,CHI00522,15,15,In Service,41.93132,-87.638742,"{""type"":""Point"",""coordinates"":[-87.638742,41.93132]}",51,21190,68,101,34,16,43,True,divvy_f165dd481fd59415,2013-10-03 18:07:00,13276 | 324 | CHI00522,Stockton Dr & Wrightwood Ave,Divvy_Stations_Trips_2013.zip,unverified_first_trip_proxy,,
a3aab0b6-a135-11e9-9cda-0a87ae2ba916,Clark St & Winnemac Ave,CHI00495,19,19,In Service,41.9733476405,-87.6678554714,"{""type"":""Point"",""coordinates"":[-87.667855471373,41.973347640473]}",37,22616,31,633,18,15,47,True,divvy_da870e0c92ebc3c6,2013-09-23 16:44:00,325 | CHI00495 | TA1309000035,Clark St & Winnemac Ave | Clark St & Winnemac Ave (Temp),Divvy_Stations_Trips_2013.zip,unverified_first_trip_proxy,,name_has_multiple_locations
a3aab5c1-a135-11e9-9cda-0a87ae2ba916,Clark St & Leland Ave,CHI00461,19,19,In Service,41.9670878392,-87.6672908664,"{""type"":""Point"",""coordinates"":[-87.667290866375,41.967087839184]}",13,22616,31,559,18,15,47,True,divvy_b115d9af68ef93bb,2013-09-27 14:45:00,326 | CHI00461 | TA1309000014,Clark St & Leland Ave,Divvy_Stations_Trips_2013.zip,unverified_first_trip_proxy,,
a3aabad8-a135-11e9-9cda-0a87ae2ba916,Sheffield Ave & Webster Ave,CHI00507,19,19,In Service,41.92154,-87.653818,"{""type"":""Point"",""coordinates"":[-87.653818,41.92154]}",16,21190,68,797,34,16,43,True,divvy_847920995cf49dd6,2013-09-25 12:07:00,327 | CHI00507 | TA1309000033,Sheffield Ave & Webster Ave,Divvy_Stations_Trips_2013.zip,unverified_first_trip_proxy,,
a3aabfe3-a135-11e9-9cda-0a87ae2ba916,Ellis Ave & 58th St,CHI00460,19,19,In Service,41.788746,-87.601334,"{""type"":""Point"",""coordinates"":[-87.601334,41.788746]}",32,22260,8,154,33,60,3,True,divvy_7a711e07f512f544,2013-06-30 13:42:00,328 | CHI00460 | TA1309000011,Ellis Ave & 58th St,Divvy_Stations_Trips_2013.zip,unverified_first_trip_proxy,,
a3aac4f9-a135-11e9-9cda-0a87ae2ba916,DuSable Lake Shore Dr & Diversey Pkwy,CHI00493,23,23,In Service,41.932588,-87.636427,"{""type"":""Point"",""coordinates"":[-87.636427,41.932588]}",51,4449,68,101,34,16,43,True,divvy_70ad65fe13c34c96,2013-09-25 17:53:00,329 | CHI00493 | TA1309000039,DuSable Lake Shore Dr & Diversey Pkwy | Lake Shore Dr & Diversey Pkwy,Divvy_Stations_Trips_2013.zip,unverified_first_trip_proxy,,
a3aaca0e-a135-11e9-9cda-0a87ae2ba916,Lincoln Ave & Addison St,CHI00478,19,19,In Service,41.946176,-87.673308,"{""type"":""Point"",""coordinates"":[-87.673308,41.946176]}",16,4449,57,239,18,22,47,True,divvy_5cb197a55168e32e,2013-06-30 18:15:00,330 | CHI00478 | TA1309000050,Lincoln Ave & Addison St,Divvy_Stations_Trips_2013.zip,unverified_first_trip_proxy,,
a3aacf29-a135-11e9-9cda-0a87ae2ba916,Halsted St & Clybourn Ave,CHI01161,28,27,In Service,41.909668,-87.648128,"{""type"":""Point"",""coordinates"":[-87.648128,41.909668]}",41,22620,37,108,46,54,27,True,divvy_d99e25edf3178c55,2018-01-01 02:19:46,331 | CHI01161,Halsted St & Clybourn Ave | Halsted St & Clybourn Ave (*),Divvy_Trips_2018_Q1.zip,unverified_first_trip_proxy,,possible_rename
a3aad940-a135-11e9-9cda-0a87ae2ba916,Ashland Ave & Blackhawk St,CHI00333,7,7,In Service,41.907066,-87.667252,"{""type"":""Point"",""coordinates"":[-87.667252,41.907066]}",24,21560,25,483,11,49,1,True,divvy_2dac913bd7b55c85,2013-09-27 17:45:00,13224 | 333 | CHI00333,Ashland Ave & Blackhawk St,Divvy_Stations_Trips_2013.zip,unverified_first_trip_proxy,,
a3aade4c-a135-11e9-9cda-0a87ae2ba916,DuSable Lake Shore Dr & Belmont Ave,CHI00480,19,19,In Service,41.940775,-87.639192,"{""type"":""Point"",""coordinates"":[-87.639192,41.940775]}",38,4449,57,535,25,22,44,True,divvy_ea590fe7f437429a,2013-09-27 15:15:00,334 | CHI00480 | TA1309000049,DuSable Lake Shore Dr & Belmont Ave | Lake Shore Dr & Belmont Ave,Divvy_Stations_Trips_2013.zip,unverified_first_trip_proxy,,
a3aae35a-a135-11e9-9cda-0a87ae2ba916,Calumet Ave & 35th St,CHI00355,15,15,In Service,41.831379,-87.618034,"{""type"":""Point"",""coordinates"":[-87.618034,41.831379]}",48,21194,1,190,10,40,9,True,divvy_b4fee402e3e2f457,2013-10-19 10:33:00,13345 | 335 | CHI00355,Calumet Ave & 35th St,Divvy_Stations_Trips_2013.zip,unverified_first_trip_proxy,,
a3aae870-a135-11e9-9cda-0a87ae2ba916,Cottage Grove Ave & 49th St,CHI00488,15,15,In Service,41.806273,-87.606643,"{""type"":""Point"",""coordinates"":[-87.606643,41.806273]}",1,21192,4,165,10,10,9,True,divvy_4dacdddd0e7d8f82,2025-09-17 17:44:04.285000,CHI00488,Cottage Grove Ave & 49th St,202509-divvy-tripdata.zip,unverified_first_trip_proxy,,
a3aaed81-a135-11e9-9cda-0a87ae2ba916,Clark St & Chicago Ave,CHI00351,19,19,In Service,41.89675,-87.63089,"{""type"":""Point"",""coordinates"":[-87.63089,41.89675]}",22,14926,37,310,11,54,2,True,divvy_198e5375f845b36d,2013-09-27 18:39:00,13303 | 337 | CHI00351,Clark St & Chicago Ave,Divvy_Stations_Trips_2013.zip,unverified_first_trip_proxy,,
a3aaf2ac-a135-11e9-9cda-0a87ae2ba916,Calumet Ave & 18th St,CHI02039,15,15,In Service,41.8576175529,-87.6194107533,"{""type"":""Point"",""coordinates"":[-87.61941075325,41.857617552938]}",48,21194,34,374,9,40,8,True,divvy_681aeb46544a158c,2013-09-08 09:15:00,13102 | 338 | CHI02039,Calumet Ave & 18th St,Divvy_Stations_Trips_2013.zip,unverified_first_trip_proxy,,
a3aaf7bc-a135-11e9-9cda-0a87ae2ba916,Emerald Ave & 31st St,CHI00486,15,15,In Service,41.838198,-87.645143,"{""type"":""Point"",""coordinates"":[-87.645143,41.838198]}",26,21194,58,688,48,40,7,True,divvy_77ff0abfe90d48ff,2013-09-28 23:14:00,339 | CHI00486 | TA1309000055,Emerald Ave & 31st St,Divvy_Stations_Trips_2013.zip,unverified_first_trip_proxy,,
a3aafccb-a135-11e9-9cda-0a87ae2ba916,Clark St & Wrightwood Ave,CHI00287,15,15,In Service,41.929546,-87.643118,"{""type"":""Point"",""coordinates"":[-87.643118,41.929546]}",51,21190,68,794,34,16,43,True,divvy_bfe493902e2e8fc6,2013-06-27 19:23:00,340 | CHI00287 | TA1305000014,Clark St & Wrightwood Ave,Divvy_Stations_Trips_2013.zip,unverified_first_trip_proxy,,first_archive_day
a3ab812d-a135-11e9-9cda-0a87ae2ba916,Adler Planetarium,CHI00360,39,39,In Service,41.866095,-87.607267,"{""type"":""Point"",""coordinates"":[-87.607267,41.866095]}",48,14913,34,374,10,35,9,True,divvy_7c83640aadebbb4f,2013-06-28 09:49:00,13431 | 341 | CHI00360,Adler Planetarium,Divvy_Stations_Trips_2013.zip,unverified_first_trip_proxy,,
a3ab86b6-a135-11e9-9cda-0a87ae2ba916,Wolcott Ave & Polk St,CHI00501,23,23,In Service,41.871262,-87.673688,"{""type"":""Point"",""coordinates"":[-87.673688,41.871262]}",48,21184,29,5,46,28,27,True,divvy_3e6519bbf136dc9f,2013-08-26 16:10:00,342 | CHI00501 | TA1309000064,Wolcott Ave & Polk St,Divvy_Stations_Trips_2013.zip,unverified_first_trip_proxy,,
a3ab8bee-a135-11e9-9cda-0a87ae2ba916,Racine Ave & Wrightwood Ave,CHI00506,15,15,In Service,41.928887,-87.658971,"{""type"":""Point"",""coordinates"":[-87.658971,41.928887]}",16,21190,68,796,34,16,32,True,divvy_ff3e6186907068e8,2013-10-25 11:02:00,343 | CHI00506 | TA1309000059,Racine Ave & Wrightwood Ave,Divvy_Stations_Trips_2013.zip,unverified_first_trip_proxy,,
a3ab9119-a135-11e9-9cda-0a87ae2ba916,Ravenswood Ave & Lawrence Ave,CHI00508,47,47,In Service,41.968445,-87.674226,"{""type"":""Point"",""coordinates"":[-87.674226,41.968445]}",13,22616,6,225,18,15,47,True,divvy_f0a8a1e0969a1c29,2014-07-01 03:58:00,344 | CHI00508 | TA1309000066,Ravenswood Ave & Lawrence Ave,Divvy_Stations_Trips_2014_Q3Q4.zip,unverified_first_trip_proxy,,
a3ac0fff-a135-11e9-9cda-0a87ae2ba916,Stony Island Ave & 57th St,CHI00511,19,17,In Service,41.79161,-87.58748,"{""type"":""Point"",""coordinates"":[-87.58748,41.79161]}",32,22260,8,502,33,60,3,True,divvy_5d390a9865a09892,2025-02-01 08:59:13.842000,CHI00511 | TA1309000063,Lake Park Ave & 56th St | Stony Island Ave & 57th St,202502-divvy-tripdata.zip,unverified_first_trip_proxy,2013-10-09 13:21:00,earlier_same_name_history
a3ac1607-a135-11e9-9cda-0a87ae2ba916,Ada St & Washington Blvd,CHI00278,15,15,In Service,41.88283,-87.661206,"{""type"":""Point"",""coordinates"":[-87.661206,41.88283]}",41,14917,29,63,46,44,27,True,divvy_50040c5900e121b2,2013-10-10 16:09:00,13353 | 346 | CHI00278,Ada St & Washington Blvd,Divvy_Stations_Trips_2013.zip,unverified_first_trip_proxy,,
a3ac1bc9-a135-11e9-9cda-0a87ae2ba916,Ashland Ave & Grace St,CHI00503,7,7,In Service,41.95068,-87.6687,"{""type"":""Point"",""coordinates"":[-87.6687,41.95068]}",13,21186,57,724,18,53,47,True,divvy_d0bee424dc0f5785,2013-07-31 17:38:00,13319 | 347 | CHI00503,Ashland Ave & Grace St,Divvy_Stations_Trips_2013.zip,unverified_first_trip_proxy,,name_has_multiple_locations
a3ac213b-a135-11e9-9cda-0a87ae2ba916,California Ave & 21st St,CHI00397,15,15,In Service,41.8537957935,-87.6958228648,"{""type"":""Point"",""coordinates"":[-87.695822864771,41.853795793473]}",29,21569,32,203,1,57,25,True,divvy_a0cb8c37372c1f95,2013-06-27 23:37:00,13096 | 348 | CHI00397,California Ave & 21st St,Divvy_Stations_Trips_2013.zip,unverified_first_trip_proxy,,first_archive_day
a3ac2671-a135-11e9-9cda-0a87ae2ba916,Halsted St & Wrightwood Ave,CHI00504,15,15,In Service,41.929143,-87.649077,"{""type"":""Point"",""coordinates"":[-87.649077,41.929143]}",51,21190,68,769,34,16,43,True,divvy_d38073c8048f0c4b,2013-06-27 15:05:00,349 | CHI00504 | TA1309000061,Halsted St & Wrightwood Ave,Divvy_Stations_Trips_2013.zip,unverified_first_trip_proxy,,first_archive_day
a3ac2b9c-a135-11e9-9cda-0a87ae2ba916,Ashland Ave & Chicago Ave,CHI00338,15,15,In Service,41.8959543573,-87.6677280664,"{""type"":""Point"",""coordinates"":[-87.667728066444,41.895954357343]}",24,21560,25,520,41,4,1,True,divvy_e2e8ac1307365452,2013-06-27 23:39:00,13247 | 350 | CHI00338,Ashland Ave & Chicago Ave,Divvy_Stations_Trips_2013.zip,unverified_first_trip_proxy,,first_archive_day
a3ac30c5-a135-11e9-9cda-0a87ae2ba916,Cottage Grove Ave & 51st St,CHI00502,15,15,In Service,41.803038,-87.606615,"{""type"":""Point"",""coordinates"":[-87.606615,41.803038]}",1,21192,4,165,10,10,20,True,divvy_28c50662c42e8684,2013-06-28 11:39:00,351 | CHI00502 | TA1309000067,Cottage Grove Ave & 51st St,Divvy_Stations_Trips_2013.zip,unverified_first_trip_proxy,,
a3ac35ed-a135-11e9-9cda-0a87ae2ba916,Jeffery Blvd & 67th St,CHI00546,11,11,In Service,41.7735175513,-87.5771428255,"{""type"":""Point"",""coordinates"":[-87.5771428255,41.77351755125]}",32,22538,9,134,33,24,3,True,divvy_821251c4d26ff69c,2015-04-28 09:47:00,352 | 753 | CHI00546 | KA1503000030,Jeffery Blvd & 67th St,Divvy_Trips_2015-Q1Q2.zip,unverified_first_trip_proxy,,possible_rename
a3ac3b03-a135-11e9-9cda-0a87ae2ba916,Clark St & Touhy Ave,CHI00751,15,15,In Service,42.0125601154,-87.6743671152,"{""type"":""Point"",""coordinates"":[-87.6743671152,42.01256011541]}",3,21853,10,49,5,9,49,True,divvy_d7fdcce2d68d5bdf,2015-05-18 20:27:00,353 | CHI00751 | RP-007,Clark St & Touhy Ave,Divvy_Trips_2015-Q1Q2.zip,unverified_first_trip_proxy,,
a3ac4024-a135-11e9-9cda-0a87ae2ba916,Sheridan Rd & Greenleaf Ave,CHI00371,15,15,In Service,42.0105865628,-87.6624120948,"{""type"":""Point"",""coordinates"":[-87.6624120948,42.01058656284]}",3,21853,10,267,5,9,49,True,divvy_bbd29c3a73679044,2015-05-15 17:04:00,354 | CHI00371 | KA1504000159,Sheridan Rd & Greenleaf Ave,Divvy_Trips_2015-Q1Q2.zip,unverified_first_trip_proxy,,
a3ac4548-a135-11e9-9cda-0a87ae2ba916,South Shore Dr & 67th St,CHI00247,15,15,In Service,41.773643,-87.567514,"{""type"":""Point"",""coordinates"":[-87.567514,41.773643]}",32,22538,9,134,33,24,3,True,divvy_4386fe4fbd0b8846,2015-04-26 17:29:00,355 | CHI00247 | KA1503000029,South Shore Dr & 67th St,Divvy_Trips_2015-Q1Q2.zip,unverified_first_trip_proxy,,
a3ac4a7c-a135-11e9-9cda-0a87ae2ba916,Stony Island Ave & 71st St,CHI00549,11,11,In Service,41.7664929373,-87.5864608775,"{""type"":""Point"",""coordinates"":[-87.5864608775,41.7664929373]}",32,22538,39,416,33,60,3,True,divvy_e697cf405b567a29,2015-04-30 14:10:00,356 | CHI00549 | KA1503000045,Stony Island Ave & 71st St,Divvy_Trips_2015-Q1Q2.zip,unverified_first_trip_proxy,,
a3ac54af-a135-11e9-9cda-0a87ae2ba916,Larrabee St & Division St,CHI00575,15,15,In Service,41.90348607,-87.6433534936,"{""type"":""Point"",""coordinates"":[-87.6433534936,41.90348607004]}",41,14926,37,108,46,54,27,True,divvy_5daf8939d1a2c4fe,2015-05-02 14:01:00,359 | CHI00575 | KA1504000079,Larrabee St & Division St,Divvy_Trips_2015-Q1Q2.zip,unverified_first_trip_proxy,,
a3ac6f28-a135-11e9-9cda-0a87ae2ba916,Larrabee St & Oak St,CHI00701,19,19,In Service,41.900381,-87.642002,"{""type"":""Point"",""coordinates"":[-87.642002,41.900381]}",41,14926,37,617,46,54,27,True,divvy_7fba2d7f8c2c1784,2015-05-02 16:40:00,364 | CHI00701 | KA1504000116,Larrabee St & Oak St,Divvy_Trips_2015-Q1Q2.zip,unverified_first_trip_proxy,,
a3ac7444-a135-11e9-9cda-0a87ae2ba916,North Branch St & Haines St,CHI00632,15,15,In Service,41.90056,-87.65079,"{""type"":""Point"",""coordinates"":[-87.65079,41.90056]}",16,22620,37,108,46,49,27,True,divvy_a925e88f62ede212,2026-03-01 11:01:08.121000,CHI00632,Halsted St & North Branch St | North Branch St & Haines St,202603-divvy-tripdata.zip,unverified_first_trip_proxy,2015-05-16 13:57:00,earlier_same_name_history
a3ac7978-a135-11e9-9cda-0a87ae2ba916,Loomis St & Archer Ave,CHI00292,11,11,In Service,41.8416325396,-87.6574349533,"{""type"":""Point"",""coordinates"":[-87.6574349533,41.84163253965]}",26,14920,58,722,48,43,7,True,divvy_34e259444d65a2d5,2015-04-14 14:37:00,366 | CHI00292 | KA1503000040,Loomis St & Archer Ave,Divvy_Trips_2015-Q1Q2.zip,unverified_first_trip_proxy,,
a3ac7e9a-a135-11e9-9cda-0a87ae2ba916,Racine Ave & 35th St,CHI00456,15,14,In Service,41.8306885647,-87.6562106609,"{""type"":""Point"",""coordinates"":[-87.656210660934,41.830688564721]}",26,14924,58,171,48,43,7,True,divvy_442be4310558c33d,2015-04-14 19:56:00,15446 | 367 | CHI00456,Racine Ave & 35th St,Divvy_Trips_2015-Q1Q2.zip,unverified_first_trip_proxy,,
a3ac88db-a135-11e9-9cda-0a87ae2ba916,Wood St & 35th St,CHI00326,11,11,In Service,41.8301046542,-87.6702983089,"{""type"":""Point"",""coordinates"":[-87.6702983089,41.83010465416]}",26,14924,56,721,1,37,12,True,divvy_37263a114c9353e3,2015-04-16 07:32:00,369 | CHI00326 | KA1503000066,Wood St & 35th St,Divvy_Trips_2015-Q1Q2.zip,unverified_first_trip_proxy,,
a3ac8dfb-a135-11e9-9cda-0a87ae2ba916,Calumet Ave & 21st St,CHI00560,15,15,In Service,41.8541842495,-87.6191537415,"{""type"":""Point"",""coordinates"":[-87.6191537415,41.85418424947]}",48,21194,34,374,9,40,8,True,divvy_7411f10f8348a21a,2015-05-01 16:53:00,15546 | 370 | CHI00560,Calumet Ave & 21st St,Divvy_Trips_2015-Q1Q2.zip,unverified_first_trip_proxy,,
a3ac9834-a135-11e9-9cda-0a87ae2ba916,Kedzie Ave & Chicago Ave,CHI00657,11,11,In Service,41.8954653031,-87.7061278837,"{""type"":""Point"",""coordinates"":[-87.7061278837,41.89546530305]}",41,21560,24,177,46,28,27,True,divvy_26e63821ed9cfcad,2015-05-02 12:56:00,373 | CHI00657 | KA1504000114,Kedzie Ave & Chicago Ave,Divvy_Trips_2015-Q1Q2.zip,unverified_first_trip_proxy,,
a3ac9d43-a135-11e9-9cda-0a87ae2ba916,Western Ave & Walton St,CHI00576,23,23,In Service,41.8984176894,-87.6865960164,"{""type"":""Point"",""coordinates"":[-87.6865960164,41.89841768945]}",16,21560,25,541,41,4,36,True,divvy_f95143336f2125f8,2015-04-27 19:54:00,374 | CHI00576 | KA1504000103,Western Ave & Walton St,Divvy_Trips_2015-Q1Q2.zip,unverified_first_trip_proxy,,
a3aca268-a135-11e9-9cda-0a87ae2ba916,Sacramento Blvd & Franklin Blvd,CHI00597,11,11,In Service,41.8904687924,-87.7026075125,"{""type"":""Point"",""coordinates"":[-87.702607512474,41.890468792439]}",41,21184,24,177,46,28,27,True,divvy_07f22ce63f088628,2020-01-01 14:31:36,375 | CHI00597 | KA1504000113,Sacramento Blvd & Franklin Blvd,Divvy_Trips_2020_Q1.zip,unverified_first_trip_proxy,2015-05-15 16:53:00,earlier_same_name_history | name_has_multiple_locations
a3aca790-a135-11e9-9cda-0a87ae2ba916,Artesian Ave & Hubbard St,CHI00647,28,28,In Service,41.8895,-87.688257,"{""type"":""Point"",""coordinates"":[-87.688257,41.8895]}",41,21184,25,545,46,28,27,True,divvy_29969b33b5e73f96,2015-04-27 17:48:00,15664 | 376 | CHI00647,Artesian Ave & Hubbard St,Divvy_Trips_2015-Q1Q2.zip,unverified_first_trip_proxy,,
a3acacbc-a135-11e9-9cda-0a87ae2ba916,Kedzie Ave & Lake St,CHI00528,15,15,In Service,41.884603285,-87.7063037436,"{""type"":""Point"",""coordinates"":[-87.7063037436,41.88460328501]}",11,21572,28,176,23,30,28,True,divvy_d97c34a4d1fd8261,2015-04-29 16:40:00,377 | CHI00528 | KA1504000106,Kedzie Ave & Lake St,Divvy_Trips_2015-Q1Q2.zip,unverified_first_trip_proxy,,
a3acb1de-a135-11e9-9cda-0a87ae2ba916,California Ave & Lake St,CHI00650,11,11,In Service,41.8844539566,-87.6962981368,"{""type"":""Point"",""coordinates"":[-87.6962981368,41.88445395657]}",41,21184,28,50,46,28,27,True,divvy_9456fc4cba0ca236,2015-04-27 23:09:00,15666 | 378 | CHI00650,California Ave & Lake St,Divvy_Trips_2015-Q1Q2.zip,unverified_first_trip_proxy,,
a3acb6f3-a135-11e9-9cda-0a87ae2ba916,Western Ave & Monroe St,CHI00652,15,15,In Service,41.88142526,-87.6866316818,"{""type"":""Point"",""coordinates"":[-87.6866316818,41.88142526]}",48,21184,29,37,46,28,27,True,divvy_c45d985cc1f093d0,2024-05-01 00:45:45,15667 | CHI00652,Western Ave & Monroe St,202405-divvy-tripdata.zip,unverified_first_trip_proxy,2015-04-27 20:01:00,earlier_same_name_history | name_has_multiple_locations
a3acbc0b-a135-11e9-9cda-0a87ae2ba916,Western Ave & Congress Pkwy,CHI00653,19,18,In Service,41.8747488508,-87.6864452757,"{""type"":""Point"",""coordinates"":[-87.6864452757,41.87474885079]}",48,21184,29,756,23,28,28,True,divvy_415cf57919bde731,2015-04-27 18:42:00,15668 | 382 | CHI00653,Western Ave & Congress Pkwy,Divvy_Trips_2015-Q1Q2.zip,unverified_first_trip_proxy,,
a3acc133-a135-11e9-9cda-0a87ae2ba916,Paulina St & Flournoy St,CHI00627,31,31,In Service,41.8730610879,-87.6691348851,"{""type"":""Point"",""coordinates"":[-87.669134885073,41.873061087898]}",48,21184,29,5,46,28,27,True,divvy_0800f22ada43fba0,2020-01-01 18:51:30,383 | CHI00627 | KA1504000104,Paulina St & Flournoy St,Divvy_Trips_2020_Q1.zip,unverified_first_trip_proxy,2015-04-27 14:41:00,earlier_same_name_history | name_has_multiple_locations
a3acc649-a135-11e9-9cda-0a87ae2ba916,Halsted St & 51st St,CHI00756,11,11,In Service,41.8018316405,-87.645213904,"{""type"":""Point"",""coordinates"":[-87.645213904,41.80183164049]}",12,14924,59,84,4,37,20,True,divvy_6d2ce2c0faaff749,2015-04-15 19:47:00,384 | CHI00756 | KA1503000010,Halsted St & 51st St,Divvy_Trips_2015-Q1Q2.zip,unverified_first_trip_proxy,,name_has_multiple_locations
a3accb60-a135-11e9-9cda-0a87ae2ba916,Princeton Ave & Garfield Blvd,CHI00762,11,11,In Service,41.794982,-87.633124,"{""type"":""Point"",""coordinates"":[-87.633124,41.794982]}",12,14924,3,224,9,37,20,True,divvy_55a7dd86aeac8d03,2015-04-28 16:12:00,385 | CHI00762 | KA1503000013,Princeton Ave & Garfield Blvd,Divvy_Trips_2015-Q1Q2.zip,unverified_first_trip_proxy,,
a3acd078-a135-11e9-9cda-0a87ae2ba916,Halsted St & 56th St,CHI00760,11,11,In Service,41.792929646,-87.6449900565,"{""type"":""Point"",""coordinates"":[-87.6449900565,41.79292964599]}",12,21559,66,113,4,11,16,True,divvy_d697c16e88ab251e,2015-04-17 14:57:00,386 | CHI00760 | KA1503000011,Halsted St & 56th St,Divvy_Trips_2015-Q1Q2.zip,unverified_first_trip_proxy,,
a3acd5b1-a135-11e9-9cda-0a87ae2ba916,Halsted St & 63rd St,CHI00249,11,11,In Service,41.7793811423,-87.6446208145,"{""type"":""Point"",""coordinates"":[-87.6446208145,41.77938114228]}",53,21559,66,435,4,11,20,True,divvy_16e6575244d7f0ef,2015-04-25 18:23:00,388 | 745 | CHI00249 | KA1503000055,Halsted & 63rd - Kennedy-King Vaccination Site | Halsted St & 63rd St,Divvy_Trips_2015-Q1Q2.zip,unverified_first_trip_proxy,,
a3acdae2-a135-11e9-9cda-0a87ae2ba916,Wentworth Ave & 63rd St,CHI00568,11,11,In Service,41.7800796326,-87.6297463052,"{""type"":""Point"",""coordinates"":[-87.6297463052,41.78007963264]}",53,21559,66,166,4,11,20,True,divvy_c24c5adfc09d3180,2015-05-20 22:08:00,390 | CHI00568 | KA1503000025,Wentworth Ave & 63rd St,Divvy_Trips_2015-Q1Q2.zip,unverified_first_trip_proxy,,
a3acdff9-a135-11e9-9cda-0a87ae2ba916,Halsted St & 69th St,CHI00218,11,11,In Service,41.7690617203,-87.6446135779,"{""type"":""Point"",""coordinates"":[-87.6446135779,41.76906172032]}",31,21559,66,410,32,11,16,True,divvy_e2584de39546886a,2015-05-01 21:53:00,15597 | 391 | CHI00218,Halsted St & 69th St,Divvy_Trips_2015-Q1Q2.zip,unverified_first_trip_proxy,,
a3ace51b-a135-11e9-9cda-0a87ae2ba916,Perry Ave & 69th St,CHI00554,11,11,In Service,41.7692930899,-87.6281959291,"{""type"":""Point"",""coordinates"":[-87.6281959291,41.76929308995]}",31,21559,67,513,32,11,4,True,divvy_b5e2bb5b89e121fd,2015-05-10 19:30:00,392 | CHI00554 | KA1503000047,Perry Ave & 69th St,Divvy_Trips_2015-Q1Q2.zip,unverified_first_trip_proxy,,
a3acea44-a135-11e9-9cda-0a87ae2ba916,Calumet Ave & 71st St,CHI00293,11,11,In Service,41.7655080058,-87.616917925,"{""type"":""Point"",""coordinates"":[-87.616917925,41.76550800581]}",31,21546,67,474,32,61,4,True,divvy_e2c5fd64bef18092,2015-04-26 15:10:00,15599 | 393 | 728 | CHI00293,Calumet Ave & 71st St,Divvy_Trips_2015-Q1Q2.zip,unverified_first_trip_proxy,,possible_rename
a3acef62-a135-11e9-9cda-0a87ae2ba916,Clark St & 9th St (AMLI),CHI01776,15,15,In Service,41.870816,-87.631246,"{""type"":""Point"",""coordinates"":[-87.631246,41.870816]}",48,14913,38,12,10,35,34,True,divvy_9990aabbebee9a72,2015-08-26 12:42:00,394 | CHI01776 | SL-009,Clark St & 9th St (AMLI),Divvy_Trips_2015_Q3Q4.zip,unverified_first_trip_proxy,,
a3acf4eb-a135-11e9-9cda-0a87ae2ba916,Jeffery Blvd & 76th St,CHI00547,11,11,In Service,41.757120068,-87.5758393587,"{""type"":""Point"",""coordinates"":[-87.5758393587,41.75712006802]}",9,22538,39,420,35,24,10,True,divvy_ca6b363e8872f73a,2015-05-02 17:54:00,395 | CHI00547 | KA1503000028,Jeffery Blvd & 76th St,Divvy_Trips_2015-Q1Q2.zip,unverified_first_trip_proxy,,
a3acfa38-a135-11e9-9cda-0a87ae2ba916,Yates Blvd & 75th St,CHI00573,11,11,In Service,41.758768,-87.56644,"{""type"":""Point"",""coordinates"":[-87.56644,41.758768]}",43,22538,39,420,37,24,5,True,divvy_abdf23f2caad7551,2015-05-12 16:40:00,396 | CHI00573 | KA1503000024,Yates Blvd & 75th St,Divvy_Trips_2015-Q1Q2.zip,unverified_first_trip_proxy,,
a3ad09b2-a135-11e9-9cda-0a87ae2ba916,South Shore Dr & 74th St,CHI00221,11,11,In Service,41.7621889604,-87.55927465,"{""type"":""Point"",""coordinates"":[-87.55927465,41.76218896038]}",43,22538,39,421,37,24,5,True,divvy_fc2752a22dbaaf20,2015-04-29 13:55:00,399 | CHI00221 | KA1503000020,South Shore Dr & 74th St,Divvy_Trips_2015-Q1Q2.zip,unverified_first_trip_proxy,,
a3ad0ecb-a135-11e9-9cda-0a87ae2ba916,Cottage Grove Ave & 71st St,CHI02049,11,10,In Service,41.765719037,-87.604959713,"{""type"":""Point"",""coordinates"":[-87.604959713,41.76571903697]}",32,21546,67,121,33,61,3,True,divvy_bdfbde9ef98c6ccc,2015-04-23 07:10:00,400 | CHI02049 | KA1503000003,Cottage Grove Ave & 71st St,Divvy_Trips_2015-Q1Q2.zip,unverified_first_trip_proxy,,
a3ad13e4-a135-11e9-9cda-0a87ae2ba916,Shields Ave & 28th Pl,CHI00514,11,11,In Service,41.842733,-87.635491,"{""type"":""Point"",""coordinates"":[-87.635491,41.842733]}",26,21194,35,375,48,40,7,True,divvy_4eae540d099acafd,2015-05-10 12:49:00,15443 | 401 | CHI00514,Shields Ave & 28th Pl,Divvy_Trips_2015-Q1Q2.zip,unverified_first_trip_proxy,,
a3ad1900-a135-11e9-9cda-0a87ae2ba916,Shields Ave & 31st St,CHI00556,19,19,In Service,41.838464,-87.635406,"{""type"":""Point"",""coordinates"":[-87.635406,41.838464]}",26,21194,35,375,48,40,7,True,divvy_c3dc55a3bd96e18d,2015-07-01 01:13:00,402 | CHI00556 | KA1503000038,Shields Ave & 31st St,Divvy_Trips_2015_Q3Q4.zip,unverified_first_trip_proxy,,possible_rename
a3ad1e12-a135-11e9-9cda-0a87ae2ba916,Wentworth Ave & 33rd St,CHI00519,15,15,In Service,41.8345298856,-87.6318229814,"{""type"":""Point"",""coordinates"":[-87.6318229814,41.83452988563]}",26,21194,35,376,48,40,7,True,divvy_e41fd7e369d459a2,2015-04-14 17:58:00,15445 | 403 | CHI00519,Wentworth Ave & 33rd St,Divvy_Trips_2015-Q1Q2.zip,unverified_first_trip_proxy,,
a3ad2322-a135-11e9-9cda-0a87ae2ba916,Wentworth Ave & 35th St,CHI02033,15,15,In Service,41.830777,-87.632504,"{""type"":""Point"",""coordinates"":[-87.632504,41.830777]}",26,14924,35,296,48,37,7,True,divvy_f1e45064fdff0dd3,2016-07-11 15:46:28,405 | CHI02033 | KA1503000005,Wentworth Ave & 35th St,Divvy_Trips_2016_Q3Q4.zip,unverified_first_trip_proxy,,
a3ad2843-a135-11e9-9cda-0a87ae2ba916,Lake Park Ave & 35th St,CHI02032,19,18,In Service,41.8312742355,-87.6087991946,"{""type"":""Point"",""coordinates"":[-87.6087991946,41.83127423549]}",1,21194,1,581,10,40,9,True,divvy_b7fdf8abad027a79,2015-04-17 11:15:00,406 | CHI02032 | KA1503000004,Lake Park Ave & 35th St,Divvy_Trips_2015-Q1Q2.zip,unverified_first_trip_proxy,,
a3ad2d57-a135-11e9-9cda-0a87ae2ba916,State St & Pershing Rd,CHI00491,11,10,In Service,41.823015238,-87.6265680185,"{""type"":""Point"",""coordinates"":[-87.6265680185,41.82301523798]}",12,14924,4,414,9,37,8,True,divvy_cb72628569d76ce2,2015-04-16 12:04:00,15449 | 407 | CHI00491,State St & Pershing Rd,Divvy_Trips_2015-Q1Q2.zip,unverified_first_trip_proxy,,
a3ad327e-a135-11e9-9cda-0a87ae2ba916,Union Ave & Root St,CHI00248,11,11,In Service,41.819102,-87.643278,"{""type"":""Point"",""coordinates"":[-87.643278,41.819102]}",26,14924,59,123,48,37,7,True,divvy_d8cba8b93c2e8164,2017-01-10 13:12:12,408 | CHI00248 | KA1503000032,Union Ave & Root St,Divvy_Trips_2017_Q1Q2.zip,unverified_first_trip_proxy,,
a3ad37c2-a135-11e9-9cda-0a87ae2ba916,Shields Ave & 43rd St,CHI02047,11,11,In Service,41.8162076786,-87.6348193497,"{""type"":""Point"",""coordinates"":[-87.6348193497,41.81620767856]}",12,14924,3,189,9,37,8,True,divvy_569425502d8b20d2,2015-04-17 18:27:00,409 | CHI02047 | KA1503000001,Shields Ave & 43rd St,Divvy_Trips_2015-Q1Q2.zip,unverified_first_trip_proxy,,
a3ad3d08-a135-11e9-9cda-0a87ae2ba916,Prairie Ave & 43rd St,CHI00545,15,14,In Service,41.816658893,-87.6194124619,"{""type"":""Point"",""coordinates"":[-87.6194124619,41.81665889302]}",12,4301,4,163,9,36,8,True,divvy_fa03acd0d9d6f3c6,2015-04-16 11:06:00,410 | CHI00545 | KA1503000027,Prairie Ave & 43rd St,Divvy_Trips_2015-Q1Q2.zip,unverified_first_trip_proxy,,
a3ad42c3-a135-11e9-9cda-0a87ae2ba916,Halsted St & 47th Pl,CHI00523,11,11,In Service,41.8081339148,-87.6456165545,"{""type"":""Point"",""coordinates"":[-87.6456165545,41.80813391481]}",12,14924,59,708,4,37,20,True,divvy_7b331e8dc5c72258,2015-04-17 07:58:00,411 | CHI00523 | KA1503000051,Halsted St & 47th Pl,Divvy_Trips_2015-Q1Q2.zip,unverified_first_trip_proxy,,
a3ad47f8-a135-11e9-9cda-0a87ae2ba916,Princeton Ave & 47th St,CHI00804,11,11,In Service,41.8093177092,-87.633449288,"{""type"":""Point"",""coordinates"":[-87.633449288,41.80931770924]}",12,14924,3,189,9,37,20,True,divvy_2c339dae4d6e18f5,2015-04-16 22:36:00,412 | CHI00804 | KA1503000009,Princeton Ave & 47th St,Divvy_Trips_2015-Q1Q2.zip,unverified_first_trip_proxy,,
a3ad4d1b-a135-11e9-9cda-0a87ae2ba916,Woodlawn Ave & Lake Park Ave,CHI00334,15,15,In Service,41.8140927105,-87.5970051479,"{""type"":""Point"",""coordinates"":[-87.5970051479,41.81409271048]}",1,4301,5,395,10,36,9,True,divvy_d7d34e9c6d640d8e,2015-04-17 08:18:00,413 | CHI00334 | KA1503000065,Woodlawn Ave & Lake Park Ave,Divvy_Trips_2015-Q1Q2.zip,unverified_first_trip_proxy,,
a3ad523f-a135-11e9-9cda-0a87ae2ba916,Canal St & Taylor St,CHI00532,15,15,In Service,41.870257,-87.639474,"{""type"":""Point"",""coordinates"":[-87.639474,41.870257]}",48,14917,29,97,26,44,28,True,divvy_c5efae1f376d4da8,2015-07-01 08:52:00,15550 | 414 | CHI00532,Canal St & Taylor St,Divvy_Trips_2015_Q3Q4.zip,unverified_first_trip_proxy,,
a3ad5764-a135-11e9-9cda-0a87ae2ba916,Calumet Ave & 51st St,CHI00429,11,11,In Service,41.8022946509,-87.6180535802,"{""type"":""Point"",""coordinates"":[-87.6180535802,41.80229465088]}",12,21192,4,449,9,10,8,True,divvy_168f48545d06621a,2015-04-21 10:02:00,15470 | 415 | 813 | CHI00429,Calumet Ave & 51st St,Divvy_Trips_2015-Q1Q2.zip,unverified_first_trip_proxy,,possible_rename
a3ad5c90-a135-11e9-9cda-0a87ae2ba916,Dorchester Ave & 49th St,CHI00527,15,15,In Service,41.805772,-87.592464,"{""type"":""Point"",""coordinates"":[-87.592464,41.805772]}",1,21192,5,356,10,10,9,True,divvy_443bd8b672835032,2015-04-16 16:54:00,416 | CHI00527 | KA1503000069,Dorchester Ave & 49th St,Divvy_Trips_2015-Q1Q2.zip,unverified_first_trip_proxy,,
a3ad61c2-a135-11e9-9cda-0a87ae2ba916,Cornell Ave & Hyde Park Blvd,CHI02034,19,19,In Service,41.802406,-87.586924,"{""type"":""Point"",""coordinates"":[-87.586924,41.802406]}",1,21192,8,405,33,10,3,True,divvy_9f0104c64428100d,2015-04-17 09:53:00,417 | CHI02034 | KA1503000007,Cornell Ave & Hyde Park B lvd | Cornell Ave & Hyde Park Blvd,Divvy_Trips_2015-Q1Q2.zip,unverified_first_trip_proxy,,
a3ad66e6-a135-11e9-9cda-0a87ae2ba916,Ellis Ave & 53rd St,CHI00585,18,18,In Service,41.7993362626,-87.6009581145,"{""type"":""Point"",""coordinates"":[-87.6009581145,41.79933626261]}",32,21192,8,441,33,10,3,True,divvy_7ba891cb4bde6c13,2015-04-18 09:44:00,418 | CHI00585 | KA1503000052,Ellis Ave & 53rd St,Divvy_Trips_2015-Q1Q2.zip,unverified_first_trip_proxy,,
a3ad6c01-a135-11e9-9cda-0a87ae2ba916,Lake Park Ave & 53rd St,CHI00559,15,15,In Service,41.7994942937,-87.5864498959,"{""type"":""Point"",""coordinates"":[-87.5864498959,41.79949429373]}",32,21192,8,501,33,10,3,True,divvy_7d6591bc03444e5f,2015-04-17 09:28:00,419 | CHI00559 | KA1503000059,Lake Park Ave & 53rd St,Divvy_Trips_2015-Q1Q2.zip,unverified_first_trip_proxy,,
a3ad711d-a135-11e9-9cda-0a87ae2ba916,Ellis Ave & 55th St,CHI00583,19,18,In Service,41.7943006205,-87.6014497734,"{""type"":""Point"",""coordinates"":[-87.6014497734,41.79430062054]}",32,22260,8,154,33,60,3,True,divvy_cf402abd49fcbaba,2015-04-14 11:53:00,420 | CHI00583 | KA1504000076,Ellis Ave & 55th St,Divvy_Trips_2015-Q1Q2.zip,unverified_first_trip_proxy,,
a3ad7636-a135-11e9-9cda-0a87ae2ba916,MLK Jr Dr & 56th St,CHI00567,11,10,In Service,41.7934294566,-87.6158532619,"{""type"":""Point"",""coordinates"":[-87.6158532619,41.79342945658]}",53,22260,7,401,4,60,20,True,divvy_531ba9c66b4c1aa6,2015-04-30 10:13:00,421 | CHI00567 | KA1503000073,MLK Jr Dr & 56th St | MLK Jr Dr & 56th St (*),Divvy_Trips_2015-Q1Q2.zip,unverified_first_trip_proxy,,
a3ad7b51-a135-11e9-9cda-0a87ae2ba916,DuSable Museum,CHI00586,11,11,In Service,41.7915680106,-87.6078521774,"{""type"":""Point"",""coordinates"":[-87.6078521774,41.79156801058]}",53,22260,7,401,4,60,20,True,divvy_e487aa9f2a495759,2015-07-07 13:56:00,422 | CHI00586 | KA1503000075,DuSable Museum,Divvy_Trips_2015_Q3Q4.zip,unverified_first_trip_proxy,,
a3ad8072-a135-11e9-9cda-0a87ae2ba916,University Ave & 57th St,CHI00551,48,47,In Service,41.791478,-87.599861,"{""type"":""Point"",""coordinates"":[-87.599861,41.791478]}",32,22260,8,154,33,60,3,True,divvy_a33dbe31001c0345,2015-04-17 16:13:00,423 | CHI00551 | KA1503000071,University Ave & 57th St,Divvy_Trips_2015-Q1Q2.zip,unverified_first_trip_proxy,,
a3ad8587-a135-11e9-9cda-0a87ae2ba916,Griffin Museum of Science and Industry,CHI00574,27,27,In Service,41.7917282095,-87.583945009,"{""type"":""Point"",""coordinates"":[-87.583945009,41.79172820953]}",32,22260,8,502,33,60,3,True,divvy_18604fc0fc150278,2015-04-17 11:38:00,424 | CHI00574 | KA1503000074,Griffin Museum of Science and Industry | Museum of Science and Industry,Divvy_Trips_2015-Q1Q2.zip,unverified_first_trip_proxy,,
a3ad8aa3-a135-11e9-9cda-0a87ae2ba916,Harper Ave & 59th St,CHI00584,15,15,In Service,41.7879428129,-87.5883151702,"{""type"":""Point"",""coordinates"":[-87.5883151702,41.78794281287]}",32,22260,8,502,33,60,3,True,divvy_4582c203a344db86,2015-04-17 15:32:00,425 | CHI00584 | KA1503000070,Harper Ave & 59th St,Divvy_Trips_2015-Q1Q2.zip,unverified_first_trip_proxy,,
a3ad8fd9-a135-11e9-9cda-0a87ae2ba916,Ellis Ave & 60th St,CHI00765,19,19,In Service,41.7850971464,-87.6010727606,"{""type"":""Point"",""coordinates"":[-87.6010727606,41.78509714636]}",53,22260,9,427,4,60,3,True,divvy_3049213c929d3a82,2015-04-17 15:18:00,426 | CHI00765 | KA1503000014,Ellis Ave & 60th St,Divvy_Trips_2015-Q1Q2.zip,unverified_first_trip_proxy,,
a3ad95a7-a135-11e9-9cda-0a87ae2ba916,Cottage Grove Ave & 63rd St,CHI00587,15,15,In Service,41.7805309407,-87.6059702039,"{""type"":""Point"",""coordinates"":[-87.605970203876,41.780530940709]}",53,22260,9,471,4,60,20,True,divvy_914c2073d487cc7f,2015-04-24 09:33:00,427 | CHI00587 | KA1503000054,Cottage Grove Ave & 63rd St,Divvy_Trips_2015-Q1Q2.zip,unverified_first_trip_proxy,,
a3ad9ad9-a135-11e9-9cda-0a87ae2ba916,Dorchester Ave & 63rd St,CHI00566,11,11,In Service,41.7804056457,-87.5914159893,"{""type"":""Point"",""coordinates"":[-87.5914159893,41.7804056457]}",53,22260,9,134,4,60,20,True,divvy_a78cc123bd97261a,2015-04-26 02:14:00,428 | CHI00566 | KA1503000046,Dorchester Ave & 63rd St,Divvy_Trips_2015-Q1Q2.zip,unverified_first_trip_proxy,,
a3ada002-a135-11e9-9cda-0a87ae2ba916,Cottage Grove Ave & 67th St,CHI00582,11,11,In Service,41.773720952,-87.60563486,"{""type"":""Point"",""coordinates"":[-87.60563486,41.77372095205]}",32,22260,9,347,33,60,20,True,divvy_dd0a060e306bcc47,2015-05-03 12:01:00,429 | CHI00582 | KA1503000031,Cottage Grove Ave & 67th St,Divvy_Trips_2015-Q1Q2.zip,unverified_first_trip_proxy,,
a3ada52f-a135-11e9-9cda-0a87ae2ba916,MLK Jr Dr & 63rd St,CHI00564,11,11,In Service,41.7800806366,-87.6159428567,"{""type"":""Point"",""coordinates"":[-87.6159428567,41.78008063659]}",53,22260,67,122,4,60,20,True,divvy_696414e526fc9727,2015-04-23 12:40:00,430 | CHI00564 | KA1503000053,MLK Jr Dr & 63rd St,Divvy_Trips_2015-Q1Q2.zip,unverified_first_trip_proxy,,
a3adaa52-a135-11e9-9cda-0a87ae2ba916,Eberhart Ave & 61st St,CHI00220,11,10,In Service,41.7840710728,-87.6144835353,"{""type"":""Point"",""coordinates"":[-87.61448353529,41.784071072761]}",53,22260,9,331,4,60,20,True,divvy_7743df387edb723b,2015-04-27 08:38:00,431 | CHI00220 | KA1503000033,Eberhart Ave & 61st St,Divvy_Trips_2015-Q1Q2.zip,unverified_first_trip_proxy,,
a3adaf6b-a135-11e9-9cda-0a87ae2ba916,Clark St & Lunt Ave,CHI00642,19,19,In Service,42.0090111806,-87.6741117239,"{""type"":""Point"",""coordinates"":[-87.6741117239,42.009011180581]}",3,21853,10,49,5,9,49,True,divvy_2e87caff9e5fa166,2015-05-15 15:05:00,432 | CHI00642 | KA1504000162,Clark St & Lunt Ave,Divvy_Trips_2015-Q1Q2.zip,unverified_first_trip_proxy,,
a3adb48a-a135-11e9-9cda-0a87ae2ba916,Kedzie Ave & Harrison St,CHI00569,11,11,In Service,41.8735996746,-87.7048707493,"{""type"":""Point"",""coordinates"":[-87.7048707493,41.87359967462]}",36,21184,28,36,14,28,24,True,divvy_c3af94f77ad010cf,2015-04-27 15:34:00,433 | CHI00569 | KA1504000082,Kedzie Ave & Harrison St,Divvy_Trips_2015-Q1Q2.zip,unverified_first_trip_proxy,,
a3adb9a3-a135-11e9-9cda-0a87ae2ba916,Ogden Ave & Roosevelt Rd,CHI00580,19,19,In Service,41.8665014832,-87.68469707,"{""type"":""Point"",""coordinates"":[-87.68469707,41.86650148316]}",8,14920,29,96,23,43,28,True,divvy_e22cb2082b5ac740,2015-04-27 10:59:00,434 | CHI00580 | KA1504000101,Ogden Ave & Roosevelt Rd,Divvy_Trips_2015-Q1Q2.zip,unverified_first_trip_proxy,,
a3adbedf-a135-11e9-9cda-0a87ae2ba916,Kedzie Ave & Roosevelt Rd,CHI00654,11,11,In Service,41.8664927817,-87.7064961757,"{""type"":""Point"",""coordinates"":[-87.7064961757,41.86649278172]}",36,21572,30,98,14,30,24,True,divvy_9896b56d6b3a1996,2015-04-27 16:16:00,15682 | 435 | CHI00654,Kedzie Ave & Roosevelt Rd,Divvy_Trips_2015-Q1Q2.zip,unverified_first_trip_proxy,,
a3adc3f6-a135-11e9-9cda-0a87ae2ba916,Fairfield Ave & Roosevelt Rd,CHI00578,11,11,In Service,41.866624,-87.694521,"{""type"":""Point"",""coordinates"":[-87.694521,41.866624]}",11,21184,30,16,23,28,28,True,divvy_dd37cb7101eb1844,2015-07-01 07:24:00,436 | CHI00578 | KA1504000102,Fairfield Ave & Roosevelt Rd,Divvy_Trips_2015_Q3Q4.zip,unverified_first_trip_proxy,,possible_rename
a3adc925-a135-11e9-9cda-0a87ae2ba916,Washtenaw Ave & Ogden Ave,CHI00629,15,15,In Service,41.8619304928,-87.6934504509,"{""type"":""Point"",""coordinates"":[-87.693450450897,41.861930492783]}",11,14920,30,16,23,43,28,True,divvy_bda59943d9a6dd61,2017-07-01 13:44:13,437 | CHI00629 | KA1504000109,Washtenaw Ave & Ogden Ave | Washtenaw Ave & Ogden Ave (*),Divvy_Trips_2017_Q3Q4.zip,unverified_first_trip_proxy,,possible_rename
a3adce47-a135-11e9-9cda-0a87ae2ba916,Central Park Ave & Ogden Ave,CHI00655,15,15,In Service,41.8540635039,-87.7151173353,"{""type"":""Point"",""coordinates"":[-87.71511733532,41.854063503874]}",36,21569,30,157,14,57,24,True,divvy_0853ae305963e389,2015-04-29 17:44:00,15685 | 438 | 532 | CHI00655,Central Park Ave & Ogden Ave,Divvy_Trips_2015-Q1Q2.zip,unverified_first_trip_proxy,,possible_rename
a3add365-a135-11e9-9cda-0a87ae2ba916,Kedzie Ave & 21st St,CHI00656,11,11,In Service,41.8535336321,-87.7050730318,"{""type"":""Point"",""coordinates"":[-87.7050730318,41.85353363213]}",36,21569,32,201,14,57,24,True,divvy_42c2bca81f674fe2,2015-04-27 16:28:00,15686 | 439 | CHI00656,Kedzie Ave & 21st St,Divvy_Trips_2015-Q1Q2.zip,unverified_first_trip_proxy,,
a3add889-a135-11e9-9cda-0a87ae2ba916,Central Park Ave & 24th St,CHI00658,11,9,In Service,41.8481,-87.715068,"{""type"":""Point"",""coordinates"":[-87.715068,41.8481]}",14,21569,32,754,28,57,22,True,divvy_c95687bbc637a0f1,2020-01-20 08:30:31,15687 | 440 | CHI00658,Central Park Ave & 24th St,Divvy_Trips_2020_Q1.zip,unverified_first_trip_proxy,2015-05-11 18:54:00,earlier_same_name_history | name_has_multiple_locations
a3addda0-a135-11e9-9cda-0a87ae2ba916,Kedzie Ave & 24th St,CHI00534,11,10,In Service,41.848193,-87.705412,"{""type"":""Point"",""coordinates"":[-87.705412,41.848193]}",36,21569,32,291,1,57,25,True,divvy_44575b1036a1938c,2015-04-27 16:41:00,441 | CHI00534 | KA1504000086,Kedzie Ave & 24th St | Kedzie Ave & 24th St (Temp),Divvy_Trips_2015-Q1Q2.zip,unverified_first_trip_proxy,,name_has_multiple_locations
a3ade2c3-a135-11e9-9cda-0a87ae2ba916,California Ave & 23rd Pl,CHI00660,11,11,In Service,41.8491096918,-87.6951398068,"{""type"":""Point"",""coordinates"":[-87.6951398068,41.84910969176]}",29,14920,32,263,1,43,25,True,divvy_a1930d26ea8eb1bb,2015-04-28 22:45:00,15689 | 442 | CHI00660,California Ave & 23rd Pl,Divvy_Trips_2015-Q1Q2.zip,unverified_first_trip_proxy,,
a3ade7de-a135-11e9-9cda-0a87ae2ba916,Millard Ave & 26th St,CHI00589,7,7,In Service,41.8445311246,-87.715921998,"{""type"":""Point"",""coordinates"":[-87.715921998024,41.844531124622]}",14,21569,32,754,28,57,22,True,divvy_61919c253248d2a1,2015-04-29 17:49:00,443 | CHI00589 | KA1504000110,Millard Ave & 26th St,Divvy_Trips_2015-Q1Q2.zip,unverified_first_trip_proxy,,
a3aded13-a135-11e9-9cda-0a87ae2ba916,Albany Ave & 26th St,CHI00661,11,11,Not In Service,41.844507,-87.701655,"{""type"":""Point"",""coordinates"":[-87.701655,41.844507]}",29,21569,32,124,1,57,25,True,divvy_5617d2edc416f646,2015-04-27 16:47:00,15691 | 444 | CHI00661,Albany Ave & 26th St,Divvy_Trips_2015-Q1Q2.zip,unverified_first_trip_proxy,,
a3ae687f-a135-11e9-9cda-0a87ae2ba916,California Ave & 26th St,CHI00662,11,11,In Service,41.8436799146,-87.6949685812,"{""type"":""Point"",""coordinates"":[-87.6949685812,41.843679914577]}",29,14920,32,124,14,43,24,True,divvy_bb36c4f0bb894397,2015-04-27 18:05:00,15692 | 445 | CHI00662,California Ave & 26th St,Divvy_Trips_2015-Q1Q2.zip,unverified_first_trip_proxy,,
a3ae6e48-a135-11e9-9cda-0a87ae2ba916,Western Ave & 28th St,CHI00618,11,11,In Service,41.8415177081,-87.6851314409,"{""type"":""Point"",""coordinates"":[-87.6851314409,41.84151770807]}",8,14920,33,204,26,43,12,True,divvy_412c560394b66323,2015-05-21 15:28:00,446 | CHI00618 | KA1504000168,Western & 28th - Velasquez Institute Vaccination Site | Western Ave & 28th St,Divvy_Trips_2015-Q1Q2.zip,unverified_first_trip_proxy,,
a3ae737f-a135-11e9-9cda-0a87ae2ba916,Glenwood Ave & Morse Ave,CHI00613,15,15,In Service,42.0079719229,-87.6655023944,"{""type"":""Point"",""coordinates"":[-87.6655023944,42.00797192287]}",3,21853,10,66,5,9,49,True,divvy_7d96e183da24b8c7,2015-05-15 22:57:00,447 | CHI00613 | KA1504000175,Glenwood Ave & Morse Ave,Divvy_Trips_2015-Q1Q2.zip,unverified_first_trip_proxy,,
a3ae78ab-a135-11e9-9cda-0a87ae2ba916,Warren Park East,CHI00620,11,11,In Service,42.0045496219,-87.6806661451,"{""type"":""Point"",""coordinates"":[-87.6806661451,42.00454962194]}",42,22528,20,320,27,12,40,True,divvy_d104b9187027e75e,2015-05-13 14:24:00,448 | CHI00620 | RP-002,Warren Park East,Divvy_Trips_2015-Q1Q2.zip,unverified_first_trip_proxy,,
a3ae7dc3-a135-11e9-9cda-0a87ae2ba916,Clark St & Columbia Ave,CHI00754,15,14,In Service,42.0044506293,-87.6724024047,"{""type"":""Point"",""coordinates"":[-87.6724024047,42.00445062934]}",3,21853,10,242,5,9,49,True,divvy_f2e41a348c20f1fb,2015-05-12 15:14:00,449 | CHI00754 | RP-008,Clark St & Columbia Ave,Divvy_Trips_2015-Q1Q2.zip,unverified_first_trip_proxy,,
a3ae82e0-a135-11e9-9cda-0a87ae2ba916,Warren Park West,CHI00602,11,11,In Service,42.001785,-87.688829,"{""type"":""Point"",""coordinates"":[-87.688829,42.001785]}",42,22528,20,320,27,12,40,True,divvy_d5619729507172c0,2015-05-13 16:40:00,450 | CHI00602 | RP-001,Warren Park West,Divvy_Trips_2015-Q1Q2.zip,unverified_first_trip_proxy,,
a3ae87fa-a135-11e9-9cda-0a87ae2ba916,Sheridan Rd & Arthur Ave,CHI00752,23,23,In Service,42.00046,-87.66058,"{""type"":""Point"",""coordinates"":[-87.66058,42.00046]}",3,21853,10,267,5,9,49,True,divvy_d6159db10a415fec,2026-08-05 21:45:37.563000,CHI00752,Sheridan Rd & Arthur Ave,202608-divvy-tripdata.zip,unverified_first_trip_proxy,,possible_rename
a3ae8d13-a135-11e9-9cda-0a87ae2ba916,Western Ave & Granville Ave,CHI00590,11,11,In Service,41.994161369,-87.689438282,"{""type"":""Point"",""coordinates"":[-87.689438282,41.99416136902]}",42,4450,20,53,27,50,50,True,divvy_e0d0f6bbb94fe015,2015-05-13 06:50:00,452 | CHI00590 | KA1504000129,Western Ave & Granville Ave,Divvy_Trips_2015-Q1Q2.zip,unverified_first_trip_proxy,,
a3ae923d-a135-11e9-9cda-0a87ae2ba916,Clark St & Schreiber Ave,CHI00361,15,14,In Service,41.999245,-87.671249,"{""type"":""Point"",""coordinates"":[-87.671249,41.999245]}",46,21853,10,242,24,9,40,True,divvy_153a5c41aac8de34,2015-05-12 17:03:00,453 | CHI00361 | KA1504000156,Clark St & Schreiber Ave,Divvy_Trips_2015-Q1Q2.zip,unverified_first_trip_proxy,,
a3af1767-a135-11e9-9cda-0a87ae2ba916,Broadway & Granville Ave,CHI00563,23,23,In Service,41.9947796884,-87.6602845349,"{""type"":""Point"",""coordinates"":[-87.6602845349,41.9947796884]}",3,4451,76,45,16,14,48,True,divvy_9892a854be81f337,2015-05-11 15:34:00,15571 | 454 | CHI00563,Broadway & Granville Ave,Divvy_Trips_2015-Q1Q2.zip,unverified_first_trip_proxy,,
a3af1cec-a135-11e9-9cda-0a87ae2ba916,Maplewood Ave & Peterson Ave,CHI00592,11,11,In Service,41.9902360287,-87.6933696402,"{""type"":""Point"",""coordinates"":[-87.6933696402,41.99023602867]}",46,4450,20,15,24,50,40,True,divvy_d48b63ae54c450a0,2015-05-13 13:35:00,455 | CHI00592 | KA1504000130,Maplewood Ave & Peterson Ave,Divvy_Trips_2015-Q1Q2.zip,unverified_first_trip_proxy,,
a3af2216-a135-11e9-9cda-0a87ae2ba916,2112 W Peterson Ave,CHI00611,11,11,In Service,41.991178,-87.683593,"{""type"":""Point"",""coordinates"":[-87.683593,41.991178]}",46,4450,20,43,24,50,40,True,divvy_104d50d159991a13,2015-05-13 11:18:00,456 | CHI00611 | KA1504000155,2112 W Peterson Ave,Divvy_Trips_2015-Q1Q2.zip,unverified_first_trip_proxy,,
a3af2737-a135-11e9-9cda-0a87ae2ba916,Clark St & Elmdale Ave,CHI00631,15,15,In Service,41.9908604481,-87.66972363,"{""type"":""Point"",""coordinates"":[-87.669723629951,41.990860448126]}",40,4451,76,536,16,14,48,True,divvy_2a6d74da214a7c57,2015-05-11 18:37:00,457 | CHI00631 | KA1504000148,Clark St & Elmdale Ave,Divvy_Trips_2015-Q1Q2.zip,unverified_first_trip_proxy,,
a3af2c5f-a135-11e9-9cda-0a87ae2ba916,Broadway & Thorndale Ave,CHI00571,19,19,In Service,41.9897425114,-87.6601406209,"{""type"":""Point"",""coordinates"":[-87.6601406209,41.98974251144]}",40,4451,76,13,16,14,48,True,divvy_7a0bcd9db963028c,2015-05-11 18:17:00,15575 | 458 | CHI00571,Broadway & Thorndale Ave,Divvy_Trips_2015-Q1Q2.zip,unverified_first_trip_proxy,,
a3af368c-a135-11e9-9cda-0a87ae2ba916,Clark St & Bryn Mawr Ave,CHI00608,15,15,In Service,41.983593,-87.669154,"{""type"":""Point"",""coordinates"":[-87.669154,41.983593]}",46,4451,76,538,24,14,40,True,divvy_cdc6c3c7c8015719,2015-05-11 17:28:00,460 | CHI00608 | KA1504000151,Clark St & Bryn Mawr Ave,Divvy_Trips_2015-Q1Q2.zip,unverified_first_trip_proxy,,
a3af3bac-a135-11e9-9cda-0a87ae2ba916,Broadway & Ridge Ave,CHI00337,15,15,In Service,41.9840446107,-87.6602738295,"{""type"":""Point"",""coordinates"":[-87.6602738295,41.9840446107]}",40,4451,76,539,16,14,48,True,divvy_e9c464857eaeff15,2015-05-11 16:41:00,15578 | 461 | CHI00337,Broadway & Ridge Ave,Divvy_Trips_2015-Q1Q2.zip,unverified_first_trip_proxy,,
a3af40f1-a135-11e9-9cda-0a87ae2ba916,Winchester (Ravenswood) Ave & Balmoral Ave,CHI00630,15,15,In Service,41.979762,-87.67753,"{""type"":""Point"",""coordinates"":[-87.67753,41.979762]}",46,22616,6,664,24,15,40,True,divvy_c0c02d9c7c8af030,2018-01-01 01:25:15,462 | CHI00630 | KA1504000147,Winchester (Ravenswood) Ave & Balmoral Ave,Divvy_Trips_2018_Q1.zip,unverified_first_trip_proxy,,possible_rename
a3af460f-a135-11e9-9cda-0a87ae2ba916,Clark St & Berwyn Ave,CHI00530,19,19,In Service,41.978017,-87.668019,"{""type"":""Point"",""coordinates"":[-87.668019,41.978017]}",40,22616,76,540,16,15,48,True,divvy_6e1e05eedc644339,2015-05-14 12:26:00,463 | CHI00530 | KA1504000146,Clark St & Berwyn Ave,Divvy_Trips_2015-Q1Q2.zip,unverified_first_trip_proxy,,
a3af4b26-a135-11e9-9cda-0a87ae2ba916,Damen Ave & Foster Ave,CHI00625,15,15,In Service,41.9758109756,-87.6795098986,"{""type"":""Point"",""coordinates"":[-87.679509898579,41.975810975575]}",13,21849,6,106,24,20,40,True,divvy_b273a9ff5365f618,2015-05-14 07:15:00,464 | CHI00625 | KA1504000149,Damen Ave & Foster Ave,Divvy_Trips_2015-Q1Q2.zip,unverified_first_trip_proxy,,name_has_multiple_locations
a3af52bc-a135-11e9-9cda-0a87ae2ba916,Marine Dr & Ainslie St,CHI00617,23,23,In Service,41.9716,-87.650154,"{""type"":""Point"",""coordinates"":[-87.650154,41.9716]}",40,22616,31,635,16,15,48,True,divvy_6c4d1a12983e98d2,2015-07-17 13:21:00,465 | CHI00617 | KA1504000171,Marine Dr & Ainslie St,Divvy_Trips_2015_Q3Q4.zip,unverified_first_trip_proxy,,
a3af5804-a135-11e9-9cda-0a87ae2ba916,Ridge Blvd & Touhy Ave,CHI00793,11,11,In Service,42.0121322774,-87.6829126443,"{""type"":""Point"",""coordinates"":[-87.6829126443,42.01213227742]}",3,22528,10,44,5,12,49,True,divvy_ab7a7751dc9a34e5,2015-05-16 10:51:00,466 | CHI00793 | RP-006,Ridge Blvd & Touhy Ave,Divvy_Trips_2015-Q1Q2.zip,unverified_first_trip_proxy,,
a3af5d1c-a135-11e9-9cda-0a87ae2ba916,Western Ave & Lunt Ave,CHI00801,15,15,In Service,42.0085943972,-87.6904922389,"{""type"":""Point"",""coordinates"":[-87.6904922389,42.0085943972]}",42,22528,20,42,27,12,40,True,divvy_fc9f1e2f6cbf7a74,2015-05-15 18:21:00,467 | CHI00801 | RP-005,Western Ave & Lunt Ave,Divvy_Trips_2015-Q1Q2.zip,unverified_first_trip_proxy,,
a3af624c-a135-11e9-9cda-0a87ae2ba916,Budlong Woods Library,CHI00350,11,11,In Service,41.9836647089,-87.6964225611,"{""type"":""Point"",""coordinates"":[-87.6964225611,41.98366470886]}",46,4450,20,15,24,50,40,True,divvy_7ee2b3b4dd2602c5,2015-05-06 23:09:00,15585 | 468 | CHI00350,Budlong Woods Library,Divvy_Trips_2015-Q1Q2.zip,unverified_first_trip_proxy,,
a3af6c2f-a135-11e9-9cda-0a87ae2ba916,St. Louis Ave & Balmoral Ave,CHI00659,15,15,In Service,41.9803942348,-87.7161149615,"{""type"":""Point"",""coordinates"":[-87.7161149615,41.98039423475]}",28,21849,13,167,38,20,39,True,divvy_87188215fc856c43,2015-05-17 11:25:00,469 | CHI00659 | KA1504000161,St. Louis Ave & Balmoral Ave,Divvy_Trips_2015-Q1Q2.zip,unverified_first_trip_proxy,,
a3af71a9-a135-11e9-9cda-0a87ae2ba916,Kedzie Ave & Foster Ave,CHI00651,11,11,In Service,41.975672,-87.709261,"{""type"":""Point"",""coordinates"":[-87.709261,41.975672]}",28,21849,13,167,38,20,39,True,divvy_182cd2eb350e37c1,2015-05-06 14:17:00,470 | CHI00651 | KA1504000128,Kedzie Ave & Foster Ave,Divvy_Trips_2015-Q1Q2.zip,unverified_first_trip_proxy,,
a3af76f8-a135-11e9-9cda-0a87ae2ba916,Francisco Ave & Foster Ave,CHI00638,15,15,In Service,41.9756327252,-87.7014194389,"{""type"":""Point"",""coordinates"":[-87.7014194389,41.97563272521]}",46,21849,6,620,24,20,40,True,divvy_8c058ba19bcf3448,2015-05-14 17:24:00,471 | CHI00638 | KA1504000160,Francisco Ave & Foster Ave,Divvy_Trips_2015-Q1Q2.zip,unverified_first_trip_proxy,,
a3af7c0e-a135-11e9-9cda-0a87ae2ba916,Lincoln Ave & Winona St,CHI00548,15,15,In Service,41.9749112968,-87.6925025594,"{""type"":""Point"",""coordinates"":[-87.6925025594,41.97491129677]}",46,21849,6,28,24,20,40,True,divvy_e2ad853aab073045,2015-05-06 16:28:00,472 | CHI00548 | KA1504000078,Lincoln Ave & Winona St,Divvy_Trips_2015-Q1Q2.zip,unverified_first_trip_proxy,,
a3af8123-a135-11e9-9cda-0a87ae2ba916,Christiana Ave & Lawrence Ave,CHI00302,15,15,In Service,41.9683544936,-87.7118306675,"{""type"":""Point"",""coordinates"":[-87.7118306675,41.96835449363]}",2,21849,14,118,20,20,33,True,divvy_9a9887d923fe5792,2015-05-16 20:05:00,15615 | 474 | 860 | CHI00302,Christiana Ave & Lawrence Ave,Divvy_Trips_2015-Q1Q2.zip,unverified_first_trip_proxy,,possible_rename
a3af8642-a135-11e9-9cda-0a87ae2ba916,Washtenaw Ave & Lawrence Ave,CHI00217,15,15,In Service,41.9687297,-87.6962603,"{""type"":""Point"",""coordinates"":[-87.6962603,41.9687297]}",46,21849,6,28,24,20,40,True,divvy_51568abf3a83dbf7,2015-05-06 00:24:00,475 | CHI00217 | KA1504000080,Washtenaw Ave & Lawrence Ave,Divvy_Trips_2015-Q1Q2.zip,unverified_first_trip_proxy,,
a3af8b51-a135-11e9-9cda-0a87ae2ba916,Kedzie Ave & Leland Ave,CHI00639,15,15,In Service,41.966686362,-87.7080519806,"{""type"":""Point"",""coordinates"":[-87.7080519806,41.96668636205]}",2,21849,14,258,20,20,33,True,divvy_19f21b265ef1bb2d,2015-05-06 08:10:00,476 | CHI00639 | KA1504000126,Kedzie Ave & Leland Ave,Divvy_Trips_2015-Q1Q2.zip,unverified_first_trip_proxy,,
a3af9064-a135-11e9-9cda-0a87ae2ba916,Manor Ave & Leland Ave,CHI00633,11,11,In Service,41.965875,-87.700825,"{""type"":""Point"",""coordinates"":[-87.700825,41.965875]}",2,21849,14,258,20,20,40,True,divvy_d9d162f359f2da7b,2015-05-06 00:28:00,477 | CHI00633 | KA1504000127,Manor Ave & Leland Ave,Divvy_Trips_2015-Q1Q2.zip,unverified_first_trip_proxy,,
a3af956e-a135-11e9-9cda-0a87ae2ba916,Rockwell St & Eastwood Ave,CHI00581,15,15,In Service,41.9659001398,-87.6936384935,"{""type"":""Point"",""coordinates"":[-87.6936384935,41.96590013976]}",13,21849,6,666,18,20,47,True,divvy_80c26acc25a8f8b0,2015-05-05 15:21:00,478 | CHI00581 | KA1504000093,Rockwell St & Eastwood Ave,Divvy_Trips_2015-Q1Q2.zip,unverified_first_trip_proxy,,
a3af9a83-a135-11e9-9cda-0a87ae2ba916,Drake Ave & Montrose Ave,CHI00227,15,14,In Service,41.9611540757,-87.7165690733,"{""type"":""Point"",""coordinates"":[-87.7165690733,41.96115407569]}",2,21538,14,24,12,20,33,True,divvy_5249f5d029cac456,2015-05-05 15:09:00,479 | CHI00227 | KA1504000097,Drake Ave & Montrose Ave,Divvy_Trips_2015-Q1Q2.zip,unverified_first_trip_proxy,,
a3af9f99-a135-11e9-9cda-0a87ae2ba916,Albany Ave & Montrose Ave,CHI01768,11,11,In Service,41.961041,-87.705866,"{""type"":""Point"",""coordinates"":[-87.705866,41.961041]}",2,21538,16,214,20,39,33,True,divvy_89494ef516f9f3ac,2016-07-01 08:43:18,15621 | 480 | CHI01768,Albany (Kedzie) Ave & Montrose Ave | Albany Ave & Montrose Ave,Divvy_Trips_2016_Q3Q4.zip,unverified_first_trip_proxy,,
a3afa4c3-a135-11e9-9cda-0a87ae2ba916,California Ave & Montrose Ave,CHI00300,15,14,In Service,41.961068,-87.695439,"{""type"":""Point"",""coordinates"":[-87.695439,41.961068]}",2,21538,16,214,20,39,33,True,divvy_adee2d86137cb686,2015-07-07 17:19:00,15622 | 481 | CHI00300,California Ave & Montrose Ave,Divvy_Trips_2015_Q3Q4.zip,unverified_first_trip_proxy,,
a3afa9dc-a135-11e9-9cda-0a87ae2ba916,Campbell Ave & Montrose Ave,CHI00214,15,15,In Service,41.961524,-87.691177,"{""type"":""Point"",""coordinates"":[-87.691177,41.961524]}",13,21849,6,621,18,20,47,True,divvy_c801de9c24b15380,2015-05-14 16:58:00,15623 | 482 | CHI00214,Campbell Ave & Montrose Ave | Campbell Ave & Montrose Ave (Temp),Divvy_Trips_2015-Q1Q2.zip,unverified_first_trip_proxy,,name_has_multiple_locations
a3afaef3-a135-11e9-9cda-0a87ae2ba916,Avondale Ave & Irving Park Rd,CHI00215,19,19,In Service,41.953393,-87.732002,"{""type"":""Point"",""coordinates"":[-87.732002,41.953393]}",25,22618,16,295,50,21,45,True,divvy_499713f1b489337b,2016-07-01 10:31:55,15624 | 483 | CHI00215,Avondale Ave & Irving Park Rd,Divvy_Trips_2016_Q3Q4.zip,unverified_first_trip_proxy,,possible_rename
a3afb401-a135-11e9-9cda-0a87ae2ba916,Monticello Ave & Irving Park Rd,CHI00593,15,15,In Service,41.9540048388,-87.7191281797,"{""type"":""Point"",""coordinates"":[-87.7191281797,41.95400483876]}",2,21538,16,364,50,39,45,True,divvy_1fd49f3a047230f1,2015-05-07 18:56:00,484 | CHI00593 | KA1504000139,Monticello Ave & Irving Park Rd,Divvy_Trips_2015-Q1Q2.zip,unverified_first_trip_proxy,,
a3afb917-a135-11e9-9cda-0a87ae2ba916,Sawyer Ave & Irving Park Rd,CHI00579,16,15,In Service,41.9536,-87.70931,"{""type"":""Point"",""coordinates"":[-87.70931,41.9536]}",2,21538,16,325,20,39,33,True,divvy_aa163b8be295c972,2015-05-04 17:58:00,485 | CHI00579 | KA1504000096,Sawyer Ave & Irving Park Rd,Divvy_Trips_2015-Q1Q2.zip,unverified_first_trip_proxy,,
a3afbe2e-a135-11e9-9cda-0a87ae2ba916,Oakley Ave & Irving Park Rd,CHI00369,15,15,In Service,41.9543408522,-87.6860796243,"{""type"":""Point"",""coordinates"":[-87.6860796243,41.95434085219]}",13,21538,46,623,18,39,47,True,divvy_8620c4e16a5faaab,2015-05-13 14:22:00,486 | CHI00369 | KA1504000158,Oakley Ave & Irving Park Rd,Divvy_Trips_2015-Q1Q2.zip,unverified_first_trip_proxy,,
a3afc347-a135-11e9-9cda-0a87ae2ba916,California Ave & Byron St,CHI00535,19,19,In Service,41.9521621933,-87.698051113,"{""type"":""Point"",""coordinates"":[-87.698051113,41.95216219326]}",2,21538,16,372,20,39,35,True,divvy_4d3ffb80090d12d6,2015-07-07 16:36:00,15628 | 487 | CHI00535,California Ave & Byron St,Divvy_Trips_2015_Q3Q4.zip,unverified_first_trip_proxy,,
a3afc858-a135-11e9-9cda-0a87ae2ba916,Pulaski Rd & Eddy St,CHI00538,11,11,In Service,41.946264,-87.731023,"{""type"":""Point"",""coordinates"":[-87.731023,41.946264]}",27,22618,16,329,21,21,30,True,divvy_8ea7382cb5bf63f8,2020-01-01 01:12:37,488 | CHI00538 | KA1504000141,Pulaski Rd & Eddy St | Pulaski Rd & Eddy St (Temp),Divvy_Trips_2020_Q1.zip,unverified_first_trip_proxy,2015-05-13 17:16:00,earlier_same_name_history | name_has_multiple_locations
a3afcd70-a135-11e9-9cda-0a87ae2ba916,Drake Ave & Addison St,CHI00536,15,15,In Service,41.947326,-87.717582,"{""type"":""Point"",""coordinates"":[-87.717582,41.947326]}",15,21538,16,325,12,39,35,True,divvy_0fb47ab015b9aab8,2015-05-13 14:13:00,489 | CHI00536 | KA1504000142,Drake Ave & Addison St,Divvy_Trips_2015-Q1Q2.zip,unverified_first_trip_proxy,,
a3afd294-a135-11e9-9cda-0a87ae2ba916,Troy St & Elston Ave,CHI00570,15,15,In Service,41.9452435685,-87.7066499009,"{""type"":""Point"",""coordinates"":[-87.7066499009,41.94524356848]}",2,21538,22,425,20,39,33,True,divvy_f9bdeaa06bac613a,2015-05-05 16:42:00,15631 | 490 | CHI00570,Troy St & Elston Ave,Divvy_Trips_2015-Q1Q2.zip,unverified_first_trip_proxy,,
a3afd7ab-a135-11e9-9cda-0a87ae2ba916,Talman Ave & Addison St,CHI00610,15,15,In Service,41.9466358306,-87.694614758,"{""type"":""Point"",""coordinates"":[-87.694614758,41.9466358306]}",13,21538,46,110,18,39,47,True,divvy_75f565842814bd58,2015-05-04 18:17:00,15632 | 491 | CHI00610,Talman Ave & Addison St,Divvy_Trips_2015-Q1Q2.zip,unverified_first_trip_proxy,,
a3afdcbf-a135-11e9-9cda-0a87ae2ba916,Leavitt St & Addison St,CHI00529,15,15,In Service,41.946655,-87.683359,"{""type"":""Point"",""coordinates"":[-87.683359,41.946655]}",13,21538,46,614,18,39,32,True,divvy_131833a69740ad7a,2015-05-13 17:15:00,492 | CHI00529 | KA1504000143,Leavitt St & Addison St,Divvy_Trips_2015-Q1Q2.zip,unverified_first_trip_proxy,,
a3afe1dc-a135-11e9-9cda-0a87ae2ba916,Western Ave & Roscoe St,CHI00614,11,11,In Service,41.943034,-87.687288,"{""type"":""Point"",""coordinates"":[-87.687288,41.943034]}",16,21538,46,615,40,39,32,True,divvy_125dda4fdd5b8036,2015-05-04 15:56:00,15634 | 493 | CHI00614,Western Ave & Roscoe St,Divvy_Trips_2015-Q1Q2.zip,unverified_first_trip_proxy,,possible_rename
a3afe6ed-a135-11e9-9cda-0a87ae2ba916,Kedzie Ave & Bryn Mawr Ave,CHI00646,15,14,In Service,41.9822297591,-87.7088865638,"{""type"":""Point"",""coordinates"":[-87.708886563778,41.982229759115]}",46,21849,13,167,38,20,39,True,divvy_8df25bb069eeb28c,2015-05-18 19:11:00,494 | CHI00646 | KA1504000167,Kedzie Ave & Bryn Mawr Ave,Divvy_Trips_2015-Q1Q2.zip,unverified_first_trip_proxy,,
a3afebff-a135-11e9-9cda-0a87ae2ba916,Keystone Ave & Montrose Ave,CHI00643,11,11,In Service,41.9611080162,-87.7289701012,"{""type"":""Point"",""coordinates"":[-87.7289701012,41.96110801623]}",28,21869,14,257,38,48,39,True,divvy_5ac81089be6fe282,2015-05-16 18:34:00,495 | CHI00643 | KA1504000164,Keystone Ave & Montrose Ave,Divvy_Trips_2015-Q1Q2.zip,unverified_first_trip_proxy,,
a3aff10c-a135-11e9-9cda-0a87ae2ba916,Avers Ave & Belmont Ave,CHI00962,11,11,In Service,41.939408,-87.723574,"{""type"":""Point"",""coordinates"":[-87.723574,41.939408]}",27,21538,22,138,21,39,30,True,divvy_ac59067ce9166265,2015-05-13 20:36:00,15640 | 496 | CHI00962,Avers Ave & Belmont Ave,Divvy_Trips_2015-Q1Q2.zip,unverified_first_trip_proxy,,
a3aff616-a135-11e9-9cda-0a87ae2ba916,Kimball Ave & Belmont Ave,CHI00577,15,15,In Service,41.9393939534,-87.7120676637,"{""type"":""Point"",""coordinates"":[-87.71206766367,41.939393953443]}",15,21538,22,138,12,39,35,True,divvy_9d6c32f5ea395291,2015-05-02 13:39:00,497 | CHI00577 | KA150400009X,Kimball Ave & Belmont Ave,Divvy_Trips_2015-Q1Q2.zip,unverified_first_trip_proxy,,
a3affb22-a135-11e9-9cda-0a87ae2ba916,California Ave & Fletcher St,CHI00616,19,19,In Service,41.9384287915,-87.698007756,"{""type"":""Point"",""coordinates"":[-87.698007756,41.93842879148]}",2,21538,22,466,20,39,35,True,divvy_ecb8aad5beb08a0d,2015-05-04 18:10:00,15642 | 498 | CHI00616,California Ave & Fletcher St,Divvy_Trips_2015-Q1Q2.zip,unverified_first_trip_proxy,,
a3b00055-a135-11e9-9cda-0a87ae2ba916,Kosciuszko Park,CHI00623,15,15,In Service,41.9305853714,-87.7237773635,"{""type"":""Point"",""coordinates"":[-87.7237773635,41.93058537138]}",27,22535,23,107,17,1,35,True,divvy_98eac964e13bbfe2,2015-05-01 11:54:00,15643 | 499 | CHI00623,Kosciuszko Park,Divvy_Trips_2015-Q1Q2.zip,unverified_first_trip_proxy,,
a3b0060d-a135-11e9-9cda-0a87ae2ba916,Central Park Ave & Elbridge Ave,CHI00550,15,15,In Service,41.9353372826,-87.7168892935,"{""type"":""Point"",""coordinates"":[-87.7168892935,41.93533728263]}",15,21538,22,55,12,39,35,True,divvy_e88c223b90c1cc63,2015-05-04 19:27:00,15644 | 500 | CHI00550,Central Park Ave & Elbridge Ave,Divvy_Trips_2015-Q1Q2.zip,unverified_first_trip_proxy,,
a3b00b3a-a135-11e9-9cda-0a87ae2ba916,Richmond St & Diversey Ave,CHI00552,15,15,In Service,41.9319019689,-87.7011951301,"{""type"":""Point"",""coordinates"":[-87.7011951301,41.93190196886]}",15,22535,23,548,40,1,1,True,divvy_afd3a4cf4867d420,2015-05-05 16:09:00,15645 | 501 | CHI00552,Richmond St & Diversey Ave,Divvy_Trips_2015-Q1Q2.zip,unverified_first_trip_proxy,,
a3b0104c-a135-11e9-9cda-0a87ae2ba916,California Ave & Altgeld St,CHI00628,15,15,In Service,41.92669,-87.697668,"{""type"":""Point"",""coordinates"":[-87.697668,41.92669]}",15,22535,23,548,41,1,1,True,divvy_5b4f3e24733b3e46,2015-05-13 21:52:00,15646 | 502 | CHI00628,California Ave & Altgeld St,Divvy_Trips_2015-Q1Q2.zip,unverified_first_trip_proxy,,
a3b01a86-a135-11e9-9cda-0a87ae2ba916,Campbell Ave & Fullerton Ave,CHI00634,15,15,In Service,41.9246324716,-87.6893070063,"{""type"":""Point"",""coordinates"":[-87.6893070063,41.92463247165]}",24,22535,23,323,41,1,1,True,divvy_c2689773fd667095,2015-05-21 18:39:00,15648 | 504 | CHI00634,Campbell Ave & Fullerton Ave,Divvy_Trips_2015-Q1Q2.zip,unverified_first_trip_proxy,,
a3b01f9c-a135-11e9-9cda-0a87ae2ba916,Winchester Ave & Elston Ave,CHI00599,15,15,In Service,41.9240908504,-87.6764600747,"{""type"":""Point"",""coordinates"":[-87.6764600747,41.92409085038]}",16,21190,23,209,40,16,32,True,divvy_a5ca9e5f878209c8,2015-05-07 18:43:00,505 | CHI00599 | KA1504000140,Winchester Ave & Elston Ave,Divvy_Trips_2015-Q1Q2.zip,unverified_first_trip_proxy,,
a3b024aa-a135-11e9-9cda-0a87ae2ba916,Spaulding Ave & Armitage Ave,CHI00635,15,14,In Service,41.9171080348,-87.7102209628,"{""type"":""Point"",""coordinates"":[-87.710220962763,41.917108034789]}",15,22535,23,387,49,1,26,True,divvy_9a847a04877c2614,2015-04-30 23:57:00,15650 | 506 | CHI00635,Spaulding Ave & Armitage Ave,Divvy_Trips_2015-Q1Q2.zip,unverified_first_trip_proxy,,
a3b029be-a135-11e9-9cda-0a87ae2ba916,Humboldt Blvd & Armitage Ave,CHI00636,19,19,In Service,41.917513394,-87.7018089555,"{""type"":""Point"",""coordinates"":[-87.7018089555,41.91751339399]}",15,22535,23,322,41,1,1,True,divvy_cc56283b4656ee4b,2015-05-01 17:57:00,15651 | 507 | CHI00636,Humboldt Blvd & Armitage Ave,Divvy_Trips_2015-Q1Q2.zip,unverified_first_trip_proxy,,
a3b02ef1-a135-11e9-9cda-0a87ae2ba916,Central Park Ave & North Ave,CHI00637,15,15,In Service,41.9096568756,-87.7166319516,"{""type"":""Point"",""coordinates"":[-87.7166319516,41.90965687563]}",10,22535,24,422,49,5,26,True,divvy_dab72980135cd7cd,2015-05-01 19:17:00,15652 | 508 | CHI00637,Central Park Ave & North Ave,Divvy_Trips_2015-Q1Q2.zip,unverified_first_trip_proxy,,
a3b0b291-a135-11e9-9cda-0a87ae2ba916,Troy St & North Ave,CHI00641,15,15,In Service,41.9097693017,-87.7052804871,"{""type"":""Point"",""coordinates"":[-87.7052804871,41.90976930169]}",10,4299,25,301,49,4,26,True,divvy_8d28b519f5cbdc33,2015-05-01 19:50:00,15653 | 509 | CHI00641,Troy St & North Ave,Divvy_Trips_2015-Q1Q2.zip,unverified_first_trip_proxy,,
a3b0b801-a135-11e9-9cda-0a87ae2ba916,Spaulding Ave & Division St,CHI00644,11,11,In Service,41.9027065944,-87.709219571,"{""type"":""Point"",""coordinates"":[-87.709219571,41.90270659438]}",10,4299,24,150,49,5,26,True,divvy_5399389d2da8be71,2015-05-02 10:00:00,15654 | 510 | CHI00644,Spaulding Ave & Division St,Divvy_Trips_2015-Q1Q2.zip,unverified_first_trip_proxy,,
a3b0bd42-a135-11e9-9cda-0a87ae2ba916,Albany Ave & Bloomingdale Ave,CHI00645,15,15,In Service,41.9140267127,-87.705126462,"{""type"":""Point"",""coordinates"":[-87.705126462,41.91402671273]}",10,22535,23,386,41,1,26,True,divvy_9f2606d4f715adf5,2015-05-06 15:36:00,15655 | 511 | CHI00645,Albany Ave & Bloomingdale Ave,Divvy_Trips_2015-Q1Q2.zip,unverified_first_trip_proxy,,
a3b0ccad-a135-11e9-9cda-0a87ae2ba916,Ridge Blvd & Howard St,CHI01041,11,11,In Service,42.019276,-87.68452,"{""type"":""Point"",""coordinates"":[-87.68452,42.019276]}",3,22528,10,52,5,12,49,True,divvy_f9915f2d98c59ea0,2016-07-23 12:36:27,514 | CHI01041,Ridge Blvd & Howard St,Divvy_Trips_2016_Q3Q4.zip,unverified_first_trip_proxy,,
a3b0d1d5-a135-11e9-9cda-0a87ae2ba916,Paulina St & Howard St,CHI01214,19,19,In Service,42.019159,-87.673573,"{""type"":""Point"",""coordinates"":[-87.673573,42.019159]}",3,21853,10,489,5,9,49,True,divvy_d75a21fdd1a0996b,2016-07-08 18:47:19,515 | CHI01214,Paulina St & Howard St,Divvy_Trips_2016_Q3Q4.zip,unverified_first_trip_proxy,,
a3b0d6ec-a135-11e9-9cda-0a87ae2ba916,Clark St & Jarvis Ave,CHI01212,11,11,In Service,42.015963,-87.675005,"{""type"":""Point"",""coordinates"":[-87.675005,42.015963]}",3,21853,10,489,5,9,49,True,divvy_0a21ae5c17b35bf8,2016-07-08 19:22:58,517 | CHI01212,Clark St & Jarvis Ave,Divvy_Trips_2016_Q3Q4.zip,unverified_first_trip_proxy,,
a3b0dc1f-a135-11e9-9cda-0a87ae2ba916,Conservatory Dr & Lake St,CHI01170,11,11,In Service,41.885502,-87.716866,"{""type"":""Point"",""coordinates"":[-87.716866,41.885502]}",11,21572,28,176,23,30,28,True,divvy_79e87e85dbdc5af3,2016-06-02 14:12:00,518 | CHI01170,Conservatory Dr & Lake St,Divvy_Trips_2016_Q1Q2.zip,unverified_first_trip_proxy,,
a3b0e141-a135-11e9-9cda-0a87ae2ba916,Wolcott Ave & Fargo Ave,CHI01266,11,11,In Service,42.016977,-87.677725,"{""type"":""Point"",""coordinates"":[-87.677725,42.016977]}",3,21853,10,52,5,9,49,True,divvy_7c2aafe6ae2b10c7,2016-07-08 07:56:19,519 | CHI01266,Wolcott Ave & Fargo Ave,Divvy_Trips_2016_Q3Q4.zip,unverified_first_trip_proxy,,
a3b0e657-a135-11e9-9cda-0a87ae2ba916,Greenview Ave & Jarvis Ave,CHI01287,19,19,In Service,42.015962,-87.66857,"{""type"":""Point"",""coordinates"":[-87.66857,42.015962]}",3,21853,10,357,5,9,49,True,divvy_095b4298189f1b1c,2016-07-07 14:19:46,520 | CHI01287,Greenview Ave & Jarvis Ave,Divvy_Trips_2016_Q3Q4.zip,unverified_first_trip_proxy,,
a3b0eb93-a135-11e9-9cda-0a87ae2ba916,Bosworth Ave & Howard St,CHI00664,11,11,In Service,42.019537,-87.669563,"{""type"":""Point"",""coordinates"":[-87.669563,42.019537]}",3,21853,10,340,5,9,49,True,divvy_25731479772f672e,2016-07-08 08:11:00,16806 | 522 | CHI00664,Bosworth Ave & Howard St,Divvy_Trips_2016_Q3Q4.zip,unverified_first_trip_proxy,,
a3b0f0b6-a135-11e9-9cda-0a87ae2ba916,Eastlake Ter & Howard St,CHI01097,15,15,In Service,42.0192025019,-87.6643028855,"{""type"":""Point"",""coordinates"":[-87.664302885532,42.019202501932]}",3,21853,10,357,5,9,49,True,divvy_da39a5367fc6ceb1,2022-09-29 10:11:03,523 | CHI01097,Eastlake Ter & Howard St,202209-divvy-tripdata.zip,unverified_first_trip_proxy,,
a3b0f5c9-a135-11e9-9cda-0a87ae2ba916,Austin Blvd & Chicago Ave,CHI00600,7,7,In Service,41.894887,-87.774704,"{""type"":""Point"",""coordinates"":[-87.774704,41.894887]}",52,4299,26,671,7,5,29,True,divvy_56b2dfa8bf8ad092,2016-07-21 18:50:11,16921 | 524 | CHI00600,Austin Blvd & Chicago Ave,Divvy_Trips_2016_Q3Q4.zip,unverified_first_trip_proxy,,
a3b0fae6-a135-11e9-9cda-0a87ae2ba916,Glenwood Ave & Touhy Ave,CHI01143,15,15,In Service,42.012701,-87.666058,"{""type"":""Point"",""coordinates"":[-87.666058,42.012701]}",3,21853,10,358,5,9,49,True,divvy_a8d09823bc8a657a,2016-07-08 18:23:15,525 | CHI01143,Glenwood Ave & Touhy Ave,Divvy_Trips_2016_Q3Q4.zip,unverified_first_trip_proxy,,
a3b0fff9-a135-11e9-9cda-0a87ae2ba916,Oakley Ave & Touhy Ave,CHI00603,11,11,In Service,42.012342,-87.688243,"{""type"":""Point"",""coordinates"":[-87.688243,42.012342]}",3,22528,20,341,27,12,50,True,divvy_cbc67e299ca6b872,2016-07-08 17:39:14,526 | CHI00603 | RP-004,Oakley Ave & Touhy Ave,Divvy_Trips_2016_Q3Q4.zip,unverified_first_trip_proxy,,
a3b1050d-a135-11e9-9cda-0a87ae2ba916,Western Ave & Howard St,CHI00669,15,15,In Service,42.018901,-87.690048,"{""type"":""Point"",""coordinates"":[-87.690048,42.018901]}",3,22528,20,341,5,12,49,True,divvy_9fd4f5696a7ffc51,2016-07-09 10:04:40,527 | CHI00669,Western Ave & Howard St,Divvy_Trips_2016_Q3Q4.zip,unverified_first_trip_proxy,,
a3b10a40-a135-11e9-9cda-0a87ae2ba916,Pulaski Rd & Lake St,CHI00670,11,10,In Service,41.885409,-87.726491,"{""type"":""Point"",""coordinates"":[-87.726491,41.885409]}",11,21572,27,659,23,30,28,True,divvy_869d54eedbd24fab,2016-06-16 15:30:00,528 | CHI00670,Pulaski Rd & Lake St,Divvy_Trips_2016_Q1Q2.zip,unverified_first_trip_proxy,,
a3b10f66-a135-11e9-9cda-0a87ae2ba916,Cicero Ave & Lake St,CHI00665,11,11,In Service,41.886841,-87.745261,"{""type"":""Point"",""coordinates"":[-87.745261,41.886841]}",11,22216,26,696,23,32,28,True,divvy_9ba838cf862a3bf6,2016-06-17 17:42:00,16903 | 529 | CHI00665,Cicero Ave & Lake St,Divvy_Trips_2016_Q1Q2.zip,unverified_first_trip_proxy,,
a3b11480-a135-11e9-9cda-0a87ae2ba916,Laramie Ave & Kinzie St,CHI01122,11,11,In Service,41.887832,-87.755527,"{""type"":""Point"",""coordinates"":[-87.755527,41.887832]}",11,22216,26,673,45,32,37,True,divvy_23003e26be817a42,2016-06-14 21:19:00,530 | CHI01122,Laramie Ave & Kinzie St,Divvy_Trips_2016_Q1Q2.zip,unverified_first_trip_proxy,,
a3b11993-a135-11e9-9cda-0a87ae2ba916,Central Ave & Lake St,CHI00539,11,11,In Service,41.887664,-87.765469,"{""type"":""Point"",""coordinates"":[-87.765469,41.887664]}",52,22216,26,672,7,32,29,True,divvy_282075e38ed4b2e4,2016-07-27 14:36:37,16905 | 531 | CHI00539,Central Ave & Lake St,Divvy_Trips_2016_Q3Q4.zip,unverified_first_trip_proxy,,
a3b11ea4-a135-11e9-9cda-0a87ae2ba916,Austin Blvd & Lake St,CHI00541,11,11,In Service,41.8879437943,-87.7742734551,"{""type"":""Point"",""coordinates"":[-87.774273455143,41.887943794272]}",52,22216,26,672,7,32,29,True,divvy_806258cab3597cc8,2016-06-14 13:57:00,16906 | 532 | CHI00541,Austin Blvd & Lake St,Divvy_Trips_2016_Q1Q2.zip,unverified_first_trip_proxy,,
a3b123c5-a135-11e9-9cda-0a87ae2ba916,Central Park Blvd & 5th Ave,CHI00542,11,11,In Service,41.875679,-87.71547,"{""type"":""Point"",""coordinates"":[-87.71547,41.875679]}",11,21572,28,783,23,30,28,True,divvy_30d0e215be3d23b1,2016-06-15 18:26:00,16907 | 533 | CHI00542,Central Park Blvd & 5th Ave,Divvy_Trips_2016_Q1Q2.zip,unverified_first_trip_proxy,,
a3b128de-a135-11e9-9cda-0a87ae2ba916,Karlov Ave & Madison St,CHI01032,11,11,In Service,41.88085,-87.727907,"{""type"":""Point"",""coordinates"":[-87.727907,41.88085]}",11,21572,27,659,23,30,28,True,divvy_938b6fb2ef5ef98c,2018-03-21 08:15:14,534 | CHI01032,Karlov Ave & Madison St,Divvy_Trips_2018_Q1.zip,unverified_first_trip_proxy,,possible_rename
a3b12dfb-a135-11e9-9cda-0a87ae2ba916,Pulaski Rd & Congress Pkwy,CHI01136,11,10,In Service,41.87441021,-87.7260915935,"{""type"":""Point"",""coordinates"":[-87.726091593504,41.874410210038]}",36,21572,27,675,23,30,28,True,divvy_7611181e20ebfeeb,2016-06-18 01:11:00,535 | CHI01136,Pulaski Rd & Congress Pkwy,Divvy_Trips_2016_Q1Q2.zip,unverified_first_trip_proxy,,
a3b1330c-a135-11e9-9cda-0a87ae2ba916,Kostner Ave & Lake St,CHI00677,11,11,In Service,41.885928,-87.73541,"{""type"":""Point"",""coordinates"":[-87.73541,41.885928]}",11,21572,27,619,23,30,28,True,divvy_0b820ed8483b5192,2016-06-15 18:35:00,536 | 851 | CHI00677,Kostner Ave & Lake St,Divvy_Trips_2016_Q1Q2.zip,unverified_first_trip_proxy,,possible_rename
a3b13836-a135-11e9-9cda-0a87ae2ba916,Kenton Ave & Madison St,CHI00678,11,11,In Service,41.88042,-87.74108,"{""type"":""Point"",""coordinates"":[-87.74108,41.88042]}",11,22216,26,69,23,32,28,True,divvy_2198fb3d39c9f532,2016-06-14 05:44:00,537 | CHI00678,Kenton Ave & Madison St,Divvy_Trips_2016_Q1Q2.zip,unverified_first_trip_proxy,,
a3b13e66-a135-11e9-9cda-0a87ae2ba916,Cicero Ave & Flournoy St,CHI00543,11,11,In Service,41.872131,-87.746619,"{""type"":""Point"",""coordinates"":[-87.746619,41.872131]}",36,22216,26,61,7,32,29,True,divvy_058951b1167402f9,2016-06-16 19:32:00,16912 | 538 | CHI00543,Cicero Ave & Flournoy St,Divvy_Trips_2016_Q1Q2.zip,unverified_first_trip_proxy,,
a3b143aa-a135-11e9-9cda-0a87ae2ba916,Cicero Ave & Quincy St,CHI00591,11,11,In Service,41.877613,-87.745405,"{""type"":""Point"",""coordinates"":[-87.745405,41.877613]}",11,22216,26,69,23,32,28,True,divvy_b4d2c7efafed4499,2016-06-17 16:05:00,16913 | 539 | CHI00591,Cicero Ave & Quincy St,Divvy_Trips_2016_Q1Q2.zip,unverified_first_trip_proxy,,
a3b148bf-a135-11e9-9cda-0a87ae2ba916,Laramie Ave & Madison St,CHI01276,11,11,In Service,41.880207,-87.755337,"{""type"":""Point"",""coordinates"":[-87.755337,41.880207]}",52,22216,26,68,7,32,29,True,divvy_94f33f1ac5ff2d4c,2016-06-15 11:11:00,540 | CHI01276,Laramie Ave & Madison St,Divvy_Trips_2016_Q1Q2.zip,unverified_first_trip_proxy,,
a3b1c47b-a135-11e9-9cda-0a87ae2ba916,Central Ave & Harrison St,CHI00594,11,11,In Service,41.872993,-87.764499,"{""type"":""Point"",""coordinates"":[-87.764499,41.872993]}",52,22216,26,68,7,32,29,True,divvy_881c1a32d50ce5ef,2016-06-16 08:59:00,16915 | 541 | CHI00594,Central Ave & Harrison St,Divvy_Trips_2016_Q1Q2.zip,unverified_first_trip_proxy,,
a3b1ca28-a135-11e9-9cda-0a87ae2ba916,Central Ave & Madison St,CHI00595,11,11,In Service,41.880121,-87.763238,"{""type"":""Point"",""coordinates"":[-87.763238,41.880121]}",52,22216,26,68,7,32,29,True,divvy_752af1ffaeb78e15,2016-06-17 18:03:00,16916 | 542 | CHI00595,Central Ave & Madison St,Divvy_Trips_2016_Q1Q2.zip,unverified_first_trip_proxy,,
a3b1cf80-a135-11e9-9cda-0a87ae2ba916,Laramie Ave & Gladys Ave,CHI00684,11,11,In Service,41.875806,-87.755285,"{""type"":""Point"",""coordinates"":[-87.755285,41.875806]}",52,22216,26,68,7,32,29,True,divvy_06c3d3501b621ac0,2016-06-16 19:39:00,543 | CHI00684,Laramie Ave & Gladys Ave,Divvy_Trips_2016_Q1Q2.zip,unverified_first_trip_proxy,,
a3b1d532-a135-11e9-9cda-0a87ae2ba916,Austin Blvd & Madison St,CHI00596,11,11,In Service,41.880281,-87.774453,"{""type"":""Point"",""coordinates"":[-87.774453,41.880281]}",52,22216,26,618,7,32,29,True,divvy_40912658d75324f6,2017-07-03 16:00:25,16918 | 544 | CHI00596,Austin Blvd & Madison St,Divvy_Trips_2017_Q3Q4.zip,unverified_first_trip_proxy,,possible_rename
a3b1db23-a135-11e9-9cda-0a87ae2ba916,Kostner Ave & Adams St,CHI01336,8,8,In Service,41.877917,-87.735737,"{""type"":""Point"",""coordinates"":[-87.735737,41.877917]}",11,21572,27,716,23,30,28,True,divvy_b197984963aeb570,2016-06-16 08:35:00,545 | CHI01336,Kostner Ave & Adams St,Divvy_Trips_2016_Q1Q2.zip,unverified_first_trip_proxy,,
a3b1e065-a135-11e9-9cda-0a87ae2ba916,Damen Ave & Pershing Rd,CHI01139,11,11,In Service,41.823192,-87.676597,"{""type"":""Point"",""coordinates"":[-87.676597,41.823192]}",26,14924,56,719,1,37,12,True,divvy_65633cac1499ba02,2016-06-17 14:32:00,546 | CHI01139,Damen Ave & Pershing Rd,Divvy_Trips_2016_Q1Q2.zip,unverified_first_trip_proxy,,
a3b1e588-a135-11e9-9cda-0a87ae2ba916,Ashland Ave & Pershing Rd,CHI00601,11,11,In Service,41.823465,-87.665577,"{""type"":""Point"",""coordinates"":[-87.665577,41.823465]}",26,14924,56,721,1,37,7,True,divvy_3c81e8a2f8db8de5,2016-06-18 08:00:00,16932 | 547 | CHI00601,Ashland Ave & Pershing Rd,Divvy_Trips_2016_Q1Q2.zip,unverified_first_trip_proxy,,
a3b1eaa7-a135-11e9-9cda-0a87ae2ba916,Morgan St & Pershing Rd,CHI00745,7,7,In Service,41.823613,-87.650931,"{""type"":""Point"",""coordinates"":[-87.650931,41.823613]}",26,14924,58,172,48,37,7,True,divvy_a9c266319e063adb,2016-06-21 09:10:00,16933 | 548 | CHI00745,Morgan St & Pershing Rd,Divvy_Trips_2016_Q1Q2.zip,unverified_first_trip_proxy,,
a3b1efd6-a135-11e9-9cda-0a87ae2ba916,Marshfield Ave & 44th St,CHI01069,11,11,In Service,41.81399,-87.66658,"{""type"":""Point"",""coordinates"":[-87.66658,41.81399]}",29,14924,59,706,3,37,15,True,divvy_77b78a06a8925319,2016-07-01 16:13:25,549 | CHI01069,Marshfield Ave & 44th St,Divvy_Trips_2016_Q3Q4.zip,unverified_first_trip_proxy,,
a3b1fa1c-a135-11e9-9cda-0a87ae2ba916,Hoyne Ave & 47th St,CHI00572,11,10,In Service,41.808227,-87.67718,"{""type"":""Point"",""coordinates"":[-87.67718,41.808227]}",29,14924,59,788,3,37,12,True,divvy_2d17373e0dd1544b,2016-06-19 15:32:00,551 | CHI00572 | KA1504000091,Hoyne Ave & 47th St,Divvy_Trips_2016_Q1Q2.zip,unverified_first_trip_proxy,,
a3b1ff34-a135-11e9-9cda-0a87ae2ba916,Ashland Ave & McDowell Ave,CHI00672,11,11,In Service,41.809719,-87.663477,"{""type"":""Point"",""coordinates"":[-87.663477,41.809719]}",12,14924,59,123,3,37,15,True,divvy_e709e2b8f12e7ed3,2016-06-19 16:54:00,16937 | 552 | CHI00672,Ashland Ave & McDowell Ave,Divvy_Trips_2016_Q1Q2.zip,unverified_first_trip_proxy,,
a3b2044b-a135-11e9-9cda-0a87ae2ba916,Elizabeth St & 47th St,CHI00693,11,11,In Service,41.80839,-87.656526,"{""type"":""Point"",""coordinates"":[-87.656526,41.80839]}",12,14924,59,739,4,37,20,True,divvy_7444ab5cd5a65d59,2016-06-27 09:52:00,553 | CHI00693,Elizabeth St & 47th St,Divvy_Trips_2016_Q1Q2.zip,unverified_first_trip_proxy,,
a3b20960-a135-11e9-9cda-0a87ae2ba916,Damen Ave & 51st St,CHI01165,7,7,In Service,41.800908,-87.674684,"{""type"":""Point"",""coordinates"":[-87.674684,41.800908]}",19,14924,59,686,2,37,16,True,divvy_80ccfe64b9bf493a,2016-06-21 12:33:00,554 | CHI01165,Damen Ave & 51st St,Divvy_Trips_2016_Q1Q2.zip,unverified_first_trip_proxy,,
a3b20e8a-a135-11e9-9cda-0a87ae2ba916,Ashland Ave & 50th St,CHI00679,11,11,In Service,41.803023,-87.664699,"{""type"":""Point"",""coordinates"":[-87.664699,41.803023]}",19,14924,59,677,4,37,20,True,divvy_20fe93ce3299191c,2016-06-21 12:08:00,16940 | 555 | CHI00679,Ashland Ave & 50th St,Divvy_Trips_2016_Q1Q2.zip,unverified_first_trip_proxy,,
a3b213af-a135-11e9-9cda-0a87ae2ba916,Throop St & 52nd St,CHI00696,7,7,In Service,41.799659,-87.657195,"{""type"":""Point"",""coordinates"":[-87.657195,41.799659]}",19,14924,59,790,4,37,20,True,divvy_54b02e1378393d16,2016-06-25 14:47:00,556 | CHI00696,Throop St & 52nd St,Divvy_Trips_2016_Q1Q2.zip,unverified_first_trip_proxy,,
a3b218cd-a135-11e9-9cda-0a87ae2ba916,Seeley Ave & Garfield Blvd,CHI01048,11,11,In Service,41.794087,-87.675478,"{""type"":""Point"",""coordinates"":[-87.675478,41.794087]}",19,14924,59,686,2,37,16,True,divvy_68319a1a0f525e99,2017-02-20 02:33:12,557 | CHI01048,Seeley Ave & Garfield Blvd,Divvy_Trips_2017_Q1Q2.zip,unverified_first_trip_proxy,,possible_rename
a3b21de7-a135-11e9-9cda-0a87ae2ba916,Ashland Ave & Garfield Blvd,CHI00681,11,11,In Service,41.792822,-87.664429,"{""type"":""Point"",""coordinates"":[-87.664429,41.792822]}",19,22257,65,384,2,23,16,True,divvy_27e3717f6b2619af,2016-06-26 13:53:00,16943 | 558 | CHI00681,Ashland Ave & Garfield Blvd,Divvy_Trips_2016_Q1Q2.zip,unverified_first_trip_proxy,,
a3b222fc-a135-11e9-9cda-0a87ae2ba916,Racine Ave & Garfield Blvd,CHI01166,11,11,In Service,41.794228,-87.655073,"{""type"":""Point"",""coordinates"":[-87.655073,41.794228]}",19,14924,59,790,4,37,20,True,divvy_077c6acdc5ea2747,2016-06-21 12:15:00,559 | CHI01166,Racine Ave & Garfield Blvd,Divvy_Trips_2016_Q1Q2.zip,unverified_first_trip_proxy,,
a3b22815-a135-11e9-9cda-0a87ae2ba916,Marshfield Ave & 59th St,CHI01045,11,11,In Service,41.786833,-87.666215,"{""type"":""Point"",""coordinates"":[-87.666215,41.786833]}",44,22257,65,385,2,23,16,True,divvy_54648a63e94b74ee,2016-06-28 08:20:00,560 | CHI01045,Marshfield Ave & 59th St,Divvy_Trips_2016_Q1Q2.zip,unverified_first_trip_proxy,,
a3b22d3d-a135-11e9-9cda-0a87ae2ba916,Damen Ave & 59th St,CHI00703,11,11,In Service,41.7858610651,-87.6741439104,"{""type"":""Point"",""coordinates"":[-87.674143910408,41.785861065132]}",44,22257,65,274,2,23,16,True,divvy_108eec0354ff4a76,2017-03-27 16:23:23,561 | CHI00703,Damen Ave & 59th St,Divvy_Trips_2017_Q1Q2.zip,unverified_first_trip_proxy,,
a3b23263-a135-11e9-9cda-0a87ae2ba916,Racine Ave & 61st St,CHI00704,11,11,In Service,41.783189,-87.654372,"{""type"":""Point"",""coordinates"":[-87.654372,41.783189]}",19,22257,66,434,2,11,16,True,divvy_987d3ec41fd3a804,2016-08-05 06:21:55,562 | CHI00704,Racine Ave & 61st St,Divvy_Trips_2016_Q3Q4.zip,unverified_first_trip_proxy,,
a3b23785-a135-11e9-9cda-0a87ae2ba916,Ashland Ave & 63rd St,CHI00682,11,11,Not In Service,41.779374,-87.664843,"{""type"":""Point"",""coordinates"":[-87.664843,41.779374]}",19,22257,65,280,2,23,16,True,divvy_dd29fe884937e7ca,2016-06-25 16:16:00,16948 | 563 | CHI00682,Ashland Ave & 63rd St,Divvy_Trips_2016_Q1Q2.zip,unverified_first_trip_proxy,,
a3b23cb8-a135-11e9-9cda-0a87ae2ba916,Racine Ave & 65th St,CHI00706,11,11,In Service,41.775393,-87.654308,"{""type"":""Point"",""coordinates"":[-87.654308,41.775393]}",17,22257,66,436,2,11,16,True,divvy_1bb69415f95b2cbf,2016-07-01 08:57:33,564 | CHI00706,Racine Ave & 65th St,Divvy_Trips_2016_Q3Q4.zip,unverified_first_trip_proxy,,
a3b241df-a135-11e9-9cda-0a87ae2ba916,Ashland Ave & 66th St,CHI00683,7,7,In Service,41.774074,-87.663815,"{""type"":""Point"",""coordinates"":[-87.663815,41.774074]}",17,22257,65,279,2,23,16,True,divvy_814aa68392c832e2,2016-06-21 20:44:00,16950 | 565 | CHI00683,Ashland Ave & 66th St,Divvy_Trips_2016_Q1Q2.zip,unverified_first_trip_proxy,,
a3b24701-a135-11e9-9cda-0a87ae2ba916,Damen Ave & 74th St,CHI00688,11,11,In Service,41.7592740393,-87.6736342907,"{""type"":""Point"",""coordinates"":[-87.673634290695,41.759274039331]}",17,22257,65,433,31,23,17,True,divvy_9f7114e0faabaa40,2022-05-07 18:20:23,16951 | CHI00688,Damen Ave & 74th St,202205-divvy-tripdata.zip,unverified_first_trip_proxy,,
a3b24c1f-a135-11e9-9cda-0a87ae2ba916,May St & 69th St,CHI01205,11,11,In Service,41.768938,-87.652934,"{""type"":""Point"",""coordinates"":[-87.652934,41.768938]}",17,21559,66,410,2,11,16,True,divvy_6d8c4b750932c37c,2016-08-18 12:00:18,567 | CHI01205,May St & 69th St,Divvy_Trips_2016_Q3Q4.zip,unverified_first_trip_proxy,,
a3b2513d-a135-11e9-9cda-0a87ae2ba916,Vincennes Ave & 75th St,CHI00689,7,7,In Service,41.75797,-87.63121,"{""type"":""Point"",""coordinates"":[-87.63121,41.75797]}",17,21554,67,495,32,59,4,True,divvy_c57aa8caa23a6a86,2020-04-24 07:10:25,16953 | 568 | CHI00689,Vincennes Ave & 75th St,202004-divvy-tripdata.zip,unverified_first_trip_proxy,2016-06-25 18:57:00,earlier_same_name_history | name_has_multiple_locations
a3b25656-a135-11e9-9cda-0a87ae2ba916,Woodlawn Ave & 75th St,CHI00710,11,11,In Service,41.75916,-87.59599,"{""type"":""Point"",""coordinates"":[-87.59599,41.75916]}",32,21546,67,121,33,61,3,True,divvy_e8faef84754e5898,2016-06-29 20:58:00,569 | CHI00710,Woodlawn Ave & 75th St,Divvy_Trips_2016_Q1Q2.zip,unverified_first_trip_proxy,,
a3b25b6d-a135-11e9-9cda-0a87ae2ba916,Evans Ave & 75th St,CHI00711,7,7,In Service,41.75849,-87.60641,"{""type"":""Point"",""coordinates"":[-87.60641,41.75849]}",31,21546,67,496,32,61,4,True,divvy_2c821fe1f4153e43,2016-07-01 14:34:54,570 | CHI00711,Evans Ave & 75th St,Divvy_Trips_2016_Q3Q4.zip,unverified_first_trip_proxy,,
a3b26084-a135-11e9-9cda-0a87ae2ba916,Vernon Ave & 75th St,CHI00712,11,11,In Service,41.758361,-87.614138,"{""type"":""Point"",""coordinates"":[-87.614138,41.758361]}",31,21546,67,496,32,61,4,True,divvy_d284b986fee6469e,2016-08-03 18:51:21,571 | CHI00712,Vernon Ave & 75th St,Divvy_Trips_2016_Q3Q4.zip,unverified_first_trip_proxy,,
a3b2659d-a135-11e9-9cda-0a87ae2ba916,State St & 76th St,CHI01030,11,11,In Service,41.756971,-87.624621,"{""type"":""Point"",""coordinates"":[-87.624621,41.756971]}",31,21546,67,475,32,61,4,True,divvy_9bbaddcf2b27d518,2016-06-24 17:53:00,572 | CHI01030,State St & 76th St,Divvy_Trips_2016_Q1Q2.zip,unverified_first_trip_proxy,,
a3b26acf-a135-11e9-9cda-0a87ae2ba916,State St & 79th St,CHI00991,11,11,In Service,41.750794,-87.624424,"{""type"":""Point"",""coordinates"":[-87.624424,41.750794]}",31,21546,40,406,32,61,4,True,divvy_740ab3e1fb1770f7,2016-07-25 20:19:34,573 | CHI00991,State St & 79th St,Divvy_Trips_2016_Q3Q4.zip,unverified_first_trip_proxy,,
a3b26fee-a135-11e9-9cda-0a87ae2ba916,Vernon Ave & 79th St,CHI01226,11,11,In Service,41.75094,-87.61379,"{""type"":""Point"",""coordinates"":[-87.61379,41.75094]}",31,21546,40,11,32,61,4,True,divvy_e506dbdc2ce1fdbe,2016-07-26 09:15:27,574 | CHI01226,Vernon Ave & 79th St,Divvy_Trips_2016_Q3Q4.zip,unverified_first_trip_proxy,,possible_rename
a3b2767f-a135-11e9-9cda-0a87ae2ba916,Cottage Grove Ave & 78th St,CHI01104,11,11,In Service,41.753174,-87.605026,"{""type"":""Point"",""coordinates"":[-87.605026,41.753174]}",31,21546,67,497,35,61,10,True,divvy_dedcb2386d984f7f,2016-07-28 12:57:37,575 | CHI01104,Cottage Grove Ave & 78th St,Divvy_Trips_2016_Q3Q4.zip,unverified_first_trip_proxy,,
a3b27bcf-a135-11e9-9cda-0a87ae2ba916,Greenwood Ave & 79th St,CHI01031,11,11,In Service,41.75129,-87.5976,"{""type"":""Point"",""coordinates"":[-87.5976,41.75129]}",9,21546,40,247,35,61,10,True,divvy_3916fe6cf5400f06,2016-07-20 19:45:33,576 | CHI01031,Greenwood Ave & 79th St,Divvy_Trips_2016_Q3Q4.zip,unverified_first_trip_proxy,,
a3b2810e-a135-11e9-9cda-0a87ae2ba916,Stony Island Ave & South Chicago Ave,CHI01203,11,11,In Service,41.751173,-87.585337,"{""type"":""Point"",""coordinates"":[-87.585337,41.751173]}",9,21202,41,431,35,25,10,True,divvy_70369584e0247ec6,2016-08-07 15:05:12,577 | CHI01203,Stony Island Ave & South Chicago Ave,Divvy_Trips_2016_Q3Q4.zip,unverified_first_trip_proxy,,
a3b2862e-a135-11e9-9cda-0a87ae2ba916,Bennett Ave & 79th St,CHI00691,11,11,In Service,41.751785,-87.578496,"{""type"":""Point"",""coordinates"":[-87.578496,41.751785]}",9,22538,39,188,35,24,10,True,divvy_69f962e3df14cbfe,2017-02-01 09:57:50,16970 | 578 | CHI00691,Bennett Ave & 79th St,Divvy_Trips_2017_Q1Q2.zip,unverified_first_trip_proxy,,
a3b28b4a-a135-11e9-9cda-0a87ae2ba916,Phillips Ave & 79th St,CHI00721,11,11,Not In Service,41.75182,-87.565211,"{""type"":""Point"",""coordinates"":[-87.565211,41.75182]}",43,22538,39,246,37,24,5,True,divvy_c08a7051fd708635,2016-07-23 18:19:58,579 | CHI00721,Phillips Ave & 79th St,Divvy_Trips_2016_Q3Q4.zip,unverified_first_trip_proxy,,
a3b2905a-a135-11e9-9cda-0a87ae2ba916,Exchange Ave & 79th St,CHI00722,11,11,In Service,41.7521150063,-87.5520070003,"{""type"":""Point"",""coordinates"":[-87.552007000253,41.752115006333]}",43,22538,39,421,37,24,5,True,divvy_9ef2699e75be4920,2016-07-29 20:38:40,580 | CHI00722,Exchange Ave & 79th St,Divvy_Trips_2016_Q3Q4.zip,unverified_first_trip_proxy,,
a3b2956a-a135-11e9-9cda-0a87ae2ba916,Commercial Ave & 83rd St,CHI00485,11,11,In Service,41.744615,-87.551208,"{""type"":""Point"",""coordinates"":[-87.551208,41.744615]}",47,21202,42,506,37,25,5,True,divvy_e3e6e562a4a0b45b,2016-08-29 15:35:35,581 | CHI00485 | TA1309000051,Commercial Ave & 83rd St,Divvy_Trips_2016_Q3Q4.zip,unverified_first_trip_proxy,,
a3b29a90-a135-11e9-9cda-0a87ae2ba916,Phillips Ave & 83rd St,CHI00723,11,11,In Service,41.744531,-87.56506,"{""type"":""Point"",""coordinates"":[-87.56506,41.744531]}",43,21202,42,478,37,25,5,True,divvy_c1da0c821bdb7999,2018-06-16 19:09:30,582 | CHI00723,Phillips Ave & 83rd St,Divvy_Trips_2018_Q2.zip,unverified_first_trip_proxy,,
a3b29fae-a135-11e9-9cda-0a87ae2ba916,Stony Island Ave & 82nd St,CHI00724,11,11,In Service,41.746559,-87.586005,"{""type"":""Point"",""coordinates"":[-87.586005,41.746559]}",9,21202,41,133,35,61,10,True,divvy_0ea94cfc2290d1dd,2016-08-03 21:13:05,583 | CHI00724,Stony Island Ave & 82nd St,Divvy_Trips_2016_Q3Q4.zip,unverified_first_trip_proxy,,
a3b2a4ca-a135-11e9-9cda-0a87ae2ba916,Ellis Ave & 83rd St,CHI00725,11,11,In Service,41.744123,-87.599034,"{""type"":""Point"",""coordinates"":[-87.599034,41.744123]}",9,21546,40,141,35,61,10,True,divvy_bec42c0d9aaaaffe,2016-08-09 18:44:34,584 | CHI00725,Ellis Ave & 83rd St,Divvy_Trips_2016_Q3Q4.zip,unverified_first_trip_proxy,,
a3b2a9e7-a135-11e9-9cda-0a87ae2ba916,Cottage Grove Ave & 83rd St,CHI01254,11,11,In Service,41.743441,-87.604836,"{""type"":""Point"",""coordinates"":[-87.604836,41.743441]}",9,21546,40,141,35,61,10,True,divvy_900ec8a1a913d21d,2016-07-31 11:18:57,585 | CHI01254,Cottage Grove Ave & 83rd St,Divvy_Trips_2016_Q3Q4.zip,unverified_first_trip_proxy,,
a3b2af02-a135-11e9-9cda-0a87ae2ba916,MLK Jr Dr & 83rd St,CHI01241,11,11,In Service,41.743116,-87.6148,"{""type"":""Point"",""coordinates"":[-87.6148,41.743116]}",31,21546,40,406,32,61,4,True,divvy_3b2cacf05971c2f7,2016-07-31 13:17:25,586 | CHI01241,MLK Jr Dr & 83rd St,Divvy_Trips_2016_Q3Q4.zip,unverified_first_trip_proxy,,
a3b2b419-a135-11e9-9cda-0a87ae2ba916,Wabash Ave & 83rd St,CHI00729,11,11,In Service,41.7433597623,-87.6228439808,"{""type"":""Point"",""coordinates"":[-87.622843980789,41.743359762253]}",31,21546,40,406,32,61,4,True,divvy_e22df49f1c5e0a90,2016-08-31 12:19:09,587 | CHI00729,Wabash Ave & 83rd St,Divvy_Trips_2016_Q3Q4.zip,unverified_first_trip_proxy,,
a3b2b92c-a135-11e9-9cda-0a87ae2ba916,South Chicago Ave & 83rd St,CHI00730,11,11,In Service,41.743921,-87.575225,"{""type"":""Point"",""coordinates"":[-87.575225,41.743921]}",9,21202,41,431,35,25,10,True,divvy_6d387cd1a0d3c276,2016-07-29 09:33:59,588 | CHI00730,South Chicago Ave & 83rd St,Divvy_Trips_2016_Q3Q4.zip,unverified_first_trip_proxy,,
a3b2be3a-a135-11e9-9cda-0a87ae2ba916,Milwaukee Ave & Cuyler Ave,CHI00692,11,11,In Service,41.954468,-87.749594,"{""type"":""Point"",""coordinates"":[-87.749594,41.954468]}",20,22618,15,259,50,21,45,True,divvy_ad18a0e5688998e3,2016-07-12 16:17:01,16991 | 589 | CHI00692,Milwaukee Ave & Cuyler Ave,Divvy_Trips_2016_Q3Q4.zip,unverified_first_trip_proxy,,
a3b2c354-a135-11e9-9cda-0a87ae2ba916,Kilbourn Ave & Irving Park Rd,CHI01081,11,11,In Service,41.953733,-87.740569,"{""type"":""Point"",""coordinates"":[-87.740569,41.953733]}",25,22618,16,363,50,21,45,True,divvy_403ac953ad90cd1d,2016-07-20 20:34:54,590 | CHI01081,Kilbourn Ave & Irving Park Rd,Divvy_Trips_2016_Q3Q4.zip,unverified_first_trip_proxy,,
a3b2c87c-a135-11e9-9cda-0a87ae2ba916,Kilbourn Ave & Milwaukee Ave,CHI00694,11,11,In Service,41.9489235,-87.7400354,"{""type"":""Point"",""coordinates"":[-87.7400354,41.9489235]}",25,22618,16,327,50,21,30,True,divvy_692fe2402db34cf5,2016-09-23 17:58:02,16994 | 591 | CHI00694,Kilbourn Ave & Milwaukee Ave,Divvy_Trips_2016_Q3Q4.zip,unverified_first_trip_proxy,,name_has_multiple_locations
a3b2cd97-a135-11e9-9cda-0a87ae2ba916,Knox Ave & Montrose Ave,CHI00733,11,11,In Service,41.960631,-87.745359,"{""type"":""Point"",""coordinates"":[-87.745359,41.960631]}",20,22618,16,363,50,21,45,True,divvy_e785d539ab8dd9e9,2016-07-12 12:41:24,592 | CHI00733,Knox Ave & Montrose Ave,Divvy_Trips_2016_Q3Q4.zip,unverified_first_trip_proxy,,
a3b2d2b7-a135-11e9-9cda-0a87ae2ba916,Halsted St & 59th St,CHI00734,11,11,In Service,41.787539,-87.644874,"{""type"":""Point"",""coordinates"":[-87.644874,41.787539]}",53,21559,66,113,4,11,16,True,divvy_4ba6a91032fd8363,2016-07-13 13:11:07,593 | CHI00734,Halsted St & 59th St,Divvy_Trips_2016_Q3Q4.zip,unverified_first_trip_proxy,,
a3b2d7d9-a135-11e9-9cda-0a87ae2ba916,Western Blvd & 48th Pl,CHI00735,11,11,In Service,41.805661,-87.683392,"{""type"":""Point"",""coordinates"":[-87.683392,41.805661]}",29,14924,59,788,3,37,15,True,divvy_9913197cc5e47f97,2016-06-18 16:56:00,594 | CHI00735,Western Blvd & 48th Pl,Divvy_Trips_2016_Q1Q2.zip,unverified_first_trip_proxy,,
a3b2dcf0-a135-11e9-9cda-0a87ae2ba916,Wabash Ave & 87th St,CHI00736,11,11,In Service,41.7365530183,-87.6226441562,"{""type"":""Point"",""coordinates"":[-87.622644156218,41.73655301832]}",31,21546,40,406,32,61,4,True,divvy_72d84a4c132ec2bd,2016-08-09 01:27:14,595 | 644 | CHI00736,Wabash Ave & 87th St,Divvy_Trips_2016_Q3Q4.zip,unverified_first_trip_proxy,,possible_rename
a3b2e20c-a135-11e9-9cda-0a87ae2ba916,Benson Ave & Church St,CHI00737,19,19,Not In Service,42.048214,-87.683485,"{""type"":""Point"",""coordinates"":[-87.683485,42.048214]}",,26293,,,,,,False,,,,,,,,
a3b2e72c-a135-11e9-9cda-0a87ae2ba916,Chicago Ave & Washington St,CHI02038,15,15,Not In Service,42.032562,-87.679101,"{""type"":""Point"",""coordinates"":[-87.679101,42.032562]}",,26609,,,,,,False,,,,,,,,
a3b2ec43-a135-11e9-9cda-0a87ae2ba916,Elmwood Ave & Austin St,CHI00739,6,6,In Service,42.025784,-87.684107,"{""type"":""Point"",""coordinates"":[-87.684107,42.025784]}",,26609,,,,,,False,,,,,,,,
a3b2f15e-a135-11e9-9cda-0a87ae2ba916,Valli Produce - Evanston Plaza,CHI00977,8,8,In Service,42.039742,-87.699413,"{""type"":""Point"",""coordinates"":[-87.699413,42.039742]}",,26609,,,,,,False,,,,,,,,
a3b2f698-a135-11e9-9cda-0a87ae2ba916,Dodge Ave & Church St,CHI00741,15,15,In Service,42.048308,-87.698224,"{""type"":""Point"",""coordinates"":[-87.698224,42.048308]}",,26293,,,,,,False,,,,,,,,
a3b2fbb6-a135-11e9-9cda-0a87ae2ba916,Central St Metra,CHI02041,15,15,In Service,42.063598,-87.69873,"{""type"":""Point"",""coordinates"":[-87.69873,42.063598]}",,26293,,,,,,False,,,,,,,,
a3b300d3-a135-11e9-9cda-0a87ae2ba916,Central St & Girard Ave,CHI02042,15,15,In Service,42.064313,-87.686152,"{""type"":""Point"",""coordinates"":[-87.686152,42.064313]}",,26293,,,,,,False,,,,,,,,
a3b305e7-a135-11e9-9cda-0a87ae2ba916,Chicago Ave & Sheridan Rd,CHI02043,15,15,In Service,42.050491,-87.677821,"{""type"":""Point"",""coordinates"":[-87.677821,42.050491]}",,26293,,,,,,False,,,,,,,,
a3b30b06-a135-11e9-9cda-0a87ae2ba916,Sheridan Rd & Noyes St (NU),CHI01114,15,15,In Service,42.058239,-87.677432,"{""type"":""Point"",""coordinates"":[-87.677432,42.058239]}",,26293,,,,,,False,,,,,,,,
a3b310ac-a135-11e9-9cda-0a87ae2ba916,University Library (NU),CHI01208,15,15,In Service,42.052939,-87.673447,"{""type"":""Point"",""coordinates"":[-87.673447,42.052939]}",,26293,,,,,,False,,,,,,,,
a3b35885-a135-11e9-9cda-0a87ae2ba916,Keystone Ave & Fullerton Ave,CHI00663,11,11,In Service,41.92459,-87.72785,"{""type"":""Point"",""coordinates"":[-87.72785,41.92459]}",7,22615,21,439,17,2,31,True,divvy_72cc2fd8d6cd3954,2016-07-12 17:13:06,16010 | 619 | CHI00663,Keystone Ave & Fullerton Ave,Divvy_Trips_2016_Q3Q4.zip,unverified_first_trip_proxy,,
a3b35e21-a135-11e9-9cda-0a87ae2ba916,Orleans St & Chestnut St (NEXT Apts),CHI01251,15,15,In Service,41.898203,-87.637536,"{""type"":""Point"",""coordinates"":[-87.637536,41.898203]}",41,14926,37,652,46,54,2,True,divvy_71daf72cc15c5bf7,2016-09-09 17:18:44,620 | CHI01251,Orleans St & Chestnut St (NEXT Apts),Divvy_Trips_2016_Q3Q4.zip,unverified_first_trip_proxy,,
a3b3634c-a135-11e9-9cda-0a87ae2ba916,Aberdeen St & Randolph St,CHI00715,24,23,In Service,41.884114,-87.654264,"{""type"":""Point"",""coordinates"":[-87.654264,41.884114]}",41,14917,29,63,46,44,27,True,divvy_be8746080076f8ea,2018-04-30 14:45:05,18062 | 621 | CHI00715,Aberdeen St & Randolph St,Divvy_Trips_2018_Q2.zip,unverified_first_trip_proxy,,
a3b3686c-a135-11e9-9cda-0a87ae2ba916,California Ave & Cortez St,CHI00700,15,13,Not In Service,41.900363,-87.696704,"{""type"":""Point"",""coordinates"":[-87.696704,41.900363]}",24,21560,25,543,41,4,36,True,divvy_76be62cf9088e9a1,2017-04-27 11:01:15,17660 | 512 | 622 | CHI00700,California Ave & Cortez St,Divvy_Trips_2017_Q1Q2.zip,unverified_first_trip_proxy,,possible_rename
a3b36d8a-a135-11e9-9cda-0a87ae2ba916,Michigan Ave & 8th St,CHI01163,43,43,In Service,41.872773,-87.623981,"{""type"":""Point"",""coordinates"":[-87.623981,41.872773]}",48,14913,38,368,10,35,9,True,divvy_041542425d64daac,2017-06-14 11:11:56,623 | CHI01163,Michigan Ave & 8th St,Divvy_Trips_2017_Q1Q2.zip,unverified_first_trip_proxy,,
a3b372b1-a135-11e9-9cda-0a87ae2ba916,Dearborn St & Van Buren St,CHI01076,15,15,In Service,41.876268,-87.629155,"{""type"":""Point"",""coordinates"":[-87.629155,41.876268]}",48,14913,38,92,10,35,34,True,divvy_b4bda9ef5d58a993,2017-07-27 13:25:40,624 | CHI01076,Dearborn St & Van Buren St | Dearborn St & Van Buren St (*),Divvy_Trips_2017_Q3Q4.zip,unverified_first_trip_proxy,,
a3b377cb-a135-11e9-9cda-0a87ae2ba916,Robert Crown Community Center,CHI02044,15,15,Not In Service,42.034189,-87.697676,"{""type"":""Point"",""coordinates"":[-87.697676,42.034189]}",,26609,,,,,,False,,,,,,,,
a3b37ce0-a135-11e9-9cda-0a87ae2ba916,Delano Ct & Roosevelt Rd,CHI00612,19,19,In Service,41.867491,-87.63219,"{""type"":""Point"",""coordinates"":[-87.63219,41.867491]}",48,14917,38,12,26,35,34,True,divvy_74d7d5dc9a0cb6f8,2017-12-21 13:54:00,626 | CHI00612 | KA1706005007,Delano Ct & Roosevelt Rd,Divvy_Trips_2017_Q3Q4.zip,unverified_first_trip_proxy,,
a3b3820c-a135-11e9-9cda-0a87ae2ba916,LaSalle Dr & Huron St,CHI00640,30,30,In Service,41.894877,-87.632326,"{""type"":""Point"",""coordinates"":[-87.632326,41.894877]}",22,4446,37,670,11,55,42,True,divvy_6616ce9bdc8f94da,2018-03-08 15:28:00,627 | CHI00640 | KP1705001026,LaSalle Dr & Huron St | LaSalle Dr & Huron St (*),Divvy_Trips_2018_Q1.zip,unverified_first_trip_proxy,,
a3b38728-a135-11e9-9cda-0a87ae2ba916,Walsh Park,CHI00716,23,23,In Service,41.91461,-87.667968,"{""type"":""Point"",""coordinates"":[-87.667968,41.91461]}",16,21560,23,209,40,4,32,True,divvy_6799c0c5b5b5f422,2018-09-17 14:54:19,18067 | 628 | CHI00716,Walsh Park,Divvy_Trips_2018_Q3.zip,unverified_first_trip_proxy,,
a3b38c3f-a135-11e9-9cda-0a87ae2ba916,Kildare Ave & Montrose Ave,CHI00609,15,15,In Service,41.96108,-87.73569,"{""type"":""Point"",""coordinates"":[-87.73569,41.96108]}",20,21869,16,363,38,48,39,True,divvy_f73aad52ffc5532d,2018-09-01 15:11:09,630 | CHI00609 | KA1706005015,Kildare Ave & Montrose Ave,Divvy_Trips_2018_Q3.zip,unverified_first_trip_proxy,,
a3b3915a-a135-11e9-9cda-0a87ae2ba916,Malcolm X College,CHI00746,19,19,In Service,41.877618,-87.673895,"{""type"":""Point"",""coordinates"":[-87.673895,41.877618]}",48,21184,29,90,46,28,27,True,divvy_013e7fb19f2f9243,2018-08-28 12:43:58,631 | CHI00746,Malcolm X College | Malcolm X College Vaccination Site,Divvy_Trips_2018_Q3.zip,unverified_first_trip_proxy,,
a3b39bb0-a135-11e9-9cda-0a87ae2ba916,Fairbanks St & Superior St,CHI00697,11,11,In Service,41.895748,-87.620104,"{""type"":""Point"",""coordinates"":[-87.620104,41.895748]}",22,21182,37,158,36,6,2,True,divvy_e4da21d7b4685196,2018-09-19 15:24:23,18003 | 635 | CHI00697,Fairbanks St & Superior St | Fairbanks St & Superior St (*),Divvy_Trips_2018_Q3.zip,unverified_first_trip_proxy,,
a3b3a0c8-a135-11e9-9cda-0a87ae2ba916,Orleans St & Hubbard St,CHI00750,11,11,In Service,41.890028,-87.636618,"{""type"":""Point"",""coordinates"":[-87.636618,41.890028]}",22,4446,37,652,36,55,42,True,divvy_009a15c69f41cf6b,2018-09-18 18:33:36,636 | CHI00750,Orleans St & Hubbard St | Orleans St & Hubbard St (*),Divvy_Trips_2018_Q3.zip,unverified_first_trip_proxy,,
a3b419d9-a135-11e9-9cda-0a87ae2ba916,Wood St & Chicago Ave,CHI01183,16,16,In Service,41.895634,-87.672069,"{""type"":""Point"",""coordinates"":[-87.672069,41.895634]}",24,21560,25,520,41,4,1,True,divvy_13259f414bcc917b,2018-09-27 15:33:31,637 | CHI01183,Wood St & Chicago Ave | Wood St & Chicago Ave (*),Divvy_Trips_2018_Q3.zip,unverified_first_trip_proxy,,
a3b41f78-a135-11e9-9cda-0a87ae2ba916,Clinton St & Jackson Blvd,CHI01091,31,31,In Service,41.8783166118,-87.6409810781,"{""type"":""Point"",""coordinates"":[-87.640981078148,41.878316611831]}",48,14914,29,786,36,45,34,True,divvy_cc41e4aeab61a366,2018-09-26 15:48:37,638 | CHI01091,Clinton St & Jackson Blvd | Clinton St & Jackson Blvd (*),Divvy_Trips_2018_Q3.zip,unverified_first_trip_proxy,2016-10-01 02:37:13,earlier_same_name_history | name_has_multiple_locations
a3b424f6-a135-11e9-9cda-0a87ae2ba916,Lakefront Trail & Wilson Ave,CHI01209,15,15,In Service,41.9658742,-87.6455061,"{""type"":""Point"",""coordinates"":[-87.6455061,41.9658742]}",37,21186,31,636,39,15,46,True,divvy_d5f9aa63bf5c4e91,2020-01-01 11:00:37,639 | CHI01209,Lakefront Trail & Wilson Ave,Divvy_Trips_2020_Q1.zip,unverified_first_trip_proxy,2018-09-18 15:15:55,earlier_same_name_history | name_has_multiple_locations
a3b42a3e-a135-11e9-9cda-0a87ae2ba916,Bernard St & Elston Ave,CHI00698,11,10,In Service,41.949923,-87.713949,"{""type"":""Point"",""coordinates"":[-87.713949,41.949923]}",15,21538,16,325,12,39,35,True,divvy_761e415ceea41b83,2018-10-12 19:10:30,18016 | 640 | CHI00698,Bernard St & Elston Ave,Divvy_Trips_2018_Q4.zip,unverified_first_trip_proxy,,
a3b42f5f-a135-11e9-9cda-0a87ae2ba916,Central Park Ave & Bloomingdale Ave,CHI00702,11,11,In Service,41.914166,-87.716755,"{""type"":""Point"",""coordinates"":[-87.716755,41.914166]}",10,22535,23,388,41,1,26,True,divvy_a3f15285d7435999,2018-10-03 01:02:05,18017 | 641 | CHI00702,Central Park Ave & Bloomingdale Ave,Divvy_Trips_2018_Q4.zip,unverified_first_trip_proxy,,
a3b43478-a135-11e9-9cda-0a87ae2ba916,Latrobe Ave & Chicago Ave,CHI01300,7,7,In Service,41.89517,-87.75446,"{""type"":""Point"",""coordinates"":[-87.75446,41.89517]}",4,4299,26,585,45,5,37,True,divvy_6bd182482971cebf,2026-04-02 18:52:26.202000,CHI01300,Latrobe Ave & Chicago Ave,202604-divvy-tripdata.zip,unverified_first_trip_proxy,2019-03-18 16:20:21,earlier_same_name_history | name_has_multiple_locations
a3b4399a-a135-11e9-9cda-0a87ae2ba916,Smith Park,CHI01237,15,15,In Service,41.892048,-87.689397,"{""type"":""Point"",""coordinates"":[-87.689397,41.892048]}",10,21184,25,545,49,28,36,True,divvy_527ff303635dc5ac,2018-09-28 08:14:20,643 | CHI01237,Smith Park | Smith Park (*),Divvy_Trips_2018_Q3.zip,unverified_first_trip_proxy,,
a3b43eb7-a135-11e9-9cda-0a87ae2ba916,Western Ave & Fillmore St,CHI00768,11,11,In Service,41.868563,-87.686234,"{""type"":""Point"",""coordinates"":[-87.686234,41.868563]}",11,21184,29,756,23,28,28,True,divvy_10c904bfd11c3aa3,2018-10-13 17:10:06,644 | CHI00768,Western Ave & Fillmore St | Western Ave & Fillmore St (*),Divvy_Trips_2018_Q4.zip,unverified_first_trip_proxy,,
a3b443ce-a135-11e9-9cda-0a87ae2ba916,Archer (Damen) Ave & 37th St,CHI00705,11,11,In Service,41.826712,-87.683144,"{""type"":""Point"",""coordinates"":[-87.683144,41.826712]}",26,14924,56,719,1,37,12,True,divvy_07a57dcacd100510,2019-01-05 02:44:39,18022 | 645 | CHI00705,Archer (Damen) Ave & 37th St | Archer (Damen) Ave & 37th St (*),Divvy_Trips_2019_Q1.zip,unverified_first_trip_proxy,,
a3b4497a-a135-11e9-9cda-0a87ae2ba916,State St & 54th St,CHI01078,11,11,In Service,41.796642,-87.625923,"{""type"":""Point"",""coordinates"":[-87.625923,41.796642]}",12,14924,7,218,9,37,8,True,divvy_ad8b7ebedd102679,2018-10-02 14:15:44,646 | CHI01078,State St & 54th St,Divvy_Trips_2018_Q4.zip,unverified_first_trip_proxy,,
a3b44eba-a135-11e9-9cda-0a87ae2ba916,Racine Ave & 57th St,CHI01080,7,7,In Service,41.7896968805,-87.6546978951,"{""type"":""Point"",""coordinates"":[-87.65469789505,41.789696880483]}",19,22257,66,409,2,11,16,True,divvy_4f0e389c31957c87,2021-08-03 19:40:24,647 | CHI01080,Elizabeth St & 59th St | Racine Ave & 57th St,202108-divvy-tripdata.zip,unverified_first_trip_proxy,2018-12-04 17:02:53,earlier_same_name_history
a3b453f2-a135-11e9-9cda-0a87ae2ba916,Carpenter St & 63rd St,CHI00708,7,7,In Service,41.77987,-87.650919,"{""type"":""Point"",""coordinates"":[-87.650919,41.77987]}",19,21559,66,434,2,11,16,True,divvy_7c6bf1ba1d6742fa,2018-10-26 12:26:00,18025 | 648 | CHI00708,Carpenter St & 63rd St,Divvy_Trips_2018_Q4.zip,unverified_first_trip_proxy,,
a3b4590f-a135-11e9-9cda-0a87ae2ba916,Stewart Ave & 63rd St,CHI01217,11,11,In Service,41.779835,-87.634774,"{""type"":""Point"",""coordinates"":[-87.634774,41.779835]}",53,21559,66,435,4,11,20,True,divvy_c3eaef3a42004536,2018-10-22 18:42:22,649 | CHI01217,Stewart Ave & 63rd St | Stewart Ave & 63rd St (*),Divvy_Trips_2018_Q4.zip,unverified_first_trip_proxy,,
a3b45e26-a135-11e9-9cda-0a87ae2ba916,Eggleston Ave & 69th St,CHI00771,11,11,In Service,41.768898,-87.635876,"{""type"":""Point"",""coordinates"":[-87.635876,41.768898]}",31,21559,66,479,32,11,4,True,divvy_b4ff25593e35d02a,2018-10-24 18:53:51,650 | CHI00771,Eggleston Ave & 69th St | Eggleston Ave & 69th St (*),Divvy_Trips_2018_Q4.zip,unverified_first_trip_proxy,,
a3b46866-a135-11e9-9cda-0a87ae2ba916,Rhodes Ave & 71st St,CHI00789,11,11,In Service,41.766,-87.611726,"{""type"":""Point"",""coordinates"":[-87.611726,41.766]}",31,22260,67,480,32,60,4,True,divvy_fb971e9a4550c454,2019-04-04 18:15:48,652 | CHI00789,Rhodes Ave & 71st St,Divvy_Trips_2019_Q2.zip,unverified_first_trip_proxy,,
a3b4728f-a135-11e9-9cda-0a87ae2ba916,Racine Ave & Washington Blvd,CHI00791,11,11,In Service,41.883073,-87.656952,"{""type"":""Point"",""coordinates"":[-87.656952,41.883073]}",41,14917,29,63,46,44,27,True,divvy_d82098d22540d876,2018-10-17 18:24:12,654 | CHI00791,Racine Ave & Washington Blvd | Racine Ave & Washington Blvd (*),Divvy_Trips_2018_Q4.zip,unverified_first_trip_proxy,,
a3b477ac-a135-11e9-9cda-0a87ae2ba916,Hoyne Ave & Balmoral Ave,CHI00773,15,15,In Service,41.979851,-87.681932,"{""type"":""Point"",""coordinates"":[-87.681932,41.979851]}",46,21849,6,664,24,20,40,True,divvy_b9a2c7849ea9d3e9,2018-10-02 19:50:09,655 | CHI00773,Hoyne Ave & Balmoral Ave,Divvy_Trips_2018_Q4.zip,unverified_first_trip_proxy,,
a3b47cbc-a135-11e9-9cda-0a87ae2ba916,Damen Ave & Lake St,CHI00619,16,16,In Service,41.8849659,-87.6768354,"{""type"":""Point"",""coordinates"":[-87.6768354,41.8849659]}",48,21184,29,37,46,28,27,True,divvy_f3f9bce222d54cad,2024-08-05 08:27:49.029000,CHI00619 | KA17018054,Damen Ave & Lake St,202408-divvy-tripdata.zip,unverified_first_trip_proxy,,possible_rename
a3b481e1-a135-11e9-9cda-0a87ae2ba916,Wood St & Augusta Blvd,CHI00788,15,15,In Service,41.899181,-87.6722,"{""type"":""Point"",""coordinates"":[-87.6722,41.899181]}",24,21560,25,518,41,4,1,True,divvy_f551e64699e7999d,2018-09-12 18:14:42,657 | CHI00788,Wood St & Augusta Blvd,Divvy_Trips_2018_Q3.zip,unverified_first_trip_proxy,,
a3b486f2-a135-11e9-9cda-0a87ae2ba916,Leavitt St & Division St,CHI00787,15,15,In Service,41.902997,-87.683825,"{""type"":""Point"",""coordinates"":[-87.683825,41.902997]}",16,21560,25,541,11,4,1,True,divvy_8402269987c1780d,2018-10-25 16:35:09,658 | CHI00787,Leavitt St & Division St | Leavitt St & Division St (*),Divvy_Trips_2018_Q4.zip,unverified_first_trip_proxy,,
a3b48c07-a135-11e9-9cda-0a87ae2ba916,Leavitt St & Chicago Ave,CHI00713,19,19,In Service,41.895501,-87.682017,"{""type"":""Point"",""coordinates"":[-87.682017,41.895501]}",16,21560,25,546,41,28,36,True,divvy_39d1be6955273d79,2018-09-12 15:59:06,18058 | 659 | CHI00713,Leavitt St & Chicago Ave,Divvy_Trips_2018_Q3.zip,unverified_first_trip_proxy,,
a3b49122-a135-11e9-9cda-0a87ae2ba916,Sheridan Rd & Columbia Ave,CHI01050,15,14,In Service,42.004583,-87.661406,"{""type"":""Point"",""coordinates"":[-87.661406,42.004583]}",3,21853,10,47,5,9,49,True,divvy_528f05d7e3a25388,2018-10-04 17:19:28,660 | CHI01050,Sheridan Rd & Columbia Ave,Divvy_Trips_2018_Q4.zip,unverified_first_trip_proxy,,
a3b4963f-a135-11e9-9cda-0a87ae2ba916,Dempster CTA,CHI01222,15,15,In Service,42.041267,-87.681577,"{""type"":""Point"",""coordinates"":[-87.681577,42.041267]}",,26293,,,,,,False,,,,,,,,
a3b49b4c-a135-11e9-9cda-0a87ae2ba916,Orrington Ave & Clark St,CHI00798,15,15,In Service,42.050086,-87.679956,"{""type"":""Point"",""coordinates"":[-87.679956,42.050086]}",,26293,,,,,,False,,,,,,,,
a3b4a05c-a135-11e9-9cda-0a87ae2ba916,Lincolnwood Dr & Central St,CHI02045,6,6,In Service,42.064854,-87.715297,"{""type"":""Point"",""coordinates"":[-87.715297,42.064854]}",,26293,,,,,,False,,,,,,,,
a3b4a579-a135-11e9-9cda-0a87ae2ba916,Leavitt St & Belmont Ave,CHI00615,15,15,In Service,41.939354,-87.683282,"{""type"":""Point"",""coordinates"":[-87.683282,41.939354]}",16,21538,46,110,40,39,32,True,divvy_787e5d6fbf9437bd,2018-12-14 11:12:21,664 | CHI00615 | KA17018068,Leavitt St & Belmont Ave | Leavitt St & Belmont Ave (*),Divvy_Trips_2018_Q4.zip,unverified_first_trip_proxy,,
a3b4aa91-a135-11e9-9cda-0a87ae2ba916,South Chicago Ave & Elliot Ave,CHI01315,7,7,In Service,41.747363,-87.580046,"{""type"":""Point"",""coordinates"":[-87.580046,41.747363]}",9,21202,41,431,35,25,10,True,divvy_ee8d2e6de5db8c1a,2019-03-21 14:46:16,665 | CHI01315,South Chicago Ave & Elliot Ave,Divvy_Trips_2019_Q1.zip,unverified_first_trip_proxy,,
a3b4afb6-a135-11e9-9cda-0a87ae2ba916,Cherry Ave & Blackhawk St,CHI00718,15,15,In Service,41.907221,-87.655618,"{""type"":""Point"",""coordinates"":[-87.655618,41.907221]}",16,22620,37,108,46,49,27,True,divvy_e2396e324e34a85c,2019-08-12 15:08:29,18069 | 666 | CHI00718,Cherry Ave & Blackhawk St,Divvy_Trips_2019_Q3.zip,unverified_first_trip_proxy,,
a4f9ba74-f1cc-4b6a-90ad-78cacd45d3e1,Olive Harvey College,CHI00776,15,15,In Service,41.7095811353,-87.5902336836,"{""type"":""Point"",""coordinates"":[-87.590233683586,41.709581135263]}",9,21861,47,643,35,19,10,True,divvy_49eaf74fd000a82c,2021-12-14 13:34:20,20111 | CHI00776,Olive Harvey College,202112-divvy-tripdata.zip,unverified_first_trip_proxy,,
a5a5cb39-a6ee-45bc-96a0-6455ae111bad,East End Ave & 87th St,CHI00870,15,15,In Service,41.7368152144,-87.5828012824,"{""type"":""Point"",""coordinates"":[-87.582801282406,41.736815214407]}",9,21202,44,473,35,25,10,True,divvy_c8ee2a4fd9f52342,2020-08-01 14:57:08,20231 | 686 | 883 | CHI00870,East End Ave & 87th St,202008-divvy-tripdata.zip,unverified_first_trip_proxy,,possible_rename
a60781db-2bec-4a15-a4a2-363297aefcec,Halsted St & 73rd St,CHI00846,15,15,In Service,41.761605438,-87.6441609767,"{""type"":""Point"",""coordinates"":[-87.644160976661,41.761605438044]}",17,21559,66,511,32,11,4,True,divvy_64bfc973831a504e,2020-07-24 14:53:07,20244 | 678 | CHI00846,Halsted St & 73rd St,202007-divvy-tripdata.zip,unverified_first_trip_proxy,,
a77136ee-060b-433b-88d0-ec74af1ef7ad,Halsted St & 111th St,CHI00956,15,15,In Service,41.6922625559,-87.6426118612,"{""type"":""Point"",""coordinates"":[-87.642611861229,41.692262555892]}",45,21861,74,663,22,13,21,True,divvy_ee5c620d1e0f185e,2020-09-19 09:22:59,20127 | 711 | 875 | CHI00956,Halsted St & 111th St,202009-divvy-tripdata.zip,unverified_first_trip_proxy,,possible_rename
ad9f8858-dc27-43ca-8fdc-78044b22f1fc,Walden Pkwy & 100th St,CHI00795,15,15,In Service,41.7121641036,-87.6677334309,"{""type"":""Point"",""coordinates"":[-87.667733430862,41.712164103598]}",33,22212,71,628,42,13,19,True,divvy_fd7931db98911722,2020-09-29 18:33:21,20107 | 721 | CHI00795,Walden Pkwy & 100th St,202009-divvy-tripdata.zip,unverified_first_trip_proxy,,
aea853ed-c70c-4b1b-a7a8-d33869d8d58d,Major Taylor Trail & 115th St,CHI00862,15,15,In Service,41.6849315952,-87.6452887058,"{""type"":""Point"",""coordinates"":[-87.645288705826,41.684931595193]}",45,22212,50,642,22,13,21,True,divvy_382d7136f24eaf65,2020-09-16 21:52:50,20207 | 713 | CHI00862,Major Taylor Trail & 115th St,202009-divvy-tripdata.zip,unverified_first_trip_proxy,,
b09832de-1c8e-4b92-bd72-bd98dc80b92c,Houston Ave & 92nd St,CHI00832,15,15,In Service,41.7282042154,-87.549700141,"{""type"":""Point"",""coordinates"":[-87.549700140953,41.728204215358]}",47,21202,42,510,47,25,6,True,divvy_cd390207674dfda6,2020-08-19 19:34:34,20242 | 694 | CHI00832,Houston Ave & 92nd St,202008-divvy-tripdata.zip,unverified_first_trip_proxy,,
b43a9764-2b1d-4fa0-a13f-7e05eddc7fcd,Western Ave & 111th St,CHI00872,23,5,Not In Service,41.691211035,-87.6812973619,"{""type"":""Point"",""coordinates"":[-87.681297361851,41.691211034981]}",33,22212,74,379,42,33,19,True,divvy_969e14ed2e95deff,2020-10-10 15:50:19,20205 | 728 | CHI00872,Western Ave & 111th St,202010-divvy-tripdata.zip,unverified_first_trip_proxy,,
b8c74f86-2873-4818-88ac-81d9ae374add,Fort Dearborn Dr & 31st St*,CHI02026,20,20,In Service,41.838676329,-87.6088321209,"{""type"":""Point"",""coordinates"":[-87.608832120895,41.838676328971]}",1,21194,1,560,10,40,9,True,divvy_5b6e16a5c10e1952,2023-06-05 17:06:53,CHI02026 | chargingstx06,Fort Dearborn Dr & 31st St*,202306-divvy-tripdata.zip,unverified_first_trip_proxy,,
bbb67562-1f82-4dfa-a532-231ddc35444e,Commercial Ave & 130th St,CHI00828,15,15,In Service,41.6591504276,-87.5507622957,"{""type"":""Point"",""coordinates"":[-87.550762295723,41.659150427598]}",47,22250,52,586,47,26,6,True,divvy_212d63f49b8461c1,2020-10-04 17:29:39,20213 | 722 | CHI00828,Commercial Ave & 130th St,202010-divvy-tripdata.zip,unverified_first_trip_proxy,,
bbf9b599-1873-4133-b670-a0ef9e5c429c,Ashland Ave & 78th St,CHI00957,15,15,In Service,41.7522048494,-87.6636993885,"{""type"":""Point"",""coordinates"":[-87.663699388504,41.752204849411]}",17,21554,70,573,31,59,17,True,divvy_e86f30b59c0566b3,2020-07-29 19:19:52,20234 | 683 | CHI00957,Ashland Ave & 78th St,202007-divvy-tripdata.zip,unverified_first_trip_proxy,,
bc4d498d-c272-4474-beca-10e5268e7253,Eggleston Ave & 92nd St,CHI00819,15,15,In Service,41.7275756593,-87.6348280907,"{""type"":""Point"",""coordinates"":[-87.634828090668,41.7275756593]}",18,21554,72,631,13,59,11,True,divvy_3ede1e30f941e5dc,2020-09-03 17:51:20,20118 | 691 | 707 | CHI00819,Eggleston Ave & 92nd St,202009-divvy-tripdata.zip,unverified_first_trip_proxy,,
c1f104db-9ee7-4999-bd4a-ddd766c75e04,Burnham Greenway & 105th St,CHI00863,11,11,In Service,41.7045750872,-87.52823174,"{""type"":""Point"",""coordinates"":[-87.528231739998,41.704575087207]}",47,21202,49,715,47,25,6,True,divvy_254a6c78254c5a9b,2020-09-18 20:28:43,20222 | 710 | CHI00863,Burnham Greenway & 105th St,202009-divvy-tripdata.zip,unverified_first_trip_proxy,,
c3f1be96-07c2-4c65-8a1d-f2203de88495,Halsted St & 78th St,CHI00857,15,15,In Service,41.7524870125,-87.6439021575,"{""type"":""Point"",""coordinates"":[-87.643902157488,41.75248701249]}",17,21554,70,556,31,59,17,True,divvy_e73fd352937048b0,2020-07-23 19:07:04,20233 | 681 | CHI00857,Halsted St & 78th St,202007-divvy-tripdata.zip,unverified_first_trip_proxy,,
c4040b17-88bd-40ab-9aae-2655d6771580,Greenwood Ave & 91st St,CHI00845,15,15,Not In Service,41.7282642682,-87.5972986221,"{""type"":""Point"",""coordinates"":[-87.597298622131,41.728264268163]}",9,21546,43,472,35,61,10,True,divvy_7befe896e4ea4bba,2020-09-01 21:02:36,20235 | 702 | CHI00845,Greenwood Ave & 91st St,202009-divvy-tripdata.zip,unverified_first_trip_proxy,,
ce334dea-c5ba-45ca-a52d-39dc161683b0,Eberhart Ave & 131st St,CHI00864,15,15,In Service,41.6584131511,-87.610710897,"{""type"":""Point"",""coordinates"":[-87.610710896988,41.658413151101]}",30,4460,51,9,43,47,11,True,divvy_564f148b98d96e12,2020-09-24 15:41:05,20211 | 716 | CHI00864,Eberhart Ave & 131st St,202009-divvy-tripdata.zip,unverified_first_trip_proxy,,
cec28069-2a36-48e1-bcec-2364b44834c4,Stewart Ave & 83rd St,CHI00830,15,15,In Service,41.743717,-87.634088,"{""type"":""Point"",""coordinates"":[-87.634088,41.743717]}",18,21554,40,1,13,59,4,True,divvy_b58eefb8949d7580,2020-07-16 09:41:20,20120 | 677 | CHI00830,Stewart Ave & 83rd St,202007-divvy-tripdata.zip,unverified_first_trip_proxy,,
d53ae727-5265-4b8e-a6ca-2a36dc0345c4,Wilton Ave & Diversey Pkwy,CHI02052,48,48,In Service,41.932418,-87.652705,"{""type"":""Point"",""coordinates"":[-87.652705,41.932418]}",51,21190,68,769,34,16,43,True,divvy_712af6312f753095,2013-06-29 13:41:00,13 | CHI00226 | CHI02052 | TA1306000014 | chargingstx0 | chargingstx2,Wilton Ave & Diversey Pkwy | Wilton Ave & Diversey Pkwy* | [Archived] Wilton Ave & Diversey Pkwy,Divvy_Stations_Trips_2013.zip,unverified_first_trip_proxy,,
d6456ded-180b-4d6e-b020-3aa80bce5c2c,Green St & 86th St,CHI00728,15,15,In Service,41.7378484767,-87.6448997855,"{""type"":""Point"",""coordinates"":[-87.644899785519,41.737848476733]}",18,21554,70,530,13,59,17,True,divvy_f025611b5ba8cd39,2020-08-15 10:14:31,20101 | 685 | CHI00728,Green St & 86th St | Summit Ave & 86th St,202008-divvy-tripdata.zip,unverified_first_trip_proxy,,
da9e6779-5056-4d45-bae3-9dc325ed2807,Hale Ave & 107th St,CHI00794,11,11,In Service,41.6992061681,-87.6689189672,"{""type"":""Point"",""coordinates"":[-87.668918967247,41.699206168128]}",33,22212,74,380,42,13,19,True,divvy_433bc7f6568c8e71,2020-10-02 08:36:36,20108 | 723 | CHI00794,Hale Ave & 107th St,202010-divvy-tripdata.zip,unverified_first_trip_proxy,,
e63300bd-4ca3-4255-adfd-522289d68b8a,Loomis Blvd & 84th St,CHI00875,15,15,In Service,41.7414865286,-87.6584100723,"{""type"":""Point"",""coordinates"":[-87.658410072327,41.741486528618]}",18,21554,70,531,13,59,18,True,divvy_d3eb2c59b8fba8d0,2020-08-13 09:08:35,20121 | 687 | CHI00875,Loomis Blvd & 84th St,202008-divvy-tripdata.zip,unverified_first_trip_proxy,,
ee925757-31ce-41ad-9bb7-73b1bb363616,Yates Ave & 95th St,CHI00854,11,11,In Service,41.72237,-87.56478,"{""type"":""Point"",""coordinates"":[-87.56478,41.72237]}",43,21202,48,252,47,25,5,True,divvy_f88524457e0740c8,2026-01-12 13:24:35.271000,CHI00854,Yates Ave & 95th St,202601-divvy-tripdata.zip,unverified_first_trip_proxy,,
f0f9f5dc-3d3f-4a32-aa3e-b87566e44de9,Prospect Sq & 91st St,CHI00740,14,14,In Service,41.7282338,-87.6675239,"{""type"":""Point"",""coordinates"":[-87.6675239,41.7282338]}",33,22212,71,627,42,59,19,True,divvy_0ad59c1505e2f7ef,2020-08-14 19:38:18,20103 | 684 | CHI00740,Prospect Sq & 91st St,202008-divvy-tripdata.zip,unverified_first_trip_proxy,,
ff21c158-de98-46c6-9ef7-7082bdb7c634,Hegewisch Metra Station,CHI00876,15,15,In Service,41.6485007627,-87.5460898876,"{""type"":""Point"",""coordinates"":[-87.546089887619,41.648500762664]}",47,22250,52,586,47,26,6,True,divvy_3ab77925952c2676,2020-11-06 15:32:58,20215 | 732 | CHI00876,Hegewisch Metra Station,202011-divvy-tripdata.zip,unverified_first_trip_proxy,,
