source,feed_station_id,short_name,station_name,station_lat,station_lon,in_chicago,status,feed_station_type,capacity,station_key,reference_station_type,station_first_trip_at,match_method,coverage_status
city,03a1610c-3ba0-4b85-b512-bc26791cb7ee,CHI00790,Eberhart Ave & 91st St,41.7292851573,-87.6110315323,True,In Service,,15,,,,,no_unambiguous_history_match
city,080ab938-2c1b-4fcf-a83d-74c5ae6ff305,CHI00842,Cottage Grove Ave & 111th Pl,41.6917097585,-87.610001564,True,In Service,,15,divvy_452633bda1806406,station,2020-08-26 18:34:16,name_and_short_name_within_150m,matched
city,0eeb6baf-c653-4a1a-af17-99f686116b89,CHI00802,Lawndale Ave & 111th St,41.6913191922,-87.7128857374,True,In Service,,15,divvy_f7dfe45f7f1d74c3,station,2020-10-15 16:05:17,name_and_short_name_within_150m,matched
city,0f9b826b-8885-4c25-96fd-9e2c2074c34e,CHI00859,Western Ave & 104th St,41.7045871022,-87.6812034845,True,In Service,,14,divvy_899a869d91e04d8b,station,2020-10-06 14:38:17,name_and_short_name_within_150m,matched
city,10327d47-3c3a-433e-9e38-80638da64232,CHI00747,Indiana Ave & 103rd St,41.7071702712,-87.6184719801,True,In Service,,15,divvy_ef845ea1e25a545e,station,2020-08-20 16:52:16,name_and_short_name_within_150m,matched
city,13820eba-039d-4231-9228-005ab0f4e451,CHI02022,Bissell St & Armitage Ave,41.9182955629,-87.6521833241,True,In Service,,24,divvy_337598fef782739f,station,2013-09-05 14:44:00,name_and_short_name_within_150m,matched
city,1436495105198659242,,Sheffield Ave & Armitage Ave Public Rack,41.917805,-87.653449,True,In Service,,6,divvy_8d4136c5a061a55b,public_rack,2026-02-11 17:09:22.549000,name_within_150m,matched
city,1436495105198659246,,Carpenter St & Lake St Public Rack,41.885586,-87.6531893,True,In Service,,5,divvy_47666d31c12b304e,public_rack,2026-04-09 14:17:20.882000,name_within_150m,matched
city,1436495109493626544,,Washington Blvd & Peoria St Public Rack,41.883043,-87.649931,True,In Service,,9,divvy_cefb8cc26f3f6776,public_rack,2026-04-09 14:12:27.943000,name_within_150m,matched
city,1436495115557663136,,Southport Ave & Newport Ave Public Rack,41.944019,-87.663975,True,In Service,,10,divvy_e393eca7ec426829,public_rack,2026-01-07 12:08:50.391000,name_within_150m,matched
city,1436495119852630436,,Damen Ave & Chicago Ave Public Rack,41.895809,-87.678519,True,In Service,,8,divvy_c81f7532ac53841a,public_rack,2026-01-07 15:32:09.238000,name_within_150m,matched
city,1436495122378528446,,Paulina St & Lincoln Ave Public Rack,41.943838,-87.671469,True,In Service,,8,divvy_dd29599595bb2bf0,public_rack,2026-01-26 06:01:59.244000,name_within_150m,matched
city,1448642188027369086,,Indiana Ave & 133rd St Public Rack,41.653564,-87.617054,True,In Service,,8,divvy_e3a7ce4d45b186d3,public_rack,2026-03-24 18:55:24.532000,name_within_150m,matched
city,14d6e4b0-d0cc-4ccb-b757-e596d8c24a99,CHI00867,Torrence Ave & 106th St,41.7028008502,-87.5597262383,True,In Service,,11,divvy_3157c752a6438928,station,2020-09-13 08:33:40,name_and_short_name_within_150m,matched
city,1500206163166594382,,Ping Tom Park East Public Rack,41.8579886,-87.6319447,True,In Service,,9,divvy_6fbe263ab6e37ba6,public_rack,2026-02-06 18:32:42.023000,name_within_150m,matched
city,1591541115825893018,,Hubbard St Depot Public Rack,41.8897772,-87.680351,True,In Service,,40,,,,,no_unambiguous_history_match
city,1594046362333434512,,Damen Ave & 33rd St,41.834108,-87.67559,True,In Service,,8,divvy_7976ad31b1e498ce,station,2021-10-10 10:01:53,name_within_150m,matched
city,1753333909108677614,,Hastings St Depot Public Rack,41.8635164,-87.6797485,True,Not In Service,,32,,,,,no_unambiguous_history_match
city,1754781885939323186,CHI02031,Stony Island Ave & 63rd St,41.780506,-87.586853,True,In Service,,11,divvy_65b0ef3f749e46d4,station,2023-02-10 16:36:25,name_and_short_name_within_150m,matched
city,1775509322900183222,CHI01903,Elizabeth St & Randolph St,41.884336,-87.658902,True,In Service,,11,divvy_8cfd6b0bd4e066c6,station,2023-02-07 07:48:18,name_and_short_name_within_150m,matched
city,1789242536879942642,CHI01880,Fulton Market,41.886871,-87.648089,True,In Service,,30,divvy_a7d5fd9d7f198d75,station,2025-09-10 11:38:15.825000,name_and_short_name_within_150m,matched
city,1799277526470631980,CHI01879,Lincoln Ave & Byron St,41.952372,-87.677296,True,In Service,,15,divvy_753eeb5ea97586fe,station,2023-04-12 10:35:11,name_and_short_name_within_150m,matched
city,1838613156025764214,CHI01902,Drexel Ave & 60th St,41.785861,-87.604553,True,In Service,,15,divvy_1e8bf89923499380,station,2023-08-02 16:34:38,name_and_short_name_within_150m,matched
city,1850866657089146912,CHI01806,Blackstone Ave & 59th St,41.787877,-87.590461,True,In Service,,19,divvy_58f3c2bac7da3480,station,2023-09-14 17:42:14,name_and_short_name_within_150m,matched
city,1850867138125484782,CHI01996,Woodlawn Ave & 58th St,41.789381,-87.596479,True,In Service,,11,divvy_8ee4808cc1f79ebb,station,2023-09-15 12:30:32,name_and_short_name_within_150m,matched
city,1850868044363584392,CHI01913,University Ave & 59th St,41.787878,-87.598906,True,In Service,,15,divvy_bc061618830fc985,station,2023-08-29 13:50:43,name_and_short_name_within_150m,matched
city,1859027847673133268,CHI01777,Monticello Ave & Lawrence Ave,41.9682,-87.71953,True,In Service,,11,divvy_10ed9a0610d3afd8,station,2023-09-19 16:40:36,name_and_short_name_within_150m,matched
city,1859717449875884116,CHI01785,Kedzie Ave & 66th Pl,41.772584,-87.703007,True,In Service,,15,divvy_370edbe6d2d00e53,station,2023-09-23 17:18:03,name_and_short_name_within_150m,matched
city,1859717767703464460,CHI01795,Kedzie Ave & Redfield Dr,41.76523,-87.70316,True,In Service,,15,divvy_0bac96deb58afc4b,station,2023-09-23 17:19:31,name_and_short_name_within_150m,matched
city,1859718111300847802,CHI01793,Artesian Ave & Marquette Rd,41.77203,-87.684637,True,In Service,,15,divvy_77eeb8b660e28e76,station,2023-10-08 01:11:19,name_and_short_name_within_150m,matched
city,1861588043429399408,CHI01881,McCormick Blvd & Devon Ave,41.9972,-87.71105,True,In Service,,11,divvy_42876b8a8ec59c9c,station,2022-05-16 21:02:53,name_and_short_name_within_150m,matched
city,1861589903150238332,CHI01798,California Ave & 71st St,41.764748,-87.693121,True,In Service,,15,divvy_308053305f031085,station,2023-09-29 14:22:50,name_and_short_name_within_150m,matched
city,1861593053874186306,CHI01770,Artesian Ave & 71st St,41.764345,-87.684417,True,In Service,,15,divvy_5883e057c4cd8390,station,2023-10-06 17:25:05,name_and_short_name_within_150m,matched
city,1861594737501366386,CHI01796,Springfield Ave & 71st St,41.764484,-87.720028,True,In Service,,15,divvy_ad6cb67715bb7a17,station,2023-10-04 20:47:04,name_and_short_name_within_150m,matched
city,1861613253877461614,CHI01797,St. Louis Ave & 71st St,41.764354,-87.710121,True,In Service,,15,divvy_c14e2d033111fda6,station,2023-10-17 02:06:26,name_and_short_name_within_150m,matched
city,1861996658372408268,CHI01816,Kostner Ave & Wrightwood Ave,41.927957,-87.735952,True,In Service,,15,divvy_7e64c01e2dfed1b3,station,2021-08-03 14:24:54,name_and_short_name_within_150m,matched
city,1861997616150114834,CHI01858,Kenosha Ave & Wellington Ave,41.934457,-87.733795,True,Not In Service,,15,divvy_7b4642808cc1bb62,station,2023-09-28 17:14:54,name_and_short_name_within_150m,matched
city,1862806445904101456,CHI02025,Michigan Ave & 9th St,41.87094,-87.62439,True,In Service,,19,divvy_20e8a72f3d786cec,station,2026-05-13 18:07:03.333000,name_and_short_name_within_150m,matched
city,1863873159929715228,CHI01545,Damen Ave & 81st St,41.746534,-87.673055,True,In Service,,15,divvy_25b2a845ab228070,station,2023-11-09 15:23:03,name_and_short_name_within_150m,matched
city,1863873701095594368,CHI01781,Wood St & 84th St,41.741192,-87.668106,True,In Service,,15,divvy_ba7f3483fad7970c,station,2023-11-30 11:26:46,name_and_short_name_within_150m,matched
city,1863877673940343638,CHI01773,California Ave & Marquette Rd,41.771611,-87.693331,True,In Service,,15,divvy_bb72179c14838ef1,station,2021-10-28 09:14:00,name_and_short_name_within_150m,matched
city,1863878044896486356,CHI01889,Kilpatrick Ave & Grand Ave,41.912732,-87.743636,True,In Service,,15,divvy_e684c35992f58916,station,2021-11-01 17:46:58,name_and_short_name_within_150m,matched
city,1866476160171649058,CHI00624,Damen Ave & Coulter St,41.850434,-87.674989,True,In Service,,12,divvy_810c8ed406cb9d69,station,2013-07-24 13:46:00,name_and_short_name_within_150m,matched
city,1866822399451882164,CHI01868,Lincoln Ave & Peterson Ave,41.990267,-87.70857,True,In Service,,15,divvy_38ddaf2d9c759ef2,station,2021-11-05 14:57:36,name_and_short_name_within_150m,matched
city,1867227665093179888,CHI01945,Kenneth Ave & Lawrence Ave,41.967821,-87.73998,True,In Service,,15,divvy_baae0de7e52e8720,station,2023-10-13 19:45:28,name_and_short_name_within_150m,matched
city,1867616044298100822,CHI01826,Springfield Ave & North Ave,41.910158,-87.723831,True,In Service,,15,divvy_69df3047b39211d5,station,2023-10-14 17:28:46,name_and_short_name_within_150m,matched
city,1867616662773391950,CHI01825,Karlov Ave & Armitage Ave,41.91748,-87.728952,True,In Service,,15,divvy_6a57ce6e71a1d394,station,2023-10-17 23:15:06,name_and_short_name_within_150m,matched
city,1867617341378224632,CHI01800,Karlov Ave & Lawrence Ave,41.967947,-87.730409,True,In Service,,15,divvy_159b7de668a26372,station,2023-10-19 09:43:22,name_and_short_name_within_150m,matched
city,1869036027793202092,CHI01850,Lavergne Ave & Fullerton Ave,41.924034,-87.751191,True,In Service,,15,divvy_744a8de37084f7fa,station,2023-10-16 12:44:12,name_and_short_name_within_150m,matched
city,1869052846885132442,CHI01802,Kedzie Ave & 73rd St,41.760703,-87.702292,True,In Service,,15,divvy_794948cddec6ffa1,station,2023-10-20 18:01:59,name_and_short_name_within_150m,matched
city,1869054242749504212,CHI01857,Kilbourn Ave & Roscoe St,41.942722,-87.739557,True,In Service,,15,divvy_878793cdf4719b4e,station,2023-10-19 14:33:01,name_and_short_name_within_150m,matched
city,1869786699581020630,CHI01786,Paulina Ave & 87th St,41.735629,-87.66552,True,In Service,,15,divvy_fe6337367a6b082d,station,2023-10-26 19:10:15,name_and_short_name_within_150m,matched
city,1870193411073343610,CHI01955,California Ave & Granville Ave,41.9941803,-87.6995596,True,In Service,,15,divvy_59c713df5a1ccaac,station,2023-10-20 00:30:32,name_and_short_name_within_150m,matched
city,1870208802121658482,CHI00526,Rainbow Beach,41.7578709652,-87.5491767528,True,In Service,,15,divvy_682ac8e3fe617387,station,2015-04-26 20:07:00,name_and_short_name_within_150m,matched
city,1871990322214447924,CHI01897,Lamon Ave & Armitage Ave,41.91676,-87.749458,True,In Service,,15,divvy_9731db89cf243d5b,station,2021-08-05 17:58:13,name_and_short_name_within_150m,matched
city,1871991855517771832,CHI01803,Western Ave & 79th St,41.750843,-87.682701,True,In Service,,15,divvy_29e4cb59679d4864,station,2022-05-11 16:54:10,name_and_short_name_within_150m,matched
city,1871992684446460008,CHI01856,Kilbourn Ave & Belden Ave,41.922369,-87.739024,True,In Service,,15,divvy_2164a585730ad0df,station,2023-11-30 15:30:21,name_and_short_name_within_150m,matched
city,1871992980799203880,CHI01817,Mozart St & 79th St,41.749702,-87.693917,True,In Service,,15,divvy_264771656761b251,station,2023-11-10 18:07:41,name_and_short_name_within_150m,matched
city,1871993715238611622,CHI01846,Parkside Ave & Armitage Ave,41.916907,-87.767173,True,In Service,,15,divvy_658b6bda14fda78b,station,2021-07-28 19:30:00,name_and_short_name_within_150m,matched
city,1872721263815561908,CHI01761,Damen Ave & 87th St,41.736044,-87.672861,True,Not In Service,,15,divvy_0f3a188e25c110d7,station,2023-11-14 09:02:06,name_and_short_name_within_150m,matched
city,1872721624592814362,CHI00813,Lockwood Ave & Wrightwood Ave,41.927766,-87.758544,True,In Service,,15,divvy_7da4203923d152d8,station,2021-08-04 14:22:28,name_and_short_name_within_150m,matched
city,1872721938125427506,CHI01544,Kedzie Ave & 83rd St,41.742523,-87.702279,True,In Service,,15,divvy_97bdda73ace6d4a2,station,2023-11-08 13:24:57,name_and_short_name_within_150m,matched
city,1872722290312745226,CHI01753,Pulaski Rd & 84th St,41.740407,-87.721907,True,In Service,,15,divvy_ab93d82db64c04a8,station,2023-11-10 16:16:14,name_and_short_name_within_150m,matched
city,1872723419889143870,CHI01752,Columbus Ave & 83rd Pl,41.741346,-87.713696,True,In Service,,15,divvy_05a0a1489979b71f,station,2024-01-02 18:39:02,name_and_short_name_within_150m,matched
city,1879436840905128284,CHI01546,Francisco Ave & 85th St,41.738902,-87.695518,True,In Service,,15,divvy_4da833db7b24c18b,station,2024-02-03 16:24:17,name_and_short_name_within_150m,matched
city,1879437308430949172,CHI01757,Springfield Ave & 80th St,41.74763,-87.71945,True,In Service,,8,divvy_9a8e79a41f4fb086,station,2023-12-21 20:16:58,name_and_short_name_within_150m,matched
city,1879438378503419960,CHI01865,Richmond St & Lincoln Ave,41.9881174,-87.7031754,True,In Service,,7,divvy_ee2dfeb4caf1ebb0,station,2021-11-06 16:53:33,name_and_short_name_within_150m,matched
city,1879439147302566804,CHI01805,Columbus Ave & 79th St,41.749119,-87.704263,True,In Service,,11,divvy_2e7987783d5ba225,station,2023-11-17 14:04:23,name_and_short_name_within_150m,matched
city,1879441011318372516,CHI01754,Scottsdale Park,41.741966,-87.736179,True,Not In Service,,11,divvy_a3b9d6e3ed68ef8e,station,2023-12-03 18:01:09,name_and_short_name_within_150m,matched
city,1879442377117973296,CHI01778,Dan Ryan Woods & 83rd St,41.742805,-87.680177,True,Not In Service,,10,divvy_adda50b464d06beb,station,2024-01-07 09:35:03,name_and_short_name_within_150m,matched
city,1882466626513795782,CHI00959,Keeler Ave & Carmen Ave,41.974323,-87.7331,True,Not In Service,,15,divvy_58368ccc8bb22ea3,station,2023-12-29 15:09:47,name_and_short_name_within_150m,matched
city,1884621142190397936,CHI01911,Central Ave & Roscoe St,41.942275,-87.76695,True,In Service,,15,divvy_36237aff0c9d54b1,station,2021-08-06 20:20:57,name_and_short_name_within_150m,matched
city,1885794833713023406,CHI01765,Kostner Ave & Belmont Ave,41.939191,-87.737112,True,In Service,,15,divvy_e31a2062e514480c,station,2023-12-12 15:42:43,name_and_short_name_within_150m,matched
city,1887668523852444498,CHI01801,Cicero Ave & Roscoe Ave,41.942427,-87.747315,True,In Service,,11,divvy_e8fa308975f9ee56,station,2023-12-08 22:09:54,name_and_short_name_within_150m,matched
city,1890602768178733256,CHI01764,Leclaire Ave & Belmont Ave,41.939041,-87.754197,True,In Service,,15,divvy_ca56443a19622eb1,station,2024-01-15 14:37:03,name_and_short_name_within_150m,matched
city,1890603435601779460,CHI01783,Meade Ave & Belmont Ave,41.938251,-87.778601,True,In Service,,15,divvy_507c687b1eb2c15e,station,2026-06-03 18:13:35.626000,short_name_within_35m,matched
city,1890604055552786620,CHI01759,Central Ave & Wellington Ave,41.9349097,-87.7667718,True,In Service,,15,divvy_727b7e17d2d5f60e,station,2024-01-01 03:58:14,name_and_short_name_within_150m,matched
city,1890604506489868740,CHI01762,Mango Ave & Diversey Ave,41.9309625,-87.7698856,True,In Service,,15,divvy_48a89a36c860553e,station,2024-01-30 13:19:49,name_and_short_name_within_150m,matched
city,1890605196211329420,CHI01763,Cicero Ave & Wrightwood Ave,41.9279057,-87.7467295,True,In Service,,15,divvy_7b4120886bdfebf0,station,2022-05-09 19:56:07,name_and_short_name_within_150m,matched
city,1926946441362045298,CHI01789,Laramie Ave & Addison St,41.9456842,-87.7569344,True,In Service,,15,divvy_acefcb77a0349cb7,station,2024-04-15 18:59:43,name_and_short_name_within_150m,matched
city,1926982189560422428,CHI01539,St Louis Ave & Foster Ave,41.9759837,-87.7159844,True,In Service,,15,divvy_a19a556335ed5743,station,2024-03-21 15:40:51,name_and_short_name_within_150m,matched
city,1927347094828755902,CHI01828,Lexington St & California Ave,41.8719938,-87.6958108,True,In Service,,15,divvy_594b18d1d273584a,station,2024-03-21 19:05:05,name_and_short_name_within_150m,matched
city,1927677528601722888,CHI01886,Long Ave & North Ave,41.9092147,-87.7609189,True,In Service,,15,divvy_e3f42e6bd265424d,station,2021-09-16 20:05:56,name_and_short_name_within_150m,matched
city,1927695368784189454,CHI01827,Kildare Ave & North Ave,41.9095392,-87.7338518,True,In Service,,11,divvy_60423e5a56d8f630,station,2024-03-27 07:59:53,name_and_short_name_within_150m,matched
city,1927730149429352986,CHI00824,Kildare Ave & Division St,41.902393,-87.733598,True,In Service,,15,divvy_337eabdebfe38f14,station,2021-09-16 14:31:31,name_and_short_name_within_150m,matched
city,1928767416660546464,CHI00803,Leamington Ave & Hirsch St,41.9058405,-87.7548602,True,In Service,,15,divvy_79435e1ef01e1389,station,2021-10-15 18:13:17,name_and_short_name_within_150m,matched
city,1928792940289520096,CHI00847,Lavergne Ave & Division St,41.9021077,-87.7508698,True,In Service,,15,divvy_8e4b58af4df3ae39,station,2021-09-19 01:43:46,name_and_short_name_within_150m,matched
city,1928795714838393816,CHI01887,Kildare Ave & Chicago Ave,41.8954357,-87.7334818,True,In Service,,15,divvy_8cde84db75e60c69,station,2021-09-26 13:34:31,name_and_short_name_within_150m,matched
city,1929119555906179916,CHI01804,Marmora Ave & Irving Park Rd,41.9531072,-87.7747326,True,In Service,,15,divvy_17caf0ce515363f3,station,2024-04-07 01:38:32,name_and_short_name_within_150m,matched
city,1929121088624564460,CHI01771,Laramie Ave & Irving Park Rd,41.9533354,-87.7583844,True,In Service,,15,divvy_319c59a7fbfc035f,station,2024-03-29 23:40:31,name_and_short_name_within_150m,matched
city,1929121521556988340,CHI01799,Grace St & Central Ave,41.9495327,-87.7672648,True,In Service,,15,divvy_837d844316cb783b,station,2024-04-18 17:52:51,name_and_short_name_within_150m,matched
city,1929121887488481484,CHI01791,Major Ave & Addison St,41.94572,-87.76913,True,In Service,,11,divvy_46e108a496f751fb,station,2024-05-01 18:22:53,name_and_short_name_within_150m,matched
city,1929516918167933834,CHI01834,California Ave & Touhy Ave,42.0120368,-87.7004371,True,In Service,,11,divvy_054bcfe62a6805dd,station,2024-03-29 17:22:55,name_and_short_name_within_150m,matched
city,1929537544978749446,CHI01780,Fairfield Ave & Pratt Blvd,42.0044482,-87.6985973,True,In Service,,15,divvy_4935fa1b5d1efcc0,station,2024-03-28 10:40:32,name_and_short_name_within_150m,matched
city,1929538112769137066,CHI01892,Bernard St & Peterson Ave,41.9904393,-87.715236,True,In Service,,15,divvy_d248b97574bd5488,station,2024-03-29 13:37:12,name_and_short_name_within_150m,matched
city,1929883678185797908,CHI01758,Lockwood Ave & Grand Ave,41.9175941,-87.7584143,True,In Service,,15,divvy_e12077727f28879d,station,2024-04-14 23:24:52,name_and_short_name_within_150m,matched
city,1929905600854819414,CHI02024,Lowell Ave & Armitage Ave,41.9170767,-87.7353543,True,In Service,,15,divvy_f574bc56ccb01565,station,2024-03-28 19:02:16,name_and_short_name_within_150m,matched
city,1929934715947649384,CHI01808,Central Park Ave & Washington Blvd,41.8827476,-87.7153994,True,In Service,,15,divvy_d8360c748ce2567d,station,2024-04-12 00:38:11,name_and_short_name_within_150m,matched
city,1929967657204564894,CHI01905,Kedvale Ave & Peterson Ave,41.9900762,-87.7317073,True,In Service,,15,divvy_b3167340cffdb8c2,station,2024-04-30 13:55:51,name_and_short_name_within_150m,matched
city,1929968520492991056,CHI01863,Central Park Ave & Ardmore Ave,41.9866081,-87.7187674,True,In Service,,15,divvy_06d33242a59cbf36,station,2024-04-19 16:43:52,name_and_short_name_within_150m,matched
city,1930641272056945296,CHI02017,Mason Ave & Grand Ave,41.9204347,-87.7743901,True,In Service,,15,divvy_58262f330db17275,station,2024-04-17 18:51:19,name_and_short_name_within_150m,matched
city,1931391724317609988,CHI01852,Lamon Ave & Chicago Ave,41.8950179,-87.7484986,True,In Service,,15,divvy_00a61f9d83cb6e05,station,2021-09-15 06:56:22,name_and_short_name_within_150m,matched
city,1931403472863201974,CHI01830,Lawler Ave & North Ave,41.9091754,-87.7522545,True,In Service,,15,divvy_7a1fe938f28810ad,station,2024-04-30 13:32:13,name_and_short_name_within_150m,matched
city,1931696364106218226,CHI01823,21st St & Pulaski Rd,41.85345,-87.7245,True,In Service,,15,divvy_c15a94a00d1106bc,station,2024-04-13 23:03:36,name_and_short_name_within_150m,matched
city,1932088872431302840,CHI01926,Pine Ave & Division St,41.9019,-87.76389,True,In Service,,15,divvy_91c41d6674950da9,station,2024-04-13 10:30:21,name_and_short_name_within_150m,matched
city,1932113567217736592,CHI01872,Mango Ave & North Ave,41.90958,-87.7691175,True,In Service,,7,divvy_1f5b0e1cdb85a124,station,2024-05-01 13:02:14,name_and_short_name_within_150m,matched
city,1932128180709716638,CHI02011,Monticello Ave & Chicago Ave,41.89581,-87.71763,True,In Service,,7,divvy_5b0b25c4a6cd3401,station,2021-09-15 13:08:07,name_and_short_name_within_150m,matched
city,1932130426977611818,CHI01829,Harding Ave & Division St,41.9023453,-87.7250744,True,In Service,,15,divvy_370e12e8bcd3c165,station,2024-04-09 16:31:30,name_and_short_name_within_150m,matched
city,1932441496569160306,CHI01870,Spaulding Ave & 16th St,41.8590732,-87.7078929,True,In Service,,7,divvy_4a1a85a947d7e2a6,station,2021-07-16 17:41:55,name_and_short_name_within_150m,matched
city,1932441844638063332,CHI01822,Harding Ave & 26th St,41.844218,-87.723347,True,In Service,,15,divvy_ed20da5cc925aedd,station,2021-08-05 16:47:05,name_and_short_name_within_150m,matched
city,1932496568454183892,CHI01760,Central Ave & Altgeld St,41.9258119,-87.7663685,True,In Service,,7,divvy_ae72efd1a427beef,station,2024-04-12 14:52:50,name_and_short_name_within_150m,matched
city,1932836901177930130,CHI02053,Granville Ave & Pulaski Rd,41.9924402,-87.7289072,True,In Service,,11,divvy_49cc237763e94952,station,2024-04-08 23:34:35,name_and_short_name_within_150m,matched
city,1933956482619414962,CHI01859,Kildare Ave & 26th St,41.8443983784,-87.7326100366,True,In Service,,15,divvy_d04b8d215ca3061d,station,2021-07-20 18:31:01,name_and_short_name_within_150m,matched
city,1933998036428004326,CHI01882,Lawndale Ave & 30th St,41.8389124,-87.7168955,True,In Service,,7,divvy_d48d1e4cb7fd3647,station,2021-08-12 15:12:25,name_and_short_name_within_150m,matched
city,1934009488956756950,CHI01862,Tripp Ave & 31st St,41.836966,-87.730502,True,In Service,,7,divvy_13af66fefdf12adb,station,2021-07-26 14:19:47,name_and_short_name_within_150m,matched
city,1934288056893243658,CHI01818,Kostner Ave & Bryn Mawr Ave,41.982765,-87.738094,True,In Service,,7,divvy_be1d0314ddfebf75,station,2024-04-12 01:03:18,name_and_short_name_within_150m,matched
city,1934288718318207280,CHI01883,Meade Ave & Fullerton Ave,41.924751,-87.778272,True,In Service,,7,divvy_51882e593e81d000,station,2024-05-04 17:33:58,name_and_short_name_within_150m,matched
city,1934289130932983934,CHI01898,Hoyne Ave & 34th St,41.8320245,-87.6778387,True,In Service,,15,divvy_2f3d50ea9a70093f,station,2021-09-29 12:24:39,name_and_short_name_within_150m,matched
city,1934289361049585738,CHI01875,California Ave & 36th St,41.828098,-87.694684,True,In Service,,7,divvy_68d215924feebfc6,station,2021-09-29 12:57:28,name_and_short_name_within_150m,matched
city,1934289552037596050,CHI00912,Pershing Rd & Sacramento Ave,41.8223772681,-87.69975413,True,In Service,,7,divvy_2d22b06ae76a298a,station,2024-04-17 07:53:57,name_and_short_name_within_150m,matched
city,1934289745311123692,CHI01876,Pulaski Rd & 51st St,41.800434,-87.7247496,True,In Service,,15,divvy_a31a31d54da5f2dc,station,2021-10-20 08:40:13,name_and_short_name_within_150m,matched
city,1934289944388426278,CHI01790,Fairfield Ave & 44th St,41.813617,-87.6932272,True,In Service,,7,divvy_4a4cfbd87fccd2bd,station,2021-10-18 16:58:16,name_and_short_name_within_150m,matched
city,1934290131858180982,CHI01767,Kedzie Ave & 48th Pl,41.8047581238,-87.7042193688,True,In Service,,15,divvy_8a7076dc46a78447,station,2021-09-21 17:55:34,name_and_short_name_within_150m,matched
city,1934290380966283526,CHI01927,Spaulding Ave & 63rd,41.7791655,-87.7056392,True,In Service,,15,divvy_8ba2ffe9b0194ac8,station,2024-05-16 00:03:57,name_and_short_name_within_150m,matched
city,1934290793283144612,CHI01812,Central Park Ave & 66th St,41.773258,-87.713143,True,In Service,,7,divvy_5981e76096049eae,station,2024-04-17 15:46:23,name_and_short_name_within_150m,matched
city,1936552461714393094,CHI01851,St. Louis Ave & 59th St,41.78589,-87.71057,True,In Service,,15,divvy_be301dfb05987ef3,station,2021-10-21 16:47:09,name_and_short_name_within_150m,matched
city,1936552997477483122,CHI01845,St Louis Ave & Norman Bobbins Pl,41.79439,-87.71132,True,In Service,,15,divvy_7c454f09486c5fec,station,2024-04-24 07:31:08,name_and_short_name_within_150m,matched
city,1936553212713581016,CHI01849,Kedzie Ave & 52nd St,41.79906,-87.70342,True,In Service,,15,divvy_33e135d72e57a445,station,2021-09-13 19:42:16,name_and_short_name_within_150m,matched
city,1936560098166245516,CHI01824,Richmond St & 59th St,41.78649,-87.69733,True,In Service,,15,divvy_861aefaaf708f8ba,station,2021-09-23 03:39:01,name_and_short_name_within_150m,matched
city,1936560522747919086,CHI01877,Rockwell St & 57th St,41.79031,-87.68888,True,In Service,,15,divvy_533964160429eaff,station,2021-10-03 09:22:49,name_and_short_name_within_150m,matched
city,1936560699993133354,CHI01923,Artesian Ave & 55th St,41.79402,-87.68577,True,In Service,,15,divvy_043da64067a1be30,station,2021-10-06 17:25:01,name_and_short_name_within_150m,matched
city,1936560950769470316,CHI01821,Central Park Ave & Douglas Blvd,41.86235,-87.71587,True,In Service,,15,divvy_c51cc9e6b4e48cd3,station,2021-07-10 02:54:47,name_and_short_name_within_150m,matched
city,1936565171921396140,CHI01832,Sacramento Ave & Pratt Blvd,42.00404,-87.70473,True,In Service,,11,divvy_f4e58df4dd41c280,station,2024-04-20 11:52:33,name_and_short_name_within_150m,matched
city,1936566008041245278,CHI01779,Sacramento Ave & Lunt Ave,42.0082,-87.70461,True,In Service,,11,divvy_151011e8ec43f6f1,station,2024-04-19 15:55:43,name_and_short_name_within_150m,matched
city,1936566487749193740,CHI01853,Harding Ave & Chicago Ave,41.895313,-87.724738,True,In Service,,7,divvy_85660439787c7171,station,2024-04-19 20:10:18,name_and_short_name_within_150m,matched
city,1936582264492460636,CHI00811,Long Ave & Belmont Ave,41.93833,-87.76166,True,In Service,,15,divvy_e67e9f2846fa44e4,station,2021-07-27 21:37:39,name_and_short_name_within_150m,matched
city,1936582560225114270,CHI00815,Grace St & Cicero Ave,41.94973,-87.74695,True,In Service,,7,divvy_ab3fc737d8bcc069,station,2024-04-16 19:32:24,name_and_short_name_within_150m,matched
city,1936582699682930930,CHI01904,Mayfield Ave & Roosevelt Rd,41.86569,-87.77176,True,In Service,,15,divvy_0fddc29e7fbd21f6,station,2024-04-20 16:19:22,name_and_short_name_within_150m,matched
city,1938033609511385892,CHI01861,Kildare Ave & 55th St,41.79332,-87.73059,True,In Service,,15,divvy_da582168a1b79368,station,2021-10-23 21:23:12,name_and_short_name_within_150m,matched
city,1938034236347042306,CHI01893,Kostner Ave & 63rd St,41.77875,-87.73246,True,In Service,,15,divvy_eab3dc4aff43dcba,station,2021-10-21 21:22:38,name_and_short_name_within_150m,matched
city,1938034793873535334,CHI01867,Tripp Ave & 65th St,41.77491,-87.72883,True,In Service,,6,divvy_fe89995dd386667e,station,2021-10-06 17:16:59,name_and_short_name_within_150m,matched
city,1939172360789937026,CHI00805,Narragansett Ave & McLean Ave,41.9159,-87.78511,True,In Service,,7,divvy_a92b5478e0e928ab,station,2024-04-22 16:48:26,name_and_short_name_within_150m,matched
city,1939575808945160592,CHI01813,Pulaski Rd & 68th St,41.76948,-87.72292,True,In Service,,7,divvy_81fb9f564866e9b7,station,2024-04-26 15:08:01,name_and_short_name_within_150m,matched
city,1939906971867155378,CHI01838,Archer Ave & Homan Ave,41.81153,-87.70885,True,In Service,,15,divvy_59d6786ddd18c1ab,station,2024-05-05 12:03:54,name_and_short_name_within_150m,matched
city,1942112671760511044,CHI01873,Monitor Ave & Division St,41.90192,-87.77178,True,In Service,,7,divvy_7fa8f9ca6c38fe4f,station,2024-05-01 18:34:14,name_and_short_name_within_150m,matched
city,1942117929887056608,CHI01840,Meade Ave & Diversey Ave,41.93086,-87.77845,True,In Service,,15,divvy_81132a8bcf282ca7,station,2021-07-27 20:22:00,name_and_short_name_within_150m,matched
city,1942118282074374350,CHI01899,Wellington Ave & Mulligan Ave,41.93473,-87.78436,True,In Service,,14,divvy_4157d5dae68aea93,station,2024-04-30 14:32:05,name_and_short_name_within_150m,matched
city,1942481603584237586,CHI01871,Sayre Ave & Diversey Ave,41.93098,-87.80106,True,In Service,,15,divvy_e333c854decfc2a0,station,2024-05-02 17:48:09,name_and_short_name_within_150m,matched
city,1942539875938640858,CHI01792,Harlem Ave & Bloomingdale Ave,41.91203,-87.80577,True,In Service,,7,divvy_2f9facfa888a55f4,station,2024-05-01 18:53:44,name_and_short_name_within_150m,matched
city,1943240055911940522,CHI01807,Damen Ave & 77th St,41.753966,-87.673408,True,In Service,,7,divvy_4c289d6f3adf4fba,station,2024-06-19 20:12:57.521000,name_and_short_name_within_150m,matched
city,1943243414585123730,CHI01918,Campbell Ave & 51st St,41.80094,-87.68676,True,In Service,,7,divvy_252c14e041f4fee0,station,2021-10-20 07:37:43,name_and_short_name_within_150m,matched
city,1943243743326460398,CHI01784,Francisco Ave & 47th St,41.80849,-87.69673,True,In Service,,7,divvy_29e3f5f8dc899313,station,2021-11-27 14:45:12,name_and_short_name_within_150m,matched
city,1943244109954931024,CHI01844,Western Ave & 43rd St,41.81574,-87.68489,True,In Service,,15,divvy_b8bdb563f4e73d3c,station,2024-05-09 22:56:38,name_and_short_name_within_150m,matched
city,1943244520961310788,CHI01841,California Ave & 41st St,41.81867,-87.69441,True,In Service,,7,divvy_00ddce44b58b41a8,station,2024-05-08 14:59:31,name_and_short_name_within_150m,matched
city,1943245395846580390,CHI01794,La Villita Park,41.83925,-87.70202,True,In Service,,15,divvy_51a348639ff6ae11,station,2024-05-10 16:05:20,name_and_short_name_within_150m,matched
city,1945087711550943880,CHI00812,Narragansett Ave & Wrightwood Ave,41.92729,-87.78523,True,In Service,,15,divvy_cffda24b7a24b1b3,station,2024-05-10 08:50:56,name_and_short_name_within_150m,matched
city,1945088454548058244,CHI01843,Harlem Ave & Irving Park Rd,41.95326,-87.80714,True,In Service,,15,divvy_8ff65e4eb06fd830,station,2024-05-09 15:39:42,name_and_short_name_within_150m,matched
city,1945178760530424534,CHI01885,Kedzie Ave & Archer Ave,41.81447,-87.70411,True,In Service,,15,divvy_3a951f932a041826,station,2022-05-11 12:25:25,name_and_short_name_within_150m,matched
city,1945194351261708978,CHI01944,Lavergne Ave & 44th St,41.81311,-87.74869,True,In Service,,15,divvy_8bbbc0aa1ab75873,station,2024-06-17 11:42:20.294000,name_and_short_name_within_150m,matched
city,1945194573870506886,CHI01860,Lawler Ave & 50th St,41.80217,-87.74894,True,In Service,,7,divvy_88e24b47f283efa5,station,2021-10-27 11:28:59,name_and_short_name_within_150m,matched
city,1945195369201185184,CHI01894,Kildare Ave & 47th St,41.80762,-87.73084,True,In Service,,7,divvy_f0e279949b5a9338,station,2021-11-10 15:53:51,name_and_short_name_within_150m,matched
city,1945195574597886460,CHI01925,Kedzie Ave & 57th St,41.78983,-87.7031,True,In Service,,15,divvy_defb9e0df1839390,station,2021-10-08 16:20:51,name_and_short_name_within_150m,matched
city,1945195755748241796,CHI01811,Homan Ave & 77th St,41.7534283,-87.7075924,True,In Service,,7,divvy_64b96441537ce4bb,station,2024-06-05 16:37:44.230000,name_and_short_name_within_150m,matched
city,1945195957167804800,CHI01847,Knox Ave & Marquette Ave,41.77114,-87.73774,True,In Service,,7,divvy_e5b770e40dddbd6a,station,2024-05-19 10:56:47,name_and_short_name_within_150m,matched
city,1951050538021341810,CHI01917,Lamon Ave & 47th St,41.80781,-87.74569,True,In Service,,11,divvy_cf508317dbf799f2,station,2024-05-29 20:41:41,name_and_short_name_within_150m,matched
city,1952605912741636714,CHI01864,Cicero Ave & Wellington Ave,41.93515,-87.74636,True,In Service,,7,divvy_833b61addf5a6fad,station,2022-05-09 14:54:23,name_and_short_name_within_150m,matched
city,1954768541828039308,CHI01839,Kedzie Ave & 38th Pl,41.8235109,-87.7041017,True,In Service,,11,divvy_14a4f7323e219b4b,station,2024-06-26 11:29:33.910000,name_and_short_name_within_150m,matched
city,1955505344233296752,CHI01916,Hamilton Park,41.76252,-87.63734,True,In Service,,15,divvy_95f4a6cd6ef7614e,station,2022-05-16 06:24:42,name_and_short_name_within_150m,matched
city,1955583912707186772,CHI01788,Rockwell St & Archer Ave,41.82272,-87.68982,True,In Service,,15,divvy_289ad65679623e21,station,2021-09-29 17:33:25,name_and_short_name_within_150m,matched
city,1955858510671552648,CHI01993,Kilbourn Ave & Diversey Ave,41.93179,-87.73934,True,In Service,,7,divvy_b878eef58c4b3fbe,station,2024-06-08 01:19:28.506000,name_and_short_name_within_150m,matched
city,1955904736576827886,CHI01914,Shabbona Park,41.9448,-87.79932,True,In Service,,15,divvy_9ff1ae54d02fae30,station,2021-10-22 16:05:55,name_and_short_name_within_150m,matched
city,1955905507044284968,CHI01782,Nordica Ave & Medill Ave,41.92227,-87.80202,True,In Service,,15,divvy_3500abb4d97a8618,station,2024-06-06 18:14:56.214000,name_and_short_name_within_150m,matched
city,1957713517347478034,CHI01901,Midway Orange Line,41.78692,-87.73892,True,In Service,,23,divvy_5de4da65b457590c,station,2022-05-09 13:07:36,name_and_short_name_within_150m,matched
city,1958859209051740602,CHI01836,California Ave & Madison St,41.88098,-87.69598,True,In Service,,15,divvy_6f5a672da462365e,station,2024-06-15 03:15:40.361000,name_and_short_name_within_150m,matched
city,1958859390231356014,CHI01980,Tripp Ave & 15th St,41.86077,-87.73136,True,In Service,,7,divvy_816b5de51424c3a1,station,2021-07-15 21:17:00,name_and_short_name_within_150m,matched
city,1958859639339458778,CHI01842,Wood St & 33rd St,41.83427,-87.6706,True,In Service,,15,divvy_c43e6f07ee01b7a4,station,2024-06-18 20:30:16.718000,name_and_short_name_within_150m,matched
city,1958859802548216454,CHI01855,Komensky Ave & 47th St,41.80769,-87.72472,True,In Service,,15,divvy_92c3db9b300f0e22,station,2024-06-26 12:22:36.127000,name_and_short_name_within_150m,matched
city,1958859960485118844,CHI01969,Archer Ave & 49th St,41.8042,-87.72082,True,In Service,,15,divvy_5aa35264f4bdf3f0,station,2024-07-18 15:34:05.004000,name_and_short_name_within_150m,matched
city,1958860132283810038,CHI01975,Kilbourn Ave & 49th St,41.80385,-87.73566,True,In Service,,7,divvy_537d2bf341ef80d3,station,2024-07-01 02:30:55.607000,name_and_short_name_within_150m,matched
city,1958860355622110046,CHI00814,Merrimac Park,41.95261,-87.78535,True,In Service,,7,divvy_19a63bb5069da537,station,2024-06-19 11:52:46.416000,name_and_short_name_within_150m,matched
city,1961472602929588766,CHI01932,Long Ave & Diversey Ave,41.93104,-87.76124,True,In Service,,7,divvy_866a6c89b301d747,station,2024-06-22 10:35:01.778000,name_and_short_name_within_150m,matched
city,1961473975097987236,CHI00874,Meade Ave & Addison St,41.94595,-87.77888,True,In Service,,7,divvy_2c4736b738c538b0,station,2021-08-06 18:34:38,name_and_short_name_within_150m,matched
city,1962563227519515280,CHI01820,North Boundary Park,42.01303,-87.70891,True,In Service,,15,divvy_17e146f9cf66e0a4,station,2024-06-27 10:14:13.874000,name_and_short_name_within_150m,matched
city,1962566135789175644,CHI00865,Harlem Ave & Grace St,41.94894,-87.80683,True,In Service,,7,divvy_3bdacb71cfbb7ea9,station,2021-08-31 16:43:29,name_and_short_name_within_150m,matched
city,1962566331666471698,CHI01819,Oketo Ave & Addison St,41.94496,-87.81189,True,In Service,,7,divvy_6a082c025ea77492,station,2021-08-25 14:29:06,name_and_short_name_within_150m,matched
city,1962566552401003212,CHI01921,Oconto Ave & Belmont Ave,41.93783,-87.80788,True,In Service,,7,divvy_ad1e92f2169fe278,station,2024-06-29 13:07:36.479000,name_and_short_name_within_150m,matched
city,1962991219412381958,CHI01906,Laramie Ave & Bloomingdale Ave,41.91432,-87.75572,True,In Service,,9,divvy_43d04ad76a718d2c,station,2024-06-30 18:53:49.263000,name_and_short_name_within_150m,matched
city,1963305045676278322,CHI01938,Milwaukee Ave & Agatite Ave,41.9615,-87.75489,True,In Service,,7,divvy_1ad0c30335ba1b5d,station,2024-06-27 16:34:51.802000,name_and_short_name_within_150m,matched
city,1963359453732131538,CHI01919,Kedzie Ave & 54th Pl,41.794357,-87.703467,True,In Service,,11,divvy_711798d0eeab5452,station,2024-06-27 05:16:58.919000,name_and_short_name_within_150m,matched
city,1963650659022207484,CHI02004,State St & 45th St,41.81313,-87.62585,True,In Service,,15,divvy_ecce848de6b62582,station,2024-06-27 11:38:05.666000,name_and_short_name_within_150m,matched
city,1963671811736140038,CHI01900,Kedzie Ave & 60th St,41.78458,-87.70319,True,In Service,,15,divvy_5bbefd7eefc7803f,station,2024-07-13 00:24:48.027000,name_and_short_name_within_150m,matched
city,1963672098315411610,CHI01895,Pulaski Rd & 54th St,41.79499,-87.72361,True,In Service,,15,divvy_454865764baf4d33,station,2024-07-01 16:47:22.224000,name_and_short_name_within_150m,matched
city,1963672425916463636,CHI01978,Kildare Ave & Archer Ave,41.800521,-87.730013,True,In Service,,7,divvy_852d4ab2175c93b8,station,2024-07-03 13:39:56.261000,name_and_short_name_within_150m,matched
city,1963672958015783854,CHI01907,Mulligan Ave & Archer Ave,41.79296,-87.78052,True,In Service,,7,divvy_c866fcad9f960580,station,2024-07-10 10:08:59.568000,name_and_short_name_within_150m,matched
city,1963673207600511026,CHI01987,Wabash Ave & 49th St,41.80581,-87.6245,True,In Service,,15,divvy_37f93340dec130b3,station,2024-06-27 19:59:07.335000,name_and_short_name_within_150m,matched
city,1965903932548317228,CHI01966,Burley Ave & 91st St,41.73054,-87.54558,True,In Service,,15,divvy_14f18e82c9cdc64a,station,2024-07-06 13:52:39.169000,name_and_short_name_within_150m,matched
city,1965904499533560722,CHI01994,University Ave & 65th St,41.77694,-87.59842,True,In Service,,11,divvy_10d635590ab184f6,station,2024-07-05 18:58:58.734000,name_and_short_name_within_150m,matched
city,1966261229814532840,CHI01992,Burley Ave & 85th St,41.74117,-87.54518,True,In Service,,15,divvy_335696dc004a1023,station,2024-07-13 19:30:55.630000,name_and_short_name_within_150m,matched
city,1966306862968688728,CHI01937,Vincennes Ave & 79th St,41.7506,-87.63409,True,In Service,,15,divvy_d2513e3380c59377,station,2024-08-10 18:01:54.031000,name_and_short_name_within_150m,matched
city,1967727360320698512,CHI01848,Western Ave & Lake St,41.88481,-87.68668,True,In Service,,15,divvy_53e54f4584462bbc,station,2021-11-27 09:05:00,name_and_short_name_within_150m,matched
city,1967731401884924158,CHI01869,Albany Ave & Douglas Blvd,41.8628028374,-87.7033333027,True,In Service,,7,divvy_4d0ea619d0f8164c,station,2022-03-15 19:27:47,name_and_short_name_within_150m,matched
city,1968516035938026380,CHI02001,Wabash Ave & 59th St,41.7870529703,-87.624029732,True,In Service,,7,divvy_ea9bf9d55a48fcd0,station,2024-07-27 18:22:15.327000,name_and_short_name_within_150m,matched
city,1969204473221170122,CHI02002,Lavergne Ave & Lawrence Ave,41.96775,-87.75259,True,In Service,,15,divvy_7ec59acb78df88ad,station,2024-07-12 17:36:08.744000,name_and_short_name_within_150m,matched
city,1969221526359528022,CHI01942,Milwaukee Ave & Ainslie St,41.96861,-87.76108,True,In Service,,19,divvy_a23b93a532e593c8,station,2024-07-13 00:20:06.133000,name_and_short_name_within_150m,matched
city,1969236968943731106,CHI01910,Menard Ave & Lawrence Ave,41.96788,-87.77274,True,In Service,,8,divvy_a86630b492a48b16,station,2024-07-13 15:56:18.506000,name_and_short_name_within_150m,matched
city,1970337111172100194,CHI00810,Orange Ave & Addison St,41.94485,-87.82423,True,In Service,,15,divvy_ae9176c38e28b9dc,station,2024-07-19 09:06:12.088000,name_and_short_name_within_150m,matched
city,1970337315463389684,CHI01982,Linder Ave & Montrose Ave,41.96081,-87.76488,True,In Service,,7,divvy_d5e08fcddc60ca1e,station,2024-07-19 07:08:10.333000,name_and_short_name_within_150m,matched
city,1970390432459950744,CHI01943,Lavergne Ave & Diversey Ave,41.93128,-87.75141,True,In Service,,15,divvy_feaf5ec29dd1ad06,station,2024-07-16 19:34:24.194000,name_and_short_name_within_150m,matched
city,1970688521031469268,CHI01973,Martin Luther King Dr & 87th St,41.73677,-87.61439,True,In Service,,15,divvy_78bd55e5d0212105,station,2024-07-30 15:46:06.288000,name_and_short_name_within_150m,matched
city,1970688691992443350,CHI01936,Shields Ave & 57th St,41.79076,-87.6345,True,In Service,,15,divvy_5756c3f4a0917a85,station,2024-08-07 12:23:40.420000,name_and_short_name_within_150m,matched
city,1974452106772983826,CHI01866,Mozart St & Jackson Blvd,41.8775,-87.6974,True,In Service,,8,divvy_ca95eb8799689925,station,2021-11-24 18:08:50,name_and_short_name_within_150m,matched
city,1975534406854476324,CHI01947,Baltimore Ave & 133rd St,41.65349,-87.54703,True,In Service,,16,divvy_de1e55de949d2521,station,2022-06-08 13:49:25,name_and_short_name_within_150m,matched
city,1975534535703495210,CHI01948,Ewing Ave & 106th St,41.70266,-87.53564,True,In Service,,16,divvy_4845663fb8b1756c,station,2022-05-09 17:52:37,name_and_short_name_within_150m,matched
city,1975902497437067330,CHI01854,Homan Ave & 26th St,41.84425,-87.70983,True,In Service,,15,divvy_96a2a3e6542b205a,station,2022-06-10 18:56:11,name_and_short_name_within_150m,matched
city,1976649188502348766,CHI01931,Commercial Ave & 97th St,41.71893,-87.55112,True,In Service,,15,divvy_95f1d48d9a5e05ac,station,2024-08-06 15:04:34.050000,name_and_short_name_within_150m,matched
city,1976680841729198100,CHI01951,Manistee Ave & 95th St,41.7226,-87.55692,True,In Service,,16,divvy_7f70acdb8700a013,station,2024-09-09 08:21:14.887000,name_and_short_name_within_150m,matched
city,1978164755330913194,CHI01924,Wentworth Ave & 92nd St,41.72714,-87.62886,True,In Service,,15,divvy_77ecdfb9fb27bede,station,2024-08-12 19:02:48.590000,name_and_short_name_within_150m,matched
city,1978529864027224986,CHI01977,Narragansett Ave & Montrose Ave,41.959978,-87.786928,True,In Service,,16,divvy_ecf7049b4d534615,station,2024-08-07 06:38:20.169000,name_and_short_name_within_150m,matched
city,1978855107320060734,CHI01961,Commercial Ave & 90th St,41.7319872,-87.5510674,True,In Service,,16,divvy_5bc5ecb091383df6,station,2024-08-21 13:22:04.323000,name_and_short_name_within_150m,matched
city,1978857439487302508,CHI01960,Michigan Ave & 105th St,41.70346,-87.62037,True,In Service,,16,divvy_cd47045b9d05720e,station,2024-08-09 02:45:27.756000,name_and_short_name_within_150m,matched
city,1978857650118994914,CHI01933,Indiana Ave & 133rd St,41.6538,-87.61719,True,In Service,,8,divvy_8f666a3eb25ced3d,station,2021-10-21 21:40:52,name_and_short_name_within_150m,matched
city,1981450681586989620,CHI01967,Mason Ave & Montrose Ave,41.96056,-87.77588,True,In Service,,8,divvy_f77b0e6659146c1a,station,2024-08-17 09:56:43.719000,name_and_short_name_within_150m,matched
city,1981474194261928388,CHI01974,Newcastle Ave & Irving Park Rd,41.95256,-87.79755,True,In Service,,16,divvy_db7a811bbe23a211,station,2024-08-22 16:04:30.559000,name_and_short_name_within_150m,matched
city,1981488728284770592,CHI01979,Nagle Ave & Belmont Ave,41.93852,-87.78735,True,In Service,,16,divvy_79db611a49e71440,station,2022-06-21 17:49:40,name_and_short_name_within_150m,matched
city,1981861957867952304,CHI01835,Homan Ave & Arthington Ave,41.86963,-87.71055,True,In Service,,12,divvy_542c9eb894609121,station,2024-08-23 09:18:53.031000,name_and_short_name_within_150m,matched
city,1982154088199745678,CHI01922,Overhill Ave & Belmont Ave,41.93799,-87.81915,True,In Service,,16,divvy_c19e6e58781909b9,station,2024-08-18 17:57:59.015000,name_and_short_name_within_150m,matched
city,1982213647115293456,CHI01949,Ewing Ave & 98th St,41.71781,-87.53504,True,In Service,,8,divvy_d6b739be587ec10f,station,2024-08-29 16:30:11.822000,name_and_short_name_within_150m,matched
city,1984042930424753006,CHI01962,Steelworkers Park,41.73793,-87.53091,True,In Service,,16,divvy_5eb2bcb6c85cdb53,station,2022-03-01 18:21:43,name_and_short_name_within_150m,matched
city,1984107787514337392,CHI01968,Princeton Ave & 95th St,41.72175,-87.63075,True,In Service,,16,divvy_188422b44709d689,station,2024-09-13 14:25:24.703000,name_and_short_name_within_150m,matched
city,1984470891045347604,CHI01896,Lawndale Ave & 59th St,41.78638,-87.7157,True,In Service,,16,divvy_4eeba7868be1bf1f,station,2024-08-25 09:40:04.368000,name_and_short_name_within_150m,matched
city,1984756450139626426,CHI01908,Avers Ave & 16th St,41.85909,-87.72121,True,In Service,,8,divvy_311d2910cbe0685f,station,2024-08-29 20:28:04.418000,name_and_short_name_within_150m,matched
city,1988470939730348720,CHI01991,Ewing Ave & 97th St,41.71982,-87.53542,True,In Service,,15,divvy_ce0e7237ffa278fc,station,2024-09-04 07:58:22.933000,name_and_short_name_within_150m,matched
city,1988925731902098196,CHI01934,Oriole Ave & Irving Park Rd,41.95224,-87.81697,True,In Service,,4,divvy_a087fca7dc2032f3,station,2024-09-08 13:04:01.961000,name_and_short_name_within_150m,matched
city,1989626448622643348,CHI01874,Rockwell St & 47th St,41.80853,-87.68942,True,In Service,,15,divvy_18cd220d7967f1c3,station,2024-09-12 15:17:42.644000,name_and_short_name_within_150m,matched
city,1989627762882635936,CHI01890,Sacramento Ave & 51st St,41.80068,-87.69895,True,In Service,,8,divvy_db1f76e3eb898420,station,2024-09-08 11:01:41.093000,name_and_short_name_within_150m,matched
city,1989675458983138282,CHI01950,Pulaski Rd & Ann Lurie Pl,41.81644,-87.7248,True,In Service,,11,divvy_be2737c54ef0745f,station,2024-09-06 01:16:45.861000,name_and_short_name_within_150m,matched
city,1989976253005812134,CHI01953,Stewart Ave & 123rd St,41.6706,-87.63244,True,In Service,,16,divvy_035ba70fe125eb9e,station,2022-05-18 15:51:49,name_and_short_name_within_150m,matched
city,1991481183241069158,CHI01963,Michigan Ave & 113th St,41.68905,-87.62079,True,In Service,,8,divvy_c2e362e421b22e20,station,2022-05-09 12:56:01,name_and_short_name_within_150m,matched
city,1991508150894459550,CHI01941,State St & 111th St,41.6926464,-87.6226484,True,In Service,,8,divvy_b2f839152fe8b8ec,station,2024-10-23 07:53:47.802000,name_and_short_name_within_150m,matched
city,1991848709111763594,CHI01972,Michigan Ave & 108th St,41.69815,-87.62111,True,In Service,,12,divvy_cb599ebf7ec26b8b,station,2024-11-09 14:29:09.055000,name_and_short_name_within_150m,matched
city,1991870527990319406,CHI01939,Wentworth Ave & 107th St,41.69989,-87.62785,True,In Service,,8,divvy_a5f1b50502e2ac1d,station,2024-09-14 13:06:43.371000,name_and_short_name_within_150m,matched
city,1992234898774407528,CHI01884,Pulaski Rd & 60th Pl,41.78315,-87.72257,True,In Service,,8,divvy_48e84627dd97c3a1,station,2024-09-13 15:28:27.468000,name_and_short_name_within_150m,matched
city,1ce9b7b2-6ef1-4e3b-abd4-85dedaf0ee65,CHI01772,State St & Chicago Ave,41.8966172004,-87.6285785437,True,In Service,,30,divvy_b0a50fc089158ae9,station,2021-12-30 07:13:01,name_and_short_name_within_150m,matched
city,1e7e4cf3-a16b-4cb7-9ead-fdd71e07ea77,CHI00856,Yates Blvd & 93rd St,41.7261663902,-87.5662761927,True,In Service,,15,divvy_3c6f02924a85dace,station,2021-06-09 14:47:20,name_and_short_name_within_150m,matched
city,2006690972500072780,CHI01940,Parnell Ave & 127th St,41.66338,-87.63429,True,In Service,,16,divvy_e184551cbaefba8b,station,2024-11-12 19:44:02.759000,name_and_short_name_within_150m,matched
city,2006720516911782212,CHI01989,Halsted St & 123rd St,41.67096,-87.64154,True,In Service,,16,divvy_fa84a49ede09e7e3,station,2024-11-12 19:38:56.276000,name_and_short_name_within_150m,matched
city,2007796988006173238,CHI01954,Melvina Ave & Giddings Ave,41.96648,-87.78202,True,In Service,,8,divvy_cdce2a9702fdc32e,station,2024-10-27 23:55:52.590000,name_and_short_name_within_150m,matched
city,2008158642964226604,CHI01952,Portage Park,41.95607,-87.76472,True,In Service,,8,divvy_73735aa6ef143639,station,2024-10-25 20:13:29.168000,name_and_short_name_within_150m,matched
city,2009300113903569554,CHI01958,St Louis Ave & 51st St,41.80095,-87.71104,True,In Service,,8,divvy_911438f3df93f17a,station,2024-11-27 19:41:44.882000,name_and_short_name_within_150m,matched
city,2009656643260639434,CHI01912,Vincennes Ave & 95th St,41.72126,-87.65005,True,In Service,,8,divvy_4b383cc18f8787ec,station,2024-11-12 18:27:53.018000,name_and_short_name_within_150m,matched
city,2009656815059331280,CHI01971,Vincennes Ave & 107th St,41.69922,-87.65869,True,In Service,,12,divvy_b3b6bd0a114763cf,station,2024-11-12 18:45:34.139000,name_and_short_name_within_150m,matched
city,2010820263334840794,CHI01891,Panama Ave & Grace St,41.94766,-87.82925,True,In Service,,11,divvy_2e0012ea80c2809f,station,2021-09-10 22:50:01,name_and_short_name_within_150m,matched
city,2012268481809814414,CHI02018,Eggleston Ave & 115th St,41.68507,-87.63361,True,In Service,,16,divvy_170a93938a2d0353,station,2022-08-07 22:32:28,name_and_short_name_within_150m,matched
city,2012268829702165398,CHI01965,Racine Ave & 115th St,41.68476,-87.65196,True,In Service,,8,divvy_03db49e6e8437282,station,2024-11-12 19:13:03.607000,name_and_short_name_within_150m,matched
city,2012672652900879218,CHI01920,Narragansett Ave & North Ave,41.9095,-87.78491,True,In Service,,12,divvy_a67f8ceeb9e81883,station,2024-11-11 00:38:09.006000,name_and_short_name_within_150m,matched
city,2013011935067374302,CHI01959,Throop St & 99th St,41.71414,-87.6547,True,In Service,,8,divvy_7bf01be34b48031c,station,2024-11-12 18:37:30.870000,name_and_short_name_within_150m,matched
city,2013067286975627866,CHI01970,Loomis St & 95th St,41.72148,-87.65774,True,In Service,,16,divvy_eecd4b317aee303b,station,2024-11-12 18:33:23.365000,name_and_short_name_within_150m,matched
city,2014485295161274488,CHI01999,Halsted St & 83rd St,41.74307,-87.6437,True,In Service,,16,divvy_768e6a53a1618649,station,2024-11-12 17:36:17.241000,name_and_short_name_within_150m,matched
city,2014856134756363200,CHI01976,Aberdeen St & 103rd St,41.70704,-87.65022,True,In Service,,16,divvy_88a49f3e58ec3f9d,station,2024-11-12 18:52:17.911000,name_and_short_name_within_150m,matched
city,2014856357079685426,CHI01929,Halsted St & 93rd St,41.72489,-87.64358,True,In Service,,16,divvy_40e32ef8b7f8a857,station,2024-11-12 17:42:25.563000,name_and_short_name_within_150m,matched
city,2020066962711878174,CHI01983,Peterson/Ridge Metra,41.9918,-87.67489,True,In Service,,20,divvy_543f37fdce2470c8,station,2024-11-26 17:28:06.771000,name_and_short_name_within_150m,matched
city,2020461740735777052,CHI01956,Laflin St & 115th St,41.68499,-87.65991,True,In Service,,16,divvy_c57cec236504cd93,station,2024-12-04 08:27:54.773000,name_and_short_name_within_150m,matched
city,2020809814916515864,CHI02003,Menard Ave & Milwaukee Ave,41.98139,-87.77331,True,In Service,,8,divvy_ca56bbaf1f997f7e,station,2024-12-13 20:46:08.156000,name_and_short_name_within_150m,matched
city,2020810253003180058,CHI01964,Farragut Ave & Central Ave,41.97666,-87.76823,True,In Service,,16,divvy_df446a2ebc349379,station,2024-12-02 18:22:03.265000,name_and_short_name_within_150m,matched
city,2021144286196005052,CHI02000,Lynch Ave & Elston Ave,41.98096,-87.76149,True,In Service,,8,divvy_e99d0dfcfb1cb2ea,station,2024-12-10 13:55:28.237000,name_and_short_name_within_150m,matched
city,2021144707271657584,CHI01981,Western Ave & 101st St,41.71011,-87.68198,True,In Service,,16,divvy_6486af77cf23aa96,station,2024-12-10 15:32:11.320000,name_and_short_name_within_150m,matched
city,2022391749515739924,,Steelworkers Park Public Rack,41.737948,-87.530836,True,In Service,,8,divvy_cd8e180e4393fa64,public_rack,2026-02-16 10:20:01.593000,name_within_150m,matched
city,2024842594057769234,CHI00327,Burling St & Diversey Pkwy,41.93314,-87.64776,True,In Service,,16,divvy_9008432ea61f5fa6,station,2018-01-01 13:55:40,name_and_short_name_within_150m,matched
city,2030108974061988752,CHI01985,Cumberland Ave & Catherine Ave,41.97732,-87.83674,True,In Service,,8,divvy_44ce47d870243fcd,station,2024-12-28 19:15:08.095000,name_and_short_name_within_150m,matched
city,2036783513617573970,CHI01986,Elston Ave & Carmen Ave,41.97354,-87.74955,True,In Service,,8,divvy_4418a883c02b1f4a,station,2025-01-17 12:56:50.071000,name_and_short_name_within_150m,matched
city,2037897415290078108,CHI01984,Higgins Ave & Austin Ave,41.97342,-87.77865,True,In Service,,8,divvy_da60ab65a1c06139,station,2025-01-14 18:23:31.164000,name_and_short_name_within_150m,matched
city,2038265780361703964,CHI01995,Austin Ave & Milwaukee Ave,41.98736,-87.77805,True,In Service,,9,divvy_4e8248a2488a276b,station,2025-01-18 10:16:17.784000,name_and_short_name_within_150m,matched
city,2038315274961340692,CHI01946,State St & 127th St,41.66388,-87.622,True,In Service,,8,divvy_6b07ddb28e19be81,station,2025-02-22 12:27:00.736000,name_and_short_name_within_150m,matched
city,2047210456672276856,CHI02006,Archer Ave & Wentworth Ave,41.8546868,-87.6308531,True,In Service,,11,divvy_5679df8061d27624,station,2025-02-08 09:22:13.166000,name_and_short_name_within_150m,matched
city,2049399156721566146,CHI02005,Halsted St & 119th St,41.67764,-87.64174,True,In Service,,12,divvy_56c87d638a9a26f8,station,2025-02-22 11:56:54.141000,name_and_short_name_within_150m,matched
city,2056421762206241370,CHI02014,Hyacinth Ave & Milwaukee Ave,41.99282,-87.78377,True,In Service,,12,divvy_454f25773a229527,station,2025-03-08 18:26:19.913000,name_and_short_name_within_150m,matched
city,2056811709817405946,CHI02015,Milwaukee Ave & Highland Ave,41.99636,-87.78674,True,In Service,,12,divvy_e866e1e4e0cef870,station,2025-03-09 06:32:45.861000,name_and_short_name_within_150m,matched
city,2057127898206728832,CHI00473,Halsted St & Roscoe St,41.94367,-87.64895,True,In Service,,24,divvy_b946e0dc4237a804,station,2013-09-19 14:21:00,name_and_short_name_within_150m,matched
city,2057559901799078642,CHI02027,Edgebrook Metra,41.99751,-87.76539,True,In Service,,8,divvy_810e967b8a921323,station,2025-03-08 23:56:56.880000,name_and_short_name_within_150m,matched
city,2059001119848706206,CHI01997,Karlov Ave & Fillmore St,41.86815,-87.7276,True,In Service,,16,divvy_7ddab6494defb286,station,2025-04-11 12:41:23.874000,name_and_short_name_within_150m,matched
city,2059374037671818134,CHI02016,Central & Elston,41.9855,-87.7682,True,In Service,,12,divvy_735559693f918bf9,station,2025-03-17 18:46:16.550000,name_and_short_name_within_150m,matched
city,2061236431280065434,CHI01957,Eggleston Ave & 111th St,41.69254,-87.63374,True,In Service,,12,divvy_09b6dfb53fb5fc81,station,2025-04-18 20:57:38.564000,name_and_short_name_within_150m,matched
city,2064963313873613218,CHI00411,Racine Ave & Belmont Ave,41.939743,-87.658865,True,In Service,,16,divvy_c9bcc8651edbfed2,station,2013-08-19 18:08:00,name_and_short_name_within_150m,matched
city,2064974399404579678,CHI00674,Clark St & Newport St,41.94454,-87.654678,True,In Service,,16,divvy_f2f999c23211a8d6,station,2018-11-13 14:58:40,name_and_short_name_within_150m,matched
city,2072042555341816674,CHI01998,Pulaski Rd & 75th St,41.75725,-87.72247,True,In Service,,15,divvy_666b396f56cf1991,station,2025-04-17 08:55:16.199000,name_and_short_name_within_150m,matched
city,2072426969175128454,CHI01990,Ave L & 114th,41.68803,-87.53641,True,In Service,,16,divvy_4bbcb836b5588ac6,station,2025-04-22 07:32:34.624000,name_and_short_name_within_150m,matched
city,2074213565581244760,CHI00294,Wells St & Huron St,41.8947953,-87.6343743,True,In Service,,28,divvy_88ea2bc918eda421,station,2016-01-01 07:41:00,name_and_short_name_within_150m,matched
city,2075366191969569494,CHI00482,Pine Grove Ave & Irving Park Rd,41.9543646,-87.6479285,True,In Service,,16,divvy_553c0ccd492fc47c,station,2013-09-09 15:09:00,name_and_short_name_within_150m,matched
city,2078379617704292706,CHI00622,Milwaukee Ave & The 606,41.913754,-87.6826658,True,In Service,,19,divvy_4baec12a25953877,station,2025-05-04 11:24:57.522000,name_and_short_name_within_150m,matched
city,2079474556089797110,CHI02010,Major Taylor Trail & 111th St,41.69211,-87.6489,True,In Service,,15,divvy_1b6dbc3dc2be8194,station,2025-05-23 20:44:11.428000,name_and_short_name_within_150m,matched
city,2080537224276504924,CHI02008,Le Mai Ave & Devon Ave,41.99722,-87.75687,True,In Service,,15,divvy_77bd6cfc73896820,station,2025-05-17 08:56:42.752000,name_and_short_name_within_150m,matched
city,2080586734933671976,CHI01810,Avers Ave & Foster Ave,41.97541,-87.72452,True,In Service,,15,divvy_c9fe0083c27c8ba9,station,2025-05-10 17:46:56.267000,name_and_short_name_within_150m,matched
city,2093518273701847410,CHI02054,Sheffield Ave & Addison St,41.947017,-87.654418,True,In Service,,44,divvy_3e83520b5ae82893,station,2013-08-02 14:13:00,name_and_short_name_within_150m,matched
city,2093910803156329194,CHI02055,Wilton Ave & Addison St,41.947459,-87.653216,True,In Service,,7,divvy_74e04fd647071b76,station,2025-06-13 12:13:46.164000,name_and_short_name_within_150m,matched
city,2096535401636666136,CHI02056,Aberdeen St & Carroll Ave,41.88819,-87.65459,True,In Service,,16,divvy_e8a53f71263fe13b,station,2025-06-20 14:05:50.471000,name_and_short_name_within_150m,matched
city,2100635943484261050,CHI02057,Damen Ave & Pierce Ave,41.9093581,-87.6777585,True,In Service,,24,divvy_9611fe0db7627494,station,2013-06-27 21:39:00,name_and_short_name_within_150m,matched
city,2101023507274653734,,Clark/Racine Corral,41.950436,-87.6593212,True,In Service,,120,divvy_83c560debcbbcc47,station,2025-07-02 17:00:07.389000,name_within_150m,matched
city,2101023507274653736,,Clark/Newport Corral,41.9449411,-87.654611,True,In Service,,120,divvy_59ac823b003610d8,station,2025-07-02 15:35:01.554000,name_within_150m,matched
city,2101023507274653738,,Addison/Wilton Corral,41.9473827,-87.6531716,True,In Service,,120,divvy_2554a62b50894e1b,station,2025-07-02 18:42:09.221000,name_within_150m,matched
city,2101023507274653740,,Eddy/Seminary Corral,41.9461279,-87.6566721,True,In Service,,120,divvy_8cda9b7dc17f593a,station,2025-07-02 17:49:16.111000,name_within_150m,matched
city,2101023507744358674,,Addison/Sheffield SE Corral,41.9470281,-87.654252,True,In Service,,120,divvy_511acd95d04935a3,station,2025-07-02 18:40:26.522000,name_within_150m,matched
city,2101023507744358676,,Addison/Racine Corral,41.9470683,-87.6593535,True,In Service,,120,divvy_5147a5dcdf445124,station,2025-07-02 17:32:40.316000,name_within_150m,matched
city,2101023507744358678,,Grace/Sheffield Corral,41.9511586,-87.6546115,True,In Service,,120,divvy_7e9887e7ffaff9ef,station,2025-07-02 16:48:02.693000,name_within_150m,matched
city,2101023507744358680,,Waveland/Wilton Corral,41.9489031,-87.653141,True,In Service,,120,divvy_5bd69c5b13dc6039,station,2025-07-02 17:33:16.806000,name_within_150m,matched
city,2101023507744358682,,Sheffield/Newport Corral,41.9446132,-87.6542018,True,In Service,,120,divvy_7480c742a220924b,station,2025-07-02 15:23:12.512000,name_within_150m,matched
city,2101023511569621038,,Sheffield/Cornelia Corral,41.9452875,-87.6542225,True,In Service,,120,divvy_49a26f0954280615,station,2025-07-03 18:55:09.031000,name_within_150m,matched
city,2101023511569621040,,Addison/Sheffield SW Corral,41.9469539,-87.6544123,True,In Service,,120,divvy_a3b62d54146d89ed,station,2025-07-02 17:47:44.780000,name_within_150m,matched
city,2101023511569621042,,Waveland/Racine Corral,41.9488214,-87.6592823,True,In Service,,120,divvy_670c731c2be45f9e,station,2025-07-02 18:13:24.603000,name_within_150m,matched
city,2101023512039325980,,Racine/Eddy Corral,41.9463404,-87.6591024,True,In Service,,120,divvy_26cc6a9e3f06fe34,station,2025-07-02 18:31:27.929000,name_within_150m,matched
city,2102842761542543614,CHI02072,Wells St & Washington St,41.883,-87.63396,True,In Service,,11,divvy_703e01076b580181,station,2025-07-07 13:13:59.277000,name_and_short_name_within_150m,matched
city,2103281785461334546,CHI02074,Franklin St & Washington St,41.88318,-87.63511,True,In Service,,36,divvy_800265fea460c45c,station,2025-07-09 10:34:01.625000,name_and_short_name_within_150m,matched
city,2103610248112881712,CHI02075,Milwaukee Ave & Fullerton Ave,41.92469,-87.7006,True,In Service,,15,divvy_bb955844320f9476,station,2021-10-28 15:22:39,name_and_short_name_within_150m,matched
city,2108022405953321550,CHI02080,Francisco Ave & Chicago Ave,41.895745,-87.698653,True,In Service,,15,divvy_454d1b88f1da8260,station,2023-04-27 18:04:56,name_and_short_name_within_150m,matched
city,2108035409441534756,CHI02081,Green St & Lake St,41.88558,-87.64841,True,In Service,,11,divvy_345b6ef493acae32,station,2025-07-23 19:36:19.136000,name_and_short_name_within_150m,matched
city,2108374001471259348,CHI02082,Rockwell St & Fletcher St,41.93885,-87.69299,True,In Service,,11,divvy_8e4e69cc14de5864,station,2021-11-16 12:59:17,name_and_short_name_within_150m,matched
city,2108441700539699862,CHI02083,Western Ave & Grace St,41.95035,-87.68808,True,In Service,,11,divvy_2bafba938540f8f5,station,2021-11-11 16:59:24,name_and_short_name_within_150m,matched
city,2111730464161852178,CHI02084,Elston Ave & George St,41.934003,-87.690823,True,In Service,,11,divvy_a752a8068ce90e0d,station,2021-11-05 14:02:13,name_and_short_name_within_150m,matched
city,2111748084869249170,CHI02085,Kedzie Ave & George St,41.933886,-87.707262,True,In Service,,11,divvy_f76135ac336ccb82,station,2021-11-11 16:30:54,name_and_short_name_within_150m,matched
city,2112108504264821720,CHI02086,Francisco Ave & Bloomingdale Ave,41.91396,-87.6994,True,In Service,,11,divvy_b5d681afb94391ff,station,2021-11-11 18:06:28,name_and_short_name_within_150m,matched
city,2113618458403709162,CHI02087,Hampden Ct & Diversey Pkwy,41.93247,-87.64242,True,In Service,,24,divvy_09726a055105652d,station,2013-06-29 12:52:00,name_and_short_name_within_150m,matched
city,2113982651207555516,CHI02088,Broadway & Oakdale Ave,41.93558,-87.64405,True,In Service,,11,divvy_3ef94cf330e0eabe,station,2025-07-08 16:39:33.337000,name_and_short_name_within_150m,matched
city,2113983149663334938,CHI02089,Broadway & Sunnyside Ave,41.963419,-87.656069,True,In Service,,11,divvy_825996fc6d6943a3,station,2025-08-08 14:29:51.103000,name_and_short_name_within_150m,matched
city,2113983884661901700,CHI02090,Wallace St & 28th St,41.843511,-87.6419,True,In Service,,15,divvy_e8a9363406aa9a37,station,2025-08-07 20:15:37.625000,name_and_short_name_within_150m,matched
city,2113985612794702690,CHI02091,Lock St & 31st St,41.837962,-87.659049,True,In Service,,15,divvy_1af595a9b29ea612,station,2025-08-09 23:37:38.979000,name_and_short_name_within_150m,matched
city,2113986813030865450,CHI02092,Parnell Ave & 31st St,41.837911,-87.640279,True,In Service,,15,divvy_4d8b64950e3b010b,station,2025-08-11 13:35:43.952000,name_and_short_name_within_150m,matched
city,2114129634899669242,,Rockwell/Irving Park Hub,41.954212,-87.69317,True,In Service,,120,divvy_48832614a0e0ff9e,station,2025-08-07 14:02:04.119000,name_within_150m,matched
city,2116172334493307456,CHI02095,Green St & Chicago Ave,41.893392,-87.650737,True,In Service,,11,divvy_f8398892c692b128,station,2025-11-01 01:13:37.117000,name_and_short_name_within_150m,matched
city,2116533844391069994,CHI02096,Larrabee St & Clybourn Ave,41.9066,-87.64322,True,In Service,,15,divvy_620171323fba1430,station,2025-08-13 17:20:08.978000,name_and_short_name_within_150m,matched
city,2116941558607507816,CHI02098,Peoria St & Kinzie St,41.88896,-87.64973,True,In Service,,19,divvy_19ea80f19d68883a,station,2025-08-14 16:12:32.182000,name_and_short_name_within_150m,matched
city,2116968075735593618,CHI02099,Wood St & Walnut St,41.8861247784,-87.6719841442,True,In Service,,15,divvy_8a187d0d3f6462c1,station,2025-10-01 00:29:29.594000,name_and_short_name_within_150m,matched
city,2117289274864824946,CHI02100,The Salt Shed,41.90689,-87.65978,True,In Service,,23,divvy_9791a37b42e60e28,station,2025-08-15 14:13:06.628000,name_and_short_name_within_150m,matched
city,2118391840318927564,CHI02101,Riley O'Neil Memorial Station at City Hall,41.8832351,-87.6321117,True,In Service,,30,divvy_6c45a261fb07a23e,station,2013-07-15 14:47:00,name_and_short_name_within_150m,matched
city,2118772560060283098,CHI02102,Wells St & Madison St,41.88199,-87.63418,True,In Service,,19,divvy_58f9f07a90bfe532,station,2025-08-19 12:17:21.804000,name_and_short_name_within_150m,matched
city,2119522369875669374,CHI02103,Noble St & Ohio St,41.89242,-87.66206,True,In Service,,15,divvy_37359cc952b880d0,station,2025-08-21 13:38:31.083000,name_and_short_name_within_150m,matched
city,2119523769644264352,CHI02104,Campbell Ave & Augusta Blvd,41.899578,-87.689497,True,In Service,,11,divvy_550a56c17bd91ae7,station,2023-04-26 18:57:37,name_and_short_name_within_150m,matched
city,2119634701066248836,CHI02105,Halsted St & Belden St,41.92365,-87.64894,True,In Service,,15,divvy_2c0e5e2c7761b178,station,2025-08-25 12:11:06.836000,name_and_short_name_within_150m,matched
city,2119635270602279048,CHI02106,Seminary Ave & Belden Ave,41.92339,-87.65599,True,In Service,,15,divvy_a4edde33c755aa30,station,2025-08-25 16:29:26.844000,name_and_short_name_within_150m,matched
city,2119884942656086576,CHI02107,Leavitt St & Hirsch St,41.90689,-87.68233,True,In Service,,11,divvy_a2de8f9b232fb6ba,station,2013-09-22 04:02:00,name_and_short_name_within_150m,matched
city,2121736790630324894,CHI02110,Hudson Ave & Armitage Ave,41.91818,-87.64,True,In Service,,15,divvy_3798b46287990d6a,station,2025-08-27 11:50:50.289000,name_and_short_name_within_150m,matched
city,2121775389501413766,CHI02112,Lincoln Ave & Dickens Ave,41.92012,-87.6416,True,In Service,,15,divvy_047fd4b975128cce,station,2025-08-27 16:14:08.427000,name_and_short_name_within_150m,matched
city,2122108427592833732,CHI02109,Clark St & Arlington Pl,41.92694,-87.64148,True,In Service,,15,divvy_98a98e6398f64d71,station,2025-08-29 16:08:04.761000,name_and_short_name_within_150m,matched
city,2122122162253046072,CHI02111,Halsted St & Armitage Ave,41.91823,-87.64879,True,In Service,,15,divvy_22d658974ce932a1,station,2025-10-09 15:23:24.135000,name_and_short_name_within_150m,matched
city,2123427060109083116,CHI02114,Lincoln Ave & Montana St,41.92657,-87.6506,True,Not In Service,,11,divvy_c51a0386e25c837c,station,2025-09-02 14:35:22.592000,name_and_short_name_within_150m,matched
city,2123427844802601334,CHI02116,Sangamon St & Adams St,41.87909,-87.65128,True,In Service,,15,divvy_3a6d14a2b6ceb200,station,2025-09-03 17:34:53.600000,name_and_short_name_within_150m,matched
city,2124315675815283526,CHI02119,Wood St & Milwaukee Ave,41.90629,-87.67151,True,In Service,,15,divvy_0f1f927aa46a1a6e,station,2025-09-03 15:56:06.418000,name_and_short_name_within_150m,matched
city,2124470598870291364,CHI02108,Wabash Ave & Washington St,41.8832,-87.62662,True,In Service,,30,divvy_af10ceed5d111189,station,2025-09-04 14:40:15.028000,name_and_short_name_within_150m,matched
city,2124820331580000694,CHI02117,Western Ave & Wabansia Ave,41.91208,-87.68752,True,In Service,,11,divvy_840cc23d666d11e8,station,2025-09-05 13:36:14.989000,name_and_short_name_within_150m,matched
city,2126182171734508022,CHI02120,Leavitt St & Augusta Blvd,41.89962,-87.68194,True,In Service,,15,divvy_34fe23bd09bb2566,station,2025-09-08 17:25:25.378000,name_and_short_name_within_150m,matched
city,2126938673328711742,CHI02121,Halsted St & Lake St,41.88576,-87.64711,True,In Service,,15,divvy_4f2743808eccdaec,station,2025-09-10 15:05:46.433000,name_and_short_name_within_150m,matched
city,2126942354115684484,CHI02118,Halsted St & Fulton St,41.88672,-87.64729,True,In Service,,15,divvy_a11a1f6bd9201dc7,station,2023-03-16 13:50:39,name_and_short_name_within_150m,matched
city,2127352974007087978,CHI02122,Clark St & Eddy St,41.94628,-87.65627,True,In Service,,15,divvy_0b30c3fd815b3777,station,2025-09-11 16:36:05.112000,name_and_short_name_within_150m,matched
city,2127670914437391286,CHI02123,Kedzie Ave & Armitage Ave,41.91759,-87.70685,True,In Service,,11,divvy_0a7dbb3c893e659a,station,2025-09-12 11:00:17.894000,name_and_short_name_within_150m,matched
city,2128788290981175550,CHI02124,Dearborn St & Maple St,41.90192,-87.63026,True,In Service,,19,divvy_62dc99347d8235e6,station,2025-09-15 13:15:53.448000,name_and_short_name_within_150m,matched
city,2129148164045400658,CHI02125,Dearborn St & Division St,41.9043,-87.62991,True,In Service,,15,divvy_4a762e3a59f7dcb5,station,2025-09-16 14:28:59.687000,name_and_short_name_within_150m,matched
city,2129546026429261924,CHI02126,Sacramento Ave & Lyndale St,41.92235,-87.70241,True,In Service,,15,divvy_9c8862d003e06554,station,2025-09-17 14:26:30.697000,name_and_short_name_within_150m,matched
city,2129546812406551546,CHI02127,Racine Ave & Broadway,41.968235,-87.6596548,True,In Service,,15,divvy_a2010bd4cdb639d5,station,2025-09-17 16:39:07.929000,name_and_short_name_within_150m,matched
city,2129649769571455176,CHI02128,Broadway & Cuyler Ave,41.955417,-87.6515,True,In Service,,15,divvy_20bf3676fc139a13,station,2025-09-18 13:03:17.363000,name_and_short_name_within_150m,matched
city,2129649962298110134,CHI02129,Western Ave & Lyndale St,41.9226,-87.68772,True,In Service,,11,divvy_847b1f86d21f3567,station,2025-09-18 17:03:49.531000,name_and_short_name_within_150m,matched
city,2130025986384902502,CHI02130,Rockwell Ave & Logan Blvd,41.92811,-87.69268,True,In Service,,15,divvy_48b8ba75fabd77f5,station,2025-09-19 18:58:57.140000,name_and_short_name_within_150m,matched
city,2130026180535114202,CHI02131,Milwaukee Ave & Armitage Ave,41.91771,-87.68864,True,In Service,,11,divvy_0e9e4f7985e1e9c8,station,2025-09-19 15:48:38.351000,name_and_short_name_within_150m,matched
city,2131402959429978700,CHI02132,Paulina St & Cortland St,41.91626,-87.67019,True,In Service,,11,divvy_0ba2cf245e7f644a,station,2025-09-22 16:49:06.701000,name_and_short_name_within_150m,matched
city,2131429867387521772,CHI02133,Damen Ave & Wabansia Ave,41.91225,-87.67722,True,In Service,,11,divvy_7853bb55f0818db8,station,2021-03-25 12:59:51,name_and_short_name_within_150m,matched
city,2132145448121002368,CHI02135,Damen Ave & St Paul Ave,41.91301,-87.67778,True,In Service,,15,divvy_35893087aba36ebe,station,2025-09-24 16:45:10.902000,name_and_short_name_within_150m,matched
city,2132204879062053464,CHI02134,Wood St & Cortland St,41.91589,-87.67281,True,In Service,,11,divvy_9aac95a314d35461,station,2025-09-25 06:56:29,name_and_short_name_within_150m,matched
city,2132491172992070588,CHI02136,Paulina St & Adams St,41.87862,-87.66913,True,In Service,,11,divvy_50bd76e85d9bc96b,station,2025-09-26 09:45:57.756000,name_and_short_name_within_150m,matched
city,2132864313425115444,CHI02137,Clark St & Fletcher St,41.93894,-87.65031,True,In Service,,15,divvy_7ae7a39e9369c0d9,station,2025-09-26 11:32:13.512000,name_and_short_name_within_150m,matched
city,2132864841706092860,CHI02138,Sheffield Ave & Fletcher St,41.93901,-87.65321,True,In Service,,23,divvy_563b3d28e6fe6325,station,2025-09-26 16:23:48.438000,name_and_short_name_within_150m,matched
city,2133966036055659104,CHI02139,Carpenter St & Fulton St,41.88668,-87.65315,True,In Service,,11,divvy_549a31253d157484,station,2025-09-29 14:56:50.809000,name_and_short_name_within_150m,matched
city,2133966431192650344,CHI02140,Wacker Dr & Randolph St,41.88454,-87.63732,True,In Service,,24,divvy_248063a0b0218517,station,2025-09-29 13:36:46.500000,name_and_short_name_within_150m,matched
city,2134349150128577368,CHI02141,Rush St & Illinois St,41.89087,-87.62584,True,In Service,,23,divvy_99fb420bc11ca056,station,2025-09-30 16:09:20.172000,name_and_short_name_within_150m,matched
city,2134709725966754810,CHI02142,Franklin St & Madison St,41.88139,-87.63542,True,In Service,,11,divvy_05f48067a71e6bb1,station,2025-10-01 15:19:38.543000,name_and_short_name_within_150m,matched
city,2134710117969748266,CHI02143,St Clair St & Ohio St,41.89238,-87.62264,True,In Service,,11,divvy_d77afab5963e7821,station,2025-10-01 13:04:47.703000,name_and_short_name_within_150m,matched
city,2135454923413539710,CHI02144,Racine Ave & Webster Ave,41.92161,-87.65803,True,In Service,,11,divvy_6637b573242ed293,station,2025-10-03 15:55:29.168000,name_and_short_name_within_150m,matched
city,2136568776043912090,CHI02145,Sedgwick St & Chicago Ave,41.89677,-87.6386,True,In Service,,11,divvy_62e74173d2068389,station,2025-10-06 12:10:08.904000,name_and_short_name_within_150m,matched
city,2136953134578149618,CHI02146,Rockwell St & Cermak Rd,41.851644,-87.690621,True,In Service,,11,divvy_7b5487b53f8cd7b4,station,2021-11-03 22:25:33,name_and_short_name_within_150m,matched
city,2136953562065386088,CHI02147,Western Ave & Berteau Ave,41.95774,-87.688273,True,In Service,,11,divvy_11d6cd545fc5c2e6,station,2022-06-10 21:05:32,name_and_short_name_within_150m,matched
city,2137323583098022140,CHI02148,Western Ave & Gunnison St,41.96966,-87.6895259,True,In Service,,11,divvy_b988d771ba335d10,station,2021-10-29 00:12:51,name_and_short_name_within_150m,matched
city,2137697298090635320,CHI02149,Lincoln Ave & Balmoral Ave,41.979461,-87.693013,True,In Service,,11,divvy_07c8490d4ea6d2f1,station,2021-10-29 12:55:28,name_and_short_name_within_150m,matched
city,2139204594028635040,CHI02150,Kostner Ave & Devon Ave,41.997032,-87.73837,True,In Service,,15,divvy_13726e6c266022f1,station,2024-04-10 11:13:12,name_and_short_name_within_150m,matched
city,2139215142468313110,CHI02151,Malden St & Wilson Ave,41.96526,-87.66275,True,In Service,,11,divvy_190c2d326916a8c0,station,2025-10-13 20:27:08.436000,name_and_short_name_within_150m,matched
city,2140270131934052952,CHI02152,Marshfield Ave & Diversey Pkwy,41.93204,-87.6697,True,In Service,,11,divvy_7d1fd572066fd35e,station,2025-10-16 18:25:34.536000,name_and_short_name_within_150m,matched
city,2140270741196378296,CHI02153,Broadway & Roscoe Ave,41.9436,-87.64532,True,In Service,,11,divvy_f52b6f248a5b5a76,station,2025-10-16 17:19:46.731000,name_and_short_name_within_150m,matched
city,2140647511081896348,CHI02154,Damen Ave & Evergreen Ave,41.90605,-87.67758,True,In Service,,15,divvy_112941592be8d8f9,station,2025-10-17 14:28:54.082000,name_and_short_name_within_150m,matched
city,2141761256023053044,CHI02155,Sheridan Rd & Berwyn Ave,41.97828,-87.65529,True,In Service,,15,divvy_e75fec034c0f3d4e,station,2025-10-21 12:03:25.323000,name_and_short_name_within_150m,matched
city,2142134222222184846,CHI02156,Granville Ave & Clark St,41.9944,-87.66983,True,In Service,,15,divvy_7b9cbe22a39fe1d5,station,2025-10-21 15:01:40.734000,name_and_short_name_within_150m,matched
city,2142873950873792982,CHI02157,Southport Ave & Grace St,41.95155,-87.66404,True,In Service,,15,divvy_8271b524e8e74c5c,station,2025-10-23 12:38:55.197000,name_and_short_name_within_150m,matched
city,2142874382964769174,CHI02158,Pine Grove Ave & Wellington Ave,41.93651,-87.64119,True,In Service,,15,divvy_5363d17f9d3d393f,station,2025-10-23 17:25:27.741000,name_and_short_name_within_150m,matched
city,2142960195123685888,CHI02159,Kedzie Ave & Jackson Blvd,41.877161,-87.706134,True,In Service,,15,divvy_498927e7644f913f,station,2024-04-15 22:41:26,name_and_short_name_within_150m,matched
city,2142960538272023440,CHI02160,Marshfield Ave & Wabansia Ave,41.91218,-87.66888,True,In Service,,15,divvy_9a5e27303b382f9b,station,2025-10-24 16:52:13.152000,name_and_short_name_within_150m,matched
city,2144730165297252480,CHI02161,Western Ave & 81st St,41.746426,-87.683123,True,In Service,,15,divvy_03a9a0ced9df3b5e,station,2024-05-29 12:06:23,name_and_short_name_within_150m,matched
city,2144742400386513746,CHI02162,Halsted St & Melrose St,41.94112,-87.64907,True,In Service,,12,divvy_d4041b374b8dd8b7,station,2025-10-28 16:16:58.253000,name_and_short_name_within_150m,matched
city,2145477325643916168,CHI02164,Oakley Ave & Lyndale St,41.92261,-87.68513,True,Not In Service,,15,divvy_9f68c9a265318ab6,station,2025-10-31 18:54:33.701000,name_and_short_name_within_150m,matched
city,2145477699306070924,CHI02165,Noble St & Potomac Ave,41.905533,-87.662715,True,In Service,,15,divvy_bd73b6c429ffc2bd,station,2025-11-04 17:11:27.071000,name_and_short_name_within_150m,matched
city,2147339944727486696,CHI02166,May St & Hubbard St,41.89008,-87.65597,True,In Service,,15,divvy_a2829b5846029637,station,2025-11-04 17:44:40.317000,name_and_short_name_within_150m,matched
city,2147701475268802856,CHI02174,Halsted St & Court Pl,41.8837,-87.64722,True,In Service,,15,divvy_6144c0378ca75148,station,2025-11-19 18:52:21.884000,name_and_short_name_within_150m,matched
city,2148085923136363046,CHI02167,Harper Ave & 55th St,41.7953,-87.58833,True,In Service,,15,divvy_37bf58311a13b77b,station,2025-11-06 15:07:11.268000,name_and_short_name_within_150m,matched
city,2148486988012384726,CHI02168,Wabash Ave & Jackson Blvd,41.87801,-87.62599,True,In Service,,15,divvy_fe62ddd6b37ee564,station,2025-11-07 13:01:21.526000,name_and_short_name_within_150m,matched
city,2149950859971400242,CHI02169,Larrabee St & Kingsbury St 2,41.89758,-87.6429,True,In Service,,27,divvy_a576d7bfb37a2bdb,station,2025-11-11 15:06:34.113000,name_and_short_name_within_150m,matched
city,2150297963654969438,CHI02170,Kenwood Ave & 57th St,41.79153,-87.59295,True,In Service,,15,divvy_4f6314fce9a74046,station,2025-11-12 17:50:08.470000,name_and_short_name_within_150m,matched
city,2150298404205650896,CHI02185,Blackstone Ave & 53rd St,41.79962,-87.59013,True,In Service,,15,divvy_5ed681adf7bc1c94,station,2026-01-02 14:06:08.331000,name_and_short_name_within_150m,matched
city,2150674821797738944,CHI02171,Dorchester Ave & 53rd St,41.79943,-87.59227,True,In Service,,15,divvy_12b7ee501f131f36,station,2025-11-14 13:13:04.332000,name_and_short_name_within_150m,matched
city,2150675229819632068,CHI02172,Shore Dr & 53rd St,41.79945,-87.58237,True,In Service,,15,divvy_e35297ff68a27640,station,2025-11-13 16:45:11.852000,name_and_short_name_within_150m,matched
city,2152914415572609602,CHI02173,Clark St & Madison St,41.88218,-87.63098,True,Not In Service,,15,divvy_e8dbad21230d0f9c,station,2026-08-03 18:11:57.011000,name_and_short_name_within_150m,matched
city,2154766968679369322,CHI02175,Dearborn St & Adams St 2,41.87963,-87.62937,True,In Service,,18,divvy_5bb08d265c79cbf1,station,2026-02-09 06:30:31.162000,name_and_short_name_within_150m,matched
city,2155141472647710942,CHI02176,Dearborn St & Washington St,41.88299,-87.6293,True,In Service,,18,divvy_da88dad0f2fc8f8c,station,2025-11-25 14:42:15.063000,name_and_short_name_within_150m,matched
city,2155618682032192194,CHI02177,Milwaukee Ave & Diversey Ave,41.93266,-87.71222,True,In Service,,11,divvy_1fcae49ca57d5de4,station,2022-05-09 11:06:19,name_and_short_name_within_150m,matched
city,2155619628908394686,CHI02178,Sawyer Ave & Fullerton Ave,41.92448,-87.7092,True,In Service,,14,divvy_5006430312b273c9,station,2025-11-28 13:06:27.362000,name_and_short_name_within_150m,matched
city,2155894851718356542,CHI02179,Sacramento Ave & Linden Pl,41.92575,-87.70258,True,In Service,,14,divvy_a9570ed497cf0e54,station,2025-11-28 11:25:11.074000,name_and_short_name_within_150m,matched
city,2155895081860557422,CHI02180,Spaulding Ave & Milwaukee Ave,41.93089,-87.71072,True,In Service,,14,divvy_ec05f471a21276e7,station,2025-12-02 17:18:44.529000,name_and_short_name_within_150m,matched
city,2161159315996441640,CHI02181,Kingsbury St & Kinzie St 2,41.889188,-87.638387,True,In Service,,32,divvy_1f7776f9c6319836,station,2025-12-12 15:55:20.982000,name_and_short_name_within_150m,matched
city,2162605010317203902,CHI02182,St. Clair St & Erie St 2,41.89445,-87.62268,True,In Service,,30,divvy_0d6c54b5feb429d1,station,2025-12-16 14:54:28.696000,name_and_short_name_within_150m,matched
city,2167791249088656448,CHI02183,Rockwell St & Division St,41.90275,-87.69202,True,In Service,,15,divvy_62d8f611856c1af0,station,2025-12-31 15:19:23.825000,name_and_short_name_within_150m,matched
city,2168166459511991810,CHI02184,Canal St & Lake St,41.88597,-87.63999,True,In Service,,16,divvy_14cb29cda27ea625,station,2025-12-31 14:54:20.348000,name_and_short_name_within_150m,matched
city,2170354014030504722,CHI02186,Albany Ave & 16th St,41.85932,-87.70302,True,In Service,,8,divvy_11e708adbde9fc1c,station,2022-02-24 13:19:03,name_and_short_name_within_150m,matched
city,2170354186502672462,CHI02187,Lawndale Ave & 16th St,41.85916,-87.71769,True,In Service,,8,divvy_943fbeb6008f74fa,station,2021-07-11 10:05:49,name_and_short_name_within_150m,matched
city,2170720668030248368,CHI02189,Milwaukee Ave & Wolfram St,41.93301,-87.71428,True,In Service,,11,divvy_7c80a4470d3c082a,station,2026-01-06 18:34:26.633000,name_and_short_name_within_150m,matched
city,2172972052596651782,CHI02190,Monticello Ave & Diversey Ave,41.93172,-87.71846,True,In Service,,15,divvy_99a580a817eb363c,station,2026-02-13 15:59:43.239000,name_and_short_name_within_150m,matched
city,2173356807749990394,CHI02191,Drake Ave & Armitage Ave,41.91749,-87.71524,True,In Service,,15,divvy_e839e9d63a4b817f,station,2026-01-13 18:13:55.117000,name_and_short_name_within_150m,matched
city,2176700070219997476,CHI02192,Kimball Ave & Wrightwood Ave,41.92837,-87.71244,True,In Service,,15,divvy_e8cdc0b2e04e3293,station,2026-02-04 23:42:29.653000,name_and_short_name_within_150m,matched
city,2178904806732191280,CHI02193,Riverside Plaza & Adams St,41.87926,-87.63879,True,In Service,,24,divvy_a641b5cc846707ab,station,2026-01-28 16:54:27.043000,name_and_short_name_within_150m,matched
city,2180731186891818558,CHI02194,California Blvd & 29th St,41.84024,-87.69413,True,In Service,,8,divvy_c7a0b54a111eced0,station,2026-02-19 17:00:11.200000,name_and_short_name_within_150m,matched
city,2180731383329403462,CHI02195,Komensky Ave & 31st St,41.8367,-87.72564,True,In Service,,7,divvy_10a7235788ac81c9,station,2021-08-11 18:36:46,name_and_short_name_within_150m,matched
city,2181157653719738134,CHI02196,Clinton St & Washington Blvd 2,41.88338,-87.64117,True,In Service,,32,divvy_1555ba03bcc135c4,station,2026-02-03 15:17:46.412000,name_and_short_name_within_150m,matched
city,2181500487930254846,CHI02197,Front Ave & 115th St,41.68577,-87.61248,True,In Service,,11,divvy_8e0175ca92a56c3e,station,2026-02-10 15:22:03.220000,name_and_short_name_within_150m,matched
city,2183340497449435640,CHI02198,St Louis Ave & Armitage Ave,41.91717,-87.71358,True,In Service,,15,divvy_498ad086c01a0312,station,2026-02-12 22:42:58.225000,name_and_short_name_within_150m,matched
city,2184108207824344172,CHI02199,Western Ave & 62nd St,41.78098,-87.68338,True,In Service,,8,divvy_1e44dc849dd604ec,station,2021-09-23 18:19:30,name_and_short_name_within_150m,matched
city,2184108441202871768,CHI02200,Rockwell St & 63rd St,41.77879,-87.68858,True,In Service,,8,divvy_5ea6c4980c06ae1d,station,2022-03-02 10:55:44,name_and_short_name_within_150m,matched
city,2184824365297877962,CHI02201,Maplewood Ave & 59th St,41.78633,-87.68743,True,In Service,,8,divvy_8310fa7655631fef,station,2021-09-23 13:03:13,name_and_short_name_within_150m,matched
city,2184825100143886810,CHI02202,Kenneth Ave & 50th St,41.80231,-87.7344,True,In Service,,4,divvy_7a8c65512f81d2ce,station,2021-10-30 15:21:24,name_and_short_name_within_150m,matched
city,2185938651906372480,CHI02203,Lavergne Ave & 46th St,41.80934,-87.74783,True,In Service,,8,divvy_7fc8af5f81731470,station,2021-10-22 17:08:02,name_and_short_name_within_150m,matched
city,2186308082634157970,CHI02204,Hamlin Ave & 62nd Pl,41.77987,-87.71783,True,In Service,,8,divvy_caf7c05d7696ee0a,station,2021-10-09 14:53:17,name_and_short_name_within_150m,matched
city,2186308443416755100,CHI02205,Homan Ave & 65th St,41.77519,-87.70811,True,In Service,,8,divvy_dc910d753ff0319d,station,2022-03-05 16:44:00,name_and_short_name_within_150m,matched
city,2186726165999504510,CHI02207,Sheffield Ave & School St,41.94236,-87.65427,True,In Service,,15,divvy_8fd3fc1ce384be57,station,2026-02-19 20:09:16.783000,name_and_short_name_within_150m,matched
city,2186823631363753926,CHI02208,Kedzie Ave & 104th St,41.70382,-87.70136,True,In Service,,8,divvy_7375b03a8cd93eb6,station,2021-04-11 13:09:10,name_and_short_name_within_150m,matched
city,2186823828932249544,CHI02209,Aberdeen St & 106th St,41.70121,-87.64934,True,Not In Service,,8,divvy_e111982d393eef14,station,2026-04-03 13:17:24.926000,name_and_short_name_within_150m,matched
city,2186824022205777866,CHI02210,Wentworth Ave & 111th St,41.69259,-87.62825,True,In Service,,8,divvy_70b46c5800889825,station,2026-02-19 14:49:05.741000,name_and_short_name_within_150m,matched
city,2187200718323293662,CHI02206,Troy St & 27th St,41.84266,-87.70405,True,In Service,,8,divvy_fc41d3e3e484c70a,station,2026-03-02 08:41:55.935000,name_and_short_name_within_150m,matched
city,2189686778565177118,CHI02211,Harlem Ave & Roscoe St,41.94159,-87.8072,True,In Service,,8,divvy_609bd6ef1baff929,station,2026-03-21 13:51:58.940000,name_and_short_name_within_150m,matched
city,2189712357764865178,CHI02212,Narragansett Ave & School St,41.94012,-87.78648,True,In Service,,8,divvy_2b22d80a4e93174d,station,2021-08-08 13:54:46,name_and_short_name_within_150m,matched
city,2192603399274832178,CHI02213,Monitor Ave & Fullerton Ave,41.92379,-87.77228,True,In Service,,8,divvy_a0bc9c208684b07a,station,2026-03-06 17:22:23.150000,name_and_short_name_within_150m,matched
city,2192660829509882218,CHI02214,New England Ave & North Ave,41.90929,-87.79715,True,In Service,,8,divvy_2a1edb030e61b655,station,2026-03-09 23:34:41.046000,name_and_short_name_within_150m,matched
city,2192689737427529066,CHI02215,Lamon Ave & Belmont Ave,41.93897,-87.74927,True,In Service,,8,divvy_abe14569b2c5de12,station,2021-07-17 16:33:50,name_and_short_name_within_150m,matched
city,2194828324890325284,CHI02216,California Ave & 16th St,41.85926,-87.6955,True,In Service,,8,divvy_205a06bd2dc99cdc,station,2026-03-13 18:15:29.412000,name_and_short_name_within_150m,matched
city,2195190262551549264,CHI02218,Long Ave & Irving Park Rd,41.95301,-87.76214,True,In Service,,8,divvy_6e51ce567f69368f,station,2026-03-17 18:33:48.575000,name_and_short_name_within_150m,matched
city,2196315036885701008,CHI02217,Keeler Ave & Roosevelt Rd,41.8664,-87.73001,True,In Service,,8,divvy_c0c6b9037df419be,station,2021-07-30 19:51:10,name_and_short_name_within_150m,matched
city,2196663691400301236,CHI02219,Kedzie Ave & 45th St,41.81139,-87.704,True,In Service,,8,divvy_238c3ac2b42930db,station,2022-01-04 18:06:07,name_and_short_name_within_150m,matched
city,2196708841322784694,CHI02220,Archer Ave & 43rd St,41.81549,-87.7024,True,In Service,,8,divvy_370b878446605715,station,2021-09-30 14:36:27,name_and_short_name_within_150m,matched
city,2197048925058850020,CHI02221,Woodlawn Ave & 103rd St,41.70738,-87.59404,True,In Service,,4,divvy_975adae6ca3e97ef,station,2026-03-21 19:59:12.323000,name_and_short_name_within_150m,matched
city,2197090354313387750,CHI02222,Michigan Ave & 118th St,41.67982,-87.62075,True,In Service,,8,divvy_b4b9c76914d372e3,station,2026-03-22 01:21:06.042000,name_and_short_name_within_150m,matched
city,2199275602477022666,CHI02223,Avers Ave & 103rd St,41.70586,-87.71709,True,In Service,,8,divvy_2119165b6460aecd,station,2026-04-13 11:09:54.920000,name_and_short_name_within_150m,matched
city,2200441213815186298,CHI02224,Laramie Ave & Augusta Blvd,41.89865,-87.75547,True,In Service,,8,divvy_ab262a2464f06132,station,2026-03-30 20:56:03.544000,name_and_short_name_within_150m,matched
city,2202217293959060352,CHI02225,Central Ave & Parker Ave,41.93018,-87.76612,True,In Service,,8,divvy_72a7b00f7de714c1,station,2021-07-31 00:48:21,name_and_short_name_within_150m,matched
city,2202276889568630568,CHI02226,Kilpatrick Ave & Parker Ave,41.93074,-87.74407,True,In Service,,8,divvy_0b0354b4f529f508,station,2021-07-28 12:54:37,name_and_short_name_within_150m,matched
city,2202639178190136648,CHI02227,Springfield Ave & 47th St,41.80807,-87.72123,True,In Service,,8,divvy_28e6eafbf32e56f9,station,2021-10-08 16:04:07,name_and_short_name_within_150m,matched
city,2202980188008689098,CHI02228,Major Ave & Bloomingdale Ave,41.91258,-87.7688,True,In Service,,8,divvy_0251e093b5721d58,station,2021-09-01 15:35:30,name_and_short_name_within_150m,matched
city,2202980574555745742,CHI02229,Long Ave & Belden Ave,41.92273,-87.76095,True,In Service,,8,divvy_88d9b799224f53ca,station,2021-07-22 18:24:39,name_and_short_name_within_150m,matched
city,2204154850493840624,CHI02230,California Ave & Winona St,41.97471,-87.69786,True,In Service,,8,divvy_a8792bd2383961fb,station,2021-11-03 13:00:22,name_and_short_name_within_150m,matched
city,2204171310211851732,CHI02232,Francisco Ave & Hollywood Ave,41.98443,-87.70157,True,In Service,,8,divvy_9545a384bfeb4624,station,2021-11-05 16:35:27,name_and_short_name_within_150m,matched
city,2204206266051127252,CHI02231,Oak Park Ave & Wellington Ave,41.93459,-87.79586,True,In Service,,8,divvy_eef166a0e9fe082e,station,2026-04-10 12:46:21.601000,name_and_short_name_within_150m,matched
city,2204470644384050272,CHI02233,Washtenaw Ave & Peterson Ave,41.99073,-87.69705,True,In Service,,8,divvy_cae1ecd929c72d25,station,2021-11-11 17:56:10,name_and_short_name_within_150m,matched
city,2204471076050942998,CHI02234,Western Ave & Ardmore Ave,41.98662,-87.68968,True,In Service,,8,divvy_e542a8f333641748,station,2021-11-21 16:04:58,name_and_short_name_within_150m,matched
city,2205610155911264688,CHI02244,N Shore Channel Trail & Argyle St,41.97222,-87.70282,True,In Service,,12,divvy_524b2d341a9a4810,station,2022-02-24 13:51:43,name_and_short_name_within_150m,matched
city,2206674729063575646,CHI02245,Francisco Ave & Montrose Ave,41.96106,-87.70095,True,In Service,,8,divvy_c2de00480917cb25,station,2021-11-02 19:12:07,name_and_short_name_within_150m,matched
city,2206674953022716066,CHI02246,Virginia Ave & Catalpa Ave,41.98124,-87.70495,True,In Service,,8,divvy_4946e2656a9c8106,station,2021-11-12 16:37:06,name_and_short_name_within_150m,matched
city,2207048336540083862,CHI02247,Central Park Ave & Ohio St,41.89188,-87.71644,True,In Service,,8,divvy_5d7fb0f538036ecd,station,2021-10-16 15:40:39,name_and_short_name_within_150m,matched
city,2207102109220165412,CHI02248,Lavergne Ave & Archer Ave,41.79816,-87.74772,True,In Service,,8,divvy_23f4cfd5c21badcb,station,2026-04-15 19:49:02.791000,name_and_short_name_within_150m,matched
city,2209665962787237634,CHI02249,Campbell Ave & Irving Park Rd,41.95362,-87.69079,True,In Service,,11,divvy_1c1f522cc5d30024,station,2022-01-25 20:37:15,name_and_short_name_within_150m,matched
city,2209666353179784114,CHI02250,Central Park Ave & Augusta Blvd,41.89894,-87.71649,True,In Service,,8,divvy_eaa8c1a0e47aeb2c,station,2026-04-25 11:43:17.850000,name_and_short_name_within_150m,matched
city,2210387618732456004,CHI02252,Sacramento Blvd & Addison St,41.94609,-87.70298,True,In Service,,8,divvy_81579fa88f307b83,station,2021-11-23 19:17:52,name_and_short_name_within_150m,matched
city,2210387851258904906,CHI02251,Elston Ave & Henderson St,41.94154,-87.70086,True,In Service,,8,divvy_223c24d2c713928b,station,2021-11-19 12:06:11,name_and_short_name_within_150m,matched
city,2210773719573363916,CHI02253,Mango Ave & Grand Ave,41.91965,-87.76941,True,In Service,,8,divvy_7abae6fb9f613143,station,2025-07-28 02:40:37.292000,name_and_short_name_within_150m,matched
city,2210792929387709856,CHI02254,Sacramento Ave & 25th St,41.84661,-87.70012,True,In Service,,8,divvy_510782054b38e652,station,2021-11-20 11:50:11,name_and_short_name_within_150m,matched
city,2211895655445329726,CHI02255,Albany Ave & Belmont Ave,41.93966,-87.70526,True,In Service,,8,divvy_f6acb091d46dc983,station,2021-10-27 16:17:49,name_and_short_name_within_150m,matched
city,2211980152295771728,CHI02256,Sacramento Blvd & Fulton St,41.88653,-87.70165,True,In Service,,8,divvy_8bb90b1e53894895,station,2026-04-27 16:29:56.180000,name_and_short_name_within_150m,matched
city,2212240071432007550,CHI02257,Perry St & 119th St,41.67785,-87.62519,True,In Service,,8,divvy_131049acf409fa2e,station,2026-06-05 17:15:42.994000,name_and_short_name_within_150m,matched
city,2212240277590437762,CHI02258,Ave H & 110th St,41.69553,-87.53304,True,In Service,,8,divvy_d4397359b24a67f3,station,2026-05-08 19:51:58.371000,name_and_short_name_within_150m,matched
city,2212612103140826014,CHI02259,MLK Dr & 111th St,41.69263,-87.6136,True,In Service,,8,divvy_bd2c65ac2e086806,station,2026-04-29 16:20:31.474000,name_and_short_name_within_150m,matched
city,2212612309299256224,CHI02260,Cottage Grove Ave & 107th St,41.70015,-87.60793,True,In Service,,8,divvy_08fbe216513ac89b,station,2026-05-01 14:58:56.205000,name_and_short_name_within_150m,matched
city,2213358517971897438,CHI02261,Hamlin Ave & Grand Ave,41.90403,-87.72156,True,In Service,,8,divvy_c43dfd8de9af26ff,station,2022-05-10 03:22:49,name_and_short_name_within_150m,matched
city,2213358698360523876,CHI02262,Homan Ave & Fillmore St,41.86811,-87.71085,True,In Service,,8,divvy_22c244815ca38d90,station,2021-07-14 18:24:42,name_and_short_name_within_150m,matched
city,2214504720540875974,CHI02322,Troy St & Grace St,41.95024,-87.70627,True,In Service,,8,divvy_c9fe7f5d7d45c2a5,station,2021-10-28 07:22:19,name_and_short_name_within_150m,matched
city,2214505028100735236,CHI02323,Whipple St & Irving Park Rd,41.95422,-87.70444,True,In Service,,8,divvy_1703fa30e1ca56cd,station,2021-10-28 21:41:20,name_and_short_name_within_150m,matched
city,2214553029651408278,CHI02324,Sacramento Ave & Polk St,41.87096,-87.7003,True,In Service,,8,divvy_73faa52b279c9d9a,station,2026-05-08 08:21:41.642000,name_and_short_name_within_150m,matched
city,2214553270169576858,CHI02325,Washtenaw Ave & Polk St,41.87114,-87.69377,True,In Service,,8,divvy_f3f05af9535f8309,station,2021-11-08 16:20:13,name_and_short_name_within_150m,matched
city,2214937709073941248,CHI02326,Whipple St & Roosevelt Rd,41.86655,-87.70178,True,In Service,,8,divvy_b69986910f56e870,station,2021-11-27 11:35:12,name_and_short_name_within_150m,matched
city,2214937939270373542,CHI02327,Dearborn St & Erie St,41.894,-87.62922,True,In Service,,42,divvy_7d8a1cdb422e3c37,station,2015-01-01 01:00:00,name_and_short_name_within_150m,matched
city,2215581150890693080,CHI02328,Inner Lake Shore Dr & Aldine Ave,41.94232,-87.63989,True,In Service,,24,divvy_2f6e53f582d2df36,station,2026-05-07 14:27:46.910000,name_and_short_name_within_150m,matched
city,2215968256696176332,CHI02329,Winthrop Ave & Sheridan Rd,41.99814,-87.65885,True,In Service,,15,divvy_0cfdc9cb6a4a4f95,station,2026-05-09 11:45:39.375000,name_and_short_name_within_150m,matched
city,2217128383470699128,CHI02330,Museum Campus Metra Station,41.8693520335,-87.6228815224,True,In Service,,19,divvy_c01d6fb8dbf0e03b,station,2026-05-12 10:24:49.055000,name_and_short_name_within_150m,matched
city,2218246099267533948,CHI02331,Franklin St & Randolph St,41.88439,-87.63517,True,In Service,,18,divvy_d21f9284d7bc9320,station,2026-05-15 06:57:58.993000,name_and_short_name_within_150m,matched
city,2220052515863650030,CHI02333,Lakewood Ave & Addison St,41.9472,-87.66085,True,In Service,,15,divvy_f6cce39097ffc9fd,station,2026-05-19 17:05:02.039000,name_and_short_name_within_150m,matched
city,2220092137003328362,CHI02332,Winthrop Ave & Bryn Mawr Ave,41.98384,-87.65806,True,In Service,,15,divvy_a12259671e7f69eb,station,2026-05-19 17:24:14.504000,name_and_short_name_within_150m,matched
city,2225993076743664360,CHI02345,Honore St & 71st St,41.76498,-87.66983,True,In Service,,8,divvy_73f9c66106552846,station,2026-07-20 10:01:06.298000,name_and_short_name_within_150m,matched
city,2227510210044398032,CHI02346,Pine Grove Ave & Belmont Ave,41.94002,-87.64166,True,In Service,,11,divvy_ecb41153c338f15e,station,2026-06-08 20:14:09.143000,name_and_short_name_within_150m,matched
city,2228291487111661872,CHI02347,Glenwood Ave & Devon Ave,41.99791,-87.66545,True,In Service,,15,divvy_2c4ff5e801d05711,station,2026-06-10 15:51:19.122000,name_and_short_name_within_150m,matched
city,2230843608074233548,CHI02348,Kenmore Ave & Catalpa Ave,41.98203,-87.65653,True,In Service,,11,divvy_31c8c01a06f426a1,station,2026-06-17 15:49:00.622000,name_and_short_name_within_150m,matched
city,2232759736070696510,CHI02349,Damen Ave & Ogden Ave,41.87317,-87.67662,True,Not Installed,,15,,,,,no_unambiguous_history_match
city,2233046216613422764,,Racine/Lake Corral,41.8856855,-87.6568915,True,In Service,,24,divvy_d165d6996678efc0,station,2026-06-23 12:51:23.233000,name_within_150m,matched
city,2233046216613422766,,Lake/Aberdeen Corral,41.8856975,-87.6545365,True,In Service,,24,divvy_fe5b9b6eb5bdbe8d,station,2026-06-23 10:30:01.142000,name_within_150m,matched
city,2233046220908390064,,Lake/Carpenter Corral,41.8857214,-87.6533778,True,In Service,,24,divvy_60a0b8124a1ab91c,station,2026-06-23 11:43:37.225000,name_within_150m,matched
city,2233046220908390066,,Lake/Morgan Corral,41.8854978,-87.6523157,True,In Service,,24,divvy_9fa9a125ac196d96,station,2026-06-23 17:18:25.685000,name_within_150m,matched
city,2233046220908390068,,Lake/Sangamon Corral,41.8854693,-87.6508941,True,In Service,,24,divvy_cacea7dda312888e,station,2026-06-24 08:48:48.048000,name_within_150m,matched
city,2233046220908390070,,Lake/Green Corral,41.8854698,-87.6485637,True,In Service,,24,divvy_bd5c3f9e7a3e76b7,station,2026-06-23 10:31:45.638000,name_within_150m,matched
city,2233046220908390072,,Washington/Green (Washington Side) Corral,41.8831974,-87.6487729,True,In Service,,24,divvy_babd371db716dd8d,station,2026-06-25 17:47:23.122000,name_within_150m,matched
city,2233046220908390074,,Washington/Green (Green Side) Corral,41.8833012,-87.6486656,True,In Service,,24,divvy_759e5c6c2db70e98,station,2026-06-23 10:15:09.147000,name_within_150m,matched
city,2233046220908390076,,Midway Corral,41.7868405,-87.738735,True,In Service,,24,divvy_7a1c75ed38ea7077,station,2026-06-23 17:18:45.795000,name_within_150m,matched
city,2237899334645272536,CHI02359,Ravenswood Ave & Grace St,41.95051,-87.67407,True,In Service,,15,divvy_69a90586172f1c8f,station,2026-07-06 14:03:08.599000,name_and_short_name_within_150m,matched
city,2239011021643536028,CHI02360,Obama Presidential Center,41.786419,-87.586462,True,In Service,,22,divvy_b564ea62f384fb57,station,2026-07-09 12:52:32.619000,name_and_short_name_within_150m,matched
city,2239371122346611190,CHI02361,Chicago Ave & Grove St,42.0452227,-87.6799575,False,In Service,,12,divvy_4bc15b1e5a34ff36,station,2026-07-10 11:41:18.773000,name_and_short_name_within_150m,matched
city,2241649114257641054,CHI02363,DuSable Lake Shore Dr & Jackson Blvd,41.87831,-87.61695,True,In Service,,24,divvy_e75acabaad7021f3,station,2026-07-16 15:36:46.145000,name_and_short_name_within_150m,matched
city,2243075339816629728,CHI02364,Lincoln Park Zoo,41.92242,-87.63195,True,In Service,,36,divvy_fcf5f324e72c49a8,station,2026-07-20 11:30:11.339000,name_and_short_name_within_150m,matched
city,2243090008605339148,CHI02365,North Ave Beach Pedestrian Bridge,41.915633,-87.628214,True,In Service,,36,divvy_f2430a96b893784b,station,2026-07-20 13:16:33.919000,name_and_short_name_within_150m,matched
city,2243454367036320744,CHI02366,North Ave Beach,41.91399,-87.62527,True,In Service,,42,divvy_1530ab1173fb55cb,station,2026-07-21 12:20:38.344000,name_and_short_name_within_150m,matched
city,2243491579914199404,CHI02367,DuSable Lake Shore Dr & Balbo Dr,41.87318,-87.61685,True,In Service,,30,divvy_29c4e28e1a904e3e,station,2026-07-21 13:31:12.781000,name_and_short_name_within_150m,matched
city,2244216452452080904,CHI02368,ETHS Main Campus,42.044138,-87.698823,False,Not In Service,,7,divvy_2a4f0123a8eda235,station,2026-07-29 17:47:20.860000,name_and_short_name_within_150m,matched
city,2244296304484047200,,Navy Pier Public Rack - East,41.89093,-87.6096738,True,In Service,,50,divvy_72bd22227b2ffcb5,public_rack,2026-07-23 17:23:23.715000,name_within_150m,matched
city,2244296304484047204,,Oak St Beach Public Rack - North,41.9027778,-87.6235803,True,In Service,,3,divvy_966f9dc5579baae4,public_rack,2026-07-23 17:47:19.686000,name_within_150m,matched
city,2244296305091603790,,Navy Pier Public Rack - West,41.8909738,-87.6114815,True,In Service,,8,divvy_ba9a4a9054cafea9,public_rack,2026-07-23 17:40:14.139000,name_within_150m,matched
city,2244296306430178920,,North Ave Beach Public Rack - 3,41.9211296,-87.6293063,True,In Service,,6,divvy_1ed7eccd579446b6,public_rack,2026-07-24 14:10:32.942000,name_within_150m,matched
city,2244296306430178924,,Theater on the Lake Public Rack - East,41.9269768,-87.6301854,True,In Service,,14,divvy_f463fe35036e536b,public_rack,2026-07-23 17:23:16.416000,name_within_150m,matched
city,2244296306710315908,,Oak St Beach Public Rack - South,41.9018549,-87.6222465,True,In Service,,12,divvy_ea8ed85de7f453ab,public_rack,2026-07-23 19:10:21.743000,name_within_150m,matched
city,2244296306710315910,,Theater on the Lake Public Rack - North,41.9275216,-87.6307031,True,In Service,,6,divvy_9ac6eafc45e7cf6e,public_rack,2026-07-24 16:12:37.453000,name_within_150m,matched
city,2244296307416022208,,North Ave Beach Public Rack - 4,41.9206217,-87.6291956,True,In Service,,3,divvy_37f364b18293e660,public_rack,2026-07-23 17:31:58.889000,name_within_150m,matched
city,2244296308779014502,,Theater on the Lake Overflow Corral,41.92621,-87.63109,True,In Service,,20,divvy_4111e2312066ea48,station,2026-07-23 17:48:23.557000,name_within_150m,matched
city,2244296309386571090,,Navy Pier Overflow Corral,41.89231,-87.61217,True,In Service,,20,divvy_c881baedd0125364,station,2026-07-23 18:26:47.113000,name_within_150m,matched
city,2244296311710989508,,Theater on the Lake Public Rack - South,41.9265258,-87.6306173,True,In Service,,10,divvy_a75855efa55201ba,public_rack,2026-07-23 20:06:14.588000,name_within_150m,matched
city,2244296311710989510,,North Ave Beach Overflow Corral,41.9139321,-87.6252532,True,In Service,,50,divvy_32b813305b2d05ae,station,2026-07-23 17:16:24.839000,name_within_150m,matched
city,2244646421854540096,CHI02385,Foster CTA,42.053903,-87.683677,False,In Service,,18,divvy_36a0562c31a117cf,station,2026-07-25 05:37:43.440000,name_and_short_name_within_150m,matched
city,2245646187730700376,CHI02386,South Boulevard CTA,42.0274991,-87.6781649,False,In Service,,8,divvy_0db794d7bc633203,station,2026-07-27 20:33:07.644000,name_and_short_name_within_150m,matched
city,2245701723851962616,CHI02387,Maple Ave & Grove St,42.045537,-87.685317,False,In Service,,8,divvy_537b647341fb21de,station,2026-07-28 10:32:24.057000,name_and_short_name_within_150m,matched
city,2246051588008437124,CHI02388,Evanston Civic Center,42.057127,-87.686482,False,In Service,,8,divvy_a3acd7688f499ebc,station,2018-10-31 18:37:05,name_and_short_name_within_150m,matched
city,2246085102741633664,CHI02389,Noyes CTA,42.0584715,-87.683518,False,In Service,,15,divvy_84a9507261df3b22,station,2026-08-05 10:35:25.816000,name_and_short_name_within_150m,matched
city,2246215988797035830,CHI02390,Bent Park,42.064494,-87.724011,False,In Service,,6,divvy_727fb8a44b83614e,station,2026-07-30 22:12:13.255000,name_and_short_name_within_150m,matched
city,2246219009938486686,CHI02391,Arrington Lagoon,42.046434,-87.6738773,False,In Service,,6,divvy_4094d7fd41e54f72,station,2026-07-30 16:22:29.325000,name_and_short_name_within_150m,matched
city,2246219929932439602,CHI02392,Clark Beach,42.0500013,-87.6740198,False,In Service,,8,divvy_fc6420ad353f9466,station,2026-07-30 08:58:52.003000,name_and_short_name_within_150m,matched
city,2246221031600538080,CHI02393,Harbert Park,42.033803,-87.708814,False,In Service,,6,divvy_da6f87bf737545ab,station,2026-08-03 08:37:52.326000,name_and_short_name_within_150m,matched
city,2246222815279511014,CHI02394,Dodge Ave & Mulford St,42.02365,-87.699617,False,In Service,,8,divvy_043ccf40aebc1fa9,station,2018-10-31 18:05:41,name_and_short_name_within_150m,matched
city,2246595749089478166,CHI02395,Northwestern Main Campus,42.053906,-87.677688,False,In Service,,12,divvy_62312580fe6a6e0a,station,2026-08-02 13:23:20.345000,name_and_short_name_within_150m,matched
city,2246596861486007846,CHI02396,Burnham Shores,42.0403531,-87.6702128,False,In Service,,6,divvy_19bf6671976dee6e,station,2026-08-02 16:59:09.017000,name_and_short_name_within_150m,matched
city,2248723317798294962,,North Ave Beach Public Rack - 1,41.922648,-87.629767,True,In Service,,6,divvy_8e5001dba70c0f39,public_rack,2026-08-07 05:47:46.696000,name_within_150m,matched
city,2248723319435878536,,North Ave Beach Public Rack - 2,41.921984,-87.629547,True,In Service,,4,divvy_a50b82140272408c,public_rack,2026-08-08 15:05:45.829000,name_within_150m,matched
city,2252396478467522142,CHI02400,Leamington Ave & 63rd Pl,41.7774,-87.751,True,In Service,,8,,,,,no_unambiguous_history_match
city,2252414929099132426,CHI02401,Linder Ave & 64th,41.77546,-87.75791,True,In Service,,8,divvy_b2edef37c5fab615,station,2026-08-20 12:41:03.404000,name_and_short_name_within_150m,matched
city,2254013036547184568,CHI02403,Laflin St & Taylor St,41.86912,-87.66416,True,In Service,,15,divvy_b869c75c98136acf,station,2026-08-19 14:50:55.507000,name_and_short_name_within_150m,matched
city,2256172897303479166,CHI02404,Lincoln Ave & Hutchinson St,41.95864,-87.68198,True,In Service,,15,divvy_dc1d5e1b20f856ef,station,2026-08-25 14:03:44.393000,name_and_short_name_within_150m,matched
city,2256173249550987254,CHI02405,Ravenswood Ave & Roscoe St,41.94334,-87.67383,True,In Service,,15,divvy_8b02881bd1189eb4,station,2026-08-25 17:59:57.452000,name_and_short_name_within_150m,matched
city,2256465664725929896,CHI02406,Ravenswood Ave & Sunnyside Ave,41.96328,-87.67425,True,In Service,,15,divvy_69a6049fb0c4e745,station,2026-08-26 11:42:55.212000,name_and_short_name_within_150m,matched
city,2256466128790948444,CHI02407,Ashland Ave & Addison St,41.94689,-87.66916,True,In Service,,15,divvy_c1694f7fe6c7a7b0,station,2026-08-26 17:56:34.157000,name_and_short_name_within_150m,matched
city,2259042357156666196,CHI02409,Ravenswood Ave & Foster Ave,41.97647,-87.67434,True,In Service,,15,,,,,no_unambiguous_history_match
city,2259051415615903576,CHI02412,Damen Ave & Rodgers St,42.01378,-87.67992,True,In Service,,15,,,,,no_unambiguous_history_match
city,2259052081335834494,CHI02413,Glenwood Ave & Ardmore Ave,41.98828,-87.66512,True,In Service,,15,,,,,no_unambiguous_history_match
city,22afe78c-e8f7-4a80-969e-7ddeafdf49da,CHI00829,Halsted St & 104th St,41.7051397889,-87.6424241066,True,In Service,,15,divvy_19f52af09628958e,station,2020-09-15 18:21:29,name_and_short_name_within_150m,matched
city,2a80f8d9-85dc-4c36-ba07-86d775ffd1ee,CHI00860,Baltimore Ave & 87th St,41.7373356004,-87.5485146046,True,In Service,,15,divvy_2ffffde28e6b1880,station,2020-08-19 18:46:56,name_and_short_name_within_150m,matched
city,2f5957e4-e83a-4d5a-b073-ec9422989315,CHI00840,Commercial Ave & 100th St,41.7133173955,-87.5510975718,True,In Service,,15,divvy_c2aab0aed2ac2cde,station,2021-01-25 11:51:58,name_and_short_name_within_150m,matched
city,34dc92b5-7cb7-4536-856b-46644d31b48c,CHI00838,State St & 123rd St,41.6706438369,-87.6225864887,True,In Service,,15,divvy_e0338f24e911ef02,station,2020-09-18 17:06:39,name_and_short_name_within_150m,matched
city,391d5cd8-c87c-42f8-94df-823f94284005,CHI00853,Calumet Park,41.7137098304,-87.5308442116,True,In Service,,15,divvy_70f1e242706b64bb,station,2021-04-17 23:07:18,name_and_short_name_within_150m,matched
city,3d1da4c7-23c9-4731-81f5-91db08f6c97f,CHI00880,Constance Ave & 95th St,41.722290741,-87.5789684057,True,In Service,,15,divvy_39b3e4d5883b2a34,station,2020-09-03 17:58:49,name_and_short_name_within_150m,matched
city,430d5876-c44d-446e-ac53-065da9fb9c17,CHI01988,Green St & Randolph St,41.8836016573,-87.6486267149,True,In Service,,12,divvy_2381d50b9471d6e7,station,2013-06-29 17:08:00,name_and_short_name_within_150m,matched
city,4843d153-c725-4230-a4c7-402da6a62143,CHI01837,Lincoln Ave & Roscoe St,41.943350247,-87.6706677675,True,In Service,,16,divvy_12f821fb1fdc000a,station,2013-08-20 16:41:00,name_and_short_name_within_150m,matched
city,48b2ed2f-18aa-4a9b-b27d-db9f6d0c8c16,CHI00866,Homewood Ave & 115th St,41.684595072,-87.6707080007,True,In Service,,15,divvy_6f56dbd33b5d6bdb,station,2020-10-07 14:31:40,name_and_short_name_within_150m,matched
city,4c57c316-82a8-4b9d-a16c-ae7922a2057a,CHI00883,Wentworth Ave & 104th St,41.705307997,-87.6292169094,True,In Service,,15,divvy_5a0b29f2c5a2f3c1,station,2020-09-20 17:53:04,name_and_short_name_within_150m,matched
city,4fcebf8a-b065-4cd1-a167-211a45ada30e,CHI00753,Dauphin Ave & 103rd St,41.7072503678,-87.6076626778,True,In Service,,15,divvy_9c5567f87e2b8742,station,2020-08-22 01:56:37,name_and_short_name_within_150m,matched
city,532a6e43-6efc-4c87-81a8-c75dfd8e8fde,CHI02021,Wentworth Ave & Cermak Rd*,41.8532144185,-87.6318722963,True,In Service,,16,divvy_72aa5c9d3d955130,station,2023-04-12 14:21:50,name_and_short_name_within_150m,matched
city,56eccb5b-f4d7-43c5-b554-a6a0a7585e5e,CHI00868,Avenue O & 118th St,41.6810014591,-87.5379312227,True,In Service,,15,divvy_01fd68361e3a54ae,station,2020-09-29 19:03:43,name_and_short_name_within_150m,matched
city,59019cbc-47d4-4743-afb2-e71e9767df0c,CHI00835,Clyde Ave & 87th St,41.7371514643,-87.5727403164,True,In Service,,15,divvy_ea562991dc750914,station,2020-09-10 15:45:21,name_and_short_name_within_150m,matched
city,61695579-2f75-4090-a071-c76079b5fb5d,CHI00799,Michigan Ave & 71st St,41.765286,-87.621748,True,In Service,,7,divvy_900a5aa6278aa3d2,station,2018-11-22 12:21:39,name_and_short_name_within_150m,matched
city,625e37ea-24ea-4f13-9a54-6322466ec521,CHI00881,Dauphin Ave & 87th St,41.73648,-87.601252,True,Not In Service,,15,divvy_e4eaf1483720f1c8,station,2020-09-08 21:02:30,name_and_short_name_within_150m,matched
city,62cb5f1d-7dcb-4fe1-849f-d928288d73b9,CHI00825,Ada St & 113th Pl,41.68759,-87.65541,True,Not In Service,,15,divvy_d726227713f056a9,station,2020-10-07 19:34:30,name_and_short_name_within_150m,matched
city,6849c4e2-cffa-432b-8d83-5c0524594b4f,CHI00871,Marquette Ave & 89th St,41.7336687907,-87.5583422184,True,In Service,,15,divvy_dd1907740dafb869,station,2020-08-21 08:05:02,name_and_short_name_within_150m,matched
city,6997d1fb-9887-4c15-b5db-524d45a2f101,CHI00809,Ashland Ave & 74th St,41.7592360243,-87.6634740829,True,In Service,,14,divvy_ec498955921d3af7,station,2020-08-22 23:42:41,name_and_short_name_within_150m,matched
city,6fd280b0-74de-4a89-947d-3be40afa079c,CHI00849,Altgeld Gardens,41.6566655297,-87.5988006592,True,In Service,,15,divvy_ae363b5477268bda,station,2021-04-29 19:12:19,name_and_short_name_within_150m,matched
city,732c9f35-0c82-4128-acc3-2cf447298b1d,CHI00839,Major Taylor Trail & 124th St,41.6686963533,-87.6371133327,True,In Service,,15,divvy_2202ed293bcf030d,station,2020-09-21 20:10:14,name_and_short_name_within_150m,matched
city,759171ce-f355-4740-948d-e14bb8f7dc0e,CHI00843,Avenue O & 134th St,41.6519026853,-87.5395553938,True,In Service,,15,divvy_a8a5d7cd9f3aa1ba,station,2020-09-23 18:40:05,name_and_short_name_within_150m,matched
city,792ceba0-564f-4a2c-bcb5-90da781ffeef,CHI00748,State St & 95th St,41.7218499,-87.6228544,True,In Service,,15,divvy_80cffc462708ca55,station,2020-08-20 13:04:24,name_and_short_name_within_150m,matched
city,7c56e4d5-92ee-4129-9a3a-d2ce89eab31d,CHI00873,Burnham Greenway & 112th St,41.6917738512,-87.5304311514,True,In Service,,15,divvy_c7caea1e71aa9259,station,2022-02-13 22:01:00,name_and_short_name_within_150m,matched
city,7dc58bb9-24de-4544-9a12-c3975139370f,CHI00779,Doty Ave & 111th St,41.6950104494,-87.5987148285,True,In Service,,15,divvy_b1cad9a31c46b625,station,2021-09-16 04:24:40,name_and_short_name_within_150m,matched
city,7e435d2a-617e-4c3f-bed0-a8801c20f265,CHI00850,Stony Island Ave & 90th St,41.7313949433,-87.5857436657,True,In Service,,15,divvy_18ca813bdcc6bd6d,station,2020-09-07 22:18:01,name_and_short_name_within_150m,matched
city,8759a858-d7eb-4382-b38f-2223c3f9e25d,CHI00858,Big Marsh Park,41.6858770556,-87.5738239288,True,In Service,,15,divvy_6dd427a21527d845,station,2020-09-25 17:47:17,name_and_short_name_within_150m,matched
city,87c01e57-8a00-430d-9eb3-2abe51e535dd,CHI00772,Vernon Ave & 107th St,41.7001213792,-87.612259984,True,In Service,,15,divvy_418280275b1ccfb7,station,2020-09-06 16:00:08,name_and_short_name_within_150m,matched
city,87d2a090-22cd-471b-b622-fef3923999dd,CHI00738,Loomis St & 89th St,41.7323797533,-87.6580694318,True,In Service,,15,divvy_2fbb67a06b0550b8,station,2021-05-12 20:53:36,name_and_short_name_within_150m,matched
city,8a677aec-442b-47b8-aff7-50852e1d26c0,CHI00818,Kedzie Ave & 110th St,41.6923947459,-87.7009606361,True,In Service,,11,divvy_7c5565d156556248,station,2021-01-10 05:20:59,name_and_short_name_within_150m,matched
city,8fd03909-317e-4b6c-b8e9-f4c28b4c90b1,CHI00841,Torrence Ave & 126th Pl,41.6663120083,-87.5572156906,True,In Service,,15,divvy_346823a4a071eec7,station,2020-09-29 03:57:28,name_and_short_name_within_150m,matched
city,90011328-f7bd-4b7b-8f95-8204a0b50f27,CHI01928,Wells St & Institute Pl,41.8973798607,-87.6344203949,True,In Service,,11,divvy_30449314206964d8,station,2022-10-31 21:19:43,name_and_short_name_within_150m,matched
city,94788869-1849-43f6-99e1-2eacbc3fab03,CHI00878,Morgan St & Lake St,41.8854917063,-87.6522892714,True,In Service,,30,divvy_98df82f228609d99,station,2013-06-28 20:00:00,name_and_short_name_within_150m,matched
city,95185a0d-da45-406a-a892-6b37b0d29fa8,CHI00879,Greenwood Ave & 97th St,41.7187031548,-87.5970357656,True,In Service,,15,divvy_252cd56e9569f1b6,station,2020-09-03 06:54:57,name_and_short_name_within_150m,matched
city,97818a9b-0f86-44df-98e6-1bc16812e3d9,CHI00298,Lakefront Trail & Bryn Mawr Ave,41.9840441152,-87.6522812247,True,In Service,,19,divvy_885120811cf591f8,station,2015-05-11 17:04:00,name_and_short_name_within_150m,matched
city,98fe78dc-4efa-4b39-a47c-0d94abcdb221,CHI00851,Ewing Ave & Burnham Greenway,41.70999,-87.5355,True,In Service,,11,divvy_bf0afffb1368bbbd,station,2024-09-01 08:22:13.392000,name_and_short_name_within_150m,matched
city,9e1fbaaa-e872-4505-ada6-5080e62bef77,CHI00626,Lincoln Park Conservatory,41.9239313114,-87.6358245313,True,In Service,,31,divvy_00a444fc3144e653,station,2019-08-15 12:41:14,name_and_short_name_within_150m,matched
city,9e5ce0b6-198f-48fa-9363-64ab5ec2b222,CHI00767,Chicago State University,41.7189634217,-87.6082956791,True,In Service,,23,divvy_72a064ac9ffc57bb,station,2021-03-23 11:56:17,name_and_short_name_within_150m,matched
city,a065d29d-a081-47f4-8d0f-9a572f6085fe,CHI00823,Michigan Ave & 114th St,41.6870147947,-87.6210522652,True,In Service,,15,divvy_a095f7b110abd280,station,2020-09-17 18:27:01,name_and_short_name_within_150m,matched
city,a21de1a5-f5bc-4b50-8a13-aa28b7dcfa95,CHI02029,Halsted St & 96th St,41.7197121836,-87.643019557,True,In Service,,15,divvy_db68ce5ea1b52e3d,station,2020-08-27 15:06:34,name_and_short_name_within_150m,matched
city,a2aa2a53-3439-459b-9345-c21435e99a72,CHI00821,Elizabeth St & 92nd St,41.7267989637,-87.6542901993,True,In Service,,15,divvy_0badcf424ea3dab1,station,2020-08-14 16:41:50,name_and_short_name_within_150m,matched
city,a3a37378-a135-11e9-9cda-0a87ae2ba916,CHI00533,Shedd Aquarium,41.8672259568,-87.6153553902,True,In Service,,55,divvy_119d8f529408db4f,station,2015-04-24 14:24:00,name_and_short_name_within_150m,matched
city,a3a378ca-a135-11e9-9cda-0a87ae2ba916,CHI00558,Burnham Harbor,41.8574117871,-87.6137915254,True,In Service,,23,divvy_d05f6fd2cfbd052e,station,2015-05-16 11:07:00,name_and_short_name_within_150m,matched
city,a3a37e26-a135-11e9-9cda-0a87ae2ba916,CHI01774,State St & Harrison St,41.874053,-87.627716,True,In Service,,23,divvy_f9c6afbd3ea8c916,station,2013-06-28 07:08:00,name_and_short_name_within_150m,matched
city,a3a38363-a135-11e9-9cda-0a87ae2ba916,CHI00531,Dusable Harbor,41.886976,-87.612813,True,In Service,,39,divvy_1602f1e1c25de7b2,station,2020-01-01 12:48:27,name_and_short_name_within_150m,matched
city,a3a3888b-a135-11e9-9cda-0a87ae2ba916,CHI00383,Field Blvd & South Water St,41.8863490627,-87.6175165471,True,In Service,,19,divvy_4a8c6525b6e681b1,station,2015-04-18 19:50:00,name_and_short_name_within_150m,matched
city,a3a39301-a135-11e9-9cda-0a87ae2ba916,CHI00319,Leavitt St & Archer Ave,41.8287920199,-87.6806044594,True,In Service,,15,divvy_e8a432edb4adce89,station,2015-04-15 10:19:00,name_and_short_name_within_150m,matched
city,a3a3983e-a135-11e9-9cda-0a87ae2ba916,CHI00780,Jeffery Blvd & 71st St,41.766638237,-87.5764501141,True,In Service,,11,divvy_1643d2a935392946,station,2015-05-01 16:18:00,name_and_short_name_within_150m,matched
city,a3a39d55-a135-11e9-9cda-0a87ae2ba916,CHI02048,South Shore Dr & 71st St,41.7664094567,-87.5656875719,True,In Service,,15,divvy_dad20ee19c92df88,station,2015-04-26 19:02:00,name_and_short_name_within_150m,matched
city,a3a3a7b4-a135-11e9-9cda-0a87ae2ba916,CHI00479,Morgan St & 18th St,41.858086,-87.651073,True,In Service,,15,divvy_6af8a30604b0b240,station,2013-06-28 15:04:00,name_and_short_name_within_150m,matched
city,a3a3ace6-a135-11e9-9cda-0a87ae2ba916,CHI00277,Racine Ave & 18th St,41.8583996,-87.6564226,True,In Service,,15,divvy_bee923a3971bbf3d,station,2013-06-27 23:51:00,name_and_short_name_within_150m,matched
city,a3a3b202-a135-11e9-9cda-0a87ae2ba916,CHI00258,Paulina Ave & North Ave,41.9098546522,-87.66993016,True,In Service,,15,divvy_d820eba39e33b1d3,station,2016-01-01 03:00:00,name_and_short_name_within_150m,matched
city,a3a3b731-a135-11e9-9cda-0a87ae2ba916,CHI00269,Honore St & Division St,41.903119,-87.673935,True,In Service,,23,divvy_2ff4646ed9019339,station,2017-07-01 00:36:18,name_and_short_name_within_150m,matched
city,a3a3bc53-a135-11e9-9cda-0a87ae2ba916,CHI01787,Wacker Dr & Washington St,41.8831433644,-87.6372420788,True,In Service,,19,divvy_468f4eea81365ea4,station,2015-04-18 12:07:00,name_and_short_name_within_150m,matched
city,a3a3c174-a135-11e9-9cda-0a87ae2ba916,CHI00389,Throop St & Taylor St,41.868968,-87.659141,True,In Service,,15,divvy_fb1903ca09983d4d,station,2020-01-01 02:18:42,name_and_short_name_within_150m,matched
city,a3a3c696-a135-11e9-9cda-0a87ae2ba916,CHI02023,Sheffield Ave & Kingsbury St,41.910522,-87.653106,True,In Service,,16,divvy_d899e81ccf255543,station,2013-06-27 20:22:00,name_and_short_name_within_150m,matched
city,a3a3cbac-a135-11e9-9cda-0a87ae2ba916,CHI00406,Aberdeen St & Jackson Blvd,41.87772613,-87.65478743,True,In Service,,23,divvy_f075409d101d984d,station,2013-06-28 08:03:00,name_and_short_name_within_150m,matched
city,a3a3d1b8-a135-11e9-9cda-0a87ae2ba916,CHI00322,May St & Taylor St,41.86938,-87.6555,True,In Service,,16,divvy_54700c1571135cef,station,2013-06-28 08:32:00,name_and_short_name_within_150m,matched
city,a3a3d6f0-a135-11e9-9cda-0a87ae2ba916,CHI00263,Orleans St & Elm St,41.902924,-87.637715,True,In Service,,15,divvy_95f93b98cba5ac2e,station,2013-06-28 20:54:00,name_and_short_name_within_150m,matched
city,a3a3dc37-a135-11e9-9cda-0a87ae2ba916,CHI00605,Fairbanks Ct & Grand Ave,41.8918473721,-87.6205801964,True,In Service,,15,divvy_f69dbb54f4f6512a,station,2013-06-27 19:52:00,name_and_short_name_within_150m,matched
city,a3a3e158-a135-11e9-9cda-0a87ae2ba916,CHI01751,Michigan Ave & Pearson St,41.89766,-87.62351,True,In Service,,23,divvy_403793e9fe82ed5c,station,2013-06-28 07:21:00,name_and_short_name_within_150m,matched
city,a3a3e67b-a135-11e9-9cda-0a87ae2ba916,CHI00279,New St & Illinois St,41.8908470406,-87.6186168194,True,In Service,,31,divvy_549d0b8800ddce1a,station,2020-10-18 15:45:54,name_and_short_name_within_150m,matched
city,a3a3eb9a-a135-11e9-9cda-0a87ae2ba916,CHI00297,Larrabee St & North Ave,41.91021,-87.6435,True,In Service,,20,divvy_149b1e8769ae3b80,station,2013-06-27 23:15:00,name_and_short_name_within_150m,matched
city,a3a3f0c6-a135-11e9-9cda-0a87ae2ba916,CHI00262,Larrabee St & Menomonee St,41.91468,-87.64332,True,In Service,,15,divvy_60921d72b8fdcfd4,station,2013-06-27 12:15:00,name_and_short_name_within_150m,matched
city,a3a3f5e9-a135-11e9-9cda-0a87ae2ba916,CHI00457,Noble St & Milwaukee Ave,41.9007,-87.662607,True,In Service,,15,divvy_2b325a70a5fd923f,station,2013-06-27 21:51:00,name_and_short_name_within_150m,matched
city,a3a3fb5d-a135-11e9-9cda-0a87ae2ba916,CHI02012,Ashland Ave & Augusta Blvd,41.89962,-87.66841,True,In Service,,15,divvy_53d4d0497ddd2f5a,station,2013-06-27 23:26:00,name_and_short_name_within_150m,matched
city,a3a40088-a135-11e9-9cda-0a87ae2ba916,CHI01745,Franklin St & Chicago Ave,41.89679,-87.63564,True,In Service,,24,divvy_c2d5d64022d5faba,station,2013-06-27 20:50:00,name_and_short_name_within_150m,matched
city,a3a405a1-a135-11e9-9cda-0a87ae2ba916,CHI00265,Racine Ave & Congress Pkwy,41.87464,-87.65703,True,In Service,,19,divvy_41892d32b9d38f2f,station,2013-06-27 14:44:00,name_and_short_name_within_150m,matched
city,a3a40ad8-a135-11e9-9cda-0a87ae2ba916,CHI00246,State St & Van Buren St,41.877181,-87.627844,True,In Service,,27,divvy_9090ad272531d11b,station,2013-06-28 14:53:00,name_and_short_name_within_150m,matched
city,a3a41004-a135-11e9-9cda-0a87ae2ba916,CHI00314,Cannon Dr & Fullerton Ave,41.9267559875,-87.6344287848,True,In Service,,15,divvy_3657b024be86aca6,station,2013-06-27 16:01:00,name_and_short_name_within_150m,matched
city,a3a41526-a135-11e9-9cda-0a87ae2ba916,CHI01747,Navy Pier,41.892278,-87.612043,True,In Service,,71,divvy_1367bd1e624286c1,station,2016-01-01 00:26:00,name_and_short_name_within_150m,matched
city,a3a41af5-a135-11e9-9cda-0a87ae2ba916,CHI02050,Franklin St & Jackson Blvd,41.8777079559,-87.6353211408,True,In Service,,39,divvy_20f0b12ede6f7e80,station,2013-06-27 18:21:00,name_and_short_name_within_150m,matched
city,a3a4203a-a135-11e9-9cda-0a87ae2ba916,CHI00438,Dearborn St & Adams St 1,41.8793563587,-87.6297910363,True,In Service,,30,divvy_d5d3f97a2752403e,station,2013-06-27 18:45:00,name_and_short_name_within_150m,matched
city,a3a42574-a135-11e9-9cda-0a87ae2ba916,CHI00761,Clark St & Lake St,41.8860208277,-87.6308760584,True,In Service,,24,divvy_18e7fd555e2ebd1e,station,2015-04-18 13:00:00,name_and_short_name_within_150m,matched
city,a3a42a93-a135-11e9-9cda-0a87ae2ba916,CHI00786,Wabash Ave & Adams St,41.8794723523,-87.6256886059,True,In Service,,23,divvy_6dab28ee3c8a97a4,station,2015-04-18 18:47:00,name_and_short_name_within_150m,matched
city,a3a42fa7-a135-11e9-9cda-0a87ae2ba916,CHI00451,LaSalle St & Adams St,41.8793443735,-87.6319852213,True,In Service,,15,divvy_38154902f22affb9,station,2015-04-26 12:29:00,name_and_short_name_within_150m,matched
city,a3a434ce-a135-11e9-9cda-0a87ae2ba916,CHI01775,Federal St & Polk St,41.8720776329,-87.6295437729,True,In Service,,30,divvy_acc25fa689adcff2,station,2015-04-25 19:11:00,name_and_short_name_within_150m,matched
city,a3a43a25-a135-11e9-9cda-0a87ae2ba916,CHI00621,Wabash Ave & Cermak Rd,41.852619,-87.626488,True,In Service,,11,divvy_067fa29bf7e9ecc2,station,2013-06-27 16:34:00,name_and_short_name_within_150m,matched
city,a3a43f48-a135-11e9-9cda-0a87ae2ba916,CHI01677,Michigan Ave & Washington St,41.8839840647,-87.6246839762,True,In Service,,43,divvy_7bba43a396e87046,station,2013-06-28 15:49:00,name_and_short_name_within_150m,matched
city,a3a44476-a135-11e9-9cda-0a87ae2ba916,CHI00251,State St & Randolph St,41.8846210726,-87.6278342307,True,In Service,,23,divvy_a74f078c3eff76c0,station,2013-06-27 18:57:00,name_and_short_name_within_150m,matched
city,a3a4499f-a135-11e9-9cda-0a87ae2ba916,CHI00250,Michigan Ave & Ida B Wells Dr,41.876203,-87.624464,True,In Service,,15,divvy_456c7ed952001441,station,2013-06-27 13:00:00,name_and_short_name_within_150m,matched
city,a3a44ec7-a135-11e9-9cda-0a87ae2ba916,CHI00260,Wells St & Walton St,41.89993001,-87.63443007,True,In Service,,19,divvy_e12476d9565963de,station,2013-06-27 20:50:00,name_and_short_name_within_150m,matched
city,a3a453fa-a135-11e9-9cda-0a87ae2ba916,CHI00288,State St & Kinzie St,41.8893754666,-87.6270765066,True,In Service,,23,divvy_1248c1fb3c41e0e4,station,2013-06-28 16:27:00,name_and_short_name_within_150m,matched
city,a3a4591a-a135-11e9-9cda-0a87ae2ba916,CHI00245,Larrabee St & Kingsbury St 1,41.897764,-87.642884,True,In Service,,43,divvy_b5bcf9f700e39d00,station,2013-06-27 09:46:00,name_and_short_name_within_150m,matched
city,a3a45e3b-a135-11e9-9cda-0a87ae2ba916,CHI00405,Dearborn St & Madison St,41.88206,-87.62964,True,In Service,,19,divvy_c8467edf8d293576,station,2025-11-22 10:27:33.208000,name_and_short_name_within_150m,matched
city,a3a46361-a135-11e9-9cda-0a87ae2ba916,CHI00216,Clark St & Ida B Wells Dr,41.8759326655,-87.6305845355,True,In Service,,35,divvy_9cacbb3a476daf5d,station,2013-06-28 08:25:00,name_and_short_name_within_150m,matched
city,a3a46896-a135-11e9-9cda-0a87ae2ba916,CHI00266,Wells St & Randolph St,41.884295,-87.633963,True,In Service,,42,divvy_4122e4cfa1f10c23,station,2024-01-25 08:13:57,name_and_short_name_within_150m,matched
city,a3a46e71-a135-11e9-9cda-0a87ae2ba916,CHI00553,Michigan Ave & Lake St,41.886022,-87.624398,True,In Service,,35,divvy_7db0a773b6b2c101,station,2013-06-27 19:42:00,name_and_short_name_within_150m,matched
city,a3a478c9-a135-11e9-9cda-0a87ae2ba916,CHI00275,Ogden Ave & Chicago Ave,41.896362458,-87.6540612729,True,In Service,,19,divvy_8813304f91f53ada,station,2013-06-27 19:34:00,name_and_short_name_within_150m,matched
city,a3a47dde-a135-11e9-9cda-0a87ae2ba916,CHI00364,Halsted St & Roosevelt Rd,41.867324,-87.648625,True,In Service,,23,divvy_064765d877f527e2,station,2015-07-01 00:33:00,name_and_short_name_within_150m,matched
city,a3a482fb-a135-11e9-9cda-0a87ae2ba916,CHI00517,Desplaines St & Kinzie St,41.888716036,-87.6444478533,True,In Service,,27,divvy_cfde2e226767d6e9,station,2013-06-28 13:48:00,name_and_short_name_within_150m,matched
city,a3a4881d-a135-11e9-9cda-0a87ae2ba916,CHI00497,Clinton St & Roosevelt Rd,41.8671177825,-87.6410879593,True,In Service,,15,divvy_e6ae2a0070e6432d,station,2013-06-28 14:28:00,name_and_short_name_within_150m,matched
city,a3a48d5c-a135-11e9-9cda-0a87ae2ba916,CHI00259,Elston Ave & Cortland St,41.9164334291,-87.6667463779,True,In Service,,23,divvy_bd4388da2ce7918a,station,2021-05-23 14:50:25,name_and_short_name_within_150m,matched
city,a3a49288-a135-11e9-9cda-0a87ae2ba916,CHI00524,Wabash Ave & Roosevelt Rd,41.867227,-87.625961,True,In Service,,23,divvy_71a866c0525c5ece,station,2013-06-27 20:05:00,name_and_short_name_within_150m,matched
city,a3a497b6-a135-11e9-9cda-0a87ae2ba916,CHI00240,Dayton St & North Ave,41.9105780349,-87.6494219288,True,In Service,,19,divvy_1991489596f60c45,station,2013-06-27 21:41:00,name_and_short_name_within_150m,matched
city,a3a49cd7-a135-11e9-9cda-0a87ae2ba916,CHI00329,Wood St & Beach Ave,41.907655,-87.672552,True,In Service,,27,divvy_2aa272152732acce,station,2013-06-27 14:38:00,name_and_short_name_within_150m,matched
city,a3a4a202-a135-11e9-9cda-0a87ae2ba916,CHI00607,McCormick Place,41.8513751729,-87.6188346489,True,In Service,,27,divvy_040a87f46d79ffb8,station,2013-06-28 10:12:00,name_and_short_name_within_150m,matched
city,a3a4a71e-a135-11e9-9cda-0a87ae2ba916,CHI01746,Clinton St & Lake St,41.885637,-87.641823,True,In Service,,23,divvy_2eb591716bf1ab82,station,2013-06-28 07:30:00,name_and_short_name_within_150m,matched
city,a3a4ac3f-a135-11e9-9cda-0a87ae2ba916,CHI00225,Sheffield Ave & Fullerton Ave,41.9256163,-87.6536574,True,In Service,,28,divvy_0b3ce68bfeb47274,station,2013-06-27 19:35:00,name_and_short_name_within_150m,matched
city,a3a4b164-a135-11e9-9cda-0a87ae2ba916,CHI01542,Clinton St & Tilden St,41.875885,-87.640795,True,In Service,,27,divvy_900a7d174e9738dd,station,2013-06-27 14:56:00,name_and_short_name_within_150m,matched
city,a3a4b693-a135-11e9-9cda-0a87ae2ba916,CHI00254,Damen Ave & Wicker Park Ave,41.9088152,-87.6771937,True,In Service,,23,divvy_89718c7236502242,station,2025-06-25 11:57:36.707000,name_and_short_name_within_150m,matched
city,a3a4bbba-a135-11e9-9cda-0a87ae2ba916,CHI00242,Sangamon St & Lake St,41.8857792524,-87.6510246098,True,In Service,,24,divvy_ba26d88be8f3ca61,station,2022-07-27 15:55:59,name_and_short_name_within_150m,matched
city,a3a4c0df-a135-11e9-9cda-0a87ae2ba916,CHI00604,Wabash Ave & 16th St,41.860384,-87.625813,True,In Service,,39,divvy_c35ae2df37bca88e,station,2016-01-01 16:22:00,name_and_short_name_within_150m,matched
city,a3a4c618-a135-11e9-9cda-0a87ae2ba916,CHI00513,Jefferson St & Monroe St,41.8803296336,-87.6427459717,True,In Service,,19,divvy_a1f52ac3fe79f748,station,2013-06-28 00:04:00,name_and_short_name_within_150m,matched
city,a3a4cb42-a135-11e9-9cda-0a87ae2ba916,CHI02028,Kingsbury St & Erie St,41.8939139,-87.6417358,True,In Service,,23,divvy_84c828028dbaf247,station,2013-06-27 20:57:00,name_and_short_name_within_150m,matched
city,a3a4d069-a135-11e9-9cda-0a87ae2ba916,CHI00521,Canal St & Jackson Blvd,41.878125,-87.639968,True,Not In Service,,31,divvy_d981e52743e64fd6,station,2013-06-27 19:06:00,name_and_short_name_within_150m,matched
city,a3a4d588-a135-11e9-9cda-0a87ae2ba916,CHI00374,DuSable Lake Shore Dr & Monroe St,41.880958,-87.616743,True,In Service,,39,divvy_397b577c20a7a51d,station,2013-06-27 19:03:00,name_and_short_name_within_150m,matched
city,a3a4daa1-a135-11e9-9cda-0a87ae2ba916,CHI00233,Clinton St & Madison St,41.88166,-87.64115,True,In Service,,27,divvy_741fc8f6f8067f48,station,2013-06-27 21:15:00,name_and_short_name_within_150m,matched
city,a3a4e4e3-a135-11e9-9cda-0a87ae2ba916,CHI00321,Aberdeen St & Monroe St,41.88014,-87.6547,True,In Service,,19,divvy_ab0652e75584cf5d,station,2016-01-01 12:01:00,name_and_short_name_within_150m,matched
city,a3a4ea00-a135-11e9-9cda-0a87ae2ba916,CHI00253,Daley Center Plaza,41.884241,-87.629634,True,In Service,,60,divvy_6cc9f16417d36aae,station,2013-06-27 18:32:00,name_and_short_name_within_150m,matched
city,a3a4ef26-a135-11e9-9cda-0a87ae2ba916,CHI01750,Milwaukee Ave & Grand Ave,41.891578,-87.648384,True,In Service,,19,divvy_63bdfa6649a5fd7a,station,2013-06-28 12:09:00,name_and_short_name_within_150m,matched
city,a3a4f46b-a135-11e9-9cda-0a87ae2ba916,CHI00252,Michigan Ave & Oak St,41.90096039,-87.62377664,True,In Service,,23,divvy_85c37b553fa02aef,station,2013-06-27 12:06:00,name_and_short_name_within_150m,matched
city,a3a4f993-a135-11e9-9cda-0a87ae2ba916,CHI00349,Eckhart Park,41.89637337,-87.66098386,True,In Service,,19,divvy_ea8710d129174661,station,2013-06-28 20:55:00,name_and_short_name_within_150m,matched
city,a3a4fec3-a135-11e9-9cda-0a87ae2ba916,CHI00273,Racine Ave & Fullerton Ave,41.925566,-87.658416,True,In Service,,19,divvy_f822e2da6fa715b1,station,2013-06-28 19:00:00,name_and_short_name_within_150m,matched
city,a3a503e5-a135-11e9-9cda-0a87ae2ba916,CHI00320,Racine Ave & Randolph St,41.8840812248,-87.6569207293,True,In Service,,19,divvy_2b37839001ebb0bc,station,2017-01-01 01:31:24,name_and_short_name_within_150m,matched
city,a3a50991-a135-11e9-9cda-0a87ae2ba916,CHI00781,Financial Pl & Ida B Wells Dr,41.875023628,-87.6330940425,True,In Service,,31,divvy_c8ef4f298f75dee7,station,2015-05-08 11:42:00,name_and_short_name_within_150m,matched
city,a3a50ec8-a135-11e9-9cda-0a87ae2ba916,CHI01742,Millennium Park,41.8810317,-87.62408432,True,In Service,,47,divvy_1d2fd02d528e3f7e,station,2013-06-27 13:03:00,name_and_short_name_within_150m,matched
city,a3a513e9-a135-11e9-9cda-0a87ae2ba916,CHI00509,Clinton St & Washington Blvd,41.88281,-87.6412,True,In Service,,27,divvy_a52492774ef17650,station,2013-06-27 01:06:00,name_and_short_name_within_150m,matched
city,a3a51934-a135-11e9-9cda-0a87ae2ba916,CHI00286,Carpenter St & Huron St,41.894556,-87.653449,True,In Service,,20,divvy_8dddda0005866ac6,station,2013-06-29 15:54:00,name_and_short_name_within_150m,matched
city,a3a51e6e-a135-11e9-9cda-0a87ae2ba916,CHI00264,Sheffield Ave & Willow St,41.913688,-87.652855,True,In Service,,15,divvy_2916e11025545ee6,station,2013-06-28 17:37:00,name_and_short_name_within_150m,matched
city,a3a523a6-a135-11e9-9cda-0a87ae2ba916,CHI00474,Clark St & Armitage Ave,41.918306,-87.636282,True,In Service,,31,divvy_3711960801300c02,station,2014-01-01 00:17:00,name_and_short_name_within_150m,matched
city,a3a528d0-a135-11e9-9cda-0a87ae2ba916,CHI00557,Stony Island Ave & 64th St,41.778881,-87.586647,True,In Service,,11,divvy_f0e395a832c25a12,station,2015-05-08 11:01:00,name_and_short_name_within_150m,matched
city,a3a52df5-a135-11e9-9cda-0a87ae2ba916,CHI00370,Desplaines St & Randolph St,41.883703,-87.644238,True,In Service,,23,divvy_6115d98eff8635e3,station,2015-04-25 17:59:00,name_and_short_name_within_150m,matched
city,a3a53324-a135-11e9-9cda-0a87ae2ba916,CHI01749,Field Museum,41.865312,-87.617867,True,In Service,,55,divvy_36dc5cff1dd7b1a5,station,2013-06-28 14:57:00,name_and_short_name_within_150m,matched
city,a3a53843-a135-11e9-9cda-0a87ae2ba916,CHI01666,LaSalle St & Calhoun Pl,41.882664,-87.63253,True,In Service,,15,divvy_1a97b33437ee9f72,station,2025-08-18 15:49:38.441000,name_and_short_name_within_150m,matched
city,a3a53d70-a135-11e9-9cda-0a87ae2ba916,CHI00330,McClurg Ct & Ohio St,41.8925921197,-87.6172891259,True,In Service,,19,divvy_f17e81795ffae1b3,station,2021-12-13 19:51:03,name_and_short_name_within_150m,matched
city,a3a5428e-a135-11e9-9cda-0a87ae2ba916,CHI00367,Orleans St & Merchandise Mart Plaza,41.888243,-87.63639,True,In Service,,35,divvy_9371b60cc3596dcb,station,2013-07-17 07:56:00,name_and_short_name_within_150m,matched
city,a3a547b8-a135-11e9-9cda-0a87ae2ba916,CHI00315,63rd St Beach,41.7809109642,-87.5763237476,True,In Service,,15,divvy_ad8696f445159360,station,2015-04-21 15:57:00,name_and_short_name_within_150m,matched
city,a3a54cdb-a135-11e9-9cda-0a87ae2ba916,CHI00561,Stony Island Ave & 67th St,41.7734584995,-87.5853397391,True,Not In Service,,11,divvy_dd22033a4f2bcd46,station,2015-04-26 18:12:00,name_and_short_name_within_150m,matched
city,a3a555e8-a135-11e9-9cda-0a87ae2ba916,CHI00458,Clinton St & Polk St,41.8714665178,-87.6409491327,True,In Service,,15,divvy_3ba8c529e7adf276,station,2015-05-09 10:17:00,name_and_short_name_within_150m,matched
city,a3a55b3e-a135-11e9-9cda-0a87ae2ba916,CHI00271,State St & Pearson St,41.897448,-87.628722,True,In Service,,27,divvy_438839341cd3b5c8,station,2013-08-01 19:25:00,name_and_short_name_within_150m,matched
city,a3a56075-a135-11e9-9cda-0a87ae2ba916,CHI00518,Desplaines St & Jackson Blvd,41.8781189009,-87.6439476013,True,In Service,,28,divvy_3a2edd6a2da78535,station,2015-04-26 09:41:00,name_and_short_name_within_150m,matched
city,a3a565b1-a135-11e9-9cda-0a87ae2ba916,CHI00359,Halsted St & Polk St,41.87184,-87.64664,True,In Service,,19,divvy_1587644b9ebeb40c,station,2013-06-28 07:06:00,name_and_short_name_within_150m,matched
city,a3a56ae5-a135-11e9-9cda-0a87ae2ba916,CHI01748,900 W Harrison St,41.874754,-87.649807,True,In Service,,19,divvy_9ebff28566c5c14f,station,2013-08-06 17:13:00,name_and_short_name_within_150m,matched
city,a3a5700b-a135-11e9-9cda-0a87ae2ba916,CHI00295,Wells St & Ohio St,41.89281,-87.63421,True,In Service,,15,divvy_a3264aaf8b5c08ad,station,2013-07-30 10:26:00,name_and_short_name_within_150m,matched
city,a3a57527-a135-11e9-9cda-0a87ae2ba916,CHI00241,Sedgwick St & Huron St,41.894666,-87.638437,True,In Service,,27,divvy_2d309b643769d886,station,2013-08-01 20:27:00,name_and_short_name_within_150m,matched
city,a3a57a52-a135-11e9-9cda-0a87ae2ba916,CHI00379,Green St & Washington Blvd,41.883181306,-87.6487246156,True,In Service,,11,divvy_bad2f5e9ac5ab868,station,2022-07-27 16:40:22,name_and_short_name_within_150m,matched
city,a3a57f6b-a135-11e9-9cda-0a87ae2ba916,CHI00270,Sheridan Rd & Argyle St,41.9732868203,-87.6547595859,True,In Service,,15,divvy_57a273d561c456f0,station,2022-07-12 02:11:15,name_and_short_name_within_150m,matched
city,a3a58495-a135-11e9-9cda-0a87ae2ba916,CHI00310,Sheffield Ave & Waveland Ave,41.949399,-87.654529,True,In Service,,27,divvy_227843c2c3a44ac5,station,2016-10-01 00:38:26,name_and_short_name_within_150m,matched
city,a3a589b9-a135-11e9-9cda-0a87ae2ba916,CHI00274,Sheffield Ave & Wellington Ave,41.9362534831,-87.6526620984,True,In Service,,23,divvy_2cea71e22ca73949,station,2013-07-22 12:59:00,name_and_short_name_within_150m,matched
city,a3a58ee0-a135-11e9-9cda-0a87ae2ba916,CHI00282,Western Ave & Winnebago Ave,41.91552,-87.687022,True,In Service,,15,divvy_4608ae9454c9d678,station,2013-07-26 15:47:00,name_and_short_name_within_150m,matched
city,a3a593fc-a135-11e9-9cda-0a87ae2ba916,CHI00353,Wilton Ave & Belmont Ave,41.9402319181,-87.6529437304,True,In Service,,27,divvy_aeeca22bd101dd80,station,2013-08-02 17:37:00,name_and_short_name_within_150m,matched
city,a3a59915-a135-11e9-9cda-0a87ae2ba916,CHI00257,Sedgwick St & North Ave,41.910983,-87.638525,True,In Service,,16,divvy_1e53d355b1f9be6d,station,2013-08-01 16:00:00,name_and_short_name_within_150m,matched
city,a3a59ec3-a135-11e9-9cda-0a87ae2ba916,CHI00384,Ashland Ave & Lake St,41.88592,-87.66717,True,In Service,,19,divvy_9623848eee245de2,station,2013-07-28 15:33:00,name_and_short_name_within_150m,matched
city,a3a5a9d0-a135-11e9-9cda-0a87ae2ba916,CHI00520,Blackstone Ave & Hyde Park Blvd,41.802562,-87.590368,True,In Service,,19,divvy_54cad3323743c2d2,station,2013-06-29 13:03:00,name_and_short_name_within_150m,matched
city,a3a5af44-a135-11e9-9cda-0a87ae2ba916,CHI00305,Ogden Ave & Congress Pkwy,41.87501,-87.67328,True,In Service,,15,divvy_25736b9ada6a26af,station,2013-07-29 07:19:00,name_and_short_name_within_150m,matched
city,a3a5b496-a135-11e9-9cda-0a87ae2ba916,CHI00307,California Ave & Milwaukee Ave,41.922695,-87.697153,True,In Service,,16,divvy_1dabcd5e137dbe82,station,2013-07-16 14:03:00,name_and_short_name_within_150m,matched
city,a3a5b9d3-a135-11e9-9cda-0a87ae2ba916,CHI00267,Damen Ave & Cullerton St,41.8549665188,-87.6756995916,True,In Service,,15,divvy_eeec0e8b43f70f91,station,2013-07-24 13:00:00,name_and_short_name_within_150m,matched
city,a3a5bf01-a135-11e9-9cda-0a87ae2ba916,CHI00555,Rush St & Hubbard St,41.890173,-87.626185,True,In Service,,23,divvy_9a80997e4e79653f,station,2015-05-08 14:09:00,name_and_short_name_within_150m,matched
city,a3a5c440-a135-11e9-9cda-0a87ae2ba916,CHI00444,Clark St & North Ave,41.911974,-87.631942,True,In Service,,15,divvy_8dac1fb9055e52bd,station,2013-07-29 12:19:00,name_and_short_name_within_150m,matched
city,a3a5c96f-a135-11e9-9cda-0a87ae2ba916,CHI00494,Lincoln Ave & Fullerton Ave,41.9241610291,-87.6463803649,True,In Service,,16,divvy_3153924d452969dd,station,2021-11-01 00:07:46,name_and_short_name_within_150m,matched
city,a3a5ce97-a135-11e9-9cda-0a87ae2ba916,CHI00316,Damen Ave & Chicago Ave,41.8956873705,-87.6771350829,True,In Service,,20,divvy_f02853b40bed54ac,station,2013-08-03 19:09:00,name_and_short_name_within_150m,matched
city,a3a5d3bb-a135-11e9-9cda-0a87ae2ba916,CHI00443,Blue Island Ave & 18th St,41.857556,-87.661535,True,In Service,,15,divvy_e77d2eaddeccd664,station,2013-07-25 12:46:00,name_and_short_name_within_150m,matched
city,a3a5d8db-a135-11e9-9cda-0a87ae2ba916,CHI00318,Damen Ave & Division St,41.903266,-87.678435,True,In Service,,19,divvy_752785c1333953f2,station,2013-07-26 22:56:00,name_and_short_name_within_150m,matched
city,a3a5de24-a135-11e9-9cda-0a87ae2ba916,CHI00477,Lincoln Ave & Melrose St,41.9406,-87.669435,True,In Service,,15,divvy_935f252d59c99361,station,2023-07-10 16:47:57,name_and_short_name_within_150m,matched
city,a3a5e353-a135-11e9-9cda-0a87ae2ba916,CHI00409,Wentworth Ave & 24th St,41.8500836935,-87.6321405172,True,In Service,,15,divvy_938c26e4166248f8,station,2013-09-05 18:56:00,name_and_short_name_within_150m,matched
city,a3a5eb69-a135-11e9-9cda-0a87ae2ba916,CHI00299,Kingsbury St & Kinzie St 1,41.88907,-87.63835,True,In Service,,27,divvy_36fc9a90766a8cb1,station,2015-04-25 12:39:00,name_and_short_name_within_150m,matched
city,a3a5f0b8-a135-11e9-9cda-0a87ae2ba916,CHI00402,Peoria St & Jackson Blvd,41.8776415963,-87.6496177912,True,In Service,,30,divvy_bf1d10326a9e746f,station,2013-07-23 15:05:00,name_and_short_name_within_150m,matched
city,a3a5f5e6-a135-11e9-9cda-0a87ae2ba916,CHI00323,Halsted St & 21st St,41.8537798107,-87.6466029882,True,In Service,,11,divvy_a60448a62e485191,station,2013-07-24 12:22:00,name_and_short_name_within_150m,matched
city,a3a5fb0d-a135-11e9-9cda-0a87ae2ba916,CHI00228,Racine Ave & 13th St,41.865054,-87.656959,True,In Service,,15,divvy_ab8f03780b639dd1,station,2013-08-01 10:15:00,name_and_short_name_within_150m,matched
city,a3a6002c-a135-11e9-9cda-0a87ae2ba916,CHI00261,Morgan Ave & 14th Pl,41.862378,-87.651062,True,In Service,,15,divvy_706880b523a2e6b6,station,2013-07-31 15:52:00,name_and_short_name_within_150m,matched
city,a3a6054c-a135-11e9-9cda-0a87ae2ba916,CHI00344,Clybourn Ave & Division St,41.904613,-87.640552,True,In Service,,15,divvy_3eca5c0d2377c617,station,2013-08-05 17:05:00,name_and_short_name_within_150m,matched
city,a3a60a65-a135-11e9-9cda-0a87ae2ba916,CHI00306,Dearborn Pkwy & Delaware Pl,41.898969,-87.629912,True,In Service,,30,divvy_3646f658f48b70ae,station,2013-08-01 17:39:00,name_and_short_name_within_150m,matched
city,a3a60f7e-a135-11e9-9cda-0a87ae2ba916,CHI00413,Clark St & Lincoln Ave,41.915689,-87.6346,True,In Service,,24,divvy_67e91c04d240e7a3,station,2013-06-30 20:35:00,name_and_short_name_within_150m,matched
city,a3a61a0b-a135-11e9-9cda-0a87ae2ba916,CHI00487,Sedgwick St & Webster Ave,41.922167,-87.638888,True,In Service,,24,divvy_fa4e1dbeb3fe7792,station,2013-08-03 12:41:00,name_and_short_name_within_150m,matched
city,a3a62025-a135-11e9-9cda-0a87ae2ba916,CHI00454,Larrabee St & Webster Ave,41.921822,-87.64414,True,In Service,,19,divvy_d5742347984aafa9,station,2013-08-02 19:01:00,name_and_short_name_within_150m,matched
city,a3a62566-a135-11e9-9cda-0a87ae2ba916,CHI00418,Mies van der Rohe Way & Chestnut St,41.8985866514,-87.6219152258,True,In Service,,19,divvy_15fd404119c4c633,station,2015-05-08 16:31:00,name_and_short_name_within_150m,matched
city,a3a62aad-a135-11e9-9cda-0a87ae2ba916,CHI00230,Loomis St & Jackson Blvd,41.877945,-87.662007,True,In Service,,19,divvy_7946da07e78ff5f3,station,2013-07-28 13:56:00,name_and_short_name_within_150m,matched
city,a3a62fc9-a135-11e9-9cda-0a87ae2ba916,CHI00237,Indiana Ave & 26th St,41.845687,-87.622481,True,In Service,,15,divvy_5d5c8dfca0f642b3,station,2013-07-24 15:43:00,name_and_short_name_within_150m,matched
city,a3a634dd-a135-11e9-9cda-0a87ae2ba916,CHI00223,State St & 33rd St,41.834734,-87.625813,True,In Service,,15,divvy_59703690c5d36fb1,station,2013-08-19 14:00:00,name_and_short_name_within_150m,matched
city,a3a639f5-a135-11e9-9cda-0a87ae2ba916,CHI00224,Calumet Ave & 33rd St,41.83472,-87.61797,True,In Service,,11,divvy_90412ef17cb14d9a,station,2013-06-28 09:59:00,name_and_short_name_within_150m,matched
city,a3a640d1-a135-11e9-9cda-0a87ae2ba916,CHI00222,Fort Dearborn Dr & 31st St,41.838556,-87.608218,True,In Service,,27,divvy_ea37f4aefb394a6c,station,2013-07-23 19:55:00,name_and_short_name_within_150m,matched
city,a3a64639-a135-11e9-9cda-0a87ae2ba916,CHI00285,Lincoln Ave & Diversey Pkwy,41.932225,-87.658617,True,In Service,,16,divvy_0940a48e3251f054,station,2013-07-29 19:43:00,name_and_short_name_within_150m,matched
city,a3a6c38e-a135-11e9-9cda-0a87ae2ba916,CHI00236,Southport Ave & Wellington Ave,41.9357746177,-87.6636001468,True,In Service,,19,divvy_80427b75dd52b04b,station,2013-07-25 17:19:00,name_and_short_name_within_150m,matched
city,a3a6c910-a135-11e9-9cda-0a87ae2ba916,CHI00335,Southport Ave & Belmont Ave,41.9394777504,-87.6637476683,True,In Service,,15,divvy_63ba11ec88c14f4b,station,2013-07-29 17:51:00,name_and_short_name_within_150m,matched
city,a3a6ce53-a135-11e9-9cda-0a87ae2ba916,CHI00377,Clark St & Wellington Ave,41.9364968219,-87.6475386582,True,In Service,,15,divvy_ad7576c2fcd40f11,station,2013-08-02 20:26:00,name_and_short_name_within_150m,matched
city,a3a6d371-a135-11e9-9cda-0a87ae2ba916,CHI00255,DuSable Lake Shore Dr & Wellington Ave,41.9366884495,-87.6368290186,True,In Service,,15,divvy_d18e86fc55a18cdd,station,2013-07-30 10:35:00,name_and_short_name_within_150m,matched
city,a3a6d884-a135-11e9-9cda-0a87ae2ba916,CHI00005,Milwaukee Ave & Wabansia Ave,41.912616,-87.681469,True,In Service,,24,divvy_ffc7be4986115d1a,station,2013-07-26 11:04:00,name_and_short_name_within_150m,matched
city,a3a6de38-a135-11e9-9cda-0a87ae2ba916,CHI00404,Claremont Ave & Hirsch St,41.907781,-87.685854,True,In Service,,11,divvy_e406b597370b481a,station,2013-07-16 14:21:00,name_and_short_name_within_150m,matched
city,a3a6e359-a135-11e9-9cda-0a87ae2ba916,CHI00341,Campbell Ave & North Ave,41.910535,-87.689556,True,In Service,,15,divvy_11823eb6f54b8583,station,2013-07-27 13:00:00,name_and_short_name_within_150m,matched
city,a3a6e866-a135-11e9-9cda-0a87ae2ba916,CHI00368,Rush St & Superior St,41.8957647456,-87.6259080327,True,In Service,,23,divvy_9c5411c3bc9f4feb,station,2015-05-09 12:45:00,name_and_short_name_within_150m,matched
city,a3a6ed98-a135-11e9-9cda-0a87ae2ba916,CHI00484,Damen Ave & Wellington Ave,41.93588,-87.67842,True,In Service,,15,divvy_d825b541dfd07e4d,station,2013-07-25 21:27:00,name_and_short_name_within_150m,matched
city,a3a6f2a2-a135-11e9-9cda-0a87ae2ba916,CHI00348,Damen Ave & Clybourn Ave,41.93221,-87.67859,True,In Service,,15,divvy_b8c7092a18c3d2c5,station,2014-07-01 07:24:00,name_and_short_name_within_150m,matched
city,a3a6f7a5-a135-11e9-9cda-0a87ae2ba916,CHI00376,Franklin St & Lake St,41.885837,-87.6355,True,In Service,,40,divvy_aaf1bf77437b45ca,station,2013-06-28 08:09:00,name_and_short_name_within_150m,matched
city,a3a6fcac-a135-11e9-9cda-0a87ae2ba916,CHI00301,Clark St & Grace St,41.95078,-87.659172,True,In Service,,23,divvy_779e36d7b6304dc4,station,2014-07-01 01:24:00,name_and_short_name_within_150m,matched
city,a3a701b8-a135-11e9-9cda-0a87ae2ba916,CHI00276,Ashland Ave & Wrightwood Ave,41.92883,-87.668507,True,In Service,,15,divvy_261f2aa12a69fab8,station,2013-06-28 07:32:00,name_and_short_name_within_150m,matched
city,a3a70bbd-a135-11e9-9cda-0a87ae2ba916,CHI00342,Michigan Ave & 14th St,41.864059,-87.623727,True,In Service,,19,divvy_4b67e6195e6bcbca,station,2013-08-03 15:33:00,name_and_short_name_within_150m,matched
city,a3a710c5-a135-11e9-9cda-0a87ae2ba916,CHI00489,Canal St & Harrison St,41.874255,-87.639573,True,In Service,,15,divvy_da5144e550761fee,station,2013-07-15 17:59:00,name_and_short_name_within_150m,matched
city,a3a715ce-a135-11e9-9cda-0a87ae2ba916,CHI00235,Clinton St & 18th St,41.85795,-87.640826,True,In Service,,16,divvy_796b9cae6a00ccaf,station,2013-07-23 13:44:00,name_and_short_name_within_150m,matched
city,a3a71b0a-a135-11e9-9cda-0a87ae2ba916,CHI00284,May St & Cullerton St,41.855136,-87.654127,True,In Service,,11,divvy_dad96e63e24aa1ec,station,2013-07-25 17:44:00,name_and_short_name_within_150m,matched
city,a3a72012-a135-11e9-9cda-0a87ae2ba916,CHI00537,Rush St & Cedar St,41.9023087012,-87.627690528,True,In Service,,16,divvy_562f8d226316d59b,station,2015-05-09 13:41:00,name_and_short_name_within_150m,matched
city,a3a7258b-a135-11e9-9cda-0a87ae2ba916,CHI00470,Mies van der Rohe Way & Chicago Ave,41.8969446264,-87.6217576861,True,In Service,,15,divvy_1929a78a5d9d4157,station,2013-08-01 11:00:00,name_and_short_name_within_150m,matched
city,a3a72aad-a135-11e9-9cda-0a87ae2ba916,CHI00498,Canal St & Madison St,41.882409,-87.639767,True,In Service,,43,divvy_f3adedb17150c1dd,station,2013-07-27 11:58:00,name_and_short_name_within_150m,matched
city,a3a72fc4-a135-11e9-9cda-0a87ae2ba916,CHI00606,Wells St & Polk St,41.8727315423,-87.6335164905,True,In Service,,19,divvy_6aa672e7e652c3ed,station,2013-08-03 16:52:00,name_and_short_name_within_150m,matched
city,a3a734ce-a135-11e9-9cda-0a87ae2ba916,CHI00281,Clark St & Elm St,41.90297,-87.6313,True,In Service,,39,divvy_ee60c9a59017c127,station,2013-08-01 14:48:00,name_and_short_name_within_150m,matched
city,a3a739e4-a135-11e9-9cda-0a87ae2ba916,CHI00420,Theater on the Lake,41.926277,-87.630834,True,In Service,,31,divvy_bb2d7582af742fe1,station,2013-08-13 13:41:00,name_and_short_name_within_150m,matched
city,a3a73ef1-a135-11e9-9cda-0a87ae2ba916,CHI00676,State St & 19th St,41.856575,-87.627568,True,In Service,,16,divvy_adbee37ca5f432a7,station,2013-07-21 11:25:00,name_and_short_name_within_150m,matched
city,a3a743ff-a135-11e9-9cda-0a87ae2ba916,CHI02040,MLK Jr Dr & Pershing Rd,41.8246,-87.61678,True,In Service,,15,divvy_c2311303414a7fa1,station,2020-01-02 13:20:17,name_and_short_name_within_150m,matched
city,a3a74947-a135-11e9-9cda-0a87ae2ba916,CHI00544,Ritchie Ct & Banks St,41.906866,-87.626217,True,In Service,,15,divvy_7c153c41ae8ca601,station,2015-05-09 14:29:00,name_and_short_name_within_150m,matched
city,a3a74e60-a135-11e9-9cda-0a87ae2ba916,CHI00358,LaSalle St & Illinois St,41.890762,-87.631697,True,In Service,,31,divvy_10f4d79b50cd8236,station,2013-06-29 13:21:00,name_and_short_name_within_150m,matched
city,a3a7537c-a135-11e9-9cda-0a87ae2ba916,CHI00540,Wells St & Elm St,41.903222,-87.634324,True,In Service,,23,divvy_87d3a44d383da6f0,station,2015-06-16 13:31:00,name_and_short_name_within_150m,matched
city,a3a75885-a135-11e9-9cda-0a87ae2ba916,CHI00296,Damen Ave & Thomas St (Augusta Blvd),41.901315,-87.677409,True,In Service,,15,divvy_4d48243dd7d948e6,station,2020-01-01 01:36:27,name_and_short_name_within_150m,matched
city,a3a75d8a-a135-11e9-9cda-0a87ae2ba916,CHI00343,State St & 35th St,41.831036314,-87.6267975569,True,Not In Service,,15,divvy_1cf96d1e844988ca,station,2013-08-05 17:11:00,name_and_short_name_within_150m,matched
city,a3a762a1-a135-11e9-9cda-0a87ae2ba916,CHI00412,Stave St & Armitage Ave,41.917741,-87.691392,True,In Service,,11,divvy_36935375dcb41982,station,2013-07-27 06:38:00,name_and_short_name_within_150m,matched
city,a3a767b1-a135-11e9-9cda-0a87ae2ba916,CHI00229,Ogden Ave & Race Ave,41.891795,-87.658751,True,In Service,,15,divvy_9e9f207da3c61e3f,station,2013-07-28 09:47:00,name_and_short_name_within_150m,matched
city,a3a76cb6-a135-11e9-9cda-0a87ae2ba916,CHI00232,Greenview Ave & Fullerton Ave,41.92533,-87.6658,True,In Service,,18,divvy_2c5db0e7d4439fda,station,2013-07-11 17:24:00,name_and_short_name_within_150m,matched
city,a3a771c2-a135-11e9-9cda-0a87ae2ba916,CHI00339,Southport Ave & Wrightwood Ave,41.928773,-87.663913,True,In Service,,16,divvy_e85c7bd199f42030,station,2013-06-27 19:38:00,name_and_short_name_within_150m,matched
city,a3a7775b-a135-11e9-9cda-0a87ae2ba916,CHI00398,Canal St & Monroe St,41.8829056,-87.6397409,True,In Service,,27,,,,,no_unambiguous_history_match
city,a3a77c8d-a135-11e9-9cda-0a87ae2ba916,CHI01743,Canal St & Adams St,41.879255,-87.639904,True,In Service,,47,divvy_4080b15bc261cc12,station,2013-07-04 09:20:00,name_and_short_name_within_150m,matched
city,a3a781a6-a135-11e9-9cda-0a87ae2ba916,CHI00231,State St & 29th St,41.8417,-87.62693,True,In Service,,11,divvy_94daec4afa51ced3,station,2013-08-23 16:52:00,name_and_short_name_within_150m,matched
city,a3a78bc0-a135-11e9-9cda-0a87ae2ba916,CHI00345,Columbus Dr & Randolph St,41.884728,-87.619521,True,In Service,,55,divvy_741d4f98caac5b7f,station,2013-06-29 12:37:00,name_and_short_name_within_150m,matched
city,a3a790cc-a135-11e9-9cda-0a87ae2ba916,CHI00483,Cityfront Plaza Dr & Pioneer Ct,41.890573,-87.622072,True,In Service,,31,divvy_ca6b6e3d737e131c,station,2014-07-01 04:47:00,name_and_short_name_within_150m,matched
city,a3a795d7-a135-11e9-9cda-0a87ae2ba916,CHI01915,Michigan Ave & Madison St,41.882134,-87.625125,True,In Service,,15,divvy_bf9e601f5cb95449,station,2013-08-10 16:19:00,name_and_short_name_within_150m,matched
city,a3a79adb-a135-11e9-9cda-0a87ae2ba916,CHI00347,Green St & Madison St,41.881859328,-87.6492637396,True,In Service,,27,divvy_3e0abecca9beca66,station,2016-01-01 02:52:00,name_and_short_name_within_150m,matched
city,a3a79fdc-a135-11e9-9cda-0a87ae2ba916,CHI00313,Wabash Ave & Grand Ave,41.891466,-87.626761,True,In Service,,42,divvy_5eee8f355b4dff30,station,2013-08-10 13:14:00,name_and_short_name_within_150m,matched
city,a3a7a4fc-a135-11e9-9cda-0a87ae2ba916,CHI00399,MLK Jr Dr & 47th St,41.809851,-87.616279,True,In Service,,11,divvy_1f9dc06fba624902,station,2013-08-14 23:00:00,name_and_short_name_within_150m,matched
city,a3a7aa0e-a135-11e9-9cda-0a87ae2ba916,CHI00256,Indiana Ave & 40th St,41.82168,-87.6216,True,In Service,,11,divvy_78e4486e9dc5ef91,station,2013-08-14 17:09:00,name_and_short_name_within_150m,matched
city,a3a7af11-a135-11e9-9cda-0a87ae2ba916,CHI00424,Halsted St & 18th St,41.8575056803,-87.6459914446,True,In Service,,16,divvy_2f8d6201d79282b2,station,2013-08-13 12:02:00,name_and_short_name_within_150m,matched
city,a3a7b41d-a135-11e9-9cda-0a87ae2ba916,CHI00308,Western Ave & 21st St,41.854109,-87.685838,True,In Service,,15,divvy_3b9078fec1c355f0,station,2013-08-16 08:04:00,name_and_short_name_within_150m,matched
city,a3a7b936-a135-11e9-9cda-0a87ae2ba916,CHI00346,Prairie Ave & Garfield Blvd,41.794853,-87.618691,True,In Service,,11,divvy_69b07549db73b3e5,station,2013-08-15 13:16:00,name_and_short_name_within_150m,matched
city,a3a7be40-a135-11e9-9cda-0a87ae2ba916,CHI00312,Paulina St & 18th St,41.857901,-87.668745,True,In Service,,15,divvy_f352fb5f1baa6be9,station,2013-08-13 14:48:00,name_and_short_name_within_150m,matched
city,a3a7c341-a135-11e9-9cda-0a87ae2ba916,CHI00426,Halsted St & Archer Ave,41.847203,-87.646795,True,In Service,,15,divvy_79c224396ad840ab,station,2013-08-15 07:25:00,name_and_short_name_within_150m,matched
city,a3a7c852-a135-11e9-9cda-0a87ae2ba916,CHI00373,Emerald Ave & 28th St,41.84358,-87.645368,True,In Service,,15,divvy_cbdc5ed2e13fe243,station,2013-08-15 20:17:00,name_and_short_name_within_150m,matched
city,a3a7cd56-a135-11e9-9cda-0a87ae2ba916,CHI00352,Laflin St & Cullerton St,41.8549145758,-87.6635599136,True,In Service,,15,divvy_ba599a760245ba96,station,2020-01-01 16:04:08,name_and_short_name_within_150m,matched
city,a3a7d279-a135-11e9-9cda-0a87ae2ba916,CHI00392,Normal Ave & Archer Ave,41.849527,-87.640591,True,In Service,,11,divvy_0a49ade1fd00a21b,station,2013-08-16 14:56:00,name_and_short_name_within_150m,matched
city,a3a7d782-a135-11e9-9cda-0a87ae2ba916,CHI00244,Paulina St & Division St,41.9035529,-87.6704292,True,In Service,,23,divvy_86ee26db0884059a,station,2025-08-31 19:46:59.939000,name_and_short_name_within_150m,matched
city,a3a7dc8c-a135-11e9-9cda-0a87ae2ba916,CHI01744,St. Clair St & Erie St 1,41.8944,-87.62286,True,In Service,,19,divvy_75442b80566237e8,station,2013-08-15 17:13:00,name_and_short_name_within_150m,matched
city,a3a7e19b-a135-11e9-9cda-0a87ae2ba916,CHI00332,Wells St & Hubbard St,41.889906,-87.634266,True,In Service,,42,divvy_0449069ed674df3e,station,2014-01-01 16:16:00,name_and_short_name_within_150m,matched
city,a3a7e69e-a135-11e9-9cda-0a87ae2ba916,CHI00428,Leavitt St & North Ave,41.91016,-87.68232,True,In Service,,23,divvy_dfdfd51c310043c8,station,2013-08-16 22:47:00,name_and_short_name_within_150m,matched
city,a3a7eba7-a135-11e9-9cda-0a87ae2ba916,CHI00417,Damen Ave & Ohio St,41.892394453,-87.676885128,True,Not In Service,,23,divvy_54744698119065b4,station,2013-08-16 16:44:00,name_and_short_name_within_150m,matched
city,a3a7f0ba-a135-11e9-9cda-0a87ae2ba916,CHI00317,Damen Ave & Madison St,41.88137,-87.67493,True,In Service,,15,divvy_fdc75a43602f2f9e,station,2013-08-15 20:28:00,name_and_short_name_within_150m,matched
city,a3a7f5ea-a135-11e9-9cda-0a87ae2ba916,CHI00340,California Ave & Division St,41.903029,-87.697474,True,In Service,,19,divvy_cd5bb8e69b3e5d8e,station,2013-08-16 15:43:00,name_and_short_name_within_150m,matched
city,a3a7faf7-a135-11e9-9cda-0a87ae2ba916,CHI00280,Elizabeth St & Fulton St,41.88672,-87.65957,True,In Service,,15,divvy_2f253beb7222675b,station,2022-09-24 17:06:25,name_and_short_name_within_150m,matched
city,a3a80009-a135-11e9-9cda-0a87ae2ba916,CHI00782,Wells St & 19th St,41.856802,-87.633879,True,In Service,,11,divvy_9fd5e7c78544e047,station,2013-08-23 13:47:00,name_and_short_name_within_150m,matched
city,a3a80512-a135-11e9-9cda-0a87ae2ba916,CHI00388,Damen Ave & Cortland St,41.915983,-87.677335,True,In Service,,19,divvy_250fd020e6ba8580,station,2013-08-20 14:05:00,name_and_short_name_within_150m,matched
city,a3a80a1e-a135-11e9-9cda-0a87ae2ba916,CHI00385,Clark St & Drummond Pl,41.931248,-87.644336,True,In Service,,23,divvy_4a47098f1f4578d5,station,2020-01-01 02:50:33,name_and_short_name_within_150m,matched
city,a3a80f32-a135-11e9-9cda-0a87ae2ba916,CHI00289,Milwaukee Ave & Rockwell St,41.92033,-87.69309,True,In Service,,19,divvy_1c4545bbd1ea4921,station,2013-08-22 23:13:00,name_and_short_name_within_150m,matched
city,a3a817dc-a135-11e9-9cda-0a87ae2ba916,CHI00421,Clifton Ave & Armitage Ave,41.918216,-87.656936,True,Not In Service,,15,divvy_2f0220900a5c2acc,station,2013-08-22 15:36:00,name_and_short_name_within_150m,matched
city,a3a81d33-a135-11e9-9cda-0a87ae2ba916,CHI00407,Halsted St & Willow St,41.913865,-87.648755,True,In Service,,19,divvy_883eda3d74673268,station,2013-08-01 16:24:00,name_and_short_name_within_150m,matched
city,a3a8224f-a135-11e9-9cda-0a87ae2ba916,CHI00291,Halsted St & Dickens Ave,41.919936,-87.64883,True,In Service,,20,divvy_bdb9d8cd7a40e46a,station,2013-08-19 15:30:00,name_and_short_name_within_150m,matched
city,a3a82c6c-a135-11e9-9cda-0a87ae2ba916,CHI00336,Southport Ave & Waveland Ave,41.948226,-87.6640712,True,In Service,,24,divvy_a09bb19bb133f172,station,2013-08-20 13:55:00,name_and_short_name_within_150m,matched
city,a3a83181-a135-11e9-9cda-0a87ae2ba916,CHI00516,Damen Ave & Melrose Ave,41.9406,-87.6785,True,In Service,,15,divvy_b9c09a456b3fb2c3,station,2013-08-20 16:43:00,name_and_short_name_within_150m,matched
city,a3a83698-a135-11e9-9cda-0a87ae2ba916,CHI00234,Southport Ave & Roscoe St,41.943739,-87.66402,True,In Service,,19,divvy_89fa8c360375437b,station,2013-08-02 21:34:00,name_and_short_name_within_150m,matched
city,a3a83ba1-a135-11e9-9cda-0a87ae2ba916,CHI00331,Wood St & Webster Ave,41.9210567299,-87.6727974415,True,In Service,,19,divvy_2434327a0aa880ff,station,2022-07-19 07:11:21,name_and_short_name_within_150m,matched
city,a3a840a6-a135-11e9-9cda-0a87ae2ba916,CHI00290,Sheridan Rd & Montrose Ave,41.96167,-87.65464,True,In Service,,32,divvy_b8f983b39cdc76db,station,2013-08-20 11:35:00,name_and_short_name_within_150m,matched
city,a3a845b0-a135-11e9-9cda-0a87ae2ba916,CHI00354,Pine Grove Ave & Waveland Ave,41.9494727409,-87.6464527845,True,In Service,,23,divvy_ce53c2c83aa1d3ec,station,2014-01-02 11:31:00,name_and_short_name_within_150m,matched
city,a3a84ab4-a135-11e9-9cda-0a87ae2ba916,CHI00439,Sangamon St & Washington Blvd,41.883165,-87.6511,True,In Service,,15,divvy_ee5af1bb0356395f,station,2013-08-02 17:37:00,name_and_short_name_within_150m,matched
city,a3a84fb8-a135-11e9-9cda-0a87ae2ba916,CHI00562,Clark St & Montrose Ave,41.961588,-87.666036,True,In Service,,19,divvy_d3bf70fca7566761,station,2013-08-21 17:30:00,name_and_short_name_within_150m,matched
city,a3a854bf-a135-11e9-9cda-0a87ae2ba916,CHI00303,Sedgwick St & Schiller St,41.907626,-87.638566,True,In Service,,15,divvy_0aeb149126fec5ef,station,2013-08-20 18:05:00,name_and_short_name_within_150m,matched
city,a3a859c4-a135-11e9-9cda-0a87ae2ba916,CHI00386,MLK Jr Dr & 29th St,41.842052,-87.617,True,In Service,,19,divvy_a81cff502e6de5ee,station,2013-08-20 18:00:00,name_and_short_name_within_150m,matched
city,a3a85eda-a135-11e9-9cda-0a87ae2ba916,CHI00357,Wolcott (Ravenswood) Ave & Montrose Ave,41.961406,-87.676169,True,In Service,,15,divvy_5b459643bf6eb25a,station,2020-01-01 01:17:21,name_and_short_name_within_150m,matched
city,a3a866a5-a135-11e9-9cda-0a87ae2ba916,CHI00435,Western Ave & Leland Ave,41.96572,-87.68844,True,In Service,,19,divvy_7c3e2055cbed8845,station,2013-08-21 17:12:00,name_and_short_name_within_150m,matched
city,a3a86c05-a135-11e9-9cda-0a87ae2ba916,CHI00304,Sheridan Rd & Irving Park Rd,41.954245,-87.654406,True,In Service,,31,divvy_2e22ce2ac60d932d,station,2013-08-13 10:43:00,name_and_short_name_within_150m,matched
city,a3a8711c-a135-11e9-9cda-0a87ae2ba916,CHI00372,Morgan St & Polk St,41.871737,-87.65103,True,In Service,,19,divvy_51643ecc428cda98,station,2013-08-22 15:41:00,name_and_short_name_within_150m,matched
city,a3a87631-a135-11e9-9cda-0a87ae2ba916,CHI00381,Damen Ave & Leland Ave,41.967081,-87.679076,True,In Service,,15,divvy_927f581493e6e7cf,station,2013-08-22 19:33:00,name_and_short_name_within_150m,matched
city,a3a87b3f-a135-11e9-9cda-0a87ae2ba916,CHI00425,Lincoln Ave & Sunnyside Ave,41.963004,-87.684781,True,In Service,,15,divvy_19be793d706dc823,station,2018-07-01 06:23:21,name_and_short_name_within_150m,matched
city,a3a8804b-a135-11e9-9cda-0a87ae2ba916,CHI00309,Ravenswood Ave & Irving Park Rd,41.95469,-87.67393,True,In Service,,19,divvy_b9348b549e3870b5,station,2013-06-29 06:26:00,name_and_short_name_within_150m,matched
city,a3a8855c-a135-11e9-9cda-0a87ae2ba916,CHI00395,Clarendon Ave & Junior Ter,41.961004,-87.649603,True,In Service,,27,divvy_c4b2355dfb399499,station,2013-08-26 14:58:00,name_and_short_name_within_150m,matched
city,a3a88a6d-a135-11e9-9cda-0a87ae2ba916,CHI00380,Ashland Ave & Belle Plaine Ave,41.95605,-87.66883,True,In Service,,15,divvy_1e3f6a57e65d2478,station,2013-08-26 16:00:00,name_and_short_name_within_150m,matched
city,a3a88f84-a135-11e9-9cda-0a87ae2ba916,CHI00394,Shore Dr & 55th St,41.795212,-87.580715,True,In Service,,19,divvy_9c48ccd93dc3b812,station,2013-08-23 16:20:00,name_and_short_name_within_150m,matched
city,a3a89488-a135-11e9-9cda-0a87ae2ba916,CHI00423,Woodlawn Ave & 55th St,41.795264,-87.596471,True,In Service,,19,divvy_92f1b0481b41db90,station,2013-08-23 16:14:00,name_and_short_name_within_150m,matched
city,a3a8999a-a135-11e9-9cda-0a87ae2ba916,CHI00427,Montrose Harbor,41.963982,-87.638181,True,In Service,,31,divvy_dda1b353f901b218,station,2013-06-28 13:54:00,name_and_short_name_within_150m,matched
city,a3a89ea8-a135-11e9-9cda-0a87ae2ba916,CHI00408,Ashland Ave & Wellington Ave,41.936083,-87.669807,True,In Service,,20,divvy_058d773680a2947a,station,2013-06-28 13:24:00,name_and_short_name_within_150m,matched
city,a3a9309d-a135-11e9-9cda-0a87ae2ba916,CHI00365,Clarendon Ave & Leland Ave,41.967968,-87.650001,True,In Service,,15,divvy_755360fe02c046bc,station,2013-06-27 19:10:00,name_and_short_name_within_150m,matched
city,a3a93622-a135-11e9-9cda-0a87ae2ba916,CHI00422,Greenwood Ave & 47th St,41.809835,-87.599383,True,In Service,,15,divvy_37deeae637171cdb,station,2013-06-28 11:05:00,name_and_short_name_within_150m,matched
city,a3a93b6d-a135-11e9-9cda-0a87ae2ba916,CHI00391,Winthrop Ave & Lawrence Ave,41.968812,-87.657659,True,In Service,,15,divvy_881cedb4b9d32fad,station,2013-09-05 21:23:00,name_and_short_name_within_150m,matched
city,a3a945c0-a135-11e9-9cda-0a87ae2ba916,CHI00450,Indiana Ave & Roosevelt Rd,41.867888,-87.623041,True,In Service,,39,divvy_ff031be077afbfe7,station,2013-06-28 00:50:00,name_and_short_name_within_150m,matched
city,a3a94bc8-a135-11e9-9cda-0a87ae2ba916,CHI00476,Broadway & Sheridan Rd,41.952833,-87.649993,True,In Service,,24,divvy_a2bd0170196655ec,station,2013-09-05 18:27:00,name_and_short_name_within_150m,matched
city,a3a95142-a135-11e9-9cda-0a87ae2ba916,CHI00446,Lincoln Ave & Waveland Ave,41.948797,-87.675278,True,In Service,,15,divvy_3ee9e396a8cdc55e,station,2013-09-09 18:14:00,name_and_short_name_within_150m,matched
city,a3a95669-a135-11e9-9cda-0a87ae2ba916,CHI00410,Logan Blvd & Elston Ave,41.929465,-87.684158,True,In Service,,27,divvy_c0a8161ecf9f3320,station,2013-09-09 16:36:00,name_and_short_name_within_150m,matched
city,a3a95b7a-a135-11e9-9cda-0a87ae2ba916,CHI00512,California Ave & Francis Pl,41.9184911537,-87.6974228024,True,In Service,,15,divvy_ed29384f261506e4,station,2013-09-03 10:51:00,name_and_short_name_within_150m,matched
city,a3a9607f-a135-11e9-9cda-0a87ae2ba916,CHI00378,Kedzie Ave & Milwaukee Ave,41.9297142,-87.7079884,True,In Service,,31,divvy_685c69f9938d7880,station,2013-09-17 14:59:00,name_and_short_name_within_150m,matched
city,a3a965b2-a135-11e9-9cda-0a87ae2ba916,CHI00283,Hermitage Ave & Polk St,41.871514,-87.669886,True,In Service,,16,divvy_f5af841a94745759,station,2013-09-05 15:26:00,name_and_short_name_within_150m,matched
city,a3a96aca-a135-11e9-9cda-0a87ae2ba916,CHI00415,Halsted St & 37th St,41.827059,-87.64572,True,In Service,,11,divvy_f49f7ee3667e4ddc,station,2013-06-28 14:36:00,name_and_short_name_within_150m,matched
city,a3a96fd5-a135-11e9-9cda-0a87ae2ba916,CHI00328,Rhodes Ave & 32nd St,41.836208,-87.613533,True,In Service,,11,divvy_5935d5c8977ec23d,station,2013-09-18 11:46:00,name_and_short_name_within_150m,matched
city,a3a97a01-a135-11e9-9cda-0a87ae2ba916,CHI00400,Cottage Grove Ave & Oakwood Blvd,41.822985,-87.6071,True,In Service,,15,divvy_333e8e39f87739b3,station,2013-09-18 12:12:00,name_and_short_name_within_150m,matched
city,a3a98429-a135-11e9-9cda-0a87ae2ba916,CHI00366,Lake Park Ave & 47th St,41.809443,-87.591875,True,In Service,,15,divvy_ffa50099e2413e0a,station,2013-09-17 15:27:00,name_and_short_name_within_150m,matched
city,a3a9892f-a135-11e9-9cda-0a87ae2ba916,CHI00525,DuSable Lake Shore Dr & North Blvd,41.911722,-87.626804,True,In Service,,39,divvy_c056add73abb74ea,station,2013-09-12 16:29:00,name_and_short_name_within_150m,matched
city,a3a98e37-a135-11e9-9cda-0a87ae2ba916,CHI00565,Stony Island Ave & 75th St,41.7586696704,-87.586882871,True,In Service,,11,divvy_faf848672e5cb8aa,station,2015-04-28 07:01:00,name_and_short_name_within_150m,matched
city,a3a99346-a135-11e9-9cda-0a87ae2ba916,CHI00445,Cottage Grove Ave & 43rd St,41.816499,-87.606582,True,In Service,,11,divvy_0a13bf93532ce7f2,station,2013-09-12 17:28:00,name_and_short_name_within_150m,matched
city,a3a9984a-a135-11e9-9cda-0a87ae2ba916,CHI00436,Indiana Ave & 31st St,41.838842,-87.621857,True,In Service,,11,divvy_48d467fb785ede5e,station,2013-09-13 08:36:00,name_and_short_name_within_150m,matched
city,a3a99d47-a135-11e9-9cda-0a87ae2ba916,CHI00243,Michigan Ave & 18th St,41.857926,-87.624336,True,In Service,,23,divvy_0f97e371f205f78d,station,2013-07-15 18:03:00,name_and_short_name_within_150m,matched
city,a3a9a24f-a135-11e9-9cda-0a87ae2ba916,CHI00434,Racine Ave & 15th St,41.861267,-87.656625,True,In Service,,15,divvy_af184d9f56455a58,station,2013-09-12 21:21:00,name_and_short_name_within_150m,matched
city,a3a9a778-a135-11e9-9cda-0a87ae2ba916,CHI00515,Ashland Ave & 13th St,41.865234,-87.666507,True,In Service,,15,divvy_9ff22fa6664f3532,station,2013-09-12 20:20:00,name_and_short_name_within_150m,matched
city,a3a9acc5-a135-11e9-9cda-0a87ae2ba916,CHI00268,California Ave & North Ave,41.910044,-87.697167,True,In Service,,11,divvy_fb734812be68e422,station,2013-09-12 18:03:00,name_and_short_name_within_150m,matched
city,a3a9b1d7-a135-11e9-9cda-0a87ae2ba916,CHI00362,Ashland Ave & Grand Ave,41.891072,-87.666611,True,In Service,,15,divvy_12b6f2841cca016c,station,2013-09-12 16:13:00,name_and_short_name_within_150m,matched
city,a3a9b6e9-a135-11e9-9cda-0a87ae2ba916,CHI00387,Wallace St & 35th St,41.8307070514,-87.641255334,True,In Service,,15,divvy_2b67a8035e44f977,station,2013-09-13 19:58:00,name_and_short_name_within_150m,matched
city,a3a9bbf0-a135-11e9-9cda-0a87ae2ba916,CHI00401,Halsted St & 35th St,41.830661,-87.647172,True,In Service,,15,divvy_0ea252da702edbf1,station,2013-06-28 10:04:00,name_and_short_name_within_150m,matched
city,a3a9c0f6-a135-11e9-9cda-0a87ae2ba916,CHI00431,Morgan St & 31st St,41.8378,-87.65114,True,In Service,,15,divvy_5ff2e6efe4e62f43,station,2013-09-13 22:26:00,name_and_short_name_within_150m,matched
city,a3a9c5f7-a135-11e9-9cda-0a87ae2ba916,CHI00325,Western Ave & 24th St,41.84847,-87.685109,True,In Service,,7,divvy_9691e0f79b720057,station,2013-09-13 14:55:00,name_and_short_name_within_150m,matched
city,a3a9cafa-a135-11e9-9cda-0a87ae2ba916,CHI00437,Halsted St & Maxwell St,41.864883,-87.647071,True,In Service,,15,divvy_41de7855982b91c1,station,2013-09-13 20:10:00,name_and_short_name_within_150m,matched
city,a3a9d00a-a135-11e9-9cda-0a87ae2ba916,CHI00447,LaSalle St & Jackson Blvd,41.878166,-87.631929,True,In Service,,35,divvy_7d1b3c00c75bbc0c,station,2013-09-14 13:11:00,name_and_short_name_within_150m,matched
city,a3a9d529-a135-11e9-9cda-0a87ae2ba916,CHI00452,Michigan Ave & Jackson Blvd,41.878556,-87.624146,True,In Service,,23,divvy_6c24e1d36f4e8bf9,station,2013-09-14 11:19:00,name_and_short_name_within_150m,matched
city,a3a9da3b-a135-11e9-9cda-0a87ae2ba916,CHI00499,Wood St & Hubbard St,41.889715,-87.671966,True,In Service,,19,divvy_221509ae188a5a02,station,2016-10-01 02:13:33,name_and_short_name_within_150m,matched
city,a3a9df3a-a135-11e9-9cda-0a87ae2ba916,CHI00453,Franklin St & Adams St,41.8794340914,-87.6355040073,True,In Service,,15,divvy_7ac1e5a05b78c27c,station,2019-07-01 04:15:59,name_and_short_name_within_150m,matched
city,a3a9e44a-a135-11e9-9cda-0a87ae2ba916,CHI00449,Franklin St & Monroe St,41.880317,-87.635185,True,In Service,,48,divvy_4f248d343c282c95,station,2015-07-01 05:48:00,name_and_short_name_within_150m,matched
city,a3a9ecff-a135-11e9-9cda-0a87ae2ba916,CHI00441,Larrabee St & Armitage Ave,41.918084,-87.643749,True,In Service,,15,divvy_3bed81c86cf1f573,station,2013-09-13 23:46:00,name_and_short_name_within_150m,matched
city,a3a9f256-a135-11e9-9cda-0a87ae2ba916,CHI00396,Wells St & Concord Ln,41.912133,-87.634656,True,In Service,,19,divvy_9ce8ac747f7fa501,station,2013-09-14 14:51:00,name_and_short_name_within_150m,matched
city,a3a9f76a-a135-11e9-9cda-0a87ae2ba916,CHI00442,Kedzie Ave & Palmer Ct,41.921525,-87.707322,True,In Service,,15,divvy_11628518a63c16d2,station,2013-10-09 18:06:00,name_and_short_name_within_150m,matched
city,a3a9fc75-a135-11e9-9cda-0a87ae2ba916,CHI00393,Wells St & Evergreen Ave,41.906724,-87.63483,True,In Service,,19,divvy_4b0aaa6183b1ec75,station,2013-09-05 14:25:00,name_and_short_name_within_150m,matched
city,a3aa017e-a135-11e9-9cda-0a87ae2ba916,CHI00433,Southport Ave & Clark St,41.957081,-87.664199,True,In Service,,11,divvy_5d2dfce58d36b956,station,2013-09-09 10:07:00,name_and_short_name_within_150m,matched
city,a3aa0699-a135-11e9-9cda-0a87ae2ba916,CHI00272,Broadway & Wilson Ave,41.965221,-87.658139,True,In Service,,23,divvy_0ca268041b2939bf,station,2013-09-18 12:49:00,name_and_short_name_within_150m,matched
city,a3aa0bb7-a135-11e9-9cda-0a87ae2ba916,CHI00414,Broadway & Berwyn Ave,41.978361,-87.659789,True,In Service,,15,divvy_6af4826365da8be0,station,2013-09-18 17:26:00,name_and_short_name_within_150m,matched
city,a3aa10ca-a135-11e9-9cda-0a87ae2ba916,CHI00311,Broadway & Argyle St,41.97423,-87.6597735,True,In Service,,19,divvy_f177758dc28aedf2,station,2013-09-18 23:54:00,name_and_short_name_within_150m,matched
city,a3aa1623-a135-11e9-9cda-0a87ae2ba916,CHI00239,Broadway & Belmont Ave,41.940106,-87.645451,True,In Service,,19,divvy_90f5a6fbe37b7c30,station,2013-09-13 19:01:00,name_and_short_name_within_150m,matched
city,a3aa1b5b-a135-11e9-9cda-0a87ae2ba916,CHI00463,Paulina St & Montrose Ave,41.961507,-87.671387,True,In Service,,15,divvy_3729b4be752555ab,station,2013-09-19 17:09:00,name_and_short_name_within_150m,matched
city,a3aa2078-a135-11e9-9cda-0a87ae2ba916,CHI00464,Lincoln Ave & Belle Plaine Ave,41.9560035508,-87.6801614463,True,In Service,,15,divvy_768efd0049a2ed17,station,2013-10-01 19:40:00,name_and_short_name_within_150m,matched
city,a3aa2abb-a135-11e9-9cda-0a87ae2ba916,CHI00390,Broadway & Barry Ave,41.937582316,-87.644097805,True,In Service,,19,divvy_b8cff87488c71eac,station,2013-06-27 14:40:00,name_and_short_name_within_150m,matched
city,a3aa2ff4-a135-11e9-9cda-0a87ae2ba916,CHI00462,Clark St & Schiller St,41.907993,-87.631501,True,In Service,,19,divvy_89e308a90cb4d4cb,station,2013-09-19 13:02:00,name_and_short_name_within_150m,matched
city,a3aa35a4-a135-11e9-9cda-0a87ae2ba916,CHI00465,Sheffield Ave & Wrightwood Ave,41.928712,-87.653833,True,In Service,,36,divvy_cbeb9f05621472c0,station,2013-09-20 15:26:00,name_and_short_name_within_150m,matched
city,a3aa3adf-a135-11e9-9cda-0a87ae2ba916,CHI00430,Broadway & Cornelia Ave,41.945529,-87.646439,True,In Service,,24,divvy_97a7b303527b7725,station,2013-09-19 18:03:00,name_and_short_name_within_150m,matched
city,a3aa4017-a135-11e9-9cda-0a87ae2ba916,CHI00496,Broadway & Waveland Ave,41.949074,-87.648636,True,In Service,,16,divvy_d1ac474ffc2acd49,station,2015-01-01 08:54:00,name_and_short_name_within_150m,matched
city,a3aa453c-a135-11e9-9cda-0a87ae2ba916,CHI00375,Western Ave & Division St,41.902893,-87.687275,True,In Service,,23,divvy_bafb6dad48975ff9,station,2013-06-30 13:14:00,name_and_short_name_within_150m,matched
city,a3aa4a58-a135-11e9-9cda-0a87ae2ba916,CHI00468,Sheridan Rd & Buena Ave,41.95848,-87.65507,True,In Service,,19,divvy_4c636f107894ed7b,station,2013-09-23 21:53:00,name_and_short_name_within_150m,matched
city,a3aa4f80-a135-11e9-9cda-0a87ae2ba916,CHI00466,Southport Ave & Clybourn Ave,41.9207449,-87.6636913,True,In Service,,16,divvy_0e1cc2fa312d2db5,station,2013-09-25 12:29:00,name_and_short_name_within_150m,matched
city,a3aa54a0-a135-11e9-9cda-0a87ae2ba916,CHI00475,Seeley Ave & Roscoe St,41.943403,-87.679618,True,In Service,,11,divvy_4848e0a02124dae2,station,2013-09-27 13:34:00,name_and_short_name_within_150m,matched
city,a3aa59bb-a135-11e9-9cda-0a87ae2ba916,CHI00467,Leavitt St & Armitage Ave,41.917805,-87.682437,True,In Service,,11,divvy_95fb62a1e685377e,station,2013-09-20 14:37:00,name_and_short_name_within_150m,matched
city,a3aa5ed1-a135-11e9-9cda-0a87ae2ba916,CHI00403,Damen Ave & Charleston St,41.920082,-87.677855,True,In Service,,11,divvy_0e9ce9b4986ba484,station,2013-06-29 17:29:00,name_and_short_name_within_150m,matched
city,a3aa640c-a135-11e9-9cda-0a87ae2ba916,CHI00472,Leavitt St & Argyle,41.97246,-87.68413,True,In Service,,11,divvy_b5b27340b763fa0c,station,2026-08-05 16:01:15.076000,name_and_short_name_within_150m,matched
city,a3aa692e-a135-11e9-9cda-0a87ae2ba916,CHI00455,Clarendon Ave & Gordon Ter,41.9578665242,-87.6495051384,True,In Service,,15,divvy_4ab1707a79326f36,station,2013-06-30 10:34:00,name_and_short_name_within_150m,matched
city,a3aa6e51-a135-11e9-9cda-0a87ae2ba916,CHI00469,Lakeview Ave & Fullerton Pkwy,41.925858,-87.638973,True,In Service,,19,divvy_e384012fff6b755c,station,2013-06-30 03:06:00,name_and_short_name_within_150m,matched
city,a3aa7373-a135-11e9-9cda-0a87ae2ba916,CHI00471,Ravenswood Ave & Berteau Ave,41.957921,-87.673567,True,In Service,,15,divvy_b57ead20d3d1ffeb,station,2013-07-29 15:12:00,name_and_short_name_within_150m,matched
city,a3aa7897-a135-11e9-9cda-0a87ae2ba916,CHI00500,Elston Ave & Wabansia Ave,41.912919,-87.664169,True,In Service,,23,divvy_2c3e07e4f9d44c85,station,2015-07-01 05:34:00,name_and_short_name_within_150m,matched
city,a3aa7db3-a135-11e9-9cda-0a87ae2ba916,CHI00459,Damen Ave & Sunnyside Ave,41.96325,-87.679258,True,In Service,,19,divvy_b8d7de542a4dcaf7,station,2013-09-25 18:33:00,name_and_short_name_within_150m,matched
city,a3aa82d0-a135-11e9-9cda-0a87ae2ba916,CHI00440,Wood St & Taylor St (Temp),41.8692652184,-87.6737308502,True,In Service,,23,divvy_f3bfadcfbda1d264,station,2020-09-01 04:17:11,name_and_short_name_within_150m,matched
city,a3aa8ca0-a135-11e9-9cda-0a87ae2ba916,CHI00481,Southport Ave & Irving Park Rd,41.954177,-87.664358,True,In Service,,15,divvy_fc9d2e3194410663,station,2013-09-22 10:52:00,name_and_short_name_within_150m,matched
city,a3aa91f4-a135-11e9-9cda-0a87ae2ba916,CHI00382,Southport Ave & Diversey Pkwy,41.93266,-87.66347,True,In Service,,15,divvy_eabfd69089a0c4b8,station,2026-02-01 14:06:51.891000,name_and_short_name_within_150m,matched
city,a3aa9732-a135-11e9-9cda-0a87ae2ba916,CHI00238,Loomis St & Lexington St,41.8722287322,-87.661363855,True,In Service,,20,divvy_655e9edc84ce7419,station,2013-06-27 15:54:00,name_and_short_name_within_150m,matched
city,a3aa9c65-a135-11e9-9cda-0a87ae2ba916,CHI00448,Wabash Ave & 9th St,41.870769,-87.625734,True,In Service,,19,divvy_2b4a61eb70e58b85,station,2017-07-01 01:57:23,name_and_short_name_within_150m,matched
city,a3aaa17b-a135-11e9-9cda-0a87ae2ba916,CHI00490,Kimbark Ave & 53rd St,41.7994549,-87.5947779,True,In Service,,19,divvy_a6dc80b6a6cbc722,station,2013-06-28 17:01:00,name_and_short_name_within_150m,matched
city,a3aaa68b-a135-11e9-9cda-0a87ae2ba916,CHI00492,Sheridan Rd & Lawrence Ave,41.969517,-87.654691,True,In Service,,19,divvy_175f55857f2a35c8,station,2013-09-23 16:31:00,name_and_short_name_within_150m,matched
city,a3aaaba2-a135-11e9-9cda-0a87ae2ba916,CHI00522,Stockton Dr & Wrightwood Ave,41.93132,-87.638742,True,In Service,,15,divvy_f165dd481fd59415,station,2013-10-03 18:07:00,name_and_short_name_within_150m,matched
city,a3aab0b6-a135-11e9-9cda-0a87ae2ba916,CHI00495,Clark St & Winnemac Ave,41.9733476405,-87.6678554714,True,In Service,,19,divvy_da870e0c92ebc3c6,station,2013-09-23 16:44:00,name_and_short_name_within_150m,matched
city,a3aab5c1-a135-11e9-9cda-0a87ae2ba916,CHI00461,Clark St & Leland Ave,41.9670878392,-87.6672908664,True,In Service,,19,divvy_b115d9af68ef93bb,station,2013-09-27 14:45:00,name_and_short_name_within_150m,matched
city,a3aabad8-a135-11e9-9cda-0a87ae2ba916,CHI00507,Sheffield Ave & Webster Ave,41.92154,-87.653818,True,In Service,,19,divvy_847920995cf49dd6,station,2013-09-25 12:07:00,name_and_short_name_within_150m,matched
city,a3aabfe3-a135-11e9-9cda-0a87ae2ba916,CHI00460,Ellis Ave & 58th St,41.788746,-87.601334,True,In Service,,19,divvy_7a711e07f512f544,station,2013-06-30 13:42:00,name_and_short_name_within_150m,matched
city,a3aac4f9-a135-11e9-9cda-0a87ae2ba916,CHI00493,DuSable Lake Shore Dr & Diversey Pkwy,41.932588,-87.636427,True,In Service,,23,divvy_70ad65fe13c34c96,station,2013-09-25 17:53:00,name_and_short_name_within_150m,matched
city,a3aaca0e-a135-11e9-9cda-0a87ae2ba916,CHI00478,Lincoln Ave & Addison St,41.946176,-87.673308,True,In Service,,19,divvy_5cb197a55168e32e,station,2013-06-30 18:15:00,name_and_short_name_within_150m,matched
city,a3aacf29-a135-11e9-9cda-0a87ae2ba916,CHI01161,Halsted St & Clybourn Ave,41.909668,-87.648128,True,In Service,,28,divvy_d99e25edf3178c55,station,2018-01-01 02:19:46,name_and_short_name_within_150m,matched
city,a3aad940-a135-11e9-9cda-0a87ae2ba916,CHI00333,Ashland Ave & Blackhawk St,41.907066,-87.667252,True,In Service,,7,divvy_2dac913bd7b55c85,station,2013-09-27 17:45:00,name_and_short_name_within_150m,matched
city,a3aade4c-a135-11e9-9cda-0a87ae2ba916,CHI00480,DuSable Lake Shore Dr & Belmont Ave,41.940775,-87.639192,True,In Service,,19,divvy_ea590fe7f437429a,station,2013-09-27 15:15:00,name_and_short_name_within_150m,matched
city,a3aae35a-a135-11e9-9cda-0a87ae2ba916,CHI00355,Calumet Ave & 35th St,41.831379,-87.618034,True,In Service,,15,divvy_b4fee402e3e2f457,station,2013-10-19 10:33:00,name_and_short_name_within_150m,matched
city,a3aae870-a135-11e9-9cda-0a87ae2ba916,CHI00488,Cottage Grove Ave & 49th St,41.806273,-87.606643,True,In Service,,15,divvy_4dacdddd0e7d8f82,station,2025-09-17 17:44:04.285000,name_and_short_name_within_150m,matched
city,a3aaed81-a135-11e9-9cda-0a87ae2ba916,CHI00351,Clark St & Chicago Ave,41.89675,-87.63089,True,In Service,,19,divvy_198e5375f845b36d,station,2013-09-27 18:39:00,name_and_short_name_within_150m,matched
city,a3aaf2ac-a135-11e9-9cda-0a87ae2ba916,CHI02039,Calumet Ave & 18th St,41.8576175529,-87.6194107533,True,In Service,,15,divvy_681aeb46544a158c,station,2013-09-08 09:15:00,name_and_short_name_within_150m,matched
city,a3aaf7bc-a135-11e9-9cda-0a87ae2ba916,CHI00486,Emerald Ave & 31st St,41.838198,-87.645143,True,In Service,,15,divvy_77ff0abfe90d48ff,station,2013-09-28 23:14:00,name_and_short_name_within_150m,matched
city,a3aafccb-a135-11e9-9cda-0a87ae2ba916,CHI00287,Clark St & Wrightwood Ave,41.929546,-87.643118,True,In Service,,15,divvy_bfe493902e2e8fc6,station,2013-06-27 19:23:00,name_and_short_name_within_150m,matched
city,a3ab812d-a135-11e9-9cda-0a87ae2ba916,CHI00360,Adler Planetarium,41.866095,-87.607267,True,In Service,,39,divvy_7c83640aadebbb4f,station,2013-06-28 09:49:00,name_and_short_name_within_150m,matched
city,a3ab86b6-a135-11e9-9cda-0a87ae2ba916,CHI00501,Wolcott Ave & Polk St,41.871262,-87.673688,True,In Service,,23,divvy_3e6519bbf136dc9f,station,2013-08-26 16:10:00,name_and_short_name_within_150m,matched
city,a3ab8bee-a135-11e9-9cda-0a87ae2ba916,CHI00506,Racine Ave & Wrightwood Ave,41.928887,-87.658971,True,In Service,,15,divvy_ff3e6186907068e8,station,2013-10-25 11:02:00,name_and_short_name_within_150m,matched
city,a3ab9119-a135-11e9-9cda-0a87ae2ba916,CHI00508,Ravenswood Ave & Lawrence Ave,41.968445,-87.674226,True,In Service,,47,divvy_f0a8a1e0969a1c29,station,2014-07-01 03:58:00,name_and_short_name_within_150m,matched
city,a3ac0fff-a135-11e9-9cda-0a87ae2ba916,CHI00511,Stony Island Ave & 57th St,41.79161,-87.58748,True,In Service,,19,divvy_5d390a9865a09892,station,2025-02-01 08:59:13.842000,name_and_short_name_within_150m,matched
city,a3ac1607-a135-11e9-9cda-0a87ae2ba916,CHI00278,Ada St & Washington Blvd,41.88283,-87.661206,True,In Service,,15,divvy_50040c5900e121b2,station,2013-10-10 16:09:00,name_and_short_name_within_150m,matched
city,a3ac1bc9-a135-11e9-9cda-0a87ae2ba916,CHI00503,Ashland Ave & Grace St,41.95068,-87.6687,True,In Service,,7,divvy_d0bee424dc0f5785,station,2013-07-31 17:38:00,name_and_short_name_within_150m,matched
city,a3ac213b-a135-11e9-9cda-0a87ae2ba916,CHI00397,California Ave & 21st St,41.8537957935,-87.6958228648,True,In Service,,15,divvy_a0cb8c37372c1f95,station,2013-06-27 23:37:00,name_and_short_name_within_150m,matched
city,a3ac2671-a135-11e9-9cda-0a87ae2ba916,CHI00504,Halsted St & Wrightwood Ave,41.929143,-87.649077,True,In Service,,15,divvy_d38073c8048f0c4b,station,2013-06-27 15:05:00,name_and_short_name_within_150m,matched
city,a3ac2b9c-a135-11e9-9cda-0a87ae2ba916,CHI00338,Ashland Ave & Chicago Ave,41.8959543573,-87.6677280664,True,In Service,,15,divvy_e2e8ac1307365452,station,2013-06-27 23:39:00,name_and_short_name_within_150m,matched
city,a3ac30c5-a135-11e9-9cda-0a87ae2ba916,CHI00502,Cottage Grove Ave & 51st St,41.803038,-87.606615,True,In Service,,15,divvy_28c50662c42e8684,station,2013-06-28 11:39:00,name_and_short_name_within_150m,matched
city,a3ac35ed-a135-11e9-9cda-0a87ae2ba916,CHI00546,Jeffery Blvd & 67th St,41.7735175513,-87.5771428255,True,In Service,,11,divvy_821251c4d26ff69c,station,2015-04-28 09:47:00,name_and_short_name_within_150m,matched
city,a3ac3b03-a135-11e9-9cda-0a87ae2ba916,CHI00751,Clark St & Touhy Ave,42.0125601154,-87.6743671152,True,In Service,,15,divvy_d7fdcce2d68d5bdf,station,2015-05-18 20:27:00,name_and_short_name_within_150m,matched
city,a3ac4024-a135-11e9-9cda-0a87ae2ba916,CHI00371,Sheridan Rd & Greenleaf Ave,42.0105865628,-87.6624120948,True,In Service,,15,divvy_bbd29c3a73679044,station,2015-05-15 17:04:00,name_and_short_name_within_150m,matched
city,a3ac4548-a135-11e9-9cda-0a87ae2ba916,CHI00247,South Shore Dr & 67th St,41.773643,-87.567514,True,In Service,,15,divvy_4386fe4fbd0b8846,station,2015-04-26 17:29:00,name_and_short_name_within_150m,matched
city,a3ac4a7c-a135-11e9-9cda-0a87ae2ba916,CHI00549,Stony Island Ave & 71st St,41.7664929373,-87.5864608775,True,In Service,,11,divvy_e697cf405b567a29,station,2015-04-30 14:10:00,name_and_short_name_within_150m,matched
city,a3ac54af-a135-11e9-9cda-0a87ae2ba916,CHI00575,Larrabee St & Division St,41.90348607,-87.6433534936,True,In Service,,15,divvy_5daf8939d1a2c4fe,station,2015-05-02 14:01:00,name_and_short_name_within_150m,matched
city,a3ac6f28-a135-11e9-9cda-0a87ae2ba916,CHI00701,Larrabee St & Oak St,41.900381,-87.642002,True,In Service,,19,divvy_7fba2d7f8c2c1784,station,2015-05-02 16:40:00,name_and_short_name_within_150m,matched
city,a3ac7444-a135-11e9-9cda-0a87ae2ba916,CHI00632,North Branch St & Haines St,41.90056,-87.65079,True,In Service,,15,divvy_a925e88f62ede212,station,2026-03-01 11:01:08.121000,name_and_short_name_within_150m,matched
city,a3ac7978-a135-11e9-9cda-0a87ae2ba916,CHI00292,Loomis St & Archer Ave,41.8416325396,-87.6574349533,True,In Service,,11,divvy_34e259444d65a2d5,station,2015-04-14 14:37:00,name_and_short_name_within_150m,matched
city,a3ac7e9a-a135-11e9-9cda-0a87ae2ba916,CHI00456,Racine Ave & 35th St,41.8306885647,-87.6562106609,True,In Service,,15,divvy_442be4310558c33d,station,2015-04-14 19:56:00,name_and_short_name_within_150m,matched
city,a3ac88db-a135-11e9-9cda-0a87ae2ba916,CHI00326,Wood St & 35th St,41.8301046542,-87.6702983089,True,In Service,,11,divvy_37263a114c9353e3,station,2015-04-16 07:32:00,name_and_short_name_within_150m,matched
city,a3ac8dfb-a135-11e9-9cda-0a87ae2ba916,CHI00560,Calumet Ave & 21st St,41.8541842495,-87.6191537415,True,In Service,,15,divvy_7411f10f8348a21a,station,2015-05-01 16:53:00,name_and_short_name_within_150m,matched
city,a3ac9834-a135-11e9-9cda-0a87ae2ba916,CHI00657,Kedzie Ave & Chicago Ave,41.8954653031,-87.7061278837,True,In Service,,11,divvy_26e63821ed9cfcad,station,2015-05-02 12:56:00,name_and_short_name_within_150m,matched
city,a3ac9d43-a135-11e9-9cda-0a87ae2ba916,CHI00576,Western Ave & Walton St,41.8984176894,-87.6865960164,True,In Service,,23,divvy_f95143336f2125f8,station,2015-04-27 19:54:00,name_and_short_name_within_150m,matched
city,a3aca268-a135-11e9-9cda-0a87ae2ba916,CHI00597,Sacramento Blvd & Franklin Blvd,41.8904687924,-87.7026075125,True,In Service,,11,divvy_07f22ce63f088628,station,2020-01-01 14:31:36,name_and_short_name_within_150m,matched
city,a3aca790-a135-11e9-9cda-0a87ae2ba916,CHI00647,Artesian Ave & Hubbard St,41.8895,-87.688257,True,In Service,,28,divvy_29969b33b5e73f96,station,2015-04-27 17:48:00,name_and_short_name_within_150m,matched
city,a3acacbc-a135-11e9-9cda-0a87ae2ba916,CHI00528,Kedzie Ave & Lake St,41.884603285,-87.7063037436,True,In Service,,15,divvy_d97c34a4d1fd8261,station,2015-04-29 16:40:00,name_and_short_name_within_150m,matched
city,a3acb1de-a135-11e9-9cda-0a87ae2ba916,CHI00650,California Ave & Lake St,41.8844539566,-87.6962981368,True,In Service,,11,divvy_9456fc4cba0ca236,station,2015-04-27 23:09:00,name_and_short_name_within_150m,matched
city,a3acb6f3-a135-11e9-9cda-0a87ae2ba916,CHI00652,Western Ave & Monroe St,41.88142526,-87.6866316818,True,In Service,,15,divvy_c45d985cc1f093d0,station,2024-05-01 00:45:45,name_and_short_name_within_150m,matched
city,a3acbc0b-a135-11e9-9cda-0a87ae2ba916,CHI00653,Western Ave & Congress Pkwy,41.8747488508,-87.6864452757,True,In Service,,19,divvy_415cf57919bde731,station,2015-04-27 18:42:00,name_and_short_name_within_150m,matched
city,a3acc133-a135-11e9-9cda-0a87ae2ba916,CHI00627,Paulina St & Flournoy St,41.8730610879,-87.6691348851,True,In Service,,31,divvy_0800f22ada43fba0,station,2020-01-01 18:51:30,name_and_short_name_within_150m,matched
city,a3acc649-a135-11e9-9cda-0a87ae2ba916,CHI00756,Halsted St & 51st St,41.8018316405,-87.645213904,True,In Service,,11,divvy_6d2ce2c0faaff749,station,2015-04-15 19:47:00,name_and_short_name_within_150m,matched
city,a3accb60-a135-11e9-9cda-0a87ae2ba916,CHI00762,Princeton Ave & Garfield Blvd,41.794982,-87.633124,True,In Service,,11,divvy_55a7dd86aeac8d03,station,2015-04-28 16:12:00,name_and_short_name_within_150m,matched
city,a3acd078-a135-11e9-9cda-0a87ae2ba916,CHI00760,Halsted St & 56th St,41.792929646,-87.6449900565,True,In Service,,11,divvy_d697c16e88ab251e,station,2015-04-17 14:57:00,name_and_short_name_within_150m,matched
city,a3acd5b1-a135-11e9-9cda-0a87ae2ba916,CHI00249,Halsted St & 63rd St,41.7793811423,-87.6446208145,True,In Service,,11,divvy_16e6575244d7f0ef,station,2015-04-25 18:23:00,name_and_short_name_within_150m,matched
city,a3acdae2-a135-11e9-9cda-0a87ae2ba916,CHI00568,Wentworth Ave & 63rd St,41.7800796326,-87.6297463052,True,In Service,,11,divvy_c24c5adfc09d3180,station,2015-05-20 22:08:00,name_and_short_name_within_150m,matched
city,a3acdff9-a135-11e9-9cda-0a87ae2ba916,CHI00218,Halsted St & 69th St,41.7690617203,-87.6446135779,True,In Service,,11,divvy_e2584de39546886a,station,2015-05-01 21:53:00,name_and_short_name_within_150m,matched
city,a3ace51b-a135-11e9-9cda-0a87ae2ba916,CHI00554,Perry Ave & 69th St,41.7692930899,-87.6281959291,True,In Service,,11,divvy_b5e2bb5b89e121fd,station,2015-05-10 19:30:00,name_and_short_name_within_150m,matched
city,a3acea44-a135-11e9-9cda-0a87ae2ba916,CHI00293,Calumet Ave & 71st St,41.7655080058,-87.616917925,True,In Service,,11,divvy_e2c5fd64bef18092,station,2015-04-26 15:10:00,name_and_short_name_within_150m,matched
city,a3acef62-a135-11e9-9cda-0a87ae2ba916,CHI01776,Clark St & 9th St (AMLI),41.870816,-87.631246,True,In Service,,15,divvy_9990aabbebee9a72,station,2015-08-26 12:42:00,name_and_short_name_within_150m,matched
city,a3acf4eb-a135-11e9-9cda-0a87ae2ba916,CHI00547,Jeffery Blvd & 76th St,41.757120068,-87.5758393587,True,In Service,,11,divvy_ca6b363e8872f73a,station,2015-05-02 17:54:00,name_and_short_name_within_150m,matched
city,a3acfa38-a135-11e9-9cda-0a87ae2ba916,CHI00573,Yates Blvd & 75th St,41.758768,-87.56644,True,In Service,,11,divvy_abdf23f2caad7551,station,2015-05-12 16:40:00,name_and_short_name_within_150m,matched
city,a3ad09b2-a135-11e9-9cda-0a87ae2ba916,CHI00221,South Shore Dr & 74th St,41.7621889604,-87.55927465,True,In Service,,11,divvy_fc2752a22dbaaf20,station,2015-04-29 13:55:00,name_and_short_name_within_150m,matched
city,a3ad0ecb-a135-11e9-9cda-0a87ae2ba916,CHI02049,Cottage Grove Ave & 71st St,41.765719037,-87.604959713,True,In Service,,11,divvy_bdfbde9ef98c6ccc,station,2015-04-23 07:10:00,name_and_short_name_within_150m,matched
city,a3ad13e4-a135-11e9-9cda-0a87ae2ba916,CHI00514,Shields Ave & 28th Pl,41.842733,-87.635491,True,In Service,,11,divvy_4eae540d099acafd,station,2015-05-10 12:49:00,name_and_short_name_within_150m,matched
city,a3ad1900-a135-11e9-9cda-0a87ae2ba916,CHI00556,Shields Ave & 31st St,41.838464,-87.635406,True,In Service,,19,divvy_c3dc55a3bd96e18d,station,2015-07-01 01:13:00,name_and_short_name_within_150m,matched
city,a3ad1e12-a135-11e9-9cda-0a87ae2ba916,CHI00519,Wentworth Ave & 33rd St,41.8345298856,-87.6318229814,True,In Service,,15,divvy_e41fd7e369d459a2,station,2015-04-14 17:58:00,name_and_short_name_within_150m,matched
city,a3ad2322-a135-11e9-9cda-0a87ae2ba916,CHI02033,Wentworth Ave & 35th St,41.830777,-87.632504,True,In Service,,15,divvy_f1e45064fdff0dd3,station,2016-07-11 15:46:28,name_and_short_name_within_150m,matched
city,a3ad2843-a135-11e9-9cda-0a87ae2ba916,CHI02032,Lake Park Ave & 35th St,41.8312742355,-87.6087991946,True,In Service,,19,divvy_b7fdf8abad027a79,station,2015-04-17 11:15:00,name_and_short_name_within_150m,matched
city,a3ad2d57-a135-11e9-9cda-0a87ae2ba916,CHI00491,State St & Pershing Rd,41.823015238,-87.6265680185,True,In Service,,11,divvy_cb72628569d76ce2,station,2015-04-16 12:04:00,name_and_short_name_within_150m,matched
city,a3ad327e-a135-11e9-9cda-0a87ae2ba916,CHI00248,Union Ave & Root St,41.819102,-87.643278,True,In Service,,11,divvy_d8cba8b93c2e8164,station,2017-01-10 13:12:12,name_and_short_name_within_150m,matched
city,a3ad37c2-a135-11e9-9cda-0a87ae2ba916,CHI02047,Shields Ave & 43rd St,41.8162076786,-87.6348193497,True,In Service,,11,divvy_569425502d8b20d2,station,2015-04-17 18:27:00,name_and_short_name_within_150m,matched
city,a3ad3d08-a135-11e9-9cda-0a87ae2ba916,CHI00545,Prairie Ave & 43rd St,41.816658893,-87.6194124619,True,In Service,,15,divvy_fa03acd0d9d6f3c6,station,2015-04-16 11:06:00,name_and_short_name_within_150m,matched
city,a3ad42c3-a135-11e9-9cda-0a87ae2ba916,CHI00523,Halsted St & 47th Pl,41.8081339148,-87.6456165545,True,In Service,,11,divvy_7b331e8dc5c72258,station,2015-04-17 07:58:00,name_and_short_name_within_150m,matched
city,a3ad47f8-a135-11e9-9cda-0a87ae2ba916,CHI00804,Princeton Ave & 47th St,41.8093177092,-87.633449288,True,In Service,,11,divvy_2c339dae4d6e18f5,station,2015-04-16 22:36:00,name_and_short_name_within_150m,matched
city,a3ad4d1b-a135-11e9-9cda-0a87ae2ba916,CHI00334,Woodlawn Ave & Lake Park Ave,41.8140927105,-87.5970051479,True,In Service,,15,divvy_d7d34e9c6d640d8e,station,2015-04-17 08:18:00,name_and_short_name_within_150m,matched
city,a3ad523f-a135-11e9-9cda-0a87ae2ba916,CHI00532,Canal St & Taylor St,41.870257,-87.639474,True,In Service,,15,divvy_c5efae1f376d4da8,station,2015-07-01 08:52:00,name_and_short_name_within_150m,matched
city,a3ad5764-a135-11e9-9cda-0a87ae2ba916,CHI00429,Calumet Ave & 51st St,41.8022946509,-87.6180535802,True,In Service,,11,divvy_168f48545d06621a,station,2015-04-21 10:02:00,name_and_short_name_within_150m,matched
city,a3ad5c90-a135-11e9-9cda-0a87ae2ba916,CHI00527,Dorchester Ave & 49th St,41.805772,-87.592464,True,In Service,,15,divvy_443bd8b672835032,station,2015-04-16 16:54:00,name_and_short_name_within_150m,matched
city,a3ad61c2-a135-11e9-9cda-0a87ae2ba916,CHI02034,Cornell Ave & Hyde Park Blvd,41.802406,-87.586924,True,In Service,,19,divvy_9f0104c64428100d,station,2015-04-17 09:53:00,name_and_short_name_within_150m,matched
city,a3ad66e6-a135-11e9-9cda-0a87ae2ba916,CHI00585,Ellis Ave & 53rd St,41.7993362626,-87.6009581145,True,In Service,,18,divvy_7ba891cb4bde6c13,station,2015-04-18 09:44:00,name_and_short_name_within_150m,matched
city,a3ad6c01-a135-11e9-9cda-0a87ae2ba916,CHI00559,Lake Park Ave & 53rd St,41.7994942937,-87.5864498959,True,In Service,,15,divvy_7d6591bc03444e5f,station,2015-04-17 09:28:00,name_and_short_name_within_150m,matched
city,a3ad711d-a135-11e9-9cda-0a87ae2ba916,CHI00583,Ellis Ave & 55th St,41.7943006205,-87.6014497734,True,In Service,,19,divvy_cf402abd49fcbaba,station,2015-04-14 11:53:00,name_and_short_name_within_150m,matched
city,a3ad7636-a135-11e9-9cda-0a87ae2ba916,CHI00567,MLK Jr Dr & 56th St,41.7934294566,-87.6158532619,True,In Service,,11,divvy_531ba9c66b4c1aa6,station,2015-04-30 10:13:00,name_and_short_name_within_150m,matched
city,a3ad7b51-a135-11e9-9cda-0a87ae2ba916,CHI00586,DuSable Museum,41.7915680106,-87.6078521774,True,In Service,,11,divvy_e487aa9f2a495759,station,2015-07-07 13:56:00,name_and_short_name_within_150m,matched
city,a3ad8072-a135-11e9-9cda-0a87ae2ba916,CHI00551,University Ave & 57th St,41.791478,-87.599861,True,In Service,,48,divvy_a33dbe31001c0345,station,2015-04-17 16:13:00,name_and_short_name_within_150m,matched
city,a3ad8587-a135-11e9-9cda-0a87ae2ba916,CHI00574,Griffin Museum of Science and Industry,41.7917282095,-87.583945009,True,In Service,,27,divvy_18604fc0fc150278,station,2015-04-17 11:38:00,name_and_short_name_within_150m,matched
city,a3ad8aa3-a135-11e9-9cda-0a87ae2ba916,CHI00584,Harper Ave & 59th St,41.7879428129,-87.5883151702,True,In Service,,15,divvy_4582c203a344db86,station,2015-04-17 15:32:00,name_and_short_name_within_150m,matched
city,a3ad8fd9-a135-11e9-9cda-0a87ae2ba916,CHI00765,Ellis Ave & 60th St,41.7850971464,-87.6010727606,True,In Service,,19,divvy_3049213c929d3a82,station,2015-04-17 15:18:00,name_and_short_name_within_150m,matched
city,a3ad95a7-a135-11e9-9cda-0a87ae2ba916,CHI00587,Cottage Grove Ave & 63rd St,41.7805309407,-87.6059702039,True,In Service,,15,divvy_914c2073d487cc7f,station,2015-04-24 09:33:00,name_and_short_name_within_150m,matched
city,a3ad9ad9-a135-11e9-9cda-0a87ae2ba916,CHI00566,Dorchester Ave & 63rd St,41.7804056457,-87.5914159893,True,In Service,,11,divvy_a78cc123bd97261a,station,2015-04-26 02:14:00,name_and_short_name_within_150m,matched
city,a3ada002-a135-11e9-9cda-0a87ae2ba916,CHI00582,Cottage Grove Ave & 67th St,41.773720952,-87.60563486,True,In Service,,11,divvy_dd0a060e306bcc47,station,2015-05-03 12:01:00,name_and_short_name_within_150m,matched
city,a3ada52f-a135-11e9-9cda-0a87ae2ba916,CHI00564,MLK Jr Dr & 63rd St,41.7800806366,-87.6159428567,True,In Service,,11,divvy_696414e526fc9727,station,2015-04-23 12:40:00,name_and_short_name_within_150m,matched
city,a3adaa52-a135-11e9-9cda-0a87ae2ba916,CHI00220,Eberhart Ave & 61st St,41.7840710728,-87.6144835353,True,In Service,,11,divvy_7743df387edb723b,station,2015-04-27 08:38:00,name_and_short_name_within_150m,matched
city,a3adaf6b-a135-11e9-9cda-0a87ae2ba916,CHI00642,Clark St & Lunt Ave,42.0090111806,-87.6741117239,True,In Service,,19,divvy_2e87caff9e5fa166,station,2015-05-15 15:05:00,name_and_short_name_within_150m,matched
city,a3adb48a-a135-11e9-9cda-0a87ae2ba916,CHI00569,Kedzie Ave & Harrison St,41.8735996746,-87.7048707493,True,In Service,,11,divvy_c3af94f77ad010cf,station,2015-04-27 15:34:00,name_and_short_name_within_150m,matched
city,a3adb9a3-a135-11e9-9cda-0a87ae2ba916,CHI00580,Ogden Ave & Roosevelt Rd,41.8665014832,-87.68469707,True,In Service,,19,divvy_e22cb2082b5ac740,station,2015-04-27 10:59:00,name_and_short_name_within_150m,matched
city,a3adbedf-a135-11e9-9cda-0a87ae2ba916,CHI00654,Kedzie Ave & Roosevelt Rd,41.8664927817,-87.7064961757,True,In Service,,11,divvy_9896b56d6b3a1996,station,2015-04-27 16:16:00,name_and_short_name_within_150m,matched
city,a3adc3f6-a135-11e9-9cda-0a87ae2ba916,CHI00578,Fairfield Ave & Roosevelt Rd,41.866624,-87.694521,True,In Service,,11,divvy_dd37cb7101eb1844,station,2015-07-01 07:24:00,name_and_short_name_within_150m,matched
city,a3adc925-a135-11e9-9cda-0a87ae2ba916,CHI00629,Washtenaw Ave & Ogden Ave,41.8619304928,-87.6934504509,True,In Service,,15,divvy_bda59943d9a6dd61,station,2017-07-01 13:44:13,name_and_short_name_within_150m,matched
city,a3adce47-a135-11e9-9cda-0a87ae2ba916,CHI00655,Central Park Ave & Ogden Ave,41.8540635039,-87.7151173353,True,In Service,,15,divvy_0853ae305963e389,station,2015-04-29 17:44:00,name_and_short_name_within_150m,matched
city,a3add365-a135-11e9-9cda-0a87ae2ba916,CHI00656,Kedzie Ave & 21st St,41.8535336321,-87.7050730318,True,In Service,,11,divvy_42c2bca81f674fe2,station,2015-04-27 16:28:00,name_and_short_name_within_150m,matched
city,a3add889-a135-11e9-9cda-0a87ae2ba916,CHI00658,Central Park Ave & 24th St,41.8481,-87.715068,True,In Service,,11,divvy_c95687bbc637a0f1,station,2020-01-20 08:30:31,name_and_short_name_within_150m,matched
city,a3addda0-a135-11e9-9cda-0a87ae2ba916,CHI00534,Kedzie Ave & 24th St,41.848193,-87.705412,True,In Service,,11,divvy_44575b1036a1938c,station,2015-04-27 16:41:00,name_and_short_name_within_150m,matched
city,a3ade2c3-a135-11e9-9cda-0a87ae2ba916,CHI00660,California Ave & 23rd Pl,41.8491096918,-87.6951398068,True,In Service,,11,divvy_a1930d26ea8eb1bb,station,2015-04-28 22:45:00,name_and_short_name_within_150m,matched
city,a3ade7de-a135-11e9-9cda-0a87ae2ba916,CHI00589,Millard Ave & 26th St,41.8445311246,-87.715921998,True,In Service,,7,divvy_61919c253248d2a1,station,2015-04-29 17:49:00,name_and_short_name_within_150m,matched
city,a3aded13-a135-11e9-9cda-0a87ae2ba916,CHI00661,Albany Ave & 26th St,41.844507,-87.701655,True,Not In Service,,11,divvy_5617d2edc416f646,station,2015-04-27 16:47:00,name_and_short_name_within_150m,matched
city,a3ae687f-a135-11e9-9cda-0a87ae2ba916,CHI00662,California Ave & 26th St,41.8436799146,-87.6949685812,True,In Service,,11,divvy_bb36c4f0bb894397,station,2015-04-27 18:05:00,name_and_short_name_within_150m,matched
city,a3ae6e48-a135-11e9-9cda-0a87ae2ba916,CHI00618,Western Ave & 28th St,41.8415177081,-87.6851314409,True,In Service,,11,divvy_412c560394b66323,station,2015-05-21 15:28:00,name_and_short_name_within_150m,matched
city,a3ae737f-a135-11e9-9cda-0a87ae2ba916,CHI00613,Glenwood Ave & Morse Ave,42.0079719229,-87.6655023944,True,In Service,,15,divvy_7d96e183da24b8c7,station,2015-05-15 22:57:00,name_and_short_name_within_150m,matched
city,a3ae78ab-a135-11e9-9cda-0a87ae2ba916,CHI00620,Warren Park East,42.0045496219,-87.6806661451,True,In Service,,11,divvy_d104b9187027e75e,station,2015-05-13 14:24:00,name_and_short_name_within_150m,matched
city,a3ae7dc3-a135-11e9-9cda-0a87ae2ba916,CHI00754,Clark St & Columbia Ave,42.0044506293,-87.6724024047,True,In Service,,15,divvy_f2e41a348c20f1fb,station,2015-05-12 15:14:00,name_and_short_name_within_150m,matched
city,a3ae82e0-a135-11e9-9cda-0a87ae2ba916,CHI00602,Warren Park West,42.001785,-87.688829,True,In Service,,11,divvy_d5619729507172c0,station,2015-05-13 16:40:00,name_and_short_name_within_150m,matched
city,a3ae87fa-a135-11e9-9cda-0a87ae2ba916,CHI00752,Sheridan Rd & Arthur Ave,42.00046,-87.66058,True,In Service,,23,divvy_d6159db10a415fec,station,2026-08-05 21:45:37.563000,name_and_short_name_within_150m,matched
city,a3ae8d13-a135-11e9-9cda-0a87ae2ba916,CHI00590,Western Ave & Granville Ave,41.994161369,-87.689438282,True,In Service,,11,divvy_e0d0f6bbb94fe015,station,2015-05-13 06:50:00,name_and_short_name_within_150m,matched
city,a3ae923d-a135-11e9-9cda-0a87ae2ba916,CHI00361,Clark St & Schreiber Ave,41.999245,-87.671249,True,In Service,,15,divvy_153a5c41aac8de34,station,2015-05-12 17:03:00,name_and_short_name_within_150m,matched
city,a3af1767-a135-11e9-9cda-0a87ae2ba916,CHI00563,Broadway & Granville Ave,41.9947796884,-87.6602845349,True,In Service,,23,divvy_9892a854be81f337,station,2015-05-11 15:34:00,name_and_short_name_within_150m,matched
city,a3af1cec-a135-11e9-9cda-0a87ae2ba916,CHI00592,Maplewood Ave & Peterson Ave,41.9902360287,-87.6933696402,True,In Service,,11,divvy_d48b63ae54c450a0,station,2015-05-13 13:35:00,name_and_short_name_within_150m,matched
city,a3af2216-a135-11e9-9cda-0a87ae2ba916,CHI00611,2112 W Peterson Ave,41.991178,-87.683593,True,In Service,,11,divvy_104d50d159991a13,station,2015-05-13 11:18:00,name_and_short_name_within_150m,matched
city,a3af2737-a135-11e9-9cda-0a87ae2ba916,CHI00631,Clark St & Elmdale Ave,41.9908604481,-87.66972363,True,In Service,,15,divvy_2a6d74da214a7c57,station,2015-05-11 18:37:00,name_and_short_name_within_150m,matched
city,a3af2c5f-a135-11e9-9cda-0a87ae2ba916,CHI00571,Broadway & Thorndale Ave,41.9897425114,-87.6601406209,True,In Service,,19,divvy_7a0bcd9db963028c,station,2015-05-11 18:17:00,name_and_short_name_within_150m,matched
city,a3af368c-a135-11e9-9cda-0a87ae2ba916,CHI00608,Clark St & Bryn Mawr Ave,41.983593,-87.669154,True,In Service,,15,divvy_cdc6c3c7c8015719,station,2015-05-11 17:28:00,name_and_short_name_within_150m,matched
city,a3af3bac-a135-11e9-9cda-0a87ae2ba916,CHI00337,Broadway & Ridge Ave,41.9840446107,-87.6602738295,True,In Service,,15,divvy_e9c464857eaeff15,station,2015-05-11 16:41:00,name_and_short_name_within_150m,matched
city,a3af40f1-a135-11e9-9cda-0a87ae2ba916,CHI00630,Winchester (Ravenswood) Ave & Balmoral Ave,41.979762,-87.67753,True,In Service,,15,divvy_c0c02d9c7c8af030,station,2018-01-01 01:25:15,name_and_short_name_within_150m,matched
city,a3af460f-a135-11e9-9cda-0a87ae2ba916,CHI00530,Clark St & Berwyn Ave,41.978017,-87.668019,True,In Service,,19,divvy_6e1e05eedc644339,station,2015-05-14 12:26:00,name_and_short_name_within_150m,matched
city,a3af4b26-a135-11e9-9cda-0a87ae2ba916,CHI00625,Damen Ave & Foster Ave,41.9758109756,-87.6795098986,True,In Service,,15,divvy_b273a9ff5365f618,station,2015-05-14 07:15:00,name_and_short_name_within_150m,matched
city,a3af52bc-a135-11e9-9cda-0a87ae2ba916,CHI00617,Marine Dr & Ainslie St,41.9716,-87.650154,True,In Service,,23,divvy_6c4d1a12983e98d2,station,2015-07-17 13:21:00,name_and_short_name_within_150m,matched
city,a3af5804-a135-11e9-9cda-0a87ae2ba916,CHI00793,Ridge Blvd & Touhy Ave,42.0121322774,-87.6829126443,True,In Service,,11,divvy_ab7a7751dc9a34e5,station,2015-05-16 10:51:00,name_and_short_name_within_150m,matched
city,a3af5d1c-a135-11e9-9cda-0a87ae2ba916,CHI00801,Western Ave & Lunt Ave,42.0085943972,-87.6904922389,True,In Service,,15,divvy_fc9f1e2f6cbf7a74,station,2015-05-15 18:21:00,name_and_short_name_within_150m,matched
city,a3af624c-a135-11e9-9cda-0a87ae2ba916,CHI00350,Budlong Woods Library,41.9836647089,-87.6964225611,True,In Service,,11,divvy_7ee2b3b4dd2602c5,station,2015-05-06 23:09:00,name_and_short_name_within_150m,matched
city,a3af6c2f-a135-11e9-9cda-0a87ae2ba916,CHI00659,St. Louis Ave & Balmoral Ave,41.9803942348,-87.7161149615,True,In Service,,15,divvy_87188215fc856c43,station,2015-05-17 11:25:00,name_and_short_name_within_150m,matched
city,a3af71a9-a135-11e9-9cda-0a87ae2ba916,CHI00651,Kedzie Ave & Foster Ave,41.975672,-87.709261,True,In Service,,11,divvy_182cd2eb350e37c1,station,2015-05-06 14:17:00,name_and_short_name_within_150m,matched
city,a3af76f8-a135-11e9-9cda-0a87ae2ba916,CHI00638,Francisco Ave & Foster Ave,41.9756327252,-87.7014194389,True,In Service,,15,divvy_8c058ba19bcf3448,station,2015-05-14 17:24:00,name_and_short_name_within_150m,matched
city,a3af7c0e-a135-11e9-9cda-0a87ae2ba916,CHI00548,Lincoln Ave & Winona St,41.9749112968,-87.6925025594,True,In Service,,15,divvy_e2ad853aab073045,station,2015-05-06 16:28:00,name_and_short_name_within_150m,matched
city,a3af8123-a135-11e9-9cda-0a87ae2ba916,CHI00302,Christiana Ave & Lawrence Ave,41.9683544936,-87.7118306675,True,In Service,,15,divvy_9a9887d923fe5792,station,2015-05-16 20:05:00,name_and_short_name_within_150m,matched
city,a3af8642-a135-11e9-9cda-0a87ae2ba916,CHI00217,Washtenaw Ave & Lawrence Ave,41.9687297,-87.6962603,True,In Service,,15,divvy_51568abf3a83dbf7,station,2015-05-06 00:24:00,name_and_short_name_within_150m,matched
city,a3af8b51-a135-11e9-9cda-0a87ae2ba916,CHI00639,Kedzie Ave & Leland Ave,41.966686362,-87.7080519806,True,In Service,,15,divvy_19f21b265ef1bb2d,station,2015-05-06 08:10:00,name_and_short_name_within_150m,matched
city,a3af9064-a135-11e9-9cda-0a87ae2ba916,CHI00633,Manor Ave & Leland Ave,41.965875,-87.700825,True,In Service,,11,divvy_d9d162f359f2da7b,station,2015-05-06 00:28:00,name_and_short_name_within_150m,matched
city,a3af956e-a135-11e9-9cda-0a87ae2ba916,CHI00581,Rockwell St & Eastwood Ave,41.9659001398,-87.6936384935,True,In Service,,15,divvy_80c26acc25a8f8b0,station,2015-05-05 15:21:00,name_and_short_name_within_150m,matched
city,a3af9a83-a135-11e9-9cda-0a87ae2ba916,CHI00227,Drake Ave & Montrose Ave,41.9611540757,-87.7165690733,True,In Service,,15,divvy_5249f5d029cac456,station,2015-05-05 15:09:00,name_and_short_name_within_150m,matched
city,a3af9f99-a135-11e9-9cda-0a87ae2ba916,CHI01768,Albany Ave & Montrose Ave,41.961041,-87.705866,True,In Service,,11,divvy_89494ef516f9f3ac,station,2016-07-01 08:43:18,name_and_short_name_within_150m,matched
city,a3afa4c3-a135-11e9-9cda-0a87ae2ba916,CHI00300,California Ave & Montrose Ave,41.961068,-87.695439,True,In Service,,15,divvy_adee2d86137cb686,station,2015-07-07 17:19:00,name_and_short_name_within_150m,matched
city,a3afa9dc-a135-11e9-9cda-0a87ae2ba916,CHI00214,Campbell Ave & Montrose Ave,41.961524,-87.691177,True,In Service,,15,divvy_c801de9c24b15380,station,2015-05-14 16:58:00,name_and_short_name_within_150m,matched
city,a3afaef3-a135-11e9-9cda-0a87ae2ba916,CHI00215,Avondale Ave & Irving Park Rd,41.953393,-87.732002,True,In Service,,19,divvy_499713f1b489337b,station,2016-07-01 10:31:55,name_and_short_name_within_150m,matched
city,a3afb401-a135-11e9-9cda-0a87ae2ba916,CHI00593,Monticello Ave & Irving Park Rd,41.9540048388,-87.7191281797,True,In Service,,15,divvy_1fd49f3a047230f1,station,2015-05-07 18:56:00,name_and_short_name_within_150m,matched
city,a3afb917-a135-11e9-9cda-0a87ae2ba916,CHI00579,Sawyer Ave & Irving Park Rd,41.9536,-87.70931,True,In Service,,16,divvy_aa163b8be295c972,station,2015-05-04 17:58:00,name_and_short_name_within_150m,matched
city,a3afbe2e-a135-11e9-9cda-0a87ae2ba916,CHI00369,Oakley Ave & Irving Park Rd,41.9543408522,-87.6860796243,True,In Service,,15,divvy_8620c4e16a5faaab,station,2015-05-13 14:22:00,name_and_short_name_within_150m,matched
city,a3afc347-a135-11e9-9cda-0a87ae2ba916,CHI00535,California Ave & Byron St,41.9521621933,-87.698051113,True,In Service,,19,divvy_4d3ffb80090d12d6,station,2015-07-07 16:36:00,name_and_short_name_within_150m,matched
city,a3afc858-a135-11e9-9cda-0a87ae2ba916,CHI00538,Pulaski Rd & Eddy St,41.946264,-87.731023,True,In Service,,11,divvy_8ea7382cb5bf63f8,station,2020-01-01 01:12:37,name_and_short_name_within_150m,matched
city,a3afcd70-a135-11e9-9cda-0a87ae2ba916,CHI00536,Drake Ave & Addison St,41.947326,-87.717582,True,In Service,,15,divvy_0fb47ab015b9aab8,station,2015-05-13 14:13:00,name_and_short_name_within_150m,matched
city,a3afd294-a135-11e9-9cda-0a87ae2ba916,CHI00570,Troy St & Elston Ave,41.9452435685,-87.7066499009,True,In Service,,15,divvy_f9bdeaa06bac613a,station,2015-05-05 16:42:00,name_and_short_name_within_150m,matched
city,a3afd7ab-a135-11e9-9cda-0a87ae2ba916,CHI00610,Talman Ave & Addison St,41.9466358306,-87.694614758,True,In Service,,15,divvy_75f565842814bd58,station,2015-05-04 18:17:00,name_and_short_name_within_150m,matched
city,a3afdcbf-a135-11e9-9cda-0a87ae2ba916,CHI00529,Leavitt St & Addison St,41.946655,-87.683359,True,In Service,,15,divvy_131833a69740ad7a,station,2015-05-13 17:15:00,name_and_short_name_within_150m,matched
city,a3afe1dc-a135-11e9-9cda-0a87ae2ba916,CHI00614,Western Ave & Roscoe St,41.943034,-87.687288,True,In Service,,11,divvy_125dda4fdd5b8036,station,2015-05-04 15:56:00,name_and_short_name_within_150m,matched
city,a3afe6ed-a135-11e9-9cda-0a87ae2ba916,CHI00646,Kedzie Ave & Bryn Mawr Ave,41.9822297591,-87.7088865638,True,In Service,,15,divvy_8df25bb069eeb28c,station,2015-05-18 19:11:00,name_and_short_name_within_150m,matched
city,a3afebff-a135-11e9-9cda-0a87ae2ba916,CHI00643,Keystone Ave & Montrose Ave,41.9611080162,-87.7289701012,True,In Service,,11,divvy_5ac81089be6fe282,station,2015-05-16 18:34:00,name_and_short_name_within_150m,matched
city,a3aff10c-a135-11e9-9cda-0a87ae2ba916,CHI00962,Avers Ave & Belmont Ave,41.939408,-87.723574,True,In Service,,11,divvy_ac59067ce9166265,station,2015-05-13 20:36:00,name_and_short_name_within_150m,matched
city,a3aff616-a135-11e9-9cda-0a87ae2ba916,CHI00577,Kimball Ave & Belmont Ave,41.9393939534,-87.7120676637,True,In Service,,15,divvy_9d6c32f5ea395291,station,2015-05-02 13:39:00,name_and_short_name_within_150m,matched
city,a3affb22-a135-11e9-9cda-0a87ae2ba916,CHI00616,California Ave & Fletcher St,41.9384287915,-87.698007756,True,In Service,,19,divvy_ecb8aad5beb08a0d,station,2015-05-04 18:10:00,name_and_short_name_within_150m,matched
city,a3b00055-a135-11e9-9cda-0a87ae2ba916,CHI00623,Kosciuszko Park,41.9305853714,-87.7237773635,True,In Service,,15,divvy_98eac964e13bbfe2,station,2015-05-01 11:54:00,name_and_short_name_within_150m,matched
city,a3b0060d-a135-11e9-9cda-0a87ae2ba916,CHI00550,Central Park Ave & Elbridge Ave,41.9353372826,-87.7168892935,True,In Service,,15,divvy_e88c223b90c1cc63,station,2015-05-04 19:27:00,name_and_short_name_within_150m,matched
city,a3b00b3a-a135-11e9-9cda-0a87ae2ba916,CHI00552,Richmond St & Diversey Ave,41.9319019689,-87.7011951301,True,In Service,,15,divvy_afd3a4cf4867d420,station,2015-05-05 16:09:00,name_and_short_name_within_150m,matched
city,a3b0104c-a135-11e9-9cda-0a87ae2ba916,CHI00628,California Ave & Altgeld St,41.92669,-87.697668,True,In Service,,15,divvy_5b4f3e24733b3e46,station,2015-05-13 21:52:00,name_and_short_name_within_150m,matched
city,a3b01a86-a135-11e9-9cda-0a87ae2ba916,CHI00634,Campbell Ave & Fullerton Ave,41.9246324716,-87.6893070063,True,In Service,,15,divvy_c2689773fd667095,station,2015-05-21 18:39:00,name_and_short_name_within_150m,matched
city,a3b01f9c-a135-11e9-9cda-0a87ae2ba916,CHI00599,Winchester Ave & Elston Ave,41.9240908504,-87.6764600747,True,In Service,,15,divvy_a5ca9e5f878209c8,station,2015-05-07 18:43:00,name_and_short_name_within_150m,matched
city,a3b024aa-a135-11e9-9cda-0a87ae2ba916,CHI00635,Spaulding Ave & Armitage Ave,41.9171080348,-87.7102209628,True,In Service,,15,divvy_9a847a04877c2614,station,2015-04-30 23:57:00,name_and_short_name_within_150m,matched
city,a3b029be-a135-11e9-9cda-0a87ae2ba916,CHI00636,Humboldt Blvd & Armitage Ave,41.917513394,-87.7018089555,True,In Service,,19,divvy_cc56283b4656ee4b,station,2015-05-01 17:57:00,name_and_short_name_within_150m,matched
city,a3b02ef1-a135-11e9-9cda-0a87ae2ba916,CHI00637,Central Park Ave & North Ave,41.9096568756,-87.7166319516,True,In Service,,15,divvy_dab72980135cd7cd,station,2015-05-01 19:17:00,name_and_short_name_within_150m,matched
city,a3b0b291-a135-11e9-9cda-0a87ae2ba916,CHI00641,Troy St & North Ave,41.9097693017,-87.7052804871,True,In Service,,15,divvy_8d28b519f5cbdc33,station,2015-05-01 19:50:00,name_and_short_name_within_150m,matched
city,a3b0b801-a135-11e9-9cda-0a87ae2ba916,CHI00644,Spaulding Ave & Division St,41.9027065944,-87.709219571,True,In Service,,11,divvy_5399389d2da8be71,station,2015-05-02 10:00:00,name_and_short_name_within_150m,matched
city,a3b0bd42-a135-11e9-9cda-0a87ae2ba916,CHI00645,Albany Ave & Bloomingdale Ave,41.9140267127,-87.705126462,True,In Service,,15,divvy_9f2606d4f715adf5,station,2015-05-06 15:36:00,name_and_short_name_within_150m,matched
city,a3b0ccad-a135-11e9-9cda-0a87ae2ba916,CHI01041,Ridge Blvd & Howard St,42.019276,-87.68452,True,In Service,,11,divvy_f9915f2d98c59ea0,station,2016-07-23 12:36:27,name_and_short_name_within_150m,matched
city,a3b0d1d5-a135-11e9-9cda-0a87ae2ba916,CHI01214,Paulina St & Howard St,42.019159,-87.673573,True,In Service,,19,divvy_d75a21fdd1a0996b,station,2016-07-08 18:47:19,name_and_short_name_within_150m,matched
city,a3b0d6ec-a135-11e9-9cda-0a87ae2ba916,CHI01212,Clark St & Jarvis Ave,42.015963,-87.675005,True,In Service,,11,divvy_0a21ae5c17b35bf8,station,2016-07-08 19:22:58,name_and_short_name_within_150m,matched
city,a3b0dc1f-a135-11e9-9cda-0a87ae2ba916,CHI01170,Conservatory Dr & Lake St,41.885502,-87.716866,True,In Service,,11,divvy_79e87e85dbdc5af3,station,2016-06-02 14:12:00,name_and_short_name_within_150m,matched
city,a3b0e141-a135-11e9-9cda-0a87ae2ba916,CHI01266,Wolcott Ave & Fargo Ave,42.016977,-87.677725,True,In Service,,11,divvy_7c2aafe6ae2b10c7,station,2016-07-08 07:56:19,name_and_short_name_within_150m,matched
city,a3b0e657-a135-11e9-9cda-0a87ae2ba916,CHI01287,Greenview Ave & Jarvis Ave,42.015962,-87.66857,True,In Service,,19,divvy_095b4298189f1b1c,station,2016-07-07 14:19:46,name_and_short_name_within_150m,matched
city,a3b0eb93-a135-11e9-9cda-0a87ae2ba916,CHI00664,Bosworth Ave & Howard St,42.019537,-87.669563,True,In Service,,11,divvy_25731479772f672e,station,2016-07-08 08:11:00,name_and_short_name_within_150m,matched
city,a3b0f0b6-a135-11e9-9cda-0a87ae2ba916,CHI01097,Eastlake Ter & Howard St,42.0192025019,-87.6643028855,True,In Service,,15,divvy_da39a5367fc6ceb1,station,2022-09-29 10:11:03,name_and_short_name_within_150m,matched
city,a3b0f5c9-a135-11e9-9cda-0a87ae2ba916,CHI00600,Austin Blvd & Chicago Ave,41.894887,-87.774704,True,In Service,,7,divvy_56b2dfa8bf8ad092,station,2016-07-21 18:50:11,name_and_short_name_within_150m,matched
city,a3b0fae6-a135-11e9-9cda-0a87ae2ba916,CHI01143,Glenwood Ave & Touhy Ave,42.012701,-87.666058,True,In Service,,15,divvy_a8d09823bc8a657a,station,2016-07-08 18:23:15,name_and_short_name_within_150m,matched
city,a3b0fff9-a135-11e9-9cda-0a87ae2ba916,CHI00603,Oakley Ave & Touhy Ave,42.012342,-87.688243,True,In Service,,11,divvy_cbc67e299ca6b872,station,2016-07-08 17:39:14,name_and_short_name_within_150m,matched
city,a3b1050d-a135-11e9-9cda-0a87ae2ba916,CHI00669,Western Ave & Howard St,42.018901,-87.690048,True,In Service,,15,divvy_9fd4f5696a7ffc51,station,2016-07-09 10:04:40,name_and_short_name_within_150m,matched
city,a3b10a40-a135-11e9-9cda-0a87ae2ba916,CHI00670,Pulaski Rd & Lake St,41.885409,-87.726491,True,In Service,,11,divvy_869d54eedbd24fab,station,2016-06-16 15:30:00,name_and_short_name_within_150m,matched
city,a3b10f66-a135-11e9-9cda-0a87ae2ba916,CHI00665,Cicero Ave & Lake St,41.886841,-87.745261,True,In Service,,11,divvy_9ba838cf862a3bf6,station,2016-06-17 17:42:00,name_and_short_name_within_150m,matched
city,a3b11480-a135-11e9-9cda-0a87ae2ba916,CHI01122,Laramie Ave & Kinzie St,41.887832,-87.755527,True,In Service,,11,divvy_23003e26be817a42,station,2016-06-14 21:19:00,name_and_short_name_within_150m,matched
city,a3b11993-a135-11e9-9cda-0a87ae2ba916,CHI00539,Central Ave & Lake St,41.887664,-87.765469,True,In Service,,11,divvy_282075e38ed4b2e4,station,2016-07-27 14:36:37,name_and_short_name_within_150m,matched
city,a3b11ea4-a135-11e9-9cda-0a87ae2ba916,CHI00541,Austin Blvd & Lake St,41.8879437943,-87.7742734551,True,In Service,,11,divvy_806258cab3597cc8,station,2016-06-14 13:57:00,name_and_short_name_within_150m,matched
city,a3b123c5-a135-11e9-9cda-0a87ae2ba916,CHI00542,Central Park Blvd & 5th Ave,41.875679,-87.71547,True,In Service,,11,divvy_30d0e215be3d23b1,station,2016-06-15 18:26:00,name_and_short_name_within_150m,matched
city,a3b128de-a135-11e9-9cda-0a87ae2ba916,CHI01032,Karlov Ave & Madison St,41.88085,-87.727907,True,In Service,,11,divvy_938b6fb2ef5ef98c,station,2018-03-21 08:15:14,name_and_short_name_within_150m,matched
city,a3b12dfb-a135-11e9-9cda-0a87ae2ba916,CHI01136,Pulaski Rd & Congress Pkwy,41.87441021,-87.7260915935,True,In Service,,11,divvy_7611181e20ebfeeb,station,2016-06-18 01:11:00,name_and_short_name_within_150m,matched
city,a3b1330c-a135-11e9-9cda-0a87ae2ba916,CHI00677,Kostner Ave & Lake St,41.885928,-87.73541,True,In Service,,11,divvy_0b820ed8483b5192,station,2016-06-15 18:35:00,name_and_short_name_within_150m,matched
city,a3b13836-a135-11e9-9cda-0a87ae2ba916,CHI00678,Kenton Ave & Madison St,41.88042,-87.74108,True,In Service,,11,divvy_2198fb3d39c9f532,station,2016-06-14 05:44:00,name_and_short_name_within_150m,matched
city,a3b13e66-a135-11e9-9cda-0a87ae2ba916,CHI00543,Cicero Ave & Flournoy St,41.872131,-87.746619,True,In Service,,11,divvy_058951b1167402f9,station,2016-06-16 19:32:00,name_and_short_name_within_150m,matched
city,a3b143aa-a135-11e9-9cda-0a87ae2ba916,CHI00591,Cicero Ave & Quincy St,41.877613,-87.745405,True,In Service,,11,divvy_b4d2c7efafed4499,station,2016-06-17 16:05:00,name_and_short_name_within_150m,matched
city,a3b148bf-a135-11e9-9cda-0a87ae2ba916,CHI01276,Laramie Ave & Madison St,41.880207,-87.755337,True,In Service,,11,divvy_94f33f1ac5ff2d4c,station,2016-06-15 11:11:00,name_and_short_name_within_150m,matched
city,a3b1c47b-a135-11e9-9cda-0a87ae2ba916,CHI00594,Central Ave & Harrison St,41.872993,-87.764499,True,In Service,,11,divvy_881c1a32d50ce5ef,station,2016-06-16 08:59:00,name_and_short_name_within_150m,matched
city,a3b1ca28-a135-11e9-9cda-0a87ae2ba916,CHI00595,Central Ave & Madison St,41.880121,-87.763238,True,In Service,,11,divvy_752af1ffaeb78e15,station,2016-06-17 18:03:00,name_and_short_name_within_150m,matched
city,a3b1cf80-a135-11e9-9cda-0a87ae2ba916,CHI00684,Laramie Ave & Gladys Ave,41.875806,-87.755285,True,In Service,,11,divvy_06c3d3501b621ac0,station,2016-06-16 19:39:00,name_and_short_name_within_150m,matched
city,a3b1d532-a135-11e9-9cda-0a87ae2ba916,CHI00596,Austin Blvd & Madison St,41.880281,-87.774453,True,In Service,,11,divvy_40912658d75324f6,station,2017-07-03 16:00:25,name_and_short_name_within_150m,matched
city,a3b1db23-a135-11e9-9cda-0a87ae2ba916,CHI01336,Kostner Ave & Adams St,41.877917,-87.735737,True,In Service,,8,divvy_b197984963aeb570,station,2016-06-16 08:35:00,name_and_short_name_within_150m,matched
city,a3b1e065-a135-11e9-9cda-0a87ae2ba916,CHI01139,Damen Ave & Pershing Rd,41.823192,-87.676597,True,In Service,,11,divvy_65633cac1499ba02,station,2016-06-17 14:32:00,name_and_short_name_within_150m,matched
city,a3b1e588-a135-11e9-9cda-0a87ae2ba916,CHI00601,Ashland Ave & Pershing Rd,41.823465,-87.665577,True,In Service,,11,divvy_3c81e8a2f8db8de5,station,2016-06-18 08:00:00,name_and_short_name_within_150m,matched
city,a3b1eaa7-a135-11e9-9cda-0a87ae2ba916,CHI00745,Morgan St & Pershing Rd,41.823613,-87.650931,True,In Service,,7,divvy_a9c266319e063adb,station,2016-06-21 09:10:00,name_and_short_name_within_150m,matched
city,a3b1efd6-a135-11e9-9cda-0a87ae2ba916,CHI01069,Marshfield Ave & 44th St,41.81399,-87.66658,True,In Service,,11,divvy_77b78a06a8925319,station,2016-07-01 16:13:25,name_and_short_name_within_150m,matched
city,a3b1fa1c-a135-11e9-9cda-0a87ae2ba916,CHI00572,Hoyne Ave & 47th St,41.808227,-87.67718,True,In Service,,11,divvy_2d17373e0dd1544b,station,2016-06-19 15:32:00,name_and_short_name_within_150m,matched
city,a3b1ff34-a135-11e9-9cda-0a87ae2ba916,CHI00672,Ashland Ave & McDowell Ave,41.809719,-87.663477,True,In Service,,11,divvy_e709e2b8f12e7ed3,station,2016-06-19 16:54:00,name_and_short_name_within_150m,matched
city,a3b2044b-a135-11e9-9cda-0a87ae2ba916,CHI00693,Elizabeth St & 47th St,41.80839,-87.656526,True,In Service,,11,divvy_7444ab5cd5a65d59,station,2016-06-27 09:52:00,name_and_short_name_within_150m,matched
city,a3b20960-a135-11e9-9cda-0a87ae2ba916,CHI01165,Damen Ave & 51st St,41.800908,-87.674684,True,In Service,,7,divvy_80ccfe64b9bf493a,station,2016-06-21 12:33:00,name_and_short_name_within_150m,matched
city,a3b20e8a-a135-11e9-9cda-0a87ae2ba916,CHI00679,Ashland Ave & 50th St,41.803023,-87.664699,True,In Service,,11,divvy_20fe93ce3299191c,station,2016-06-21 12:08:00,name_and_short_name_within_150m,matched
city,a3b213af-a135-11e9-9cda-0a87ae2ba916,CHI00696,Throop St & 52nd St,41.799659,-87.657195,True,In Service,,7,divvy_54b02e1378393d16,station,2016-06-25 14:47:00,name_and_short_name_within_150m,matched
city,a3b218cd-a135-11e9-9cda-0a87ae2ba916,CHI01048,Seeley Ave & Garfield Blvd,41.794087,-87.675478,True,In Service,,11,divvy_68319a1a0f525e99,station,2017-02-20 02:33:12,name_and_short_name_within_150m,matched
city,a3b21de7-a135-11e9-9cda-0a87ae2ba916,CHI00681,Ashland Ave & Garfield Blvd,41.792822,-87.664429,True,In Service,,11,divvy_27e3717f6b2619af,station,2016-06-26 13:53:00,name_and_short_name_within_150m,matched
city,a3b222fc-a135-11e9-9cda-0a87ae2ba916,CHI01166,Racine Ave & Garfield Blvd,41.794228,-87.655073,True,In Service,,11,divvy_077c6acdc5ea2747,station,2016-06-21 12:15:00,name_and_short_name_within_150m,matched
city,a3b22815-a135-11e9-9cda-0a87ae2ba916,CHI01045,Marshfield Ave & 59th St,41.786833,-87.666215,True,In Service,,11,divvy_54648a63e94b74ee,station,2016-06-28 08:20:00,name_and_short_name_within_150m,matched
city,a3b22d3d-a135-11e9-9cda-0a87ae2ba916,CHI00703,Damen Ave & 59th St,41.7858610651,-87.6741439104,True,In Service,,11,divvy_108eec0354ff4a76,station,2017-03-27 16:23:23,name_and_short_name_within_150m,matched
city,a3b23263-a135-11e9-9cda-0a87ae2ba916,CHI00704,Racine Ave & 61st St,41.783189,-87.654372,True,In Service,,11,divvy_987d3ec41fd3a804,station,2016-08-05 06:21:55,name_and_short_name_within_150m,matched
city,a3b23785-a135-11e9-9cda-0a87ae2ba916,CHI00682,Ashland Ave & 63rd St,41.779374,-87.664843,True,Not In Service,,11,divvy_dd29fe884937e7ca,station,2016-06-25 16:16:00,name_and_short_name_within_150m,matched
city,a3b23cb8-a135-11e9-9cda-0a87ae2ba916,CHI00706,Racine Ave & 65th St,41.775393,-87.654308,True,In Service,,11,divvy_1bb69415f95b2cbf,station,2016-07-01 08:57:33,name_and_short_name_within_150m,matched
city,a3b241df-a135-11e9-9cda-0a87ae2ba916,CHI00683,Ashland Ave & 66th St,41.774074,-87.663815,True,In Service,,7,divvy_814aa68392c832e2,station,2016-06-21 20:44:00,name_and_short_name_within_150m,matched
city,a3b24701-a135-11e9-9cda-0a87ae2ba916,CHI00688,Damen Ave & 74th St,41.7592740393,-87.6736342907,True,In Service,,11,divvy_9f7114e0faabaa40,station,2022-05-07 18:20:23,name_and_short_name_within_150m,matched
city,a3b24c1f-a135-11e9-9cda-0a87ae2ba916,CHI01205,May St & 69th St,41.768938,-87.652934,True,In Service,,11,divvy_6d8c4b750932c37c,station,2016-08-18 12:00:18,name_and_short_name_within_150m,matched
city,a3b2513d-a135-11e9-9cda-0a87ae2ba916,CHI00689,Vincennes Ave & 75th St,41.75797,-87.63121,True,In Service,,7,divvy_c57aa8caa23a6a86,station,2020-04-24 07:10:25,name_and_short_name_within_150m,matched
city,a3b25656-a135-11e9-9cda-0a87ae2ba916,CHI00710,Woodlawn Ave & 75th St,41.75916,-87.59599,True,In Service,,11,divvy_e8faef84754e5898,station,2016-06-29 20:58:00,name_and_short_name_within_150m,matched
city,a3b25b6d-a135-11e9-9cda-0a87ae2ba916,CHI00711,Evans Ave & 75th St,41.75849,-87.60641,True,In Service,,7,divvy_2c821fe1f4153e43,station,2016-07-01 14:34:54,name_and_short_name_within_150m,matched
city,a3b26084-a135-11e9-9cda-0a87ae2ba916,CHI00712,Vernon Ave & 75th St,41.758361,-87.614138,True,In Service,,11,divvy_d284b986fee6469e,station,2016-08-03 18:51:21,name_and_short_name_within_150m,matched
city,a3b2659d-a135-11e9-9cda-0a87ae2ba916,CHI01030,State St & 76th St,41.756971,-87.624621,True,In Service,,11,divvy_9bbaddcf2b27d518,station,2016-06-24 17:53:00,name_and_short_name_within_150m,matched
city,a3b26acf-a135-11e9-9cda-0a87ae2ba916,CHI00991,State St & 79th St,41.750794,-87.624424,True,In Service,,11,divvy_740ab3e1fb1770f7,station,2016-07-25 20:19:34,name_and_short_name_within_150m,matched
city,a3b26fee-a135-11e9-9cda-0a87ae2ba916,CHI01226,Vernon Ave & 79th St,41.75094,-87.61379,True,In Service,,11,divvy_e506dbdc2ce1fdbe,station,2016-07-26 09:15:27,name_and_short_name_within_150m,matched
city,a3b2767f-a135-11e9-9cda-0a87ae2ba916,CHI01104,Cottage Grove Ave & 78th St,41.753174,-87.605026,True,In Service,,11,divvy_dedcb2386d984f7f,station,2016-07-28 12:57:37,name_and_short_name_within_150m,matched
city,a3b27bcf-a135-11e9-9cda-0a87ae2ba916,CHI01031,Greenwood Ave & 79th St,41.75129,-87.5976,True,In Service,,11,divvy_3916fe6cf5400f06,station,2016-07-20 19:45:33,name_and_short_name_within_150m,matched
city,a3b2810e-a135-11e9-9cda-0a87ae2ba916,CHI01203,Stony Island Ave & South Chicago Ave,41.751173,-87.585337,True,In Service,,11,divvy_70369584e0247ec6,station,2016-08-07 15:05:12,name_and_short_name_within_150m,matched
city,a3b2862e-a135-11e9-9cda-0a87ae2ba916,CHI00691,Bennett Ave & 79th St,41.751785,-87.578496,True,In Service,,11,divvy_69f962e3df14cbfe,station,2017-02-01 09:57:50,name_and_short_name_within_150m,matched
city,a3b28b4a-a135-11e9-9cda-0a87ae2ba916,CHI00721,Phillips Ave & 79th St,41.75182,-87.565211,True,Not In Service,,11,divvy_c08a7051fd708635,station,2016-07-23 18:19:58,name_and_short_name_within_150m,matched
city,a3b2905a-a135-11e9-9cda-0a87ae2ba916,CHI00722,Exchange Ave & 79th St,41.7521150063,-87.5520070003,True,In Service,,11,divvy_9ef2699e75be4920,station,2016-07-29 20:38:40,name_and_short_name_within_150m,matched
city,a3b2956a-a135-11e9-9cda-0a87ae2ba916,CHI00485,Commercial Ave & 83rd St,41.744615,-87.551208,True,In Service,,11,divvy_e3e6e562a4a0b45b,station,2016-08-29 15:35:35,name_and_short_name_within_150m,matched
city,a3b29a90-a135-11e9-9cda-0a87ae2ba916,CHI00723,Phillips Ave & 83rd St,41.744531,-87.56506,True,In Service,,11,divvy_c1da0c821bdb7999,station,2018-06-16 19:09:30,name_and_short_name_within_150m,matched
city,a3b29fae-a135-11e9-9cda-0a87ae2ba916,CHI00724,Stony Island Ave & 82nd St,41.746559,-87.586005,True,In Service,,11,divvy_0ea94cfc2290d1dd,station,2016-08-03 21:13:05,name_and_short_name_within_150m,matched
city,a3b2a4ca-a135-11e9-9cda-0a87ae2ba916,CHI00725,Ellis Ave & 83rd St,41.744123,-87.599034,True,In Service,,11,divvy_bec42c0d9aaaaffe,station,2016-08-09 18:44:34,name_and_short_name_within_150m,matched
city,a3b2a9e7-a135-11e9-9cda-0a87ae2ba916,CHI01254,Cottage Grove Ave & 83rd St,41.743441,-87.604836,True,In Service,,11,divvy_900ec8a1a913d21d,station,2016-07-31 11:18:57,name_and_short_name_within_150m,matched
city,a3b2af02-a135-11e9-9cda-0a87ae2ba916,CHI01241,MLK Jr Dr & 83rd St,41.743116,-87.6148,True,In Service,,11,divvy_3b2cacf05971c2f7,station,2016-07-31 13:17:25,name_and_short_name_within_150m,matched
city,a3b2b419-a135-11e9-9cda-0a87ae2ba916,CHI00729,Wabash Ave & 83rd St,41.7433597623,-87.6228439808,True,In Service,,11,divvy_e22df49f1c5e0a90,station,2016-08-31 12:19:09,name_and_short_name_within_150m,matched
city,a3b2b92c-a135-11e9-9cda-0a87ae2ba916,CHI00730,South Chicago Ave & 83rd St,41.743921,-87.575225,True,In Service,,11,divvy_6d387cd1a0d3c276,station,2016-07-29 09:33:59,name_and_short_name_within_150m,matched
city,a3b2be3a-a135-11e9-9cda-0a87ae2ba916,CHI00692,Milwaukee Ave & Cuyler Ave,41.954468,-87.749594,True,In Service,,11,divvy_ad18a0e5688998e3,station,2016-07-12 16:17:01,name_and_short_name_within_150m,matched
city,a3b2c354-a135-11e9-9cda-0a87ae2ba916,CHI01081,Kilbourn Ave & Irving Park Rd,41.953733,-87.740569,True,In Service,,11,divvy_403ac953ad90cd1d,station,2016-07-20 20:34:54,name_and_short_name_within_150m,matched
city,a3b2c87c-a135-11e9-9cda-0a87ae2ba916,CHI00694,Kilbourn Ave & Milwaukee Ave,41.9489235,-87.7400354,True,In Service,,11,divvy_692fe2402db34cf5,station,2016-09-23 17:58:02,name_and_short_name_within_150m,matched
city,a3b2cd97-a135-11e9-9cda-0a87ae2ba916,CHI00733,Knox Ave & Montrose Ave,41.960631,-87.745359,True,In Service,,11,divvy_e785d539ab8dd9e9,station,2016-07-12 12:41:24,name_and_short_name_within_150m,matched
city,a3b2d2b7-a135-11e9-9cda-0a87ae2ba916,CHI00734,Halsted St & 59th St,41.787539,-87.644874,True,In Service,,11,divvy_4ba6a91032fd8363,station,2016-07-13 13:11:07,name_and_short_name_within_150m,matched
city,a3b2d7d9-a135-11e9-9cda-0a87ae2ba916,CHI00735,Western Blvd & 48th Pl,41.805661,-87.683392,True,In Service,,11,divvy_9913197cc5e47f97,station,2016-06-18 16:56:00,name_and_short_name_within_150m,matched
city,a3b2dcf0-a135-11e9-9cda-0a87ae2ba916,CHI00736,Wabash Ave & 87th St,41.7365530183,-87.6226441562,True,In Service,,11,divvy_72d84a4c132ec2bd,station,2016-08-09 01:27:14,name_and_short_name_within_150m,matched
city,a3b2e20c-a135-11e9-9cda-0a87ae2ba916,CHI00737,Benson Ave & Church St,42.048214,-87.683485,False,Not In Service,,19,divvy_4da25ce9905eab88,station,2016-06-29 17:07:00,name_and_short_name_within_150m,matched
city,a3b2e72c-a135-11e9-9cda-0a87ae2ba916,CHI02038,Chicago Ave & Washington St,42.032562,-87.679101,False,Not In Service,,15,divvy_f993aa88f45c220c,station,2016-06-29 14:55:00,name_and_short_name_within_150m,matched
city,a3b2ec43-a135-11e9-9cda-0a87ae2ba916,CHI00739,Elmwood Ave & Austin St,42.025784,-87.684107,False,In Service,,6,divvy_e03f76099c1e4127,station,2016-07-01 14:50:51,name_and_short_name_within_150m,matched
city,a3b2f15e-a135-11e9-9cda-0a87ae2ba916,CHI00977,Valli Produce - Evanston Plaza,42.039742,-87.699413,False,In Service,,8,divvy_8bacec72228f7375,station,2016-07-01 19:42:28,name_and_short_name_within_150m,matched
city,a3b2f698-a135-11e9-9cda-0a87ae2ba916,CHI00741,Dodge Ave & Church St,42.048308,-87.698224,False,In Service,,15,divvy_666998037318c8d4,station,2016-06-29 17:01:00,name_and_short_name_within_150m,matched
city,a3b2fbb6-a135-11e9-9cda-0a87ae2ba916,CHI02041,Central St Metra,42.063598,-87.69873,False,In Service,,15,divvy_7bf30bff8df73c8a,station,2016-06-29 18:55:00,name_and_short_name_within_150m,matched
city,a3b300d3-a135-11e9-9cda-0a87ae2ba916,CHI02042,Central St & Girard Ave,42.064313,-87.686152,False,In Service,,15,divvy_64c50c5b61fc554d,station,2016-07-08 16:35:00,name_and_short_name_within_150m,matched
city,a3b305e7-a135-11e9-9cda-0a87ae2ba916,CHI02043,Chicago Ave & Sheridan Rd,42.050491,-87.677821,False,In Service,,15,divvy_f3eb32008900f0c7,station,2016-07-01 15:56:22,name_and_short_name_within_150m,matched
city,a3b30b06-a135-11e9-9cda-0a87ae2ba916,CHI01114,Sheridan Rd & Noyes St (NU),42.058239,-87.677432,False,In Service,,15,divvy_78dc8d7751569955,station,2016-07-01 14:39:14,name_and_short_name_within_150m,matched
city,a3b310ac-a135-11e9-9cda-0a87ae2ba916,CHI01208,University Library (NU),42.052939,-87.673447,False,In Service,,15,divvy_5d0ac01c9cc5adb2,station,2016-07-01 17:18:53,name_and_short_name_within_150m,matched
city,a3b35885-a135-11e9-9cda-0a87ae2ba916,CHI00663,Keystone Ave & Fullerton Ave,41.92459,-87.72785,True,In Service,,11,divvy_72cc2fd8d6cd3954,station,2016-07-12 17:13:06,name_and_short_name_within_150m,matched
city,a3b35e21-a135-11e9-9cda-0a87ae2ba916,CHI01251,Orleans St & Chestnut St (NEXT Apts),41.898203,-87.637536,True,In Service,,15,divvy_71daf72cc15c5bf7,station,2016-09-09 17:18:44,name_and_short_name_within_150m,matched
city,a3b3634c-a135-11e9-9cda-0a87ae2ba916,CHI00715,Aberdeen St & Randolph St,41.884114,-87.654264,True,In Service,,24,divvy_be8746080076f8ea,station,2018-04-30 14:45:05,name_and_short_name_within_150m,matched
city,a3b3686c-a135-11e9-9cda-0a87ae2ba916,CHI00700,California Ave & Cortez St,41.900363,-87.696704,True,Not In Service,,15,divvy_76be62cf9088e9a1,station,2017-04-27 11:01:15,name_and_short_name_within_150m,matched
city,a3b36d8a-a135-11e9-9cda-0a87ae2ba916,CHI01163,Michigan Ave & 8th St,41.872773,-87.623981,True,In Service,,43,divvy_041542425d64daac,station,2017-06-14 11:11:56,name_and_short_name_within_150m,matched
city,a3b372b1-a135-11e9-9cda-0a87ae2ba916,CHI01076,Dearborn St & Van Buren St,41.876268,-87.629155,True,In Service,,15,divvy_b4bda9ef5d58a993,station,2017-07-27 13:25:40,name_and_short_name_within_150m,matched
city,a3b377cb-a135-11e9-9cda-0a87ae2ba916,CHI02044,Robert Crown Community Center,42.034189,-87.697676,False,Not In Service,,15,divvy_43c4244c249e1eb1,station,2026-07-30 17:49:16.591000,name_and_short_name_within_150m,matched
city,a3b37ce0-a135-11e9-9cda-0a87ae2ba916,CHI00612,Delano Ct & Roosevelt Rd,41.867491,-87.63219,True,In Service,,19,divvy_74d7d5dc9a0cb6f8,station,2017-12-21 13:54:00,name_and_short_name_within_150m,matched
city,a3b3820c-a135-11e9-9cda-0a87ae2ba916,CHI00640,LaSalle Dr & Huron St,41.894877,-87.632326,True,In Service,,30,divvy_6616ce9bdc8f94da,station,2018-03-08 15:28:00,name_and_short_name_within_150m,matched
city,a3b38728-a135-11e9-9cda-0a87ae2ba916,CHI00716,Walsh Park,41.91461,-87.667968,True,In Service,,23,divvy_6799c0c5b5b5f422,station,2018-09-17 14:54:19,name_and_short_name_within_150m,matched
city,a3b38c3f-a135-11e9-9cda-0a87ae2ba916,CHI00609,Kildare Ave & Montrose Ave,41.96108,-87.73569,True,In Service,,15,divvy_f73aad52ffc5532d,station,2018-09-01 15:11:09,name_and_short_name_within_150m,matched
city,a3b3915a-a135-11e9-9cda-0a87ae2ba916,CHI00746,Malcolm X College,41.877618,-87.673895,True,In Service,,19,divvy_013e7fb19f2f9243,station,2018-08-28 12:43:58,name_and_short_name_within_150m,matched
city,a3b39bb0-a135-11e9-9cda-0a87ae2ba916,CHI00697,Fairbanks St & Superior St,41.895748,-87.620104,True,In Service,,11,divvy_e4da21d7b4685196,station,2018-09-19 15:24:23,name_and_short_name_within_150m,matched
city,a3b3a0c8-a135-11e9-9cda-0a87ae2ba916,CHI00750,Orleans St & Hubbard St,41.890028,-87.636618,True,In Service,,11,divvy_009a15c69f41cf6b,station,2018-09-18 18:33:36,name_and_short_name_within_150m,matched
city,a3b419d9-a135-11e9-9cda-0a87ae2ba916,CHI01183,Wood St & Chicago Ave,41.895634,-87.672069,True,In Service,,16,divvy_13259f414bcc917b,station,2018-09-27 15:33:31,name_and_short_name_within_150m,matched
city,a3b41f78-a135-11e9-9cda-0a87ae2ba916,CHI01091,Clinton St & Jackson Blvd,41.8783166118,-87.6409810781,True,In Service,,31,divvy_cc41e4aeab61a366,station,2018-09-26 15:48:37,name_and_short_name_within_150m,matched
city,a3b424f6-a135-11e9-9cda-0a87ae2ba916,CHI01209,Lakefront Trail & Wilson Ave,41.9658742,-87.6455061,True,In Service,,15,divvy_d5f9aa63bf5c4e91,station,2020-01-01 11:00:37,name_and_short_name_within_150m,matched
city,a3b42a3e-a135-11e9-9cda-0a87ae2ba916,CHI00698,Bernard St & Elston Ave,41.949923,-87.713949,True,In Service,,11,divvy_761e415ceea41b83,station,2018-10-12 19:10:30,name_and_short_name_within_150m,matched
city,a3b42f5f-a135-11e9-9cda-0a87ae2ba916,CHI00702,Central Park Ave & Bloomingdale Ave,41.914166,-87.716755,True,In Service,,11,divvy_a3f15285d7435999,station,2018-10-03 01:02:05,name_and_short_name_within_150m,matched
city,a3b43478-a135-11e9-9cda-0a87ae2ba916,CHI01300,Latrobe Ave & Chicago Ave,41.89517,-87.75446,True,In Service,,7,divvy_6bd182482971cebf,station,2026-04-02 18:52:26.202000,name_and_short_name_within_150m,matched
city,a3b4399a-a135-11e9-9cda-0a87ae2ba916,CHI01237,Smith Park,41.892048,-87.689397,True,In Service,,15,divvy_527ff303635dc5ac,station,2018-09-28 08:14:20,name_and_short_name_within_150m,matched
city,a3b43eb7-a135-11e9-9cda-0a87ae2ba916,CHI00768,Western Ave & Fillmore St,41.868563,-87.686234,True,In Service,,11,divvy_10c904bfd11c3aa3,station,2018-10-13 17:10:06,name_and_short_name_within_150m,matched
city,a3b443ce-a135-11e9-9cda-0a87ae2ba916,CHI00705,Archer (Damen) Ave & 37th St,41.826712,-87.683144,True,In Service,,11,divvy_07a57dcacd100510,station,2019-01-05 02:44:39,name_and_short_name_within_150m,matched
city,a3b4497a-a135-11e9-9cda-0a87ae2ba916,CHI01078,State St & 54th St,41.796642,-87.625923,True,In Service,,11,divvy_ad8b7ebedd102679,station,2018-10-02 14:15:44,name_and_short_name_within_150m,matched
city,a3b44eba-a135-11e9-9cda-0a87ae2ba916,CHI01080,Racine Ave & 57th St,41.7896968805,-87.6546978951,True,In Service,,7,divvy_4f0e389c31957c87,station,2021-08-03 19:40:24,name_and_short_name_within_150m,matched
city,a3b453f2-a135-11e9-9cda-0a87ae2ba916,CHI00708,Carpenter St & 63rd St,41.77987,-87.650919,True,In Service,,7,divvy_7c6bf1ba1d6742fa,station,2018-10-26 12:26:00,name_and_short_name_within_150m,matched
city,a3b4590f-a135-11e9-9cda-0a87ae2ba916,CHI01217,Stewart Ave & 63rd St,41.779835,-87.634774,True,In Service,,11,divvy_c3eaef3a42004536,station,2018-10-22 18:42:22,name_and_short_name_within_150m,matched
city,a3b45e26-a135-11e9-9cda-0a87ae2ba916,CHI00771,Eggleston Ave & 69th St,41.768898,-87.635876,True,In Service,,11,divvy_b4ff25593e35d02a,station,2018-10-24 18:53:51,name_and_short_name_within_150m,matched
city,a3b46866-a135-11e9-9cda-0a87ae2ba916,CHI00789,Rhodes Ave & 71st St,41.766,-87.611726,True,In Service,,11,divvy_fb971e9a4550c454,station,2019-04-04 18:15:48,name_and_short_name_within_150m,matched
city,a3b4728f-a135-11e9-9cda-0a87ae2ba916,CHI00791,Racine Ave & Washington Blvd,41.883073,-87.656952,True,In Service,,11,divvy_d82098d22540d876,station,2018-10-17 18:24:12,name_and_short_name_within_150m,matched
city,a3b477ac-a135-11e9-9cda-0a87ae2ba916,CHI00773,Hoyne Ave & Balmoral Ave,41.979851,-87.681932,True,In Service,,15,divvy_b9a2c7849ea9d3e9,station,2018-10-02 19:50:09,name_and_short_name_within_150m,matched
city,a3b47cbc-a135-11e9-9cda-0a87ae2ba916,CHI00619,Damen Ave & Lake St,41.8849659,-87.6768354,True,In Service,,16,divvy_f3f9bce222d54cad,station,2024-08-05 08:27:49.029000,name_and_short_name_within_150m,matched
city,a3b481e1-a135-11e9-9cda-0a87ae2ba916,CHI00788,Wood St & Augusta Blvd,41.899181,-87.6722,True,In Service,,15,divvy_f551e64699e7999d,station,2018-09-12 18:14:42,name_and_short_name_within_150m,matched
city,a3b486f2-a135-11e9-9cda-0a87ae2ba916,CHI00787,Leavitt St & Division St,41.902997,-87.683825,True,In Service,,15,divvy_8402269987c1780d,station,2018-10-25 16:35:09,name_and_short_name_within_150m,matched
city,a3b48c07-a135-11e9-9cda-0a87ae2ba916,CHI00713,Leavitt St & Chicago Ave,41.895501,-87.682017,True,In Service,,19,divvy_39d1be6955273d79,station,2018-09-12 15:59:06,name_and_short_name_within_150m,matched
city,a3b49122-a135-11e9-9cda-0a87ae2ba916,CHI01050,Sheridan Rd & Columbia Ave,42.004583,-87.661406,True,In Service,,15,divvy_528f05d7e3a25388,station,2018-10-04 17:19:28,name_and_short_name_within_150m,matched
city,a3b4963f-a135-11e9-9cda-0a87ae2ba916,CHI01222,Dempster CTA,42.041267,-87.681577,False,In Service,,15,divvy_e945a999e8219cfe,station,2026-07-21 11:27:24.389000,name_and_short_name_within_150m,matched
city,a3b49b4c-a135-11e9-9cda-0a87ae2ba916,CHI00798,Orrington Ave & Clark St,42.050086,-87.679956,False,In Service,,15,divvy_0faef7bdc26b27fc,station,2026-07-21 19:56:11.091000,name_and_short_name_within_150m,matched
city,a3b4a05c-a135-11e9-9cda-0a87ae2ba916,CHI02045,Lincolnwood Dr & Central St,42.064854,-87.715297,False,In Service,,6,divvy_17055d904fbeffc4,station,2018-11-01 06:39:43,name_and_short_name_within_150m,matched
city,a3b4a579-a135-11e9-9cda-0a87ae2ba916,CHI00615,Leavitt St & Belmont Ave,41.939354,-87.683282,True,In Service,,15,divvy_787e5d6fbf9437bd,station,2018-12-14 11:12:21,name_and_short_name_within_150m,matched
city,a3b4aa91-a135-11e9-9cda-0a87ae2ba916,CHI01315,South Chicago Ave & Elliot Ave,41.747363,-87.580046,True,In Service,,7,divvy_ee8d2e6de5db8c1a,station,2019-03-21 14:46:16,name_and_short_name_within_150m,matched
city,a3b4afb6-a135-11e9-9cda-0a87ae2ba916,CHI00718,Cherry Ave & Blackhawk St,41.907221,-87.655618,True,In Service,,15,divvy_e2396e324e34a85c,station,2019-08-12 15:08:29,name_and_short_name_within_150m,matched
city,a4f9ba74-f1cc-4b6a-90ad-78cacd45d3e1,CHI00776,Olive Harvey College,41.7095811353,-87.5902336836,True,In Service,,15,divvy_49eaf74fd000a82c,station,2021-12-14 13:34:20,name_and_short_name_within_150m,matched
city,a5a5cb39-a6ee-45bc-96a0-6455ae111bad,CHI00870,East End Ave & 87th St,41.7368152144,-87.5828012824,True,In Service,,15,divvy_c8ee2a4fd9f52342,station,2020-08-01 14:57:08,name_and_short_name_within_150m,matched
city,a60781db-2bec-4a15-a4a2-363297aefcec,CHI00846,Halsted St & 73rd St,41.761605438,-87.6441609767,True,In Service,,15,divvy_64bfc973831a504e,station,2020-07-24 14:53:07,name_and_short_name_within_150m,matched
city,a77136ee-060b-433b-88d0-ec74af1ef7ad,CHI00956,Halsted St & 111th St,41.6922625559,-87.6426118612,True,In Service,,15,divvy_ee5c620d1e0f185e,station,2020-09-19 09:22:59,name_and_short_name_within_150m,matched
city,ad9f8858-dc27-43ca-8fdc-78044b22f1fc,CHI00795,Walden Pkwy & 100th St,41.7121641036,-87.6677334309,True,In Service,,15,divvy_fd7931db98911722,station,2020-09-29 18:33:21,name_and_short_name_within_150m,matched
city,aea853ed-c70c-4b1b-a7a8-d33869d8d58d,CHI00862,Major Taylor Trail & 115th St,41.6849315952,-87.6452887058,True,In Service,,15,divvy_382d7136f24eaf65,station,2020-09-16 21:52:50,name_and_short_name_within_150m,matched
city,b09832de-1c8e-4b92-bd72-bd98dc80b92c,CHI00832,Houston Ave & 92nd St,41.7282042154,-87.549700141,True,In Service,,15,divvy_cd390207674dfda6,station,2020-08-19 19:34:34,name_and_short_name_within_150m,matched
city,b43a9764-2b1d-4fa0-a13f-7e05eddc7fcd,CHI00872,Western Ave & 111th St,41.691211035,-87.6812973619,True,Not In Service,,23,divvy_969e14ed2e95deff,station,2020-10-10 15:50:19,name_and_short_name_within_150m,matched
city,b8c74f86-2873-4818-88ac-81d9ae374add,CHI02026,Fort Dearborn Dr & 31st St*,41.838676329,-87.6088321209,True,In Service,,20,divvy_5b6e16a5c10e1952,station,2023-06-05 17:06:53,name_and_short_name_within_150m,matched
city,bbb67562-1f82-4dfa-a532-231ddc35444e,CHI00828,Commercial Ave & 130th St,41.6591504276,-87.5507622957,True,In Service,,15,divvy_212d63f49b8461c1,station,2020-10-04 17:29:39,name_and_short_name_within_150m,matched
city,bbf9b599-1873-4133-b670-a0ef9e5c429c,CHI00957,Ashland Ave & 78th St,41.7522048494,-87.6636993885,True,In Service,,15,divvy_e86f30b59c0566b3,station,2020-07-29 19:19:52,name_and_short_name_within_150m,matched
city,bc4d498d-c272-4474-beca-10e5268e7253,CHI00819,Eggleston Ave & 92nd St,41.7275756593,-87.6348280907,True,In Service,,15,divvy_3ede1e30f941e5dc,station,2020-09-03 17:51:20,name_and_short_name_within_150m,matched
city,c1f104db-9ee7-4999-bd4a-ddd766c75e04,CHI00863,Burnham Greenway & 105th St,41.7045750872,-87.52823174,True,In Service,,11,divvy_254a6c78254c5a9b,station,2020-09-18 20:28:43,name_and_short_name_within_150m,matched
city,c3f1be96-07c2-4c65-8a1d-f2203de88495,CHI00857,Halsted St & 78th St,41.7524870125,-87.6439021575,True,In Service,,15,divvy_e73fd352937048b0,station,2020-07-23 19:07:04,name_and_short_name_within_150m,matched
city,c4040b17-88bd-40ab-9aae-2655d6771580,CHI00845,Greenwood Ave & 91st St,41.7282642682,-87.5972986221,True,Not In Service,,15,divvy_7befe896e4ea4bba,station,2020-09-01 21:02:36,name_and_short_name_within_150m,matched
city,ce334dea-c5ba-45ca-a52d-39dc161683b0,CHI00864,Eberhart Ave & 131st St,41.6584131511,-87.610710897,True,In Service,,15,divvy_564f148b98d96e12,station,2020-09-24 15:41:05,name_and_short_name_within_150m,matched
city,cec28069-2a36-48e1-bcec-2364b44834c4,CHI00830,Stewart Ave & 83rd St,41.743717,-87.634088,True,In Service,,15,divvy_b58eefb8949d7580,station,2020-07-16 09:41:20,name_and_short_name_within_150m,matched
city,d53ae727-5265-4b8e-a6ca-2a36dc0345c4,CHI02052,Wilton Ave & Diversey Pkwy,41.932418,-87.652705,True,In Service,,48,divvy_712af6312f753095,station,2013-06-29 13:41:00,name_and_short_name_within_150m,matched
city,d6456ded-180b-4d6e-b020-3aa80bce5c2c,CHI00728,Green St & 86th St,41.7378484767,-87.6448997855,True,In Service,,15,divvy_f025611b5ba8cd39,station,2020-08-15 10:14:31,name_and_short_name_within_150m,matched
city,da9e6779-5056-4d45-bae3-9dc325ed2807,CHI00794,Hale Ave & 107th St,41.6992061681,-87.6689189672,True,In Service,,11,divvy_433bc7f6568c8e71,station,2020-10-02 08:36:36,name_and_short_name_within_150m,matched
city,e63300bd-4ca3-4255-adfd-522289d68b8a,CHI00875,Loomis Blvd & 84th St,41.7414865286,-87.6584100723,True,In Service,,15,divvy_d3eb2c59b8fba8d0,station,2020-08-13 09:08:35,name_and_short_name_within_150m,matched
city,ee925757-31ce-41ad-9bb7-73b1bb363616,CHI00854,Yates Ave & 95th St,41.72237,-87.56478,True,In Service,,11,divvy_f88524457e0740c8,station,2026-01-12 13:24:35.271000,name_and_short_name_within_150m,matched
city,f0f9f5dc-3d3f-4a32-aa3e-b87566e44de9,CHI00740,Prospect Sq & 91st St,41.7282338,-87.6675239,True,In Service,,14,divvy_0ad59c1505e2f7ef,station,2020-08-14 19:38:18,name_and_short_name_within_150m,matched
city,ff21c158-de98-46c6-9ef7-7082bdb7c634,CHI00876,Hegewisch Metra Station,41.6485007627,-87.5460898876,True,In Service,,15,divvy_3ab77925952c2676,station,2020-11-06 15:32:58,name_and_short_name_within_150m,matched
gbfs,1936582560225114270,CHI00815,Grace St & Cicero Ave,41.94973,-87.74695,True,renting_and_returning,classic,7,divvy_ab3fc737d8bcc069,station,2024-04-16 19:32:24,name_and_short_name_within_150m,matched
gbfs,2113983884661901700,CHI02090,Wallace St & 28th St,41.843511,-87.6419,True,renting_and_returning,classic,15,divvy_e8a9363406aa9a37,station,2025-08-07 20:15:37.625000,name_and_short_name_within_150m,matched
gbfs,a3a96aca-a135-11e9-9cda-0a87ae2ba916,CHI00415,Halsted St & 37th St,41.827059,-87.64572,True,renting_and_returning,classic,11,divvy_f49f7ee3667e4ddc,station,2013-06-28 14:36:00,name_and_short_name_within_150m,matched
gbfs,a3aa8ca0-a135-11e9-9cda-0a87ae2ba916,CHI00481,Southport Ave & Irving Park Rd,41.954177,-87.664358,True,renting_and_returning,classic,15,divvy_fc9d2e3194410663,station,2013-09-22 10:52:00,name_and_short_name_within_150m,matched
gbfs,2136953562065386088,CHI02147,Western Ave & Berteau Ave,41.95774,-87.688273,True,renting_and_returning,classic,11,divvy_11d6cd545fc5c2e6,station,2022-06-10 21:05:32,name_and_short_name_within_150m,matched
gbfs,da9e6779-5056-4d45-bae3-9dc325ed2807,CHI00794,Hale Ave & 107th St,41.699206168127674,-87.66891896724701,True,renting_and_returning,classic,11,divvy_433bc7f6568c8e71,station,2020-10-02 08:36:36,name_and_short_name_within_150m,matched
gbfs,1945195957167804800,CHI01847,Knox Ave & Marquette Ave,41.77114,-87.73774,True,renting_and_returning,classic,7,divvy_e5b770e40dddbd6a,station,2024-05-19 10:56:47,name_and_short_name_within_150m,matched
gbfs,2010820263334840794,CHI01891,Panama Ave & Grace St,41.94766,-87.82925,True,renting_and_returning,classic,11,divvy_2e0012ea80c2809f,station,2021-09-10 22:50:01,name_and_short_name_within_150m,matched
gbfs,a3b2d7d9-a135-11e9-9cda-0a87ae2ba916,CHI00735,Western Blvd & 48th Pl,41.805661,-87.683392,True,renting_and_returning,classic,11,divvy_9913197cc5e47f97,station,2016-06-18 16:56:00,name_and_short_name_within_150m,matched
gbfs,a3ac7444-a135-11e9-9cda-0a87ae2ba916,CHI00632,North Branch St & Haines St,41.90056,-87.65079,True,renting_and_returning,classic,15,divvy_a925e88f62ede212,station,2026-03-01 11:01:08.121000,name_and_short_name_within_150m,matched
gbfs,a3a3f0c6-a135-11e9-9cda-0a87ae2ba916,CHI00262,Larrabee St & Menomonee St,41.91468,-87.64332,True,renting_and_returning,classic,15,divvy_60921d72b8fdcfd4,station,2013-06-27 12:15:00,name_and_short_name_within_150m,matched
gbfs,a3af2c5f-a135-11e9-9cda-0a87ae2ba916,CHI00571,Broadway & Thorndale Ave,41.98974251144,-87.6601406209,True,renting_and_returning,classic,19,divvy_7a0bcd9db963028c,station,2015-05-11 18:17:00,name_and_short_name_within_150m,matched
gbfs,a3aa0bb7-a135-11e9-9cda-0a87ae2ba916,CHI00414,Broadway & Berwyn Ave,41.978361,-87.659789,True,renting_and_returning,classic,15,divvy_6af4826365da8be0,station,2013-09-18 17:26:00,name_and_short_name_within_150m,matched
gbfs,a3afd7ab-a135-11e9-9cda-0a87ae2ba916,CHI00610,Talman Ave & Addison St,41.9466358306,-87.694614758,True,renting_and_returning,classic,15,divvy_75f565842814bd58,station,2015-05-04 18:17:00,name_and_short_name_within_150m,matched
gbfs,1970688521031469268,CHI01973,Martin Luther King Dr & 87th St,41.73677,-87.61439,True,renting_and_returning,classic,15,divvy_78bd55e5d0212105,station,2024-07-30 15:46:06.288000,name_and_short_name_within_150m,matched
gbfs,a3b22d3d-a135-11e9-9cda-0a87ae2ba916,CHI00703,Damen Ave & 59th St,41.785861065132,-87.67414391040802,True,renting_and_returning,classic,11,divvy_108eec0354ff4a76,station,2017-03-27 16:23:23,name_and_short_name_within_150m,matched
gbfs,a3a5f5e6-a135-11e9-9cda-0a87ae2ba916,CHI00323,Halsted St & 21st St,41.85377981072743,-87.6466029882431,True,renting_and_returning,classic,11,divvy_a60448a62e485191,station,2013-07-24 12:22:00,name_and_short_name_within_150m,matched
gbfs,2209665962787237634,CHI02249,Campbell Ave & Irving Park Rd,41.95362,-87.69079,True,renting_and_returning,classic,11,divvy_1c1f522cc5d30024,station,2022-01-25 20:37:15,name_and_short_name_within_150m,matched
gbfs,ff21c158-de98-46c6-9ef7-7082bdb7c634,CHI00876,Hegewisch Metra Station,41.64850076266409,-87.54608988761902,True,renting_and_returning,classic,15,divvy_3ab77925952c2676,station,2020-11-06 15:32:58,name_and_short_name_within_150m,matched
gbfs,a3af8123-a135-11e9-9cda-0a87ae2ba916,CHI00302,Christiana Ave & Lawrence Ave,41.96835449363,-87.7118306675,True,renting_and_returning,classic,15,divvy_9a9887d923fe5792,station,2015-05-16 20:05:00,name_and_short_name_within_150m,matched
gbfs,792ceba0-564f-4a2c-bcb5-90da781ffeef,CHI00748,State St & 95th St,41.7218499,-87.6228544,True,renting_and_returning,classic,15,divvy_80cffc462708ca55,station,2020-08-20 13:04:24,name_and_short_name_within_150m,matched
gbfs,a3b2862e-a135-11e9-9cda-0a87ae2ba916,CHI00691,Bennett Ave & 79th St,41.751785,-87.578496,True,renting_and_returning,classic,11,divvy_69f962e3df14cbfe,station,2017-02-01 09:57:50,name_and_short_name_within_150m,matched
gbfs,a3b13836-a135-11e9-9cda-0a87ae2ba916,CHI00678,Kenton Ave & Madison St,41.88042,-87.74108,True,renting_and_returning,classic,11,divvy_2198fb3d39c9f532,station,2016-06-14 05:44:00,name_and_short_name_within_150m,matched
gbfs,1943244109954931024,CHI01844,Western Ave & 43rd St,41.81574,-87.68489,True,renting_and_returning,classic,15,divvy_b8bdb563f4e73d3c,station,2024-05-09 22:56:38,name_and_short_name_within_150m,matched
gbfs,1936552461714393094,CHI01851,St. Louis Ave & 59th St,41.78589,-87.71057,True,renting_and_returning,classic,15,divvy_be301dfb05987ef3,station,2021-10-21 16:47:09,name_and_short_name_within_150m,matched
gbfs,2150675229819632068,CHI02172,Shore Dr & 53rd St,41.79945,-87.58237,True,renting_and_returning,classic,15,divvy_e35297ff68a27640,station,2025-11-13 16:45:11.852000,name_and_short_name_within_150m,matched
gbfs,2133966431192650344,CHI02140,Wacker Dr & Randolph St,41.88454,-87.63732,True,renting_and_returning,classic,24,divvy_248063a0b0218517,station,2025-09-29 13:36:46.500000,name_and_short_name_within_150m,matched
gbfs,a3ac9d43-a135-11e9-9cda-0a87ae2ba916,CHI00576,Western Ave & Walton St,41.89841768945,-87.6865960164,True,renting_and_returning,classic,23,divvy_f95143336f2125f8,station,2015-04-27 19:54:00,name_and_short_name_within_150m,matched
gbfs,e63300bd-4ca3-4255-adfd-522289d68b8a,CHI00875,Loomis Blvd & 84th St,41.741486528618054,-87.65841007232666,True,renting_and_returning,classic,15,divvy_d3eb2c59b8fba8d0,station,2020-08-13 09:08:35,name_and_short_name_within_150m,matched
gbfs,a3afb401-a135-11e9-9cda-0a87ae2ba916,CHI00593,Monticello Ave & Irving Park Rd,41.95400483876,-87.7191281797,True,renting_and_returning,classic,15,divvy_1fd49f3a047230f1,station,2015-05-07 18:56:00,name_and_short_name_within_150m,matched
gbfs,2112108504264821720,CHI02086,Francisco Ave & Bloomingdale Ave,41.91396,-87.6994,True,renting_and_returning,classic,11,divvy_b5d681afb94391ff,station,2021-11-11 18:06:28,name_and_short_name_within_150m,matched
gbfs,a3a3e67b-a135-11e9-9cda-0a87ae2ba916,CHI00279,New St & Illinois St,41.890847040623804,-87.61861681938171,True,renting_and_returning,classic,31,divvy_549d0b8800ddce1a,station,2020-10-18 15:45:54,name_and_short_name_within_150m,matched
gbfs,a3a854bf-a135-11e9-9cda-0a87ae2ba916,CHI00303,Sedgwick St & Schiller St,41.907626,-87.638566,True,renting_and_returning,classic,15,divvy_0aeb149126fec5ef,station,2013-08-20 18:05:00,name_and_short_name_within_150m,matched
gbfs,a3a80512-a135-11e9-9cda-0a87ae2ba916,CHI00388,Damen Ave & Cortland St,41.915983,-87.677335,True,renting_and_returning,classic,19,divvy_250fd020e6ba8580,station,2013-08-20 14:05:00,name_and_short_name_within_150m,matched
gbfs,a3aaa68b-a135-11e9-9cda-0a87ae2ba916,CHI00492,Sheridan Rd & Lawrence Ave,41.969517,-87.654691,True,renting_and_returning,classic,19,divvy_175f55857f2a35c8,station,2013-09-23 16:31:00,name_and_short_name_within_150m,matched
gbfs,2186726165999504510,CHI02207,Sheffield Ave & School St,41.94236,-87.65427,True,renting_and_returning,classic,15,divvy_8fd3fc1ce384be57,station,2026-02-19 20:09:16.783000,name_and_short_name_within_150m,matched
gbfs,1850868044363584392,CHI01913,University Ave & 59th St,41.787878,-87.598906,True,renting_and_returning,classic,15,divvy_bc061618830fc985,station,2023-08-29 13:50:43,name_and_short_name_within_150m,matched
gbfs,2007796988006173238,CHI01954,Melvina Ave & Giddings Ave,41.96648,-87.78202,True,renting_and_returning,classic,8,divvy_cdce2a9702fdc32e,station,2024-10-27 23:55:52.590000,name_and_short_name_within_150m,matched
gbfs,2116941558607507816,CHI02098,Peoria St & Kinzie St,41.88896,-87.64973,True,renting_and_returning,classic,19,divvy_19ea80f19d68883a,station,2025-08-14 16:12:32.182000,name_and_short_name_within_150m,matched
gbfs,2243454367036320744,CHI02366,North Ave Beach,41.91399,-87.62527,True,renting_and_returning,classic,42,divvy_1530ab1173fb55cb,station,2026-07-21 12:20:38.344000,name_and_short_name_within_150m,matched
gbfs,759171ce-f355-4740-948d-e14bb8f7dc0e,CHI00843,Avenue O & 134th St,41.6519026853208,-87.53955539376464,True,renting_and_returning,classic,15,divvy_a8a5d7cd9f3aa1ba,station,2020-09-23 18:40:05,name_and_short_name_within_150m,matched
gbfs,a3b2be3a-a135-11e9-9cda-0a87ae2ba916,CHI00692,Milwaukee Ave & Cuyler Ave,41.954468,-87.749594,True,renting_and_returning,classic,11,divvy_ad18a0e5688998e3,station,2016-07-12 16:17:01,name_and_short_name_within_150m,matched
gbfs,1879436840905128284,CHI01546,Francisco Ave & 85th St,41.738902,-87.695518,True,renting_and_returning,classic,15,divvy_4da833db7b24c18b,station,2024-02-03 16:24:17,name_and_short_name_within_150m,matched
gbfs,2245646187730700376,CHI02386,South Boulevard CTA,42.0274991,-87.6781649,False,renting_and_returning,classic,8,divvy_0db794d7bc633203,station,2026-07-27 20:33:07.644000,name_and_short_name_within_150m,matched
gbfs,a3afd294-a135-11e9-9cda-0a87ae2ba916,CHI00570,Troy St & Elston Ave,41.94524356848,-87.7066499009,True,renting_and_returning,classic,15,divvy_f9bdeaa06bac613a,station,2015-05-05 16:42:00,name_and_short_name_within_150m,matched
gbfs,1869054242749504212,CHI01857,Kilbourn Ave & Roscoe St,41.942722,-87.739557,True,renting_and_returning,classic,15,divvy_878793cdf4719b4e,station,2023-10-19 14:33:01,name_and_short_name_within_150m,matched
gbfs,a3a9c0f6-a135-11e9-9cda-0a87ae2ba916,CHI00431,Morgan St & 31st St,41.8378,-87.65114,True,renting_and_returning,classic,15,divvy_5ff2e6efe4e62f43,station,2013-09-13 22:26:00,name_and_short_name_within_150m,matched
gbfs,2130026180535114202,CHI02131,Milwaukee Ave & Armitage Ave,41.91771,-87.68864,True,renting_and_returning,classic,11,divvy_0e9e4f7985e1e9c8,station,2025-09-19 15:48:38.351000,name_and_short_name_within_150m,matched
gbfs,2134710117969748266,CHI02143,St Clair St & Ohio St,41.89238,-87.62264,True,renting_and_returning,classic,11,divvy_d77afab5963e7821,station,2025-10-01 13:04:47.703000,name_and_short_name_within_150m,matched
gbfs,a3a8855c-a135-11e9-9cda-0a87ae2ba916,CHI00395,Clarendon Ave & Junior Ter,41.961004,-87.649603,True,renting_and_returning,classic,27,divvy_c4b2355dfb399499,station,2013-08-26 14:58:00,name_and_short_name_within_150m,matched
gbfs,1958859639339458778,CHI01842,Wood St & 33rd St,41.83427,-87.6706,True,renting_and_returning,classic,15,divvy_c43e6f07ee01b7a4,station,2024-06-18 20:30:16.718000,name_and_short_name_within_150m,matched
gbfs,a3b222fc-a135-11e9-9cda-0a87ae2ba916,CHI01166,Racine Ave & Garfield Blvd,41.794228,-87.655073,True,renting_and_returning,classic,11,divvy_077c6acdc5ea2747,station,2016-06-21 12:15:00,name_and_short_name_within_150m,matched
gbfs,a3a497b6-a135-11e9-9cda-0a87ae2ba916,CHI00240,Dayton St & North Ave,41.9105780349,-87.6494219288,True,renting_and_returning,classic,19,divvy_1991489596f60c45,station,2013-06-27 21:41:00,name_and_short_name_within_150m,matched
gbfs,a3ad2d57-a135-11e9-9cda-0a87ae2ba916,CHI00491,State St & Pershing Rd,41.82301523798,-87.6265680185,True,renting_and_returning,classic,11,divvy_cb72628569d76ce2,station,2015-04-16 12:04:00,name_and_short_name_within_150m,matched
gbfs,1929538112769137066,CHI01892,Bernard St & Peterson Ave,41.9904393,-87.715236,True,renting_and_returning,classic,15,divvy_d248b97574bd5488,station,2024-03-29 13:37:12,name_and_short_name_within_150m,matched
gbfs,a3b0fae6-a135-11e9-9cda-0a87ae2ba916,CHI01143,Glenwood Ave & Touhy Ave,42.012701,-87.666058,True,renting_and_returning,classic,15,divvy_a8d09823bc8a657a,station,2016-07-08 18:23:15,name_and_short_name_within_150m,matched
gbfs,2141761256023053044,CHI02155,Sheridan Rd & Berwyn Ave,41.97828,-87.65529,True,renting_and_returning,classic,15,divvy_e75fec034c0f3d4e,station,2025-10-21 12:03:25.323000,name_and_short_name_within_150m,matched
gbfs,a3b24701-a135-11e9-9cda-0a87ae2ba916,CHI00688,Damen Ave & 74th St,41.759274039331224,-87.67363429069519,True,renting_and_returning,classic,11,divvy_9f7114e0faabaa40,station,2022-05-07 18:20:23,name_and_short_name_within_150m,matched
gbfs,a3acea44-a135-11e9-9cda-0a87ae2ba916,CHI00293,Calumet Ave & 71st St,41.76550800581,-87.616917925,True,renting_and_returning,classic,11,divvy_e2c5fd64bef18092,station,2015-04-26 15:10:00,name_and_short_name_within_150m,matched
gbfs,a3ab9119-a135-11e9-9cda-0a87ae2ba916,CHI00508,Ravenswood Ave & Lawrence Ave,41.968445,-87.674226,True,renting_and_returning,classic,47,divvy_f0a8a1e0969a1c29,station,2014-07-01 03:58:00,name_and_short_name_within_150m,matched
gbfs,a3a859c4-a135-11e9-9cda-0a87ae2ba916,CHI00386,MLK Jr Dr & 29th St,41.842052,-87.617,True,renting_and_returning,classic,19,divvy_a81cff502e6de5ee,station,2013-08-20 18:00:00,name_and_short_name_within_150m,matched
gbfs,2126182171734508022,CHI02120,Leavitt St & Augusta Blvd,41.89962,-87.68194,True,renting_and_returning,classic,15,divvy_34fe23bd09bb2566,station,2025-09-08 17:25:25.378000,name_and_short_name_within_150m,matched
gbfs,2132204879062053464,CHI02134,Wood St & Cortland St,41.91589,-87.67281,True,renting_and_returning,classic,11,divvy_9aac95a314d35461,station,2025-09-25 06:56:29,name_and_short_name_within_150m,matched
gbfs,a3a6c38e-a135-11e9-9cda-0a87ae2ba916,CHI00236,Southport Ave & Wellington Ave,41.93577461766458,-87.66360014677048,True,renting_and_returning,classic,19,divvy_80427b75dd52b04b,station,2013-07-25 17:19:00,name_and_short_name_within_150m,matched
gbfs,f0f9f5dc-3d3f-4a32-aa3e-b87566e44de9,CHI00740,Prospect Sq & 91st St,41.7282338,-87.6675239,True,renting_and_returning,classic,14,divvy_0ad59c1505e2f7ef,station,2020-08-14 19:38:18,name_and_short_name_within_150m,matched
gbfs,2170354186502672462,CHI02187,Lawndale Ave & 16th St,41.85916,-87.71769,True,renting_and_returning,classic,8,divvy_943fbeb6008f74fa,station,2021-07-11 10:05:49,name_and_short_name_within_150m,matched
gbfs,a3b1d532-a135-11e9-9cda-0a87ae2ba916,CHI00596,Austin Blvd & Madison St,41.880281,-87.774453,True,renting_and_returning,classic,11,divvy_40912658d75324f6,station,2017-07-03 16:00:25,name_and_short_name_within_150m,matched
gbfs,1967727360320698512,CHI01848,Western Ave & Lake St,41.88481,-87.68668,True,renting_and_returning,classic,15,divvy_53e54f4584462bbc,station,2021-11-27 09:05:00,name_and_short_name_within_150m,matched
gbfs,1984107787514337392,CHI01968,Princeton Ave & 95th St,41.72175,-87.63075,True,renting_and_returning,classic,16,divvy_188422b44709d689,station,2024-09-13 14:25:24.703000,name_and_short_name_within_150m,matched
gbfs,1931696364106218226,CHI01823,21st St & Pulaski Rd,41.85345,-87.7245,True,renting_and_returning,classic,15,divvy_c15a94a00d1106bc,station,2024-04-13 23:03:36,name_and_short_name_within_150m,matched
gbfs,a3a7f0ba-a135-11e9-9cda-0a87ae2ba916,CHI00317,Damen Ave & Madison St,41.88137,-87.67493,True,renting_and_returning,classic,15,divvy_fdc75a43602f2f9e,station,2013-08-15 20:28:00,name_and_short_name_within_150m,matched
gbfs,a3ac7e9a-a135-11e9-9cda-0a87ae2ba916,CHI00456,Racine Ave & 35th St,41.83068856472101,-87.65621066093445,True,renting_and_returning,classic,15,divvy_442be4310558c33d,station,2015-04-14 19:56:00,name_and_short_name_within_150m,matched
gbfs,a3af52bc-a135-11e9-9cda-0a87ae2ba916,CHI00617,Marine Dr & Ainslie St,41.9716,-87.650154,True,renting_and_returning,classic,23,divvy_6c4d1a12983e98d2,station,2015-07-17 13:21:00,name_and_short_name_within_150m,matched
gbfs,a3b11480-a135-11e9-9cda-0a87ae2ba916,CHI01122,Laramie Ave & Kinzie St,41.887832,-87.755527,True,renting_and_returning,classic,11,divvy_23003e26be817a42,station,2016-06-14 21:19:00,name_and_short_name_within_150m,matched
gbfs,1969221526359528022,CHI01942,Milwaukee Ave & Ainslie St,41.96861,-87.76108,True,renting_and_returning,classic,19,divvy_a23b93a532e593c8,station,2024-07-13 00:20:06.133000,name_and_short_name_within_150m,matched
gbfs,2256466128790948444,CHI02407,Ashland Ave & Addison St,41.94689,-87.66916,True,renting_and_returning,classic,15,divvy_c1694f7fe6c7a7b0,station,2026-08-26 17:56:34.157000,name_and_short_name_within_150m,matched
gbfs,a3b477ac-a135-11e9-9cda-0a87ae2ba916,CHI00773,Hoyne Ave & Balmoral Ave,41.979851,-87.681932,True,renting_and_returning,classic,15,divvy_b9a2c7849ea9d3e9,station,2018-10-02 19:50:09,name_and_short_name_within_150m,matched
gbfs,1978857650118994914,CHI01933,Indiana Ave & 133rd St,41.6538,-87.61719,True,renting_and_returning,classic,8,divvy_8f666a3eb25ced3d,station,2021-10-21 21:40:52,name_and_short_name_within_150m,matched
gbfs,a3b1c47b-a135-11e9-9cda-0a87ae2ba916,CHI00594,Central Ave & Harrison St,41.872993,-87.764499,True,renting_and_returning,classic,11,divvy_881c1a32d50ce5ef,station,2016-06-16 08:59:00,name_and_short_name_within_150m,matched
gbfs,a3a48d5c-a135-11e9-9cda-0a87ae2ba916,CHI00259,Elston Ave & Cortland St,41.91643342912655,-87.66674637794495,True,renting_and_returning,classic,23,divvy_bd4388da2ce7918a,station,2021-05-23 14:50:25,name_and_short_name_within_150m,matched
gbfs,a3a76cb6-a135-11e9-9cda-0a87ae2ba916,CHI00232,Greenview Ave & Fullerton Ave,41.92533,-87.6658,True,renting_and_returning,classic,18,divvy_2c5db0e7d4439fda,station,2013-07-11 17:24:00,name_and_short_name_within_150m,matched
gbfs,2246051588008437124,CHI02388,Evanston Civic Center,42.057127,-87.686482,False,renting_and_returning,classic,8,divvy_a3acd7688f499ebc,station,2018-10-31 18:37:05,name_and_short_name_within_150m,matched
gbfs,a3a3b731-a135-11e9-9cda-0a87ae2ba916,CHI00269,Honore St & Division St,41.903119,-87.673935,True,renting_and_returning,classic,23,divvy_2ff4646ed9019339,station,2017-07-01 00:36:18,name_and_short_name_within_150m,matched
gbfs,a3afbe2e-a135-11e9-9cda-0a87ae2ba916,CHI00369,Oakley Ave & Irving Park Rd,41.95434085219,-87.6860796243,True,renting_and_returning,classic,15,divvy_8620c4e16a5faaab,station,2015-05-13 14:22:00,name_and_short_name_within_150m,matched
gbfs,a3b23cb8-a135-11e9-9cda-0a87ae2ba916,CHI00706,Racine Ave & 65th St,41.775393,-87.654308,True,renting_and_returning,classic,11,divvy_1bb69415f95b2cbf,station,2016-07-01 08:57:33,name_and_short_name_within_150m,matched
gbfs,a3b48c07-a135-11e9-9cda-0a87ae2ba916,CHI00713,Leavitt St & Chicago Ave,41.895501,-87.682017,True,renting_and_returning,classic,19,divvy_39d1be6955273d79,station,2018-09-12 15:59:06,name_and_short_name_within_150m,matched
gbfs,1929967657204564894,CHI01905,Kedvale Ave & Peterson Ave,41.9900762,-87.7317073,True,renting_and_returning,classic,15,divvy_b3167340cffdb8c2,station,2024-04-30 13:55:51,name_and_short_name_within_150m,matched
gbfs,a3ae87fa-a135-11e9-9cda-0a87ae2ba916,CHI00752,Sheridan Rd & Arthur Ave,42.00046,-87.66058,True,renting_and_returning,classic,23,divvy_d6159db10a415fec,station,2026-08-05 21:45:37.563000,name_and_short_name_within_150m,matched
gbfs,a3a99d47-a135-11e9-9cda-0a87ae2ba916,CHI00243,Michigan Ave & 18th St,41.857926,-87.624336,True,renting_and_returning,classic,23,divvy_0f97e371f205f78d,station,2013-07-15 18:03:00,name_and_short_name_within_150m,matched
gbfs,a3b481e1-a135-11e9-9cda-0a87ae2ba916,CHI00788,Wood St & Augusta Blvd,41.899181,-87.6722,True,renting_and_returning,classic,15,divvy_f551e64699e7999d,station,2018-09-12 18:14:42,name_and_short_name_within_150m,matched
gbfs,a3a41004-a135-11e9-9cda-0a87ae2ba916,CHI00314,Cannon Dr & Fullerton Ave,41.9267559875,-87.6344287848,True,renting_and_returning,classic,15,divvy_3657b024be86aca6,station,2013-06-27 16:01:00,name_and_short_name_within_150m,matched
gbfs,2237899334645272536,CHI02359,Ravenswood Ave & Grace St,41.95051,-87.67407,True,renting_and_returning,classic,15,divvy_69a90586172f1c8f,station,2026-07-06 14:03:08.599000,name_and_short_name_within_150m,matched
gbfs,a3aae35a-a135-11e9-9cda-0a87ae2ba916,CHI00355,Calumet Ave & 35th St,41.831379,-87.618034,True,renting_and_returning,classic,15,divvy_b4fee402e3e2f457,station,2013-10-19 10:33:00,name_and_short_name_within_150m,matched
gbfs,a3b20960-a135-11e9-9cda-0a87ae2ba916,CHI01165,Damen Ave & 51st St,41.800908,-87.674684,True,renting_and_returning,classic,7,divvy_80ccfe64b9bf493a,station,2016-06-21 12:33:00,name_and_short_name_within_150m,matched
gbfs,1890605196211329420,CHI01763,Cicero Ave & Wrightwood Ave,41.9279057,-87.7467295,True,renting_and_returning,classic,15,divvy_7b4120886bdfebf0,station,2022-05-09 19:56:07,name_and_short_name_within_150m,matched
gbfs,a3a528d0-a135-11e9-9cda-0a87ae2ba916,CHI00557,Stony Island Ave & 64th St,41.778881,-87.586647,True,renting_and_returning,classic,11,divvy_f0e395a832c25a12,station,2015-05-08 11:01:00,name_and_short_name_within_150m,matched
gbfs,2111730464161852178,CHI02084,Elston Ave & George St,41.934003,-87.690823,True,renting_and_returning,classic,11,divvy_a752a8068ce90e0d,station,2021-11-05 14:02:13,name_and_short_name_within_150m,matched
gbfs,1929883678185797908,CHI01758,Lockwood Ave & Grand Ave,41.9175941,-87.7584143,True,renting_and_returning,classic,15,divvy_e12077727f28879d,station,2024-04-14 23:24:52,name_and_short_name_within_150m,matched
gbfs,2020809814916515864,CHI02003,Menard Ave & Milwaukee Ave,41.98139,-87.77331,True,renting_and_returning,classic,8,divvy_ca56bbaf1f997f7e,station,2024-12-13 20:46:08.156000,name_and_short_name_within_150m,matched
gbfs,1882466626513795782,CHI00959,Keeler Ave & Carmen Ave,41.974323,-87.7331,True,service_restricted,classic,15,divvy_58368ccc8bb22ea3,station,2023-12-29 15:09:47,name_and_short_name_within_150m,matched
gbfs,1934288718318207280,CHI01883,Meade Ave & Fullerton Ave,41.924751,-87.778272,True,renting_and_returning,classic,7,divvy_51882e593e81d000,station,2024-05-04 17:33:58,name_and_short_name_within_150m,matched
gbfs,1992234898774407528,CHI01884,Pulaski Rd & 60th Pl,41.78315,-87.72257,True,renting_and_returning,classic,8,divvy_48e84627dd97c3a1,station,2024-09-13 15:28:27.468000,name_and_short_name_within_150m,matched
gbfs,2186308443416755100,CHI02205,Homan Ave & 65th St,41.77519,-87.70811,True,renting_and_returning,classic,8,divvy_dc910d753ff0319d,station,2022-03-05 16:44:00,name_and_short_name_within_150m,matched
gbfs,a3b2905a-a135-11e9-9cda-0a87ae2ba916,CHI00722,Exchange Ave & 79th St,41.75211500633265,-87.55200700025293,True,renting_and_returning,classic,11,divvy_9ef2699e75be4920,station,2016-07-29 20:38:40,name_and_short_name_within_150m,matched
gbfs,a3ac3b03-a135-11e9-9cda-0a87ae2ba916,CHI00751,Clark St & Touhy Ave,42.01256011541,-87.6743671152,True,renting_and_returning,classic,15,divvy_d7fdcce2d68d5bdf,station,2015-05-18 20:27:00,name_and_short_name_within_150m,matched
gbfs,a3b00b3a-a135-11e9-9cda-0a87ae2ba916,CHI00552,Richmond St & Diversey Ave,41.93190196886,-87.7011951301,True,renting_and_returning,classic,15,divvy_afd3a4cf4867d420,station,2015-05-05 16:09:00,name_and_short_name_within_150m,matched
gbfs,2142134222222184846,CHI02156,Granville Ave & Clark St,41.9944,-87.66983,True,renting_and_returning,classic,15,divvy_7b9cbe22a39fe1d5,station,2025-10-21 15:01:40.734000,name_and_short_name_within_150m,matched
gbfs,1934289130932983934,CHI01898,Hoyne Ave & 34th St,41.8320245,-87.6778387,True,renting_and_returning,classic,15,divvy_2f3d50ea9a70093f,station,2021-09-29 12:24:39,name_and_short_name_within_150m,matched
gbfs,a3af9a83-a135-11e9-9cda-0a87ae2ba916,CHI00227,Drake Ave & Montrose Ave,41.96115407569,-87.7165690733,True,renting_and_returning,classic,15,divvy_5249f5d029cac456,station,2015-05-05 15:09:00,name_and_short_name_within_150m,matched
gbfs,a3acdae2-a135-11e9-9cda-0a87ae2ba916,CHI00568,Wentworth Ave & 63rd St,41.78007963264,-87.6297463052,True,renting_and_returning,classic,11,divvy_c24c5adfc09d3180,station,2015-05-20 22:08:00,name_and_short_name_within_150m,matched
gbfs,a3a5a9d0-a135-11e9-9cda-0a87ae2ba916,CHI00520,Blackstone Ave & Hyde Park Blvd,41.802562,-87.590368,True,renting_and_returning,classic,19,divvy_54cad3323743c2d2,station,2013-06-29 13:03:00,name_and_short_name_within_150m,matched
gbfs,2228291487111661872,CHI02347,Glenwood Ave & Devon Ave,41.99791,-87.66545,True,renting_and_returning,classic,15,divvy_2c4ff5e801d05711,station,2026-06-10 15:51:19.122000,name_and_short_name_within_150m,matched
gbfs,a3a5700b-a135-11e9-9cda-0a87ae2ba916,CHI00295,Wells St & Ohio St,41.89281,-87.63421,True,renting_and_returning,classic,15,divvy_a3264aaf8b5c08ad,station,2013-07-30 10:26:00,name_and_short_name_within_150m,matched
gbfs,2128788290981175550,CHI02124,Dearborn St & Maple St,41.90192,-87.63026,True,renting_and_returning,classic,19,divvy_62dc99347d8235e6,station,2025-09-15 13:15:53.448000,name_and_short_name_within_150m,matched
gbfs,a3b29fae-a135-11e9-9cda-0a87ae2ba916,CHI00724,Stony Island Ave & 82nd St,41.746559,-87.586005,True,renting_and_returning,classic,11,divvy_0ea94cfc2290d1dd,station,2016-08-03 21:13:05,name_and_short_name_within_150m,matched
gbfs,1991508150894459550,CHI01941,State St & 111th St,41.6926464,-87.6226484,True,renting_and_returning,classic,8,divvy_b2f839152fe8b8ec,station,2024-10-23 07:53:47.802000,name_and_short_name_within_150m,matched
gbfs,2180731186891818558,CHI02194,California Blvd & 29th St,41.84024,-87.69413,True,renting_and_returning,classic,8,divvy_c7a0b54a111eced0,station,2026-02-19 17:00:11.200000,name_and_short_name_within_150m,matched
gbfs,732c9f35-0c82-4128-acc3-2cf447298b1d,CHI00839,Major Taylor Trail & 124th St,41.66869635332246,-87.63711333274841,True,renting_and_returning,classic,15,divvy_2202ed293bcf030d,station,2020-09-21 20:10:14,name_and_short_name_within_150m,matched
gbfs,a3b148bf-a135-11e9-9cda-0a87ae2ba916,CHI01276,Laramie Ave & Madison St,41.880207,-87.755337,True,renting_and_returning,classic,11,divvy_94f33f1ac5ff2d4c,station,2016-06-15 11:11:00,name_and_short_name_within_150m,matched
gbfs,90011328-f7bd-4b7b-8f95-8204a0b50f27,CHI01928,Wells St & Institute Pl,41.89737986072316,-87.63442039489746,True,renting_and_returning,classic,11,divvy_30449314206964d8,station,2022-10-31 21:19:43,name_and_short_name_within_150m,matched
gbfs,1929905600854819414,CHI02024,Lowell Ave & Armitage Ave,41.9170767,-87.7353543,True,renting_and_returning,classic,15,divvy_f574bc56ccb01565,station,2024-03-28 19:02:16,name_and_short_name_within_150m,matched
gbfs,1942117929887056608,CHI01840,Meade Ave & Diversey Ave,41.93086,-87.77845,True,renting_and_returning,classic,15,divvy_81132a8bcf282ca7,station,2021-07-27 20:22:00,name_and_short_name_within_150m,matched
gbfs,a3a59ec3-a135-11e9-9cda-0a87ae2ba916,CHI00384,Ashland Ave & Lake St,41.88592,-87.66717,True,renting_and_returning,classic,19,divvy_9623848eee245de2,station,2013-07-28 15:33:00,name_and_short_name_within_150m,matched
gbfs,2186824022205777866,CHI02210,Wentworth Ave & 111th St,41.69259,-87.62825,True,renting_and_returning,classic,8,divvy_70b46c5800889825,station,2026-02-19 14:49:05.741000,name_and_short_name_within_150m,matched
gbfs,1934289944388426278,CHI01790,Fairfield Ave & 44th St,41.813617,-87.6932272,True,renting_and_returning,classic,7,divvy_4a4cfbd87fccd2bd,station,2021-10-18 16:58:16,name_and_short_name_within_150m,matched
gbfs,1799277526470631980,CHI01879,Lincoln Ave & Byron St,41.952372,-87.677296,True,renting_and_returning,classic,15,divvy_753eeb5ea97586fe,station,2023-04-12 10:35:11,name_and_short_name_within_150m,matched
gbfs,2212612309299256224,CHI02260,Cottage Grove Ave & 107th St,41.70015,-87.60793,True,renting_and_returning,classic,8,divvy_08fbe216513ac89b,station,2026-05-01 14:58:56.205000,name_and_short_name_within_150m,matched
gbfs,1943244520961310788,CHI01841,California Ave & 41st St,41.81867,-87.69441,True,renting_and_returning,classic,7,divvy_00ddce44b58b41a8,station,2024-05-08 14:59:31,name_and_short_name_within_150m,matched
gbfs,a21de1a5-f5bc-4b50-8a13-aa28b7dcfa95,CHI02029,Halsted St & 96th St,41.719712183618824,-87.6430195569992,True,renting_and_returning,classic,15,divvy_db68ce5ea1b52e3d,station,2020-08-27 15:06:34,name_and_short_name_within_150m,matched
gbfs,a3a72012-a135-11e9-9cda-0a87ae2ba916,CHI00537,Rush St & Cedar St,41.90230870122,-87.627690528,True,renting_and_returning,classic,16,divvy_562f8d226316d59b,station,2015-05-09 13:41:00,name_and_short_name_within_150m,matched
gbfs,1969236968943731106,CHI01910,Menard Ave & Lawrence Ave,41.96788,-87.77274,True,renting_and_returning,classic,8,divvy_a86630b492a48b16,station,2024-07-13 15:56:18.506000,name_and_short_name_within_150m,matched
gbfs,1934289361049585738,CHI01875,California Ave & 36th St,41.828098,-87.694684,True,renting_and_returning,classic,7,divvy_68d215924feebfc6,station,2021-09-29 12:57:28,name_and_short_name_within_150m,matched
gbfs,2246215988797035830,CHI02390,Bent Park,42.064494,-87.724011,False,renting_and_returning,classic,6,divvy_727fb8a44b83614e,station,2026-07-30 22:12:13.255000,name_and_short_name_within_150m,matched
gbfs,1933998036428004326,CHI01882,Lawndale Ave & 30th St,41.8389124,-87.7168955,True,renting_and_returning,classic,7,divvy_d48d1e4cb7fd3647,station,2021-08-12 15:12:25,name_and_short_name_within_150m,matched
gbfs,2204206266051127252,CHI02231,Oak Park Ave & Wellington Ave,41.93459,-87.79586,True,renting_and_returning,classic,8,divvy_eef166a0e9fe082e,station,2026-04-10 12:46:21.601000,name_and_short_name_within_150m,matched
gbfs,1871993715238611622,CHI01846,Parkside Ave & Armitage Ave,41.916907,-87.767173,True,renting_and_returning,classic,15,divvy_658b6bda14fda78b,station,2021-07-28 19:30:00,name_and_short_name_within_150m,matched
gbfs,1961472602929588766,CHI01932,Long Ave & Diversey Ave,41.93104,-87.76124,True,renting_and_returning,classic,7,divvy_866a6c89b301d747,station,2024-06-22 10:35:01.778000,name_and_short_name_within_150m,matched
gbfs,2021144286196005052,CHI02000,Lynch Ave & Elston Ave,41.98096,-87.76149,True,renting_and_returning,classic,8,divvy_e99d0dfcfb1cb2ea,station,2024-12-10 13:55:28.237000,name_and_short_name_within_150m,matched
gbfs,a3a75885-a135-11e9-9cda-0a87ae2ba916,CHI00296,Damen Ave & Thomas St (Augusta Blvd),41.901315,-87.677409,True,renting_and_returning,classic,15,divvy_4d48243dd7d948e6,station,2020-01-01 01:36:27,name_and_short_name_within_150m,matched
gbfs,a3a52df5-a135-11e9-9cda-0a87ae2ba916,CHI00370,Desplaines St & Randolph St,41.883703,-87.644238,True,renting_and_returning,classic,23,divvy_6115d98eff8635e3,station,2015-04-25 17:59:00,name_and_short_name_within_150m,matched
gbfs,2209666353179784114,CHI02250,Central Park Ave & Augusta Blvd,41.89894,-87.71649,True,renting_and_returning,classic,8,divvy_eaa8c1a0e47aeb2c,station,2026-04-25 11:43:17.850000,name_and_short_name_within_150m,matched
gbfs,1871992980799203880,CHI01817,Mozart St & 79th St,41.749702,-87.693917,True,renting_and_returning,classic,15,divvy_264771656761b251,station,2023-11-10 18:07:41,name_and_short_name_within_150m,matched
gbfs,2129148164045400658,CHI02125,Dearborn St & Division St,41.9043,-87.62991,True,renting_and_returning,classic,15,divvy_4a762e3a59f7dcb5,station,2025-09-16 14:28:59.687000,name_and_short_name_within_150m,matched
gbfs,1936553212713581016,CHI01849,Kedzie Ave & 52nd St,41.79906,-87.70342,True,renting_and_returning,classic,15,divvy_33e135d72e57a445,station,2021-09-13 19:42:16,name_and_short_name_within_150m,matched
gbfs,1928792940289520096,CHI00847,Lavergne Ave & Division St,41.9021077,-87.7508698,True,renting_and_returning,classic,15,divvy_8e4b58af4df3ae39,station,2021-09-19 01:43:46,name_and_short_name_within_150m,matched
gbfs,1862806445904101456,CHI02025,Michigan Ave & 9th St,41.87094,-87.62439,True,renting_and_returning,classic,19,divvy_20e8a72f3d786cec,station,2026-05-13 18:07:03.333000,name_and_short_name_within_150m,matched
gbfs,a3ac35ed-a135-11e9-9cda-0a87ae2ba916,CHI00546,Jeffery Blvd & 67th St,41.77351755125,-87.5771428255,True,renting_and_returning,classic,11,divvy_821251c4d26ff69c,station,2015-04-28 09:47:00,name_and_short_name_within_150m,matched
gbfs,a3acb1de-a135-11e9-9cda-0a87ae2ba916,CHI00650,California Ave & Lake St,41.88445395657,-87.6962981368,True,renting_and_returning,classic,11,divvy_9456fc4cba0ca236,station,2015-04-27 23:09:00,name_and_short_name_within_150m,matched
gbfs,2150674821797738944,CHI02171,Dorchester Ave & 53rd St,41.79943,-87.59227,True,renting_and_returning,classic,15,divvy_12b7ee501f131f36,station,2025-11-14 13:13:04.332000,name_and_short_name_within_150m,matched
gbfs,a3ad95a7-a135-11e9-9cda-0a87ae2ba916,CHI00587,Cottage Grove Ave & 63rd St,41.78053094070882,-87.6059702038765,True,renting_and_returning,classic,15,divvy_914c2073d487cc7f,station,2015-04-24 09:33:00,name_and_short_name_within_150m,matched
gbfs,2259051415615903576,CHI02412,Damen Ave & Rodgers St,42.01378,-87.67992,True,renting_and_returning,classic,15,,,,,no_unambiguous_history_match
gbfs,a3af460f-a135-11e9-9cda-0a87ae2ba916,CHI00530,Clark St & Berwyn Ave,41.978017,-87.668019,True,renting_and_returning,classic,19,divvy_6e1e05eedc644339,station,2015-05-14 12:26:00,name_and_short_name_within_150m,matched
gbfs,a3aabad8-a135-11e9-9cda-0a87ae2ba916,CHI00507,Sheffield Ave & Webster Ave,41.92154,-87.653818,True,renting_and_returning,classic,19,divvy_847920995cf49dd6,station,2013-09-25 12:07:00,name_and_short_name_within_150m,matched
gbfs,1981488728284770592,CHI01979,Nagle Ave & Belmont Ave,41.93852,-87.78735,True,renting_and_returning,classic,16,divvy_79db611a49e71440,station,2022-06-21 17:49:40,name_and_short_name_within_150m,matched
gbfs,2155141472647710942,CHI02176,Dearborn St & Washington St,41.88299,-87.6293,True,renting_and_returning,classic,18,divvy_da88dad0f2fc8f8c,station,2025-11-25 14:42:15.063000,name_and_short_name_within_150m,matched
gbfs,a3a83ba1-a135-11e9-9cda-0a87ae2ba916,CHI00331,Wood St & Webster Ave,41.92105672992757,-87.67279744148254,True,renting_and_returning,classic,19,divvy_2434327a0aa880ff,station,2022-07-19 07:11:21,name_and_short_name_within_150m,matched
gbfs,a3a62fc9-a135-11e9-9cda-0a87ae2ba916,CHI00237,Indiana Ave & 26th St,41.845687,-87.622481,True,renting_and_returning,classic,15,divvy_5d5c8dfca0f642b3,station,2013-07-24 15:43:00,name_and_short_name_within_150m,matched
gbfs,a60781db-2bec-4a15-a4a2-363297aefcec,CHI00846,Halsted St & 73rd St,41.76160543804394,-87.64416097666071,True,renting_and_returning,classic,15,divvy_64bfc973831a504e,station,2020-07-24 14:53:07,name_and_short_name_within_150m,matched
gbfs,2243075339816629728,CHI02364,Lincoln Park Zoo,41.92242,-87.63195,True,renting_and_returning,classic,36,divvy_fcf5f324e72c49a8,station,2026-07-20 11:30:11.339000,name_and_short_name_within_150m,matched
gbfs,a3b01a86-a135-11e9-9cda-0a87ae2ba916,CHI00634,Campbell Ave & Fullerton Ave,41.92463247165,-87.6893070063,True,renting_and_returning,classic,15,divvy_c2689773fd667095,station,2015-05-21 18:39:00,name_and_short_name_within_150m,matched
gbfs,a3ad7636-a135-11e9-9cda-0a87ae2ba916,CHI00567,MLK Jr Dr & 56th St,41.79342945658,-87.6158532619,True,renting_and_returning,classic,11,divvy_531ba9c66b4c1aa6,station,2015-04-30 10:13:00,name_and_short_name_within_150m,matched
gbfs,a3ac1607-a135-11e9-9cda-0a87ae2ba916,CHI00278,Ada St & Washington Blvd,41.88283,-87.661206,True,renting_and_returning,classic,15,divvy_50040c5900e121b2,station,2013-10-10 16:09:00,name_and_short_name_within_150m,matched
gbfs,2149950859971400242,CHI02169,Larrabee St & Kingsbury St 2,41.89758,-87.6429,True,renting_and_returning,classic,27,divvy_a576d7bfb37a2bdb,station,2025-11-11 15:06:34.113000,name_and_short_name_within_150m,matched
gbfs,a3a9b1d7-a135-11e9-9cda-0a87ae2ba916,CHI00362,Ashland Ave & Grand Ave,41.891072,-87.666611,True,renting_and_returning,classic,15,divvy_12b6f2841cca016c,station,2013-09-12 16:13:00,name_and_short_name_within_150m,matched
gbfs,a3a75d8a-a135-11e9-9cda-0a87ae2ba916,CHI00343,State St & 35th St,41.8310363140161,-87.62679755687714,True,renting_and_returning,classic,15,divvy_1cf96d1e844988ca,station,2013-08-05 17:11:00,name_and_short_name_within_150m,matched
gbfs,2013067286975627866,CHI01970,Loomis St & 95th St,41.72148,-87.65774,True,renting_and_returning,classic,16,divvy_eecd4b317aee303b,station,2024-11-12 18:33:23.365000,name_and_short_name_within_150m,matched
gbfs,2213358698360523876,CHI02262,Homan Ave & Fillmore St,41.86811,-87.71085,True,renting_and_returning,classic,8,divvy_22c244815ca38d90,station,2021-07-14 18:24:42,name_and_short_name_within_150m,matched
gbfs,a3b13e66-a135-11e9-9cda-0a87ae2ba916,CHI00543,Cicero Ave & Flournoy St,41.872131,-87.746619,True,renting_and_returning,classic,11,divvy_058951b1167402f9,station,2016-06-16 19:32:00,name_and_short_name_within_150m,matched
gbfs,a3a8999a-a135-11e9-9cda-0a87ae2ba916,CHI00427,Montrose Harbor,41.963982,-87.638181,True,renting_and_returning,classic,31,divvy_dda1b353f901b218,station,2013-06-28 13:54:00,name_and_short_name_within_150m,matched
gbfs,a3a565b1-a135-11e9-9cda-0a87ae2ba916,CHI00359,Halsted St & Polk St,41.87184,-87.64664,True,renting_and_returning,classic,19,divvy_1587644b9ebeb40c,station,2013-06-28 07:06:00,name_and_short_name_within_150m,matched
gbfs,a3ad8072-a135-11e9-9cda-0a87ae2ba916,CHI00551,University Ave & 57th St,41.791478,-87.599861,True,renting_and_returning,classic,48,divvy_a33dbe31001c0345,station,2015-04-17 16:13:00,name_and_short_name_within_150m,matched
gbfs,1850866657089146912,CHI01806,Blackstone Ave & 59th St,41.787877,-87.590461,True,renting_and_returning,classic,19,divvy_58f3c2bac7da3480,station,2023-09-14 17:42:14,name_and_short_name_within_150m,matched
gbfs,1975534406854476324,CHI01947,Baltimore Ave & 133rd St,41.65349,-87.54703,True,renting_and_returning,classic,16,divvy_de1e55de949d2521,station,2022-06-08 13:49:25,name_and_short_name_within_150m,matched
gbfs,a3b10a40-a135-11e9-9cda-0a87ae2ba916,CHI00670,Pulaski Rd & Lake St,41.885409,-87.726491,True,renting_and_returning,classic,11,divvy_869d54eedbd24fab,station,2016-06-16 15:30:00,name_and_short_name_within_150m,matched
gbfs,2215968256696176332,CHI02329,Winthrop Ave & Sheridan Rd,41.99814,-87.65885,True,renting_and_returning,classic,15,divvy_0cfdc9cb6a4a4f95,station,2026-05-09 11:45:39.375000,name_and_short_name_within_150m,matched
gbfs,2197048925058850020,CHI02221,Woodlawn Ave & 103rd St,41.70738,-87.59404,True,renting_and_returning,classic,4,divvy_975adae6ca3e97ef,station,2026-03-21 19:59:12.323000,name_and_short_name_within_150m,matched
gbfs,a3b1fa1c-a135-11e9-9cda-0a87ae2ba916,CHI00572,Hoyne Ave & 47th St,41.808227,-87.67718,True,renting_and_returning,classic,11,divvy_2d17373e0dd1544b,station,2016-06-19 15:32:00,name_and_short_name_within_150m,matched
gbfs,a3a5de24-a135-11e9-9cda-0a87ae2ba916,CHI00477,Lincoln Ave & Melrose St,41.9406,-87.669435,True,renting_and_returning,classic,15,divvy_935f252d59c99361,station,2023-07-10 16:47:57,name_and_short_name_within_150m,matched
gbfs,2056421762206241370,CHI02014,Hyacinth Ave & Milwaukee Ave,41.99282,-87.78377,True,renting_and_returning,classic,12,divvy_454f25773a229527,station,2025-03-08 18:26:19.913000,name_and_short_name_within_150m,matched
gbfs,2064963313873613218,CHI00411,Racine Ave & Belmont Ave,41.939743,-87.658865,True,renting_and_returning,classic,16,divvy_c9bcc8651edbfed2,station,2013-08-19 18:08:00,name_and_short_name_within_150m,matched
gbfs,a3addda0-a135-11e9-9cda-0a87ae2ba916,CHI00534,Kedzie Ave & 24th St,41.848193,-87.705412,True,renting_and_returning,classic,11,divvy_44575b1036a1938c,station,2015-04-27 16:41:00,name_and_short_name_within_150m,matched
gbfs,a3a547b8-a135-11e9-9cda-0a87ae2ba916,CHI00315,63rd St Beach,41.78091096424803,-87.57632374763489,True,renting_and_returning,classic,15,divvy_ad8696f445159360,station,2015-04-21 15:57:00,name_and_short_name_within_150m,matched
gbfs,a3ac30c5-a135-11e9-9cda-0a87ae2ba916,CHI00502,Cottage Grove Ave & 51st St,41.803038,-87.606615,True,renting_and_returning,classic,15,divvy_28c50662c42e8684,station,2013-06-28 11:39:00,name_and_short_name_within_150m,matched
gbfs,1867616662773391950,CHI01825,Karlov Ave & Armitage Ave,41.91748,-87.728952,True,renting_and_returning,classic,15,divvy_6a57ce6e71a1d394,station,2023-10-17 23:15:06,name_and_short_name_within_150m,matched
gbfs,a3b419d9-a135-11e9-9cda-0a87ae2ba916,CHI01183,Wood St & Chicago Ave,41.895634,-87.672069,True,renting_and_returning,classic,16,divvy_13259f414bcc917b,station,2018-09-27 15:33:31,name_and_short_name_within_150m,matched
gbfs,a3ad13e4-a135-11e9-9cda-0a87ae2ba916,CHI00514,Shields Ave & 28th Pl,41.842733,-87.635491,True,renting_and_returning,classic,11,divvy_4eae540d099acafd,station,2015-05-10 12:49:00,name_and_short_name_within_150m,matched
gbfs,2232759736070696510,CHI02349,Damen Ave & Ogden Ave,41.87317,-87.67662,True,not_installed,classic,15,,,,,no_unambiguous_history_match
gbfs,a3b3915a-a135-11e9-9cda-0a87ae2ba916,CHI00746,Malcolm X College,41.877618,-87.673895,True,renting_and_returning,classic,19,divvy_013e7fb19f2f9243,station,2018-08-28 12:43:58,name_and_short_name_within_150m,matched
gbfs,a3ad4d1b-a135-11e9-9cda-0a87ae2ba916,CHI00334,Woodlawn Ave & Lake Park Ave,41.81409271048,-87.5970051479,True,renting_and_returning,classic,15,divvy_d7d34e9c6d640d8e,station,2015-04-17 08:18:00,name_and_short_name_within_150m,matched
gbfs,2246219009938486686,CHI02391,Arrington Lagoon,42.046434,-87.6738773,False,renting_and_returning,classic,6,divvy_4094d7fd41e54f72,station,2026-07-30 16:22:29.325000,name_and_short_name_within_150m,matched
gbfs,1984756450139626426,CHI01908,Avers Ave & 16th St,41.85909,-87.72121,True,renting_and_returning,classic,8,divvy_311d2910cbe0685f,station,2024-08-29 20:28:04.418000,name_and_short_name_within_150m,matched
gbfs,2207102109220165412,CHI02248,Lavergne Ave & Archer Ave,41.79816,-87.74772,True,renting_and_returning,classic,8,divvy_23f4cfd5c21badcb,station,2026-04-15 19:49:02.791000,name_and_short_name_within_150m,matched
gbfs,2199275602477022666,CHI02223,Avers Ave & 103rd St,41.70586,-87.71709,True,renting_and_returning,classic,8,divvy_2119165b6460aecd,station,2026-04-13 11:09:54.920000,name_and_short_name_within_150m,matched
gbfs,1963672425916463636,CHI01978,Kildare Ave & Archer Ave,41.800521,-87.730013,True,renting_and_returning,classic,7,divvy_852d4ab2175c93b8,station,2024-07-03 13:39:56.261000,name_and_short_name_within_150m,matched
gbfs,2256465664725929896,CHI02406,Ravenswood Ave & Sunnyside Ave,41.96328,-87.67425,True,renting_and_returning,classic,15,divvy_69a6049fb0c4e745,station,2026-08-26 11:42:55.212000,name_and_short_name_within_150m,matched
gbfs,2131429867387521772,CHI02133,Damen Ave & Wabansia Ave,41.91225,-87.67722,True,renting_and_returning,classic,11,divvy_7853bb55f0818db8,station,2021-03-25 12:59:51,name_and_short_name_within_150m,matched
gbfs,1963359453732131538,CHI01919,Kedzie Ave & 54th Pl,41.794357,-87.703467,True,renting_and_returning,classic,11,divvy_711798d0eeab5452,station,2024-06-27 05:16:58.919000,name_and_short_name_within_150m,matched
gbfs,a3a795d7-a135-11e9-9cda-0a87ae2ba916,CHI01915,Michigan Ave & Madison St,41.882134,-87.625125,True,renting_and_returning,classic,15,divvy_bf9e601f5cb95449,station,2013-08-10 16:19:00,name_and_short_name_within_150m,matched
gbfs,1975902497437067330,CHI01854,Homan Ave & 26th St,41.84425,-87.70983,True,renting_and_returning,classic,15,divvy_96a2a3e6542b205a,station,2022-06-10 18:56:11,name_and_short_name_within_150m,matched
gbfs,1943245395846580390,CHI01794,La Villita Park,41.83925,-87.70202,True,renting_and_returning,classic,15,divvy_51a348639ff6ae11,station,2024-05-10 16:05:20,name_and_short_name_within_150m,matched
gbfs,1963671811736140038,CHI01900,Kedzie Ave & 60th St,41.78458,-87.70319,True,renting_and_returning,classic,15,divvy_5bbefd7eefc7803f,station,2024-07-13 00:24:48.027000,name_and_short_name_within_150m,matched
gbfs,a3b2d2b7-a135-11e9-9cda-0a87ae2ba916,CHI00734,Halsted St & 59th St,41.787539,-87.644874,True,renting_and_returning,classic,11,divvy_4ba6a91032fd8363,station,2016-07-13 13:11:07,name_and_short_name_within_150m,matched
gbfs,a3a8804b-a135-11e9-9cda-0a87ae2ba916,CHI00309,Ravenswood Ave & Irving Park Rd,41.95469,-87.67393,True,renting_and_returning,classic,19,divvy_b9348b549e3870b5,station,2013-06-29 06:26:00,name_and_short_name_within_150m,matched
gbfs,2116172334493307456,CHI02095,Green St & Chicago Ave,41.893392,-87.650737,True,renting_and_returning,classic,11,divvy_f8398892c692b128,station,2025-11-01 01:13:37.117000,name_and_short_name_within_150m,matched
gbfs,a3a5d3bb-a135-11e9-9cda-0a87ae2ba916,CHI00443,Blue Island Ave & 18th St,41.857556,-87.661535,True,renting_and_returning,classic,15,divvy_e77d2eaddeccd664,station,2013-07-25 12:46:00,name_and_short_name_within_150m,matched
gbfs,1955905507044284968,CHI01782,Nordica Ave & Medill Ave,41.92227,-87.80202,True,renting_and_returning,classic,15,divvy_3500abb4d97a8618,station,2024-06-06 18:14:56.214000,name_and_short_name_within_150m,matched
gbfs,a3af2737-a135-11e9-9cda-0a87ae2ba916,CHI00631,Clark St & Elmdale Ave,41.990860448125574,-87.66972362995148,True,renting_and_returning,classic,15,divvy_2a6d74da214a7c57,station,2015-05-11 18:37:00,name_and_short_name_within_150m,matched
gbfs,2170354014030504722,CHI02186,Albany Ave & 16th St,41.85932,-87.70302,True,renting_and_returning,classic,8,divvy_11e708adbde9fc1c,station,2022-02-24 13:19:03,name_and_short_name_within_150m,matched
gbfs,a3a62566-a135-11e9-9cda-0a87ae2ba916,CHI00418,Mies van der Rohe Way & Chestnut St,41.8985866514,-87.6219152258,True,renting_and_returning,classic,19,divvy_15fd404119c4c633,station,2015-05-08 16:31:00,name_and_short_name_within_150m,matched
gbfs,1938034236347042306,CHI01893,Kostner Ave & 63rd St,41.77875,-87.73246,True,renting_and_returning,classic,15,divvy_eab3dc4aff43dcba,station,2021-10-21 21:22:38,name_and_short_name_within_150m,matched
gbfs,2215581150890693080,CHI02328,Inner Lake Shore Dr & Aldine Ave,41.94232,-87.63989,True,renting_and_returning,classic,24,divvy_2f6e53f582d2df36,station,2026-05-07 14:27:46.910000,name_and_short_name_within_150m,matched
gbfs,2194828324890325284,CHI02216,California Ave & 16th St,41.85926,-87.6955,True,renting_and_returning,classic,8,divvy_205a06bd2dc99cdc,station,2026-03-13 18:15:29.412000,name_and_short_name_within_150m,matched
gbfs,a3b4399a-a135-11e9-9cda-0a87ae2ba916,CHI01237,Smith Park,41.892048,-87.689397,True,renting_and_returning,classic,15,divvy_527ff303635dc5ac,station,2018-09-28 08:14:20,name_and_short_name_within_150m,matched
gbfs,2243491579914199404,CHI02367,DuSable Lake Shore Dr & Balbo Dr,41.87318,-87.61685,True,renting_and_returning,classic,30,divvy_29c4e28e1a904e3e,station,2026-07-21 13:31:12.781000,name_and_short_name_within_150m,matched
gbfs,2207048336540083862,CHI02247,Central Park Ave & Ohio St,41.89188,-87.71644,True,renting_and_returning,classic,8,divvy_5d7fb0f538036ecd,station,2021-10-16 15:40:39,name_and_short_name_within_150m,matched
gbfs,2214504720540875974,CHI02322,Troy St & Grace St,41.95024,-87.70627,True,renting_and_returning,classic,8,divvy_c9fe7f5d7d45c2a5,station,2021-10-28 07:22:19,name_and_short_name_within_150m,matched
gbfs,a3aa35a4-a135-11e9-9cda-0a87ae2ba916,CHI00465,Sheffield Ave & Wrightwood Ave,41.928712,-87.653833,True,renting_and_returning,classic,36,divvy_cbeb9f05621472c0,station,2013-09-20 15:26:00,name_and_short_name_within_150m,matched
gbfs,a3a79adb-a135-11e9-9cda-0a87ae2ba916,CHI00347,Green St & Madison St,41.881859328038225,-87.64926373958588,True,renting_and_returning,classic,27,divvy_3e0abecca9beca66,station,2016-01-01 02:52:00,name_and_short_name_within_150m,matched
gbfs,a3ab86b6-a135-11e9-9cda-0a87ae2ba916,CHI00501,Wolcott Ave & Polk St,41.871262,-87.673688,True,renting_and_returning,classic,23,divvy_3e6519bbf136dc9f,station,2013-08-26 16:10:00,name_and_short_name_within_150m,matched
gbfs,1934290380966283526,CHI01927,Spaulding Ave & 63rd,41.7791655,-87.7056392,True,renting_and_returning,classic,15,divvy_8ba2ffe9b0194ac8,station,2024-05-16 00:03:57,name_and_short_name_within_150m,matched
gbfs,94788869-1849-43f6-99e1-2eacbc3fab03,CHI00878,Morgan St & Lake St,41.88549170626906,-87.65228927135468,True,renting_and_returning,classic,30,divvy_98df82f228609d99,station,2013-06-28 20:00:00,name_and_short_name_within_150m,matched
gbfs,a3a9f76a-a135-11e9-9cda-0a87ae2ba916,CHI00442,Kedzie Ave & Palmer Ct,41.921525,-87.707322,True,renting_and_returning,classic,15,divvy_11628518a63c16d2,station,2013-10-09 18:06:00,name_and_short_name_within_150m,matched
gbfs,1963673207600511026,CHI01987,Wabash Ave & 49th St,41.80581,-87.6245,True,renting_and_returning,classic,15,divvy_37f93340dec130b3,station,2024-06-27 19:59:07.335000,name_and_short_name_within_150m,matched
gbfs,a3a3b202-a135-11e9-9cda-0a87ae2ba916,CHI00258,Paulina Ave & North Ave,41.90985465216731,-87.66993016004562,True,renting_and_returning,classic,15,divvy_d820eba39e33b1d3,station,2016-01-01 03:00:00,name_and_short_name_within_150m,matched
gbfs,a3a97a01-a135-11e9-9cda-0a87ae2ba916,CHI00400,Cottage Grove Ave & Oakwood Blvd,41.822985,-87.6071,True,renting_and_returning,classic,15,divvy_333e8e39f87739b3,station,2013-09-18 12:12:00,name_and_short_name_within_150m,matched
gbfs,a3a82c6c-a135-11e9-9cda-0a87ae2ba916,CHI00336,Southport Ave & Waveland Ave,41.948226,-87.6640712,True,renting_and_returning,classic,24,divvy_a09bb19bb133f172,station,2013-08-20 13:55:00,name_and_short_name_within_150m,matched
gbfs,a3a62aad-a135-11e9-9cda-0a87ae2ba916,CHI00230,Loomis St & Jackson Blvd,41.877945,-87.662007,True,renting_and_returning,classic,19,divvy_7946da07e78ff5f3,station,2013-07-28 13:56:00,name_and_short_name_within_150m,matched
gbfs,a3af5d1c-a135-11e9-9cda-0a87ae2ba916,CHI00801,Western Ave & Lunt Ave,42.0085943972,-87.6904922389,True,renting_and_returning,classic,15,divvy_fc9f1e2f6cbf7a74,station,2015-05-15 18:21:00,name_and_short_name_within_150m,matched
gbfs,a3a9c5f7-a135-11e9-9cda-0a87ae2ba916,CHI00325,Western Ave & 24th St,41.84847,-87.685109,True,renting_and_returning,classic,7,divvy_9691e0f79b720057,station,2013-09-13 14:55:00,name_and_short_name_within_150m,matched
gbfs,2142960538272023440,CHI02160,Marshfield Ave & Wabansia Ave,41.91218,-87.66888,True,renting_and_returning,classic,15,divvy_9a5e27303b382f9b,station,2025-10-24 16:52:13.152000,name_and_short_name_within_150m,matched
gbfs,a3a4ac3f-a135-11e9-9cda-0a87ae2ba916,CHI00225,Sheffield Ave & Fullerton Ave,41.9256163,-87.6536574,True,renting_and_returning,classic,28,divvy_0b3ce68bfeb47274,station,2013-06-27 19:35:00,name_and_short_name_within_150m,matched
gbfs,a3a3ace6-a135-11e9-9cda-0a87ae2ba916,CHI00277,Racine Ave & 18th St,41.8583996,-87.6564226,True,renting_and_returning,classic,15,divvy_bee923a3971bbf3d,station,2013-06-27 23:51:00,name_and_short_name_within_150m,matched
gbfs,2024842594057769234,CHI00327,Burling St & Diversey Pkwy,41.93314,-87.64776,True,renting_and_returning,classic,16,divvy_9008432ea61f5fa6,station,2018-01-01 13:55:40,name_and_short_name_within_150m,matched
gbfs,a3b23785-a135-11e9-9cda-0a87ae2ba916,CHI00682,Ashland Ave & 63rd St,41.779374,-87.664843,True,service_restricted,classic,11,divvy_dd29fe884937e7ca,station,2016-06-25 16:16:00,name_and_short_name_within_150m,matched
gbfs,2162605010317203902,CHI02182,St. Clair St & Erie St 2,41.89445,-87.62268,True,renting_and_returning,classic,30,divvy_0d6c54b5feb429d1,station,2025-12-16 14:54:28.696000,name_and_short_name_within_150m,matched
gbfs,2239011021643536028,CHI02360,Obama Presidential Center,41.786419,-87.586462,True,renting_and_returning,classic,22,divvy_b564ea62f384fb57,station,2026-07-09 12:52:32.619000,name_and_short_name_within_150m,matched
gbfs,2186823631363753926,CHI02208,Kedzie Ave & 104th St,41.70382,-87.70136,True,renting_and_returning,classic,8,divvy_7375b03a8cd93eb6,station,2021-04-11 13:09:10,name_and_short_name_within_150m,matched
gbfs,a3b3634c-a135-11e9-9cda-0a87ae2ba916,CHI00715,Aberdeen St & Randolph St,41.884114,-87.654264,True,renting_and_returning,classic,24,divvy_be8746080076f8ea,station,2018-04-30 14:45:05,name_and_short_name_within_150m,matched
gbfs,a3a965b2-a135-11e9-9cda-0a87ae2ba916,CHI00283,Hermitage Ave & Polk St,41.871514,-87.669886,True,renting_and_returning,classic,16,divvy_f5af841a94745759,station,2013-09-05 15:26:00,name_and_short_name_within_150m,matched
gbfs,4843d153-c725-4230-a4c7-402da6a62143,CHI01837,Lincoln Ave & Roscoe St,41.9433502470174,-87.67066776752472,True,renting_and_returning,classic,16,divvy_12f821fb1fdc000a,station,2013-08-20 16:41:00,name_and_short_name_within_150m,matched
gbfs,a3b2c87c-a135-11e9-9cda-0a87ae2ba916,CHI00694,Kilbourn Ave & Milwaukee Ave,41.9489235,-87.7400354,True,renting_and_returning,classic,11,divvy_692fe2402db34cf5,station,2016-09-23 17:58:02,name_and_short_name_within_150m,matched
gbfs,2181157653719738134,CHI02196,Clinton St & Washington Blvd 2,41.88338,-87.64117,True,renting_and_returning,classic,32,divvy_1555ba03bcc135c4,station,2026-02-03 15:17:46.412000,name_and_short_name_within_150m,matched
gbfs,a3b47cbc-a135-11e9-9cda-0a87ae2ba916,CHI00619,Damen Ave & Lake St,41.8849659,-87.6768354,True,renting_and_returning,classic,16,divvy_f3f9bce222d54cad,station,2024-08-05 08:27:49.029000,name_and_short_name_within_150m,matched
gbfs,2108374001471259348,CHI02082,Rockwell St & Fletcher St,41.93885,-87.69299,True,renting_and_returning,classic,11,divvy_8e4e69cc14de5864,station,2021-11-16 12:59:17,name_and_short_name_within_150m,matched
gbfs,430d5876-c44d-446e-ac53-065da9fb9c17,CHI01988,Green St & Randolph St,41.883601657275165,-87.64862671494483,True,renting_and_returning,classic,12,divvy_2381d50b9471d6e7,station,2013-06-29 17:08:00,name_and_short_name_within_150m,matched
gbfs,a3aa4017-a135-11e9-9cda-0a87ae2ba916,CHI00496,Broadway & Waveland Ave,41.949074,-87.648636,True,renting_and_returning,classic,16,divvy_d1ac474ffc2acd49,station,2015-01-01 08:54:00,name_and_short_name_within_150m,matched
gbfs,2246596861486007846,CHI02396,Burnham Shores,42.0403531,-87.6702128,False,renting_and_returning,classic,6,divvy_19bf6671976dee6e,station,2026-08-02 16:59:09.017000,name_and_short_name_within_150m,matched
gbfs,2210387618732456004,CHI02252,Sacramento Blvd & Addison St,41.94609,-87.70298,True,renting_and_returning,classic,8,divvy_81579fa88f307b83,station,2021-11-23 19:17:52,name_and_short_name_within_150m,matched
gbfs,1932496568454183892,CHI01760,Central Ave & Altgeld St,41.9258119,-87.7663685,True,renting_and_returning,classic,7,divvy_ae72efd1a427beef,station,2024-04-12 14:52:50,name_and_short_name_within_150m,matched
gbfs,a3ad7b51-a135-11e9-9cda-0a87ae2ba916,CHI00586,DuSable Museum,41.79156801058,-87.6078521774,True,renting_and_returning,classic,11,divvy_e487aa9f2a495759,station,2015-07-07 13:56:00,name_and_short_name_within_150m,matched
gbfs,c4040b17-88bd-40ab-9aae-2655d6771580,CHI00845,Greenwood Ave & 91st St,41.728264268162725,-87.59729862213135,True,service_restricted,classic,15,divvy_7befe896e4ea4bba,station,2020-09-01 21:02:36,name_and_short_name_within_150m,matched
gbfs,a3adbedf-a135-11e9-9cda-0a87ae2ba916,CHI00654,Kedzie Ave & Roosevelt Rd,41.86649278172,-87.7064961757,True,renting_and_returning,classic,11,divvy_9896b56d6b3a1996,station,2015-04-27 16:16:00,name_and_short_name_within_150m,matched
gbfs,1936566008041245278,CHI01779,Sacramento Ave & Lunt Ave,42.0082,-87.70461,True,renting_and_returning,classic,11,divvy_151011e8ec43f6f1,station,2024-04-19 15:55:43,name_and_short_name_within_150m,matched
gbfs,a3b26acf-a135-11e9-9cda-0a87ae2ba916,CHI00991,State St & 79th St,41.750794,-87.624424,True,renting_and_returning,classic,11,divvy_740ab3e1fb1770f7,station,2016-07-25 20:19:34,name_and_short_name_within_150m,matched
gbfs,a3b1eaa7-a135-11e9-9cda-0a87ae2ba916,CHI00745,Morgan St & Pershing Rd,41.823613,-87.650931,True,renting_and_returning,classic,7,divvy_a9c266319e063adb,station,2016-06-21 09:10:00,name_and_short_name_within_150m,matched
gbfs,a3a3a7b4-a135-11e9-9cda-0a87ae2ba916,CHI00479,Morgan St & 18th St,41.858086,-87.651073,True,renting_and_returning,classic,15,divvy_6af8a30604b0b240,station,2013-06-28 15:04:00,name_and_short_name_within_150m,matched
gbfs,a3a88a6d-a135-11e9-9cda-0a87ae2ba916,CHI00380,Ashland Ave & Belle Plaine Ave,41.95605,-87.66883,True,renting_and_returning,classic,15,divvy_1e3f6a57e65d2478,station,2013-08-26 16:00:00,name_and_short_name_within_150m,matched
gbfs,a3a57a52-a135-11e9-9cda-0a87ae2ba916,CHI00379,Green St & Washington Blvd,41.88318130597391,-87.64872461557388,True,renting_and_returning,classic,11,divvy_bad2f5e9ac5ab868,station,2022-07-27 16:40:22,name_and_short_name_within_150m,matched
gbfs,a3b38728-a135-11e9-9cda-0a87ae2ba916,CHI00716,Walsh Park,41.91461,-87.667968,True,renting_and_returning,classic,23,divvy_6799c0c5b5b5f422,station,2018-09-17 14:54:19,name_and_short_name_within_150m,matched
gbfs,1936582264492460636,CHI00811,Long Ave & Belmont Ave,41.93833,-87.76166,True,renting_and_returning,classic,15,divvy_e67e9f2846fa44e4,station,2021-07-27 21:37:39,name_and_short_name_within_150m,matched
gbfs,1872721263815561908,CHI01761,Damen Ave & 87th St,41.736044,-87.672861,True,service_restricted,classic,15,divvy_0f3a188e25c110d7,station,2023-11-14 09:02:06,name_and_short_name_within_150m,matched
gbfs,a3ac4548-a135-11e9-9cda-0a87ae2ba916,CHI00247,South Shore Dr & 67th St,41.773643,-87.567514,True,renting_and_returning,classic,15,divvy_4386fe4fbd0b8846,station,2015-04-26 17:29:00,name_and_short_name_within_150m,matched
gbfs,a3b02ef1-a135-11e9-9cda-0a87ae2ba916,CHI00637,Central Park Ave & North Ave,41.90965687563,-87.7166319516,True,renting_and_returning,classic,15,divvy_dab72980135cd7cd,station,2015-05-01 19:17:00,name_and_short_name_within_150m,matched
gbfs,1863873159929715228,CHI01545,Damen Ave & 81st St,41.746534,-87.673055,True,renting_and_returning,classic,15,divvy_25b2a845ab228070,station,2023-11-09 15:23:03,name_and_short_name_within_150m,matched
gbfs,1934290793283144612,CHI01812,Central Park Ave & 66th St,41.773258,-87.713143,True,renting_and_returning,classic,7,divvy_5981e76096049eae,station,2024-04-17 15:46:23,name_and_short_name_within_150m,matched
gbfs,a3a62025-a135-11e9-9cda-0a87ae2ba916,CHI00454,Larrabee St & Webster Ave,41.921822,-87.64414,True,renting_and_returning,classic,19,divvy_d5742347984aafa9,station,2013-08-02 19:01:00,name_and_short_name_within_150m,matched
gbfs,2154766968679369322,CHI02175,Dearborn St & Adams St 2,41.87963,-87.62937,True,renting_and_returning,classic,18,divvy_5bb08d265c79cbf1,station,2026-02-09 06:30:31.162000,name_and_short_name_within_150m,matched
gbfs,a3a8711c-a135-11e9-9cda-0a87ae2ba916,CHI00372,Morgan St & Polk St,41.871737,-87.65103,True,renting_and_returning,classic,19,divvy_51643ecc428cda98,station,2013-08-22 15:41:00,name_and_short_name_within_150m,matched
gbfs,a3ad1e12-a135-11e9-9cda-0a87ae2ba916,CHI00519,Wentworth Ave & 33rd St,41.83452988563,-87.6318229814,True,renting_and_returning,classic,15,divvy_e41fd7e369d459a2,station,2015-04-14 17:58:00,name_and_short_name_within_150m,matched
gbfs,a77136ee-060b-433b-88d0-ec74af1ef7ad,CHI00956,Halsted St & 111th St,41.69226255589166,-87.64261186122894,True,renting_and_returning,classic,15,divvy_ee5c620d1e0f185e,station,2020-09-19 09:22:59,name_and_short_name_within_150m,matched
gbfs,a3b00055-a135-11e9-9cda-0a87ae2ba916,CHI00623,Kosciuszko Park,41.93058537138,-87.7237773635,True,renting_and_returning,classic,15,divvy_98eac964e13bbfe2,station,2015-05-01 11:54:00,name_and_short_name_within_150m,matched
gbfs,2196315036885701008,CHI02217,Keeler Ave & Roosevelt Rd,41.8664,-87.73001,True,renting_and_returning,classic,8,divvy_c0c6b9037df419be,station,2021-07-30 19:51:10,name_and_short_name_within_150m,matched
gbfs,a3b2b92c-a135-11e9-9cda-0a87ae2ba916,CHI00730,South Chicago Ave & 83rd St,41.743921,-87.575225,True,renting_and_returning,classic,11,divvy_6d387cd1a0d3c276,station,2016-07-29 09:33:59,name_and_short_name_within_150m,matched
gbfs,a3aa91f4-a135-11e9-9cda-0a87ae2ba916,CHI00382,Southport Ave & Diversey Pkwy,41.93266,-87.66347,True,renting_and_returning,classic,15,divvy_eabfd69089a0c4b8,station,2026-02-01 14:06:51.891000,name_and_short_name_within_150m,matched
gbfs,1958860355622110046,CHI00814,Merrimac Park,41.95261,-87.78535,True,renting_and_returning,classic,7,divvy_19a63bb5069da537,station,2024-06-19 11:52:46.416000,name_and_short_name_within_150m,matched
gbfs,1859717449875884116,CHI01785,Kedzie Ave & 66th Pl,41.772584,-87.703007,True,renting_and_returning,classic,15,divvy_370edbe6d2d00e53,station,2023-09-23 17:18:03,name_and_short_name_within_150m,matched
gbfs,2196708841322784694,CHI02220,Archer Ave & 43rd St,41.81549,-87.7024,True,renting_and_returning,classic,8,divvy_370b878446605715,station,2021-09-30 14:36:27,name_and_short_name_within_150m,matched
gbfs,1861588043429399408,CHI01881,McCormick Blvd & Devon Ave,41.9972,-87.71105,True,renting_and_returning,classic,11,divvy_42876b8a8ec59c9c,station,2022-05-16 21:02:53,name_and_short_name_within_150m,matched
gbfs,a3aa10ca-a135-11e9-9cda-0a87ae2ba916,CHI00311,Broadway & Argyle St,41.97423,-87.6597735,True,renting_and_returning,classic,19,divvy_f177758dc28aedf2,station,2013-09-18 23:54:00,name_and_short_name_within_150m,matched
gbfs,a3b300d3-a135-11e9-9cda-0a87ae2ba916,CHI02042,Central St & Girard Ave,42.064313,-87.686152,False,renting_and_returning,classic,15,divvy_64c50c5b61fc554d,station,2016-07-08 16:35:00,name_and_short_name_within_150m,matched
gbfs,2186308082634157970,CHI02204,Hamlin Ave & 62nd Pl,41.77987,-87.71783,True,renting_and_returning,classic,8,divvy_caf7c05d7696ee0a,station,2021-10-09 14:53:17,name_and_short_name_within_150m,matched
gbfs,a3a378ca-a135-11e9-9cda-0a87ae2ba916,CHI00558,Burnham Harbor,41.85741178707404,-87.61379152536392,True,renting_and_returning,classic,23,divvy_d05f6fd2cfbd052e,station,2015-05-16 11:07:00,name_and_short_name_within_150m,matched
gbfs,a3b310ac-a135-11e9-9cda-0a87ae2ba916,CHI01208,University Library (NU),42.052939,-87.673447,False,renting_and_returning,classic,15,divvy_5d0ac01c9cc5adb2,station,2016-07-01 17:18:53,name_and_short_name_within_150m,matched
gbfs,a3af2216-a135-11e9-9cda-0a87ae2ba916,CHI00611,2112 W Peterson Ave,41.991178,-87.683593,True,renting_and_returning,classic,11,divvy_104d50d159991a13,station,2015-05-13 11:18:00,name_and_short_name_within_150m,matched
gbfs,a3ab8bee-a135-11e9-9cda-0a87ae2ba916,CHI00506,Racine Ave & Wrightwood Ave,41.928887,-87.658971,True,renting_and_returning,classic,15,divvy_ff3e6186907068e8,station,2013-10-25 11:02:00,name_and_short_name_within_150m,matched
gbfs,1926946441362045298,CHI01789,Laramie Ave & Addison St,41.9456842,-87.7569344,True,renting_and_returning,classic,15,divvy_acefcb77a0349cb7,station,2024-04-15 18:59:43,name_and_short_name_within_150m,matched
gbfs,2170720668030248368,CHI02189,Milwaukee Ave & Wolfram St,41.93301,-87.71428,True,renting_and_returning,classic,11,divvy_7c80a4470d3c082a,station,2026-01-06 18:34:26.633000,name_and_short_name_within_150m,matched
gbfs,a3ad42c3-a135-11e9-9cda-0a87ae2ba916,CHI00523,Halsted St & 47th Pl,41.80813391481,-87.6456165545,True,renting_and_returning,classic,11,divvy_7b331e8dc5c72258,station,2015-04-17 07:58:00,name_and_short_name_within_150m,matched
gbfs,a3b22815-a135-11e9-9cda-0a87ae2ba916,CHI01045,Marshfield Ave & 59th St,41.786833,-87.666215,True,renting_and_returning,classic,11,divvy_54648a63e94b74ee,station,2016-06-28 08:20:00,name_and_short_name_within_150m,matched
gbfs,a3a49288-a135-11e9-9cda-0a87ae2ba916,CHI00524,Wabash Ave & Roosevelt Rd,41.867227,-87.625961,True,renting_and_returning,classic,23,divvy_71a866c0525c5ece,station,2013-06-27 20:05:00,name_and_short_name_within_150m,matched
gbfs,a3a4d069-a135-11e9-9cda-0a87ae2ba916,CHI00521,Canal St & Jackson Blvd,41.878125,-87.639968,True,renting_and_returning,classic,31,divvy_d981e52743e64fd6,station,2013-06-27 19:06:00,name_and_short_name_within_150m,matched
gbfs,a3a5af44-a135-11e9-9cda-0a87ae2ba916,CHI00305,Ogden Ave & Congress Pkwy,41.87501,-87.67328,True,renting_and_returning,classic,15,divvy_25736b9ada6a26af,station,2013-07-29 07:19:00,name_and_short_name_within_150m,matched
gbfs,1871991855517771832,CHI01803,Western Ave & 79th St,41.750843,-87.682701,True,renting_and_returning,classic,15,divvy_29e4cb59679d4864,station,2022-05-11 16:54:10,name_and_short_name_within_150m,matched
gbfs,2093910803156329194,CHI02055,Wilton Ave & Addison St,41.947459,-87.653216,True,renting_and_returning,classic,7,divvy_74e04fd647071b76,station,2025-06-13 12:13:46.164000,name_and_short_name_within_150m,matched
gbfs,a3a6054c-a135-11e9-9cda-0a87ae2ba916,CHI00344,Clybourn Ave & Division St,41.904613,-87.640552,True,renting_and_returning,classic,15,divvy_3eca5c0d2377c617,station,2013-08-05 17:05:00,name_and_short_name_within_150m,matched
gbfs,1945195755748241796,CHI01811,Homan Ave & 77th St,41.7534283,-87.7075924,True,renting_and_returning,classic,7,divvy_64b96441537ce4bb,station,2024-06-05 16:37:44.230000,name_and_short_name_within_150m,matched
gbfs,a3b377cb-a135-11e9-9cda-0a87ae2ba916,CHI02044,Robert Crown Community Center,42.034189,-87.697676,False,service_restricted,classic,15,divvy_43c4244c249e1eb1,station,2026-07-30 17:49:16.591000,name_and_short_name_within_150m,matched
gbfs,2259042357156666196,CHI02409,Ravenswood Ave & Foster Ave,41.97647,-87.67434,True,renting_and_returning,classic,15,,,,,no_unambiguous_history_match
gbfs,a3b0d6ec-a135-11e9-9cda-0a87ae2ba916,CHI01212,Clark St & Jarvis Ave,42.015963,-87.675005,True,renting_and_returning,classic,11,divvy_0a21ae5c17b35bf8,station,2016-07-08 19:22:58,name_and_short_name_within_150m,matched
gbfs,a3a866a5-a135-11e9-9cda-0a87ae2ba916,CHI00435,Western Ave & Leland Ave,41.96572,-87.68844,True,renting_and_returning,classic,19,divvy_7c3e2055cbed8845,station,2013-08-21 17:12:00,name_and_short_name_within_150m,matched
gbfs,2239371122346611190,CHI02361,Chicago Ave & Grove St,42.0452227,-87.6799575,False,renting_and_returning,classic,12,divvy_4bc15b1e5a34ff36,station,2026-07-10 11:41:18.773000,name_and_short_name_within_150m,matched
gbfs,1929121088624564460,CHI01771,Laramie Ave & Irving Park Rd,41.9533354,-87.7583844,True,renting_and_returning,classic,15,divvy_319c59a7fbfc035f,station,2024-03-29 23:40:31,name_and_short_name_within_150m,matched
gbfs,2144742400386513746,CHI02162,Halsted St & Melrose St,41.94112,-87.64907,True,renting_and_returning,classic,12,divvy_d4041b374b8dd8b7,station,2025-10-28 16:16:58.253000,name_and_short_name_within_150m,matched
gbfs,a3b2f698-a135-11e9-9cda-0a87ae2ba916,CHI00741,Dodge Ave & Church St,42.048308,-87.698224,False,renting_and_returning,classic,15,divvy_666998037318c8d4,station,2016-06-29 17:01:00,name_and_short_name_within_150m,matched
gbfs,a3ac7978-a135-11e9-9cda-0a87ae2ba916,CHI00292,Loomis St & Archer Ave,41.84163253965,-87.6574349533,True,renting_and_returning,classic,11,divvy_34e259444d65a2d5,station,2015-04-14 14:37:00,name_and_short_name_within_150m,matched
gbfs,a3a3eb9a-a135-11e9-9cda-0a87ae2ba916,CHI00297,Larrabee St & North Ave,41.91021,-87.6435,True,renting_and_returning,classic,20,divvy_149b1e8769ae3b80,station,2013-06-27 23:15:00,name_and_short_name_within_150m,matched
gbfs,2014856357079685426,CHI01929,Halsted St & 93rd St,41.72489,-87.64358,True,renting_and_returning,classic,16,divvy_40e32ef8b7f8a857,station,2024-11-12 17:42:25.563000,name_and_short_name_within_150m,matched
gbfs,2152914415572609602,CHI02173,Clark St & Madison St,41.88218,-87.63098,True,renting_and_returning,classic,15,divvy_e8dbad21230d0f9c,station,2026-08-03 18:11:57.011000,name_and_short_name_within_150m,matched
gbfs,a3aaca0e-a135-11e9-9cda-0a87ae2ba916,CHI00478,Lincoln Ave & Addison St,41.946176,-87.673308,True,renting_and_returning,classic,19,divvy_5cb197a55168e32e,station,2013-06-30 18:15:00,name_and_short_name_within_150m,matched
gbfs,a3b1ff34-a135-11e9-9cda-0a87ae2ba916,CHI00672,Ashland Ave & McDowell Ave,41.809719,-87.663477,True,renting_and_returning,classic,11,divvy_e709e2b8f12e7ed3,station,2016-06-19 16:54:00,name_and_short_name_within_150m,matched
gbfs,1872721624592814362,CHI00813,Lockwood Ave & Wrightwood Ave,41.927766,-87.758544,True,renting_and_returning,classic,15,divvy_7da4203923d152d8,station,2021-08-04 14:22:28,name_and_short_name_within_150m,matched
gbfs,a3a39301-a135-11e9-9cda-0a87ae2ba916,CHI00319,Leavitt St & Archer Ave,41.82879201994,-87.6806044594,True,renting_and_returning,classic,15,divvy_e8a432edb4adce89,station,2015-04-15 10:19:00,name_and_short_name_within_150m,matched
gbfs,1989627762882635936,CHI01890,Sacramento Ave & 51st St,41.80068,-87.69895,True,renting_and_returning,classic,8,divvy_db1f76e3eb898420,station,2024-09-08 11:01:41.093000,name_and_short_name_within_150m,matched
gbfs,a3afc347-a135-11e9-9cda-0a87ae2ba916,CHI00535,California Ave & Byron St,41.95216219326,-87.698051113,True,renting_and_returning,classic,19,divvy_4d3ffb80090d12d6,station,2015-07-07 16:36:00,name_and_short_name_within_150m,matched
gbfs,a3aff616-a135-11e9-9cda-0a87ae2ba916,CHI00577,Kimball Ave & Belmont Ave,41.93939395344302,-87.71206766366959,True,renting_and_returning,classic,15,divvy_9d6c32f5ea395291,station,2015-05-02 13:39:00,name_and_short_name_within_150m,matched
gbfs,a3b0f0b6-a135-11e9-9cda-0a87ae2ba916,CHI01097,Eastlake Ter & Howard St,42.01920250193227,-87.66430288553238,True,renting_and_returning,classic,15,divvy_da39a5367fc6ceb1,station,2022-09-29 10:11:03,name_and_short_name_within_150m,matched
gbfs,2133966036055659104,CHI02139,Carpenter St & Fulton St,41.88668,-87.65315,True,renting_and_returning,classic,11,divvy_549a31253d157484,station,2025-09-29 14:56:50.809000,name_and_short_name_within_150m,matched
gbfs,2136568776043912090,CHI02145,Sedgwick St & Chicago Ave,41.89677,-87.6386,True,renting_and_returning,classic,11,divvy_62e74173d2068389,station,2025-10-06 12:10:08.904000,name_and_short_name_within_150m,matched
gbfs,a3a5d8db-a135-11e9-9cda-0a87ae2ba916,CHI00318,Damen Ave & Division St,41.903266,-87.678435,True,renting_and_returning,classic,19,divvy_752785c1333953f2,station,2013-07-26 22:56:00,name_and_short_name_within_150m,matched
gbfs,2111748084869249170,CHI02085,Kedzie Ave & George St,41.933886,-87.707262,True,renting_and_returning,classic,11,divvy_f76135ac336ccb82,station,2021-11-11 16:30:54,name_and_short_name_within_150m,matched
gbfs,a3a7dc8c-a135-11e9-9cda-0a87ae2ba916,CHI01744,St. Clair St & Erie St 1,41.8944,-87.62286,True,renting_and_returning,classic,19,divvy_75442b80566237e8,station,2013-08-15 17:13:00,name_and_short_name_within_150m,matched
gbfs,2189712357764865178,CHI02212,Narragansett Ave & School St,41.94012,-87.78648,True,renting_and_returning,classic,8,divvy_2b22d80a4e93174d,station,2021-08-08 13:54:46,name_and_short_name_within_150m,matched
gbfs,a3b453f2-a135-11e9-9cda-0a87ae2ba916,CHI00708,Carpenter St & 63rd St,41.77987,-87.650919,True,renting_and_returning,classic,7,divvy_7c6bf1ba1d6742fa,station,2018-10-26 12:26:00,name_and_short_name_within_150m,matched
gbfs,a3a6e866-a135-11e9-9cda-0a87ae2ba916,CHI00368,Rush St & Superior St,41.89576474564,-87.6259080327,True,renting_and_returning,classic,23,divvy_9c5411c3bc9f4feb,station,2015-05-09 12:45:00,name_and_short_name_within_150m,matched
gbfs,2108022405953321550,CHI02080,Francisco Ave & Chicago Ave,41.895745,-87.698653,True,renting_and_returning,classic,15,divvy_454d1b88f1da8260,station,2023-04-27 18:04:56,name_and_short_name_within_150m,matched
gbfs,a3add889-a135-11e9-9cda-0a87ae2ba916,CHI00658,Central Park Ave & 24th St,41.8481,-87.715068,True,renting_and_returning,classic,11,divvy_c95687bbc637a0f1,station,2020-01-20 08:30:31,name_and_short_name_within_150m,matched
gbfs,a3a8224f-a135-11e9-9cda-0a87ae2ba916,CHI00291,Halsted St & Dickens Ave,41.919936,-87.64883,True,renting_and_returning,classic,20,divvy_bdb9d8cd7a40e46a,station,2013-08-19 15:30:00,name_and_short_name_within_150m,matched
gbfs,8fd03909-317e-4b6c-b8e9-f4c28b4c90b1,CHI00841,Torrence Ave & 126th Pl,41.66631200825726,-87.55721569061278,True,renting_and_returning,classic,15,divvy_346823a4a071eec7,station,2020-09-29 03:57:28,name_and_short_name_within_150m,matched
gbfs,1927677528601722888,CHI01886,Long Ave & North Ave,41.9092147,-87.7609189,True,renting_and_returning,classic,15,divvy_e3f42e6bd265424d,station,2021-09-16 20:05:56,name_and_short_name_within_150m,matched
gbfs,a3a7cd56-a135-11e9-9cda-0a87ae2ba916,CHI00352,Laflin St & Cullerton St,41.85491457576575,-87.66355991363525,True,renting_and_returning,classic,15,divvy_ba599a760245ba96,station,2020-01-01 16:04:08,name_and_short_name_within_150m,matched
gbfs,1962566135789175644,CHI00865,Harlem Ave & Grace St,41.94894,-87.80683,True,renting_and_returning,classic,7,divvy_3bdacb71cfbb7ea9,station,2021-08-31 16:43:29,name_and_short_name_within_150m,matched
gbfs,a3b29a90-a135-11e9-9cda-0a87ae2ba916,CHI00723,Phillips Ave & 83rd St,41.744531,-87.56506,True,renting_and_returning,classic,11,divvy_c1da0c821bdb7999,station,2018-06-16 19:09:30,name_and_short_name_within_150m,matched
gbfs,a3b3686c-a135-11e9-9cda-0a87ae2ba916,CHI00700,California Ave & Cortez St,41.900363,-87.696704,True,renting_and_returning,classic,15,divvy_76be62cf9088e9a1,station,2017-04-27 11:01:15,name_and_short_name_within_150m,matched
gbfs,a3aa7373-a135-11e9-9cda-0a87ae2ba916,CHI00471,Ravenswood Ave & Berteau Ave,41.957921,-87.673567,True,renting_and_returning,classic,15,divvy_b57ead20d3d1ffeb,station,2013-07-29 15:12:00,name_and_short_name_within_150m,matched
gbfs,a3a4f46b-a135-11e9-9cda-0a87ae2ba916,CHI00252,Michigan Ave & Oak St,41.90096039,-87.62377664,True,renting_and_returning,classic,23,divvy_85c37b553fa02aef,station,2013-06-27 12:06:00,name_and_short_name_within_150m,matched
gbfs,2214937939270373542,CHI02327,Dearborn St & Erie St,41.894,-87.62922,True,renting_and_returning,classic,42,divvy_7d8a1cdb422e3c37,station,2015-01-01 01:00:00,name_and_short_name_within_150m,matched
gbfs,2243090008605339148,CHI02365,North Ave Beach Pedestrian Bridge,41.915633,-87.628214,True,renting_and_returning,classic,36,divvy_f2430a96b893784b,station,2026-07-20 13:16:33.919000,name_and_short_name_within_150m,matched
gbfs,a3aa5ed1-a135-11e9-9cda-0a87ae2ba916,CHI00403,Damen Ave & Charleston St,41.920082,-87.677855,True,renting_and_returning,classic,11,divvy_0e9ce9b4986ba484,station,2013-06-29 17:29:00,name_and_short_name_within_150m,matched
gbfs,a3a4ea00-a135-11e9-9cda-0a87ae2ba916,CHI00253,Daley Center Plaza,41.884241,-87.629634,True,renting_and_returning,classic,60,divvy_6cc9f16417d36aae,station,2013-06-27 18:32:00,name_and_short_name_within_150m,matched
gbfs,a3a9a778-a135-11e9-9cda-0a87ae2ba916,CHI00515,Ashland Ave & 13th St,41.865234,-87.666507,True,renting_and_returning,classic,15,divvy_9ff22fa6664f3532,station,2013-09-12 20:20:00,name_and_short_name_within_150m,matched
gbfs,a3a42a93-a135-11e9-9cda-0a87ae2ba916,CHI00786,Wabash Ave & Adams St,41.87947235235,-87.6256886059,True,renting_and_returning,classic,23,divvy_6dab28ee3c8a97a4,station,2015-04-18 18:47:00,name_and_short_name_within_150m,matched
gbfs,2124315675815283526,CHI02119,Wood St & Milwaukee Ave,41.90629,-87.67151,True,renting_and_returning,classic,15,divvy_0f1f927aa46a1a6e,station,2025-09-03 15:56:06.418000,name_and_short_name_within_150m,matched
gbfs,a3ad61c2-a135-11e9-9cda-0a87ae2ba916,CHI02034,Cornell Ave & Hyde Park Blvd,41.802406,-87.586924,True,renting_and_returning,classic,19,divvy_9f0104c64428100d,station,2015-04-17 09:53:00,name_and_short_name_within_150m,matched
gbfs,a3a45e3b-a135-11e9-9cda-0a87ae2ba916,CHI00405,Dearborn St & Madison St,41.88206,-87.62964,True,renting_and_returning,classic,19,divvy_c8467edf8d293576,station,2025-11-22 10:27:33.208000,name_and_short_name_within_150m,matched
gbfs,a3a44ec7-a135-11e9-9cda-0a87ae2ba916,CHI00260,Wells St & Walton St,41.89993001,-87.63443007,True,renting_and_returning,classic,19,divvy_e12476d9565963de,station,2013-06-27 20:50:00,name_and_short_name_within_150m,matched
gbfs,2145477699306070924,CHI02165,Noble St & Potomac Ave,41.905533,-87.662715,True,renting_and_returning,classic,15,divvy_bd73b6c429ffc2bd,station,2025-11-04 17:11:27.071000,name_and_short_name_within_150m,matched
gbfs,a3b49122-a135-11e9-9cda-0a87ae2ba916,CHI01050,Sheridan Rd & Columbia Ave,42.004583,-87.661406,True,renting_and_returning,classic,15,divvy_528f05d7e3a25388,station,2018-10-04 17:19:28,name_and_short_name_within_150m,matched
gbfs,a3b46866-a135-11e9-9cda-0a87ae2ba916,CHI00789,Rhodes Ave & 71st St,41.766,-87.611726,True,renting_and_returning,classic,11,divvy_fb971e9a4550c454,station,2019-04-04 18:15:48,name_and_short_name_within_150m,matched
gbfs,a3af624c-a135-11e9-9cda-0a87ae2ba916,CHI00350,Budlong Woods Library,41.98366470886,-87.6964225611,True,renting_and_returning,classic,11,divvy_7ee2b3b4dd2602c5,station,2015-05-06 23:09:00,name_and_short_name_within_150m,matched
gbfs,22afe78c-e8f7-4a80-969e-7ddeafdf49da,CHI00829,Halsted St & 104th St,41.70513978893236,-87.6424241065979,True,renting_and_returning,classic,15,divvy_19f52af09628958e,station,2020-09-15 18:21:29,name_and_short_name_within_150m,matched
gbfs,1970390432459950744,CHI01943,Lavergne Ave & Diversey Ave,41.93128,-87.75141,True,renting_and_returning,classic,15,divvy_feaf5ec29dd1ad06,station,2024-07-16 19:34:24.194000,name_and_short_name_within_150m,matched
gbfs,1869052846885132442,CHI01802,Kedzie Ave & 73rd St,41.760703,-87.702292,True,renting_and_returning,classic,15,divvy_794948cddec6ffa1,station,2023-10-20 18:01:59,name_and_short_name_within_150m,matched
gbfs,c3f1be96-07c2-4c65-8a1d-f2203de88495,CHI00857,Halsted St & 78th St,41.75248701249013,-87.6439021574879,True,renting_and_returning,classic,15,divvy_e73fd352937048b0,station,2020-07-23 19:07:04,name_and_short_name_within_150m,matched
gbfs,a065d29d-a081-47f4-8d0f-9a572f6085fe,CHI00823,Michigan Ave & 114th St,41.68701479467118,-87.62105226516724,True,renting_and_returning,classic,15,divvy_a095f7b110abd280,station,2020-09-17 18:27:01,name_and_short_name_within_150m,matched
gbfs,a3acd5b1-a135-11e9-9cda-0a87ae2ba916,CHI00249,Halsted St & 63rd St,41.77938114228,-87.6446208145,True,renting_and_returning,classic,11,divvy_16e6575244d7f0ef,station,2015-04-25 18:23:00,name_and_short_name_within_150m,matched
gbfs,1863873701095594368,CHI01781,Wood St & 84th St,41.741192,-87.668106,True,renting_and_returning,classic,15,divvy_ba7f3483fad7970c,station,2023-11-30 11:26:46,name_and_short_name_within_150m,matched
gbfs,a3af956e-a135-11e9-9cda-0a87ae2ba916,CHI00581,Rockwell St & Eastwood Ave,41.96590013976,-87.6936384935,True,renting_and_returning,classic,15,divvy_80c26acc25a8f8b0,station,2015-05-05 15:21:00,name_and_short_name_within_150m,matched
gbfs,2139204594028635040,CHI02150,Kostner Ave & Devon Ave,41.997032,-87.73837,True,renting_and_returning,classic,15,divvy_13726e6c266022f1,station,2024-04-10 11:13:12,name_and_short_name_within_150m,matched
gbfs,a3b20e8a-a135-11e9-9cda-0a87ae2ba916,CHI00679,Ashland Ave & 50th St,41.803023,-87.664699,True,renting_and_returning,classic,11,divvy_20fe93ce3299191c,station,2016-06-21 12:08:00,name_and_short_name_within_150m,matched
gbfs,a3a89488-a135-11e9-9cda-0a87ae2ba916,CHI00423,Woodlawn Ave & 55th St,41.795264,-87.596471,True,renting_and_returning,classic,19,divvy_92f1b0481b41db90,station,2013-08-23 16:14:00,name_and_short_name_within_150m,matched
gbfs,625e37ea-24ea-4f13-9a54-6322466ec521,CHI00881,Dauphin Ave & 87th St,41.73648,-87.601252,True,service_restricted,classic,15,divvy_e4eaf1483720f1c8,station,2020-09-08 21:02:30,name_and_short_name_within_150m,matched
gbfs,2206674729063575646,CHI02245,Francisco Ave & Montrose Ave,41.96106,-87.70095,True,renting_and_returning,classic,8,divvy_c2de00480917cb25,station,2021-11-02 19:12:07,name_and_short_name_within_150m,matched
gbfs,a3b1efd6-a135-11e9-9cda-0a87ae2ba916,CHI01069,Marshfield Ave & 44th St,41.81399,-87.66658,True,renting_and_returning,classic,11,divvy_77b78a06a8925319,station,2016-07-01 16:13:25,name_and_short_name_within_150m,matched
gbfs,2214553270169576858,CHI02325,Washtenaw Ave & Polk St,41.87114,-87.69377,True,renting_and_returning,classic,8,divvy_f3f05af9535f8309,station,2021-11-08 16:20:13,name_and_short_name_within_150m,matched
gbfs,2124820331580000694,CHI02117,Western Ave & Wabansia Ave,41.91208,-87.68752,True,renting_and_returning,classic,11,divvy_840cc23d666d11e8,station,2025-09-05 13:36:14.989000,name_and_short_name_within_150m,matched
gbfs,2132864841706092860,CHI02138,Sheffield Ave & Fletcher St,41.93901,-87.65321,True,renting_and_returning,classic,23,divvy_563b3d28e6fe6325,station,2025-09-26 16:23:48.438000,name_and_short_name_within_150m,matched
gbfs,2123427844802601334,CHI02116,Sangamon St & Adams St,41.87909,-87.65128,True,renting_and_returning,classic,15,divvy_3a6d14a2b6ceb200,station,2025-09-03 17:34:53.600000,name_and_short_name_within_150m,matched
gbfs,1e7e4cf3-a16b-4cb7-9ead-fdd71e07ea77,CHI00856,Yates Blvd & 93rd St,41.726166390245105,-87.5662761926651,True,renting_and_returning,classic,15,divvy_3c6f02924a85dace,station,2021-06-09 14:47:20,name_and_short_name_within_150m,matched
gbfs,a3a77c8d-a135-11e9-9cda-0a87ae2ba916,CHI01743,Canal St & Adams St,41.879255,-87.639904,True,renting_and_returning,classic,47,divvy_4080b15bc261cc12,station,2013-07-04 09:20:00,name_and_short_name_within_150m,matched
gbfs,a3a58ee0-a135-11e9-9cda-0a87ae2ba916,CHI00282,Western Ave & Winnebago Ave,41.91552,-87.687022,True,renting_and_returning,classic,15,divvy_4608ae9454c9d678,station,2013-07-26 15:47:00,name_and_short_name_within_150m,matched
gbfs,2008158642964226604,CHI01952,Portage Park,41.95607,-87.76472,True,renting_and_returning,classic,8,divvy_73735aa6ef143639,station,2024-10-25 20:13:29.168000,name_and_short_name_within_150m,matched
gbfs,a3aab5c1-a135-11e9-9cda-0a87ae2ba916,CHI00461,Clark St & Leland Ave,41.96708783918421,-87.66729086637497,True,renting_and_returning,classic,19,divvy_b115d9af68ef93bb,station,2013-09-27 14:45:00,name_and_short_name_within_150m,matched
gbfs,a3b2810e-a135-11e9-9cda-0a87ae2ba916,CHI01203,Stony Island Ave & South Chicago Ave,41.751173,-87.585337,True,renting_and_returning,classic,11,divvy_70369584e0247ec6,station,2016-08-07 15:05:12,name_and_short_name_within_150m,matched
gbfs,1867617341378224632,CHI01800,Karlov Ave & Lawrence Ave,41.967947,-87.730409,True,renting_and_returning,classic,15,divvy_159b7de668a26372,station,2023-10-19 09:43:22,name_and_short_name_within_150m,matched
gbfs,a3b241df-a135-11e9-9cda-0a87ae2ba916,CHI00683,Ashland Ave & 66th St,41.774074,-87.663815,True,renting_and_returning,classic,7,divvy_814aa68392c832e2,station,2016-06-21 20:44:00,name_and_short_name_within_150m,matched
gbfs,1929121887488481484,CHI01791,Major Ave & Addison St,41.94572,-87.76913,True,renting_and_returning,classic,11,divvy_46e108a496f751fb,station,2024-05-01 18:22:53,name_and_short_name_within_150m,matched
gbfs,a3ad8aa3-a135-11e9-9cda-0a87ae2ba916,CHI00584,Harper Ave & 59th St,41.78794281287,-87.5883151702,True,renting_and_returning,classic,15,divvy_4582c203a344db86,station,2015-04-17 15:32:00,name_and_short_name_within_150m,matched
gbfs,1890603435601779460,CHI01783,Meade Ave & Belmont Ave,41.938251,-87.778601,True,renting_and_returning,classic,15,divvy_507c687b1eb2c15e,station,2026-06-03 18:13:35.626000,short_name_within_35m,matched
gbfs,2012672652900879218,CHI01920,Narragansett Ave & North Ave,41.9095,-87.78491,True,renting_and_returning,classic,12,divvy_a67f8ceeb9e81883,station,2024-11-11 00:38:09.006000,name_and_short_name_within_150m,matched
gbfs,2126938673328711742,CHI02121,Halsted St & Lake St,41.88576,-87.64711,True,renting_and_returning,classic,15,divvy_4f2743808eccdaec,station,2025-09-10 15:05:46.433000,name_and_short_name_within_150m,matched
gbfs,2122122162253046072,CHI02111,Halsted St & Armitage Ave,41.91823,-87.64879,True,renting_and_returning,classic,15,divvy_22d658974ce932a1,station,2025-10-09 15:23:24.135000,name_and_short_name_within_150m,matched
gbfs,1989626448622643348,CHI01874,Rockwell St & 47th St,41.80853,-87.68942,True,renting_and_returning,classic,15,divvy_18cd220d7967f1c3,station,2024-09-12 15:17:42.644000,name_and_short_name_within_150m,matched
gbfs,a3ad5c90-a135-11e9-9cda-0a87ae2ba916,CHI00527,Dorchester Ave & 49th St,41.805772,-87.592464,True,renting_and_returning,classic,15,divvy_443bd8b672835032,station,2015-04-16 16:54:00,name_and_short_name_within_150m,matched
gbfs,a3a6fcac-a135-11e9-9cda-0a87ae2ba916,CHI00301,Clark St & Grace St,41.95078,-87.659172,True,renting_and_returning,classic,23,divvy_779e36d7b6304dc4,station,2014-07-01 01:24:00,name_and_short_name_within_150m,matched
gbfs,a3acacbc-a135-11e9-9cda-0a87ae2ba916,CHI00528,Kedzie Ave & Lake St,41.88460328501,-87.7063037436,True,renting_and_returning,classic,15,divvy_d97c34a4d1fd8261,station,2015-04-29 16:40:00,name_and_short_name_within_150m,matched
gbfs,1939906971867155378,CHI01838,Archer Ave & Homan Ave,41.81153,-87.70885,True,renting_and_returning,classic,15,divvy_59d6786ddd18c1ab,station,2024-05-05 12:03:54,name_and_short_name_within_150m,matched
gbfs,1934290131858180982,CHI01767,Kedzie Ave & 48th Pl,41.804758123768394,-87.70421936879356,True,renting_and_returning,classic,15,divvy_8a7076dc46a78447,station,2021-09-21 17:55:34,name_and_short_name_within_150m,matched
gbfs,2204171310211851732,CHI02232,Francisco Ave & Hollywood Ave,41.98443,-87.70157,True,renting_and_returning,classic,8,divvy_9545a384bfeb4624,station,2021-11-05 16:35:27,name_and_short_name_within_150m,matched
gbfs,1871990322214447924,CHI01897,Lamon Ave & Armitage Ave,41.91676,-87.749458,True,renting_and_returning,classic,15,divvy_9731db89cf243d5b,station,2021-08-05 17:58:13,name_and_short_name_within_150m,matched
gbfs,a3b42a3e-a135-11e9-9cda-0a87ae2ba916,CHI00698,Bernard St & Elston Ave,41.949923,-87.713949,True,renting_and_returning,classic,11,divvy_761e415ceea41b83,station,2018-10-12 19:10:30,name_and_short_name_within_150m,matched
gbfs,2014856134756363200,CHI01976,Aberdeen St & 103rd St,41.70704,-87.65022,True,renting_and_returning,classic,16,divvy_88a49f3e58ec3f9d,station,2024-11-12 18:52:17.911000,name_and_short_name_within_150m,matched
gbfs,1969204473221170122,CHI02002,Lavergne Ave & Lawrence Ave,41.96775,-87.75259,True,renting_and_returning,classic,15,divvy_7ec59acb78df88ad,station,2024-07-12 17:36:08.744000,name_and_short_name_within_150m,matched
gbfs,2155895081860557422,CHI02180,Spaulding Ave & Milwaukee Ave,41.93089,-87.71072,True,renting_and_returning,classic,14,divvy_ec05f471a21276e7,station,2025-12-02 17:18:44.529000,name_and_short_name_within_150m,matched
gbfs,2080537224276504924,CHI02008,Le Mai Ave & Devon Ave,41.99722,-87.75687,True,renting_and_returning,classic,15,divvy_77bd6cfc73896820,station,2025-05-17 08:56:42.752000,name_and_short_name_within_150m,matched
gbfs,a3afb917-a135-11e9-9cda-0a87ae2ba916,CHI00579,Sawyer Ave & Irving Park Rd,41.9536,-87.70931,True,renting_and_returning,classic,16,divvy_aa163b8be295c972,station,2015-05-04 17:58:00,name_and_short_name_within_150m,matched
gbfs,2252396478467522142,CHI02400,Leamington Ave & 63rd Pl,41.7774,-87.751,True,renting_and_returning,classic,8,,,,,no_unambiguous_history_match
gbfs,1850867138125484782,CHI01996,Woodlawn Ave & 58th St,41.789381,-87.596479,True,renting_and_returning,classic,18,divvy_8ee4808cc1f79ebb,station,2023-09-15 12:30:32,name_and_short_name_within_150m,matched
gbfs,2246595749089478166,CHI02395,Northwestern Main Campus,42.053906,-87.677688,False,renting_and_returning,classic,12,divvy_62312580fe6a6e0a,station,2026-08-02 13:23:20.345000,name_and_short_name_within_150m,matched
gbfs,a3b35885-a135-11e9-9cda-0a87ae2ba916,CHI00663,Keystone Ave & Fullerton Ave,41.92459,-87.72785,True,renting_and_returning,classic,11,divvy_72cc2fd8d6cd3954,station,2016-07-12 17:13:06,name_and_short_name_within_150m,matched
gbfs,a3a4f993-a135-11e9-9cda-0a87ae2ba916,CHI00349,Eckhart Park,41.89637337,-87.66098386,True,renting_and_returning,classic,19,divvy_ea8710d129174661,station,2013-06-28 20:55:00,name_and_short_name_within_150m,matched
gbfs,1945178760530424534,CHI01885,Kedzie Ave & Archer Ave,41.81447,-87.70411,True,renting_and_returning,classic,15,divvy_3a951f932a041826,station,2022-05-11 12:25:25,name_and_short_name_within_150m,matched
gbfs,a3aca268-a135-11e9-9cda-0a87ae2ba916,CHI00597,Sacramento Blvd & Franklin Blvd,41.89046879243862,-87.70260751247406,True,renting_and_returning,classic,11,divvy_07f22ce63f088628,station,2020-01-01 14:31:36,name_and_short_name_within_150m,matched
gbfs,2132145448121002368,CHI02135,Damen Ave & St Paul Ave,41.91301,-87.67778,True,renting_and_returning,classic,15,divvy_35893087aba36ebe,station,2025-09-24 16:45:10.902000,name_and_short_name_within_150m,matched
gbfs,a3a88f84-a135-11e9-9cda-0a87ae2ba916,CHI00394,Shore Dr & 55th St,41.795212,-87.580715,True,renting_and_returning,classic,19,divvy_9c48ccd93dc3b812,station,2013-08-23 16:20:00,name_and_short_name_within_150m,matched
gbfs,9e5ce0b6-198f-48fa-9363-64ab5ec2b222,CHI00767,Chicago State University,41.71896342165455,-87.60829567909241,True,renting_and_returning,classic,23,divvy_72a064ac9ffc57bb,station,2021-03-23 11:56:17,name_and_short_name_within_150m,matched
gbfs,2204154850493840624,CHI02230,California Ave & Winona St,41.97471,-87.69786,True,renting_and_returning,classic,8,divvy_a8792bd2383961fb,station,2021-11-03 13:00:22,name_and_short_name_within_150m,matched
gbfs,a3b218cd-a135-11e9-9cda-0a87ae2ba916,CHI01048,Seeley Ave & Garfield Blvd,41.794087,-87.675478,True,renting_and_returning,classic,11,divvy_68319a1a0f525e99,station,2017-02-20 02:33:12,name_and_short_name_within_150m,matched
gbfs,a3ab812d-a135-11e9-9cda-0a87ae2ba916,CHI00360,Adler Planetarium,41.866095,-87.607267,True,renting_and_returning,classic,39,divvy_7c83640aadebbb4f,station,2013-06-28 09:49:00,name_and_short_name_within_150m,matched
gbfs,1870208802121658482,CHI00526,Rainbow Beach,41.75787096522547,-87.54917675279042,True,renting_and_returning,classic,15,divvy_682ac8e3fe617387,station,2015-04-26 20:07:00,name_and_short_name_within_150m,matched
gbfs,2093518273701847410,CHI02054,Sheffield Ave & Addison St,41.947017,-87.654418,True,renting_and_returning,classic,44,divvy_3e83520b5ae82893,station,2013-08-02 14:13:00,name_and_short_name_within_150m,matched
gbfs,a3b0eb93-a135-11e9-9cda-0a87ae2ba916,CHI00664,Bosworth Ave & Howard St,42.019537,-87.669563,True,renting_and_returning,classic,11,divvy_25731479772f672e,station,2016-07-08 08:11:00,name_and_short_name_within_150m,matched
gbfs,1861613253877461614,CHI01797,St. Louis Ave & 71st St,41.764354,-87.710121,True,renting_and_returning,classic,15,divvy_c14e2d033111fda6,station,2023-10-17 02:06:26,name_and_short_name_within_150m,matched
gbfs,7e435d2a-617e-4c3f-bed0-a8801c20f265,CHI00850,Stony Island Ave & 90th St,41.731394943302355,-87.58574366569519,True,renting_and_returning,classic,15,divvy_18ca813bdcc6bd6d,station,2020-09-07 22:18:01,name_and_short_name_within_150m,matched
gbfs,a3a4c618-a135-11e9-9cda-0a87ae2ba916,CHI00513,Jefferson St & Monroe St,41.880329633634624,-87.64274597167967,True,renting_and_returning,classic,19,divvy_a1f52ac3fe79f748,station,2013-06-28 00:04:00,name_and_short_name_within_150m,matched
gbfs,a3b0d1d5-a135-11e9-9cda-0a87ae2ba916,CHI01214,Paulina St & Howard St,42.019159,-87.673573,True,renting_and_returning,classic,19,divvy_d75a21fdd1a0996b,station,2016-07-08 18:47:19,name_and_short_name_within_150m,matched
gbfs,a3a46e71-a135-11e9-9cda-0a87ae2ba916,CHI00553,Michigan Ave & Lake St,41.886022,-87.624398,True,renting_and_returning,classic,35,divvy_7db0a773b6b2c101,station,2013-06-27 19:42:00,name_and_short_name_within_150m,matched
gbfs,a3b11993-a135-11e9-9cda-0a87ae2ba916,CHI00539,Central Ave & Lake St,41.887664,-87.765469,True,renting_and_returning,classic,11,divvy_282075e38ed4b2e4,station,2016-07-27 14:36:37,name_and_short_name_within_150m,matched
gbfs,a3b30b06-a135-11e9-9cda-0a87ae2ba916,CHI01114,Sheridan Rd & Noyes St (NU),42.058239,-87.677432,False,renting_and_returning,classic,15,divvy_78dc8d7751569955,station,2016-07-01 14:39:14,name_and_short_name_within_150m,matched
gbfs,14d6e4b0-d0cc-4ccb-b757-e596d8c24a99,CHI00867,Torrence Ave & 106th St,41.702800850225906,-87.55972623825073,True,renting_and_returning,classic,11,divvy_3157c752a6438928,station,2020-09-13 08:33:40,name_and_short_name_within_150m,matched
gbfs,1984470891045347604,CHI01896,Lawndale Ave & 59th St,41.78638,-87.7157,True,renting_and_returning,classic,16,divvy_4eeba7868be1bf1f,station,2024-08-25 09:40:04.368000,name_and_short_name_within_150m,matched
gbfs,1982154088199745678,CHI01922,Overhill Ave & Belmont Ave,41.93799,-87.81915,True,renting_and_returning,classic,16,divvy_c19e6e58781909b9,station,2024-08-18 17:57:59.015000,name_and_short_name_within_150m,matched
gbfs,a3b0bd42-a135-11e9-9cda-0a87ae2ba916,CHI00645,Albany Ave & Bloomingdale Ave,41.91402671273,-87.705126462,True,renting_and_returning,classic,15,divvy_9f2606d4f715adf5,station,2015-05-06 15:36:00,name_and_short_name_within_150m,matched
gbfs,2220052515863650030,CHI02333,Lakewood Ave & Addison St,41.9472,-87.66085,True,renting_and_returning,classic,15,divvy_f6cce39097ffc9fd,station,2026-05-19 17:05:02.039000,name_and_short_name_within_150m,matched
gbfs,a3a7d279-a135-11e9-9cda-0a87ae2ba916,CHI00392,Normal Ave & Archer Ave,41.849527,-87.640591,True,renting_and_returning,classic,11,divvy_0a49ade1fd00a21b,station,2013-08-16 14:56:00,name_and_short_name_within_150m,matched
gbfs,2206674953022716066,CHI02246,Virginia Ave & Catalpa Ave,41.98124,-87.70495,True,renting_and_returning,classic,8,divvy_4946e2656a9c8106,station,2021-11-12 16:37:06,name_and_short_name_within_150m,matched
gbfs,a3a5c440-a135-11e9-9cda-0a87ae2ba916,CHI00444,Clark St & North Ave,41.911974,-87.631942,True,renting_and_returning,classic,15,divvy_8dac1fb9055e52bd,station,2013-07-29 12:19:00,name_and_short_name_within_150m,matched
gbfs,1981474194261928388,CHI01974,Newcastle Ave & Irving Park Rd,41.95256,-87.79755,True,renting_and_returning,classic,16,divvy_db7a811bbe23a211,station,2024-08-22 16:04:30.559000,name_and_short_name_within_150m,matched
gbfs,6fd280b0-74de-4a89-947d-3be40afa079c,CHI00849,Altgeld Gardens,41.656665529673724,-87.59880065917969,True,renting_and_returning,classic,15,divvy_ae363b5477268bda,station,2021-04-29 19:12:19,name_and_short_name_within_150m,matched
gbfs,2225993076743664360,CHI02345,Honore St & 71st St,41.76498,-87.66983,True,renting_and_returning,classic,8,divvy_73f9c66106552846,station,2026-07-20 10:01:06.298000,name_and_short_name_within_150m,matched
gbfs,1929121521556988340,CHI01799,Grace St & Central Ave,41.9495327,-87.7672648,True,renting_and_returning,classic,15,divvy_837d844316cb783b,station,2024-04-18 17:52:51,name_and_short_name_within_150m,matched
gbfs,87d2a090-22cd-471b-b622-fef3923999dd,CHI00738,Loomis St & 89th St,41.73237975329554,-87.65806943178177,True,renting_and_returning,classic,15,divvy_2fbb67a06b0550b8,station,2021-05-12 20:53:36,name_and_short_name_within_150m,matched
gbfs,a3a46896-a135-11e9-9cda-0a87ae2ba916,CHI00266,Wells St & Randolph St,41.884295,-87.633963,True,renting_and_returning,classic,42,divvy_4122e4cfa1f10c23,station,2024-01-25 08:13:57,name_and_short_name_within_150m,matched
gbfs,1930641272056945296,CHI02017,Mason Ave & Grand Ave,41.9204347,-87.7743901,True,renting_and_returning,classic,15,divvy_58262f330db17275,station,2024-04-17 18:51:19,name_and_short_name_within_150m,matched
gbfs,1926982189560422428,CHI01539,St Louis Ave & Foster Ave,41.9759837,-87.7159844,True,renting_and_returning,classic,15,divvy_a19a556335ed5743,station,2024-03-21 15:40:51,name_and_short_name_within_150m,matched
gbfs,a3a5b496-a135-11e9-9cda-0a87ae2ba916,CHI00307,California Ave & Milwaukee Ave,41.922695,-87.697153,True,renting_and_returning,classic,16,divvy_1dabcd5e137dbe82,station,2013-07-16 14:03:00,name_and_short_name_within_150m,matched
gbfs,a3b4728f-a135-11e9-9cda-0a87ae2ba916,CHI00791,Racine Ave & Washington Blvd,41.883073,-87.656952,True,renting_and_returning,classic,11,divvy_d82098d22540d876,station,2018-10-17 18:24:12,name_and_short_name_within_150m,matched
gbfs,2057559901799078642,CHI02027,Edgebrook Metra,41.99751,-87.76539,True,renting_and_returning,classic,8,divvy_810e967b8a921323,station,2025-03-08 23:56:56.880000,name_and_short_name_within_150m,matched
gbfs,1943240055911940522,CHI01807,Damen Ave & 77th St,41.753966,-87.673408,True,renting_and_returning,classic,7,divvy_4c289d6f3adf4fba,station,2024-06-19 20:12:57.521000,name_and_short_name_within_150m,matched
gbfs,61695579-2f75-4090-a071-c76079b5fb5d,CHI00799,Michigan Ave & 71st St,41.765286,-87.621748,True,renting_and_returning,classic,7,divvy_900a5aa6278aa3d2,station,2018-11-22 12:21:39,name_and_short_name_within_150m,matched
gbfs,a3a42574-a135-11e9-9cda-0a87ae2ba916,CHI00761,Clark St & Lake St,41.88602082773,-87.6308760584,True,renting_and_returning,classic,24,divvy_18e7fd555e2ebd1e,station,2015-04-18 13:00:00,name_and_short_name_within_150m,matched
gbfs,1754781885939323186,CHI02031,Stony Island Ave & 63rd St,41.780506,-87.586853,True,renting_and_returning,classic,11,divvy_65b0ef3f749e46d4,station,2023-02-10 16:36:25,name_and_short_name_within_150m,matched
gbfs,a3a3bc53-a135-11e9-9cda-0a87ae2ba916,CHI01787,Wacker Dr & Washington St,41.88314336439022,-87.63724207878113,True,renting_and_returning,classic,19,divvy_468f4eea81365ea4,station,2015-04-18 12:07:00,name_and_short_name_within_150m,matched
gbfs,a3af5804-a135-11e9-9cda-0a87ae2ba916,CHI00793,Ridge Blvd & Touhy Ave,42.01213227742,-87.6829126443,True,renting_and_returning,classic,11,divvy_ab7a7751dc9a34e5,station,2015-05-16 10:51:00,name_and_short_name_within_150m,matched
gbfs,a3a41526-a135-11e9-9cda-0a87ae2ba916,CHI01747,Navy Pier,41.892278,-87.612043,True,renting_and_returning,classic,71,divvy_1367bd1e624286c1,station,2016-01-01 00:26:00,name_and_short_name_within_150m,matched
gbfs,a3aa4f80-a135-11e9-9cda-0a87ae2ba916,CHI00466,Southport Ave & Clybourn Ave,41.9207449,-87.6636913,True,renting_and_returning,classic,16,divvy_0e1cc2fa312d2db5,station,2013-09-25 12:29:00,name_and_short_name_within_150m,matched
gbfs,2183340497449435640,CHI02198,St Louis Ave & Armitage Ave,41.91717,-87.71358,True,renting_and_returning,classic,15,divvy_498ad086c01a0312,station,2026-02-12 22:42:58.225000,name_and_short_name_within_150m,matched
gbfs,a3b2e20c-a135-11e9-9cda-0a87ae2ba916,CHI00737,Benson Ave & Church St,42.048214,-87.683485,False,renting_and_returning,classic,19,divvy_4da25ce9905eab88,station,2016-06-29 17:07:00,name_and_short_name_within_150m,matched
gbfs,a3a61a0b-a135-11e9-9cda-0a87ae2ba916,CHI00487,Sedgwick St & Webster Ave,41.922167,-87.638888,True,renting_and_returning,classic,24,divvy_fa4e1dbeb3fe7792,station,2013-08-03 12:41:00,name_and_short_name_within_150m,matched
gbfs,a3b45e26-a135-11e9-9cda-0a87ae2ba916,CHI00771,Eggleston Ave & 69th St,41.768898,-87.635876,True,renting_and_returning,classic,11,divvy_b4ff25593e35d02a,station,2018-10-24 18:53:51,name_and_short_name_within_150m,matched
gbfs,a3b10f66-a135-11e9-9cda-0a87ae2ba916,CHI00665,Cicero Ave & Lake St,41.886841,-87.745261,True,renting_and_returning,classic,11,divvy_9ba838cf862a3bf6,station,2016-06-17 17:42:00,name_and_short_name_within_150m,matched
gbfs,1966306862968688728,CHI01937,Vincennes Ave & 79th St,41.7506,-87.63409,True,renting_and_returning,classic,15,divvy_d2513e3380c59377,station,2024-08-10 18:01:54.031000,name_and_short_name_within_150m,matched
gbfs,a3aa59bb-a135-11e9-9cda-0a87ae2ba916,CHI00467,Leavitt St & Armitage Ave,41.917805,-87.682437,True,renting_and_returning,classic,11,divvy_95fb62a1e685377e,station,2013-09-20 14:37:00,name_and_short_name_within_150m,matched
gbfs,a3ad2843-a135-11e9-9cda-0a87ae2ba916,CHI02032,Lake Park Ave & 35th St,41.83127423549,-87.6087991946,True,renting_and_returning,classic,19,divvy_b7fdf8abad027a79,station,2015-04-17 11:15:00,name_and_short_name_within_150m,matched
gbfs,1989976253005812134,CHI01953,Stewart Ave & 123rd St,41.6706,-87.63244,True,renting_and_returning,classic,16,divvy_035ba70fe125eb9e,station,2022-05-18 15:51:49,name_and_short_name_within_150m,matched
gbfs,a3b3820c-a135-11e9-9cda-0a87ae2ba916,CHI00640,LaSalle Dr & Huron St,41.894877,-87.632326,True,renting_and_returning,classic,30,divvy_6616ce9bdc8f94da,station,2018-03-08 15:28:00,name_and_short_name_within_150m,matched
gbfs,a3ad8587-a135-11e9-9cda-0a87ae2ba916,CHI00574,Griffin Museum of Science and Industry,41.79172820953,-87.583945009,True,renting_and_returning,classic,27,divvy_18604fc0fc150278,station,2015-04-17 11:38:00,name_and_short_name_within_150m,matched
gbfs,a3a3f5e9-a135-11e9-9cda-0a87ae2ba916,CHI00457,Noble St & Milwaukee Ave,41.9007,-87.662607,True,renting_and_returning,classic,15,divvy_2b325a70a5fd923f,station,2013-06-27 21:51:00,name_and_short_name_within_150m,matched
gbfs,a3a64639-a135-11e9-9cda-0a87ae2ba916,CHI00285,Lincoln Ave & Diversey Pkwy,41.932225,-87.658617,True,renting_and_returning,classic,16,divvy_0940a48e3251f054,station,2013-07-29 19:43:00,name_and_short_name_within_150m,matched
gbfs,a3a9acc5-a135-11e9-9cda-0a87ae2ba916,CHI00268,California Ave & North Ave,41.910044,-87.697167,True,renting_and_returning,classic,11,divvy_fb734812be68e422,station,2013-09-12 18:03:00,name_and_short_name_within_150m,matched
gbfs,a3b25656-a135-11e9-9cda-0a87ae2ba916,CHI00710,Woodlawn Ave & 75th St,41.75916,-87.59599,True,renting_and_returning,classic,11,divvy_e8faef84754e5898,station,2016-06-29 20:58:00,name_and_short_name_within_150m,matched
gbfs,a3ac2671-a135-11e9-9cda-0a87ae2ba916,CHI00504,Halsted St & Wrightwood Ave,41.929143,-87.649077,True,renting_and_returning,classic,15,divvy_d38073c8048f0c4b,station,2013-06-27 15:05:00,name_and_short_name_within_150m,matched
gbfs,a3a6e359-a135-11e9-9cda-0a87ae2ba916,CHI00341,Campbell Ave & North Ave,41.910535,-87.689556,True,renting_and_returning,classic,15,divvy_11823eb6f54b8583,station,2013-07-27 13:00:00,name_and_short_name_within_150m,matched
gbfs,a3b26084-a135-11e9-9cda-0a87ae2ba916,CHI00712,Vernon Ave & 75th St,41.758361,-87.614138,True,renting_and_returning,classic,11,divvy_d284b986fee6469e,station,2016-08-03 18:51:21,name_and_short_name_within_150m,matched
gbfs,2100635943484261050,CHI02057,Damen Ave & Pierce Ave,41.9093581,-87.6777585,True,renting_and_returning,classic,24,divvy_9611fe0db7627494,station,2013-06-27 21:39:00,name_and_short_name_within_150m,matched
gbfs,a3aca790-a135-11e9-9cda-0a87ae2ba916,CHI00647,Artesian Ave & Hubbard St,41.8895,-87.688257,True,renting_and_returning,classic,28,divvy_29969b33b5e73f96,station,2015-04-27 17:48:00,name_and_short_name_within_150m,matched
gbfs,2205610155911264688,CHI02244,N Shore Channel Trail & Argyle St,41.97222,-87.70282,True,renting_and_returning,classic,12,divvy_524b2d341a9a4810,station,2022-02-24 13:51:43,name_and_short_name_within_150m,matched
gbfs,1958859209051740602,CHI01836,California Ave & Madison St,41.88098,-87.69598,True,renting_and_returning,classic,15,divvy_6f5a672da462365e,station,2024-06-15 03:15:40.361000,name_and_short_name_within_150m,matched
gbfs,a3a771c2-a135-11e9-9cda-0a87ae2ba916,CHI00339,Southport Ave & Wrightwood Ave,41.928773,-87.663913,True,renting_and_returning,classic,16,divvy_e85c7bd199f42030,station,2013-06-27 19:38:00,name_and_short_name_within_150m,matched
gbfs,391d5cd8-c87c-42f8-94df-823f94284005,CHI00853,Calumet Park,41.71370983035615,-87.53084421157837,True,renting_and_returning,classic,15,divvy_70f1e242706b64bb,station,2021-04-17 23:07:18,name_and_short_name_within_150m,matched
gbfs,2144730165297252480,CHI02161,Western Ave & 81st St,41.746426,-87.683123,True,renting_and_returning,classic,15,divvy_03a9a0ced9df3b5e,station,2024-05-29 12:06:23,name_and_short_name_within_150m,matched
gbfs,a3b21de7-a135-11e9-9cda-0a87ae2ba916,CHI00681,Ashland Ave & Garfield Blvd,41.792822,-87.664429,True,renting_and_returning,classic,11,divvy_27e3717f6b2619af,station,2016-06-26 13:53:00,name_and_short_name_within_150m,matched
gbfs,1988925731902098196,CHI01934,Oriole Ave & Irving Park Rd,41.95224,-87.81697,True,renting_and_returning,classic,4,divvy_a087fca7dc2032f3,station,2024-09-08 13:04:01.961000,name_and_short_name_within_150m,matched
gbfs,b43a9764-2b1d-4fa0-a13f-7e05eddc7fcd,CHI00872,Western Ave & 111th St,41.691211034981045,-87.68129736185074,True,renting_and_returning,classic,23,divvy_969e14ed2e95deff,station,2020-10-10 15:50:19,name_and_short_name_within_150m,matched
gbfs,2020810253003180058,CHI01964,Farragut Ave & Central Ave,41.97666,-87.76823,True,renting_and_returning,classic,16,divvy_df446a2ebc349379,station,2024-12-02 18:22:03.265000,name_and_short_name_within_150m,matched
gbfs,a3a6f7a5-a135-11e9-9cda-0a87ae2ba916,CHI00376,Franklin St & Lake St,41.885837,-87.6355,True,renting_and_returning,classic,40,divvy_aaf1bf77437b45ca,station,2013-06-28 08:09:00,name_and_short_name_within_150m,matched
gbfs,c1f104db-9ee7-4999-bd4a-ddd766c75e04,CHI00863,Burnham Greenway & 105th St,41.7045750872071,-87.52823173999786,True,renting_and_returning,classic,11,divvy_254a6c78254c5a9b,station,2020-09-18 20:28:43,name_and_short_name_within_150m,matched
gbfs,a3a5f0b8-a135-11e9-9cda-0a87ae2ba916,CHI00402,Peoria St & Jackson Blvd,41.8776415962753,-87.64961779117584,True,renting_and_returning,classic,30,divvy_bf1d10326a9e746f,station,2013-07-23 15:05:00,name_and_short_name_within_150m,matched
gbfs,1965904499533560722,CHI01994,University Ave & 65th St,41.77694,-87.59842,True,renting_and_returning,classic,11,divvy_10d635590ab184f6,station,2024-07-05 18:58:58.734000,name_and_short_name_within_150m,matched
gbfs,a3a434ce-a135-11e9-9cda-0a87ae2ba916,CHI01775,Federal St & Polk St,41.87207763285,-87.6295437729,True,renting_and_returning,classic,30,divvy_acc25fa689adcff2,station,2015-04-25 19:11:00,name_and_short_name_within_150m,matched
gbfs,a3a7af11-a135-11e9-9cda-0a87ae2ba916,CHI00424,Halsted St & 18th St,41.85750568031716,-87.64599144458771,True,renting_and_returning,classic,16,divvy_2f8d6201d79282b2,station,2013-08-13 12:02:00,name_and_short_name_within_150m,matched
gbfs,1932113567217736592,CHI01872,Mango Ave & North Ave,41.90958,-87.7691175,True,renting_and_returning,classic,7,divvy_1f5b0e1cdb85a124,station,2024-05-01 13:02:14,name_and_short_name_within_150m,matched
gbfs,a3b28b4a-a135-11e9-9cda-0a87ae2ba916,CHI00721,Phillips Ave & 79th St,41.75182,-87.565211,True,service_restricted,classic,11,divvy_c08a7051fd708635,station,2016-07-23 18:19:58,name_and_short_name_within_150m,matched
gbfs,2038265780361703964,CHI01995,Austin Ave & Milwaukee Ave,41.98736,-87.77805,True,renting_and_returning,classic,9,divvy_4e8248a2488a276b,station,2025-01-18 10:16:17.784000,name_and_short_name_within_150m,matched
gbfs,1970688691992443350,CHI01936,Shields Ave & 57th St,41.79076,-87.6345,True,renting_and_returning,classic,15,divvy_5756c3f4a0917a85,station,2024-08-07 12:23:40.420000,name_and_short_name_within_150m,matched
gbfs,2252414929099132426,CHI02401,Linder Ave & 64th,41.77546,-87.75791,True,renting_and_returning,classic,8,divvy_b2edef37c5fab615,station,2026-08-20 12:41:03.404000,name_and_short_name_within_150m,matched
gbfs,1968516035938026380,CHI02001,Wabash Ave & 59th St,41.787052970257335,-87.62402973196657,True,renting_and_returning,classic,7,divvy_ea9bf9d55a48fcd0,station,2024-07-27 18:22:15.327000,name_and_short_name_within_150m,matched
gbfs,1934009488956756950,CHI01862,Tripp Ave & 31st St,41.836966,-87.730502,True,renting_and_returning,classic,7,divvy_13af66fefdf12adb,station,2021-07-26 14:19:47,name_and_short_name_within_150m,matched
gbfs,1861997616150114834,CHI01858,Kenosha Ave & Wellington Ave,41.934457,-87.733795,True,service_restricted,classic,15,divvy_7b4642808cc1bb62,station,2023-09-28 17:14:54,name_and_short_name_within_150m,matched
gbfs,a3b0e657-a135-11e9-9cda-0a87ae2ba916,CHI01287,Greenview Ave & Jarvis Ave,42.015962,-87.66857,True,renting_and_returning,classic,19,divvy_095b4298189f1b1c,station,2016-07-07 14:19:46,name_and_short_name_within_150m,matched
gbfs,a3a3e158-a135-11e9-9cda-0a87ae2ba916,CHI01751,Michigan Ave & Pearson St,41.89766,-87.62351,True,renting_and_returning,classic,23,divvy_403793e9fe82ed5c,station,2013-06-28 07:21:00,name_and_short_name_within_150m,matched
gbfs,a3adce47-a135-11e9-9cda-0a87ae2ba916,CHI00655,Central Park Ave & Ogden Ave,41.854063503874464,-87.71511733531952,True,renting_and_returning,classic,15,divvy_0853ae305963e389,station,2015-04-29 17:44:00,name_and_short_name_within_150m,matched
gbfs,a3a53843-a135-11e9-9cda-0a87ae2ba916,CHI01666,LaSalle St & Calhoun Pl ,41.882664,-87.63253,True,renting_and_returning,classic,15,divvy_1a97b33437ee9f72,station,2025-08-18 15:49:38.441000,name_and_short_name_within_150m,matched
gbfs,2259052081335834494,CHI02413,Glenwood Ave & Ardmore Ave,41.98828,-87.66512,True,renting_and_returning,classic,15,,,,,no_unambiguous_history_match
gbfs,2117289274864824946,CHI02100,The Salt Shed,41.90689,-87.65978,True,renting_and_returning,classic,23,divvy_9791a37b42e60e28,station,2025-08-15 14:13:06.628000,name_and_short_name_within_150m,matched
gbfs,87c01e57-8a00-430d-9eb3-2abe51e535dd,CHI00772,Vernon Ave & 107th St,41.70012137923888,-87.61225998401642,True,renting_and_returning,classic,15,divvy_418280275b1ccfb7,station,2020-09-06 16:00:08,name_and_short_name_within_150m,matched
gbfs,a3b424f6-a135-11e9-9cda-0a87ae2ba916,CHI01209,Lakefront Trail & Wilson Ave,41.9658742,-87.6455061,True,renting_and_returning,classic,15,divvy_d5f9aa63bf5c4e91,station,2020-01-01 11:00:37,name_and_short_name_within_150m,matched
gbfs,34dc92b5-7cb7-4536-856b-46644d31b48c,CHI00838,State St & 123rd St,41.67064383687979,-87.62258648872375,True,renting_and_returning,classic,15,divvy_e0338f24e911ef02,station,2020-09-18 17:06:39,name_and_short_name_within_150m,matched
gbfs,2116533844391069994,CHI02096,Larrabee St & Clybourn Ave,41.9066,-87.64322,True,renting_and_returning,classic,15,divvy_620171323fba1430,station,2025-08-13 17:20:08.978000,name_and_short_name_within_150m,matched
gbfs,1942118282074374350,CHI01899,Wellington Ave & Mulligan Ave,41.93473,-87.78436,True,renting_and_returning,classic,14,divvy_4157d5dae68aea93,station,2024-04-30 14:32:05,name_and_short_name_within_150m,matched
gbfs,a3a40ad8-a135-11e9-9cda-0a87ae2ba916,CHI00246,State St & Van Buren St,41.877181,-87.627844,True,renting_and_returning,classic,27,divvy_9090ad272531d11b,station,2013-06-28 14:53:00,name_and_short_name_within_150m,matched
gbfs,a3acbc0b-a135-11e9-9cda-0a87ae2ba916,CHI00653,Western Ave & Congress Pkwy,41.87474885079,-87.6864452757,True,renting_and_returning,classic,19,divvy_415cf57919bde731,station,2015-04-27 18:42:00,name_and_short_name_within_150m,matched
gbfs,a3b2b419-a135-11e9-9cda-0a87ae2ba916,CHI00729,Wabash Ave & 83rd St,41.743359762253235,-87.62284398078917,True,renting_and_returning,classic,11,divvy_e22df49f1c5e0a90,station,2016-08-31 12:19:09,name_and_short_name_within_150m,matched
gbfs,a3afc858-a135-11e9-9cda-0a87ae2ba916,CHI00538,Pulaski Rd & Eddy St,41.946264,-87.731023,True,renting_and_returning,classic,11,divvy_8ea7382cb5bf63f8,station,2020-01-01 01:12:37,name_and_short_name_within_150m,matched
gbfs,3d1da4c7-23c9-4731-81f5-91db08f6c97f,CHI00880,Constance Ave & 95th St,41.72229074095262,-87.57896840572357,True,renting_and_returning,classic,15,divvy_39b3e4d5883b2a34,station,2020-09-03 17:58:49,name_and_short_name_within_150m,matched
gbfs,2134349150128577368,CHI02141,Rush St & Illinois St,41.89087,-87.62584,True,renting_and_returning,classic,23,divvy_99fb420bc11ca056,station,2025-09-30 16:09:20.172000,name_and_short_name_within_150m,matched
gbfs,a3aa9c65-a135-11e9-9cda-0a87ae2ba916,CHI00448,Wabash Ave & 9th St,41.870769,-87.625734,True,renting_and_returning,classic,19,divvy_2b4a61eb70e58b85,station,2017-07-01 01:57:23,name_and_short_name_within_150m,matched
gbfs,1861589903150238332,CHI01798,California Ave & 71st St,41.764748,-87.693121,True,renting_and_returning,classic,15,divvy_308053305f031085,station,2023-09-29 14:22:50,name_and_short_name_within_150m,matched
gbfs,a3aaf7bc-a135-11e9-9cda-0a87ae2ba916,CHI00486,Emerald Ave & 31st St,41.838198,-87.645143,True,renting_and_returning,classic,15,divvy_77ff0abfe90d48ff,station,2013-09-28 23:14:00,name_and_short_name_within_150m,matched
gbfs,1958860132283810038,CHI01975,Kilbourn Ave & 49th St,41.80385,-87.73566,True,renting_and_returning,classic,7,divvy_537d2bf341ef80d3,station,2024-07-01 02:30:55.607000,name_and_short_name_within_150m,matched
gbfs,a3af1767-a135-11e9-9cda-0a87ae2ba916,CHI00563,Broadway & Granville Ave,41.9947796884,-87.6602845349,True,renting_and_returning,classic,23,divvy_9892a854be81f337,station,2015-05-11 15:34:00,name_and_short_name_within_150m,matched
gbfs,a3a7c341-a135-11e9-9cda-0a87ae2ba916,CHI00426,Halsted St & Archer Ave,41.847203,-87.646795,True,renting_and_returning,classic,15,divvy_79c224396ad840ab,station,2013-08-15 07:25:00,name_and_short_name_within_150m,matched
gbfs,0eeb6baf-c653-4a1a-af17-99f686116b89,CHI00802,Lawndale Ave & 111th St,41.69131919221066,-87.71288573741913,True,renting_and_returning,classic,15,divvy_f7dfe45f7f1d74c3,station,2020-10-15 16:05:17,name_and_short_name_within_150m,matched
gbfs,a3a7a4fc-a135-11e9-9cda-0a87ae2ba916,CHI00399,MLK Jr Dr & 47th St,41.809851,-87.616279,True,renting_and_returning,classic,11,divvy_1f9dc06fba624902,station,2013-08-14 23:00:00,name_and_short_name_within_150m,matched
gbfs,1962563227519515280,CHI01820,North Boundary Park,42.01303,-87.70891,True,renting_and_returning,classic,15,divvy_17e146f9cf66e0a4,station,2024-06-27 10:14:13.874000,name_and_short_name_within_150m,matched
gbfs,2185938651906372480,CHI02203,Lavergne Ave & 46th St,41.80934,-87.74783,True,renting_and_returning,classic,8,divvy_7fc8af5f81731470,station,2021-10-22 17:08:02,name_and_short_name_within_150m,matched
gbfs,a3a38363-a135-11e9-9cda-0a87ae2ba916,CHI00531,Dusable Harbor,41.886976,-87.612813,True,renting_and_returning,classic,39,divvy_1602f1e1c25de7b2,station,2020-01-01 12:48:27,name_and_short_name_within_150m,matched
gbfs,7dc58bb9-24de-4544-9a12-c3975139370f,CHI00779,Doty Ave & 111th St,41.69501044938143,-87.59871482849121,True,renting_and_returning,classic,15,divvy_b1cad9a31c46b625,station,2021-09-16 04:24:40,name_and_short_name_within_150m,matched
gbfs,a3b1db23-a135-11e9-9cda-0a87ae2ba916,CHI01336,Kostner Ave & Adams St,41.877917,-87.735737,True,renting_and_returning,classic,8,divvy_b197984963aeb570,station,2016-06-16 08:35:00,name_and_short_name_within_150m,matched
gbfs,1869036027793202092,CHI01850,Lavergne Ave & Fullerton Ave,41.924034,-87.751191,True,renting_and_returning,classic,15,divvy_744a8de37084f7fa,station,2023-10-16 12:44:12,name_and_short_name_within_150m,matched
gbfs,2072042555341816674,CHI01998,Pulaski Rd & 75th St,41.75725,-87.72247,True,renting_and_returning,classic,15,divvy_666b396f56cf1991,station,2025-04-17 08:55:16.199000,name_and_short_name_within_150m,matched
gbfs,2176700070219997476,CHI02192,Kimball Ave & Wrightwood Ave,41.92837,-87.71244,True,renting_and_returning,classic,15,divvy_e8cdc0b2e04e3293,station,2026-02-04 23:42:29.653000,name_and_short_name_within_150m,matched
gbfs,a3a9ecff-a135-11e9-9cda-0a87ae2ba916,CHI00441,Larrabee St & Armitage Ave,41.918084,-87.643749,True,renting_and_returning,classic,15,divvy_3bed81c86cf1f573,station,2013-09-13 23:46:00,name_and_short_name_within_150m,matched
gbfs,a3af4b26-a135-11e9-9cda-0a87ae2ba916,CHI00625,Damen Ave & Foster Ave,41.9758109755749,-87.67950989857908,True,renting_and_returning,classic,15,divvy_b273a9ff5365f618,station,2015-05-14 07:15:00,name_and_short_name_within_150m,matched
gbfs,a3b42f5f-a135-11e9-9cda-0a87ae2ba916,CHI00702,Central Park Ave & Bloomingdale Ave,41.914166,-87.716755,True,renting_and_returning,classic,11,divvy_a3f15285d7435999,station,2018-10-03 01:02:05,name_and_short_name_within_150m,matched
gbfs,a3b486f2-a135-11e9-9cda-0a87ae2ba916,CHI00787,Leavitt St & Division St,41.902997,-87.683825,True,renting_and_returning,classic,15,divvy_8402269987c1780d,station,2018-10-25 16:35:09,name_and_short_name_within_150m,matched
gbfs,a3a6f2a2-a135-11e9-9cda-0a87ae2ba916,CHI00348,Damen Ave & Clybourn Ave,41.93221,-87.67859,True,renting_and_returning,classic,15,divvy_b8c7092a18c3d2c5,station,2014-07-01 07:24:00,name_and_short_name_within_150m,matched
gbfs,a3af76f8-a135-11e9-9cda-0a87ae2ba916,CHI00638,Francisco Ave & Foster Ave,41.97563272521,-87.7014194389,True,renting_and_returning,classic,15,divvy_8c058ba19bcf3448,station,2015-05-14 17:24:00,name_and_short_name_within_150m,matched
gbfs,2014485295161274488,CHI01999,Halsted St & 83rd St,41.74307,-87.6437,True,renting_and_returning,classic,16,divvy_768e6a53a1618649,station,2024-11-12 17:36:17.241000,name_and_short_name_within_150m,matched
gbfs,2140270131934052952,CHI02152,Marshfield Ave & Diversey Pkwy,41.93204,-87.6697,True,renting_and_returning,classic,11,divvy_7d1fd572066fd35e,station,2025-10-16 18:25:34.536000,name_and_short_name_within_150m,matched
gbfs,a3ad523f-a135-11e9-9cda-0a87ae2ba916,CHI00532,Canal St & Taylor St,41.870257,-87.639474,True,renting_and_returning,classic,15,divvy_c5efae1f376d4da8,station,2015-07-01 08:52:00,name_and_short_name_within_150m,matched
gbfs,2078379617704292706,CHI00622,Milwaukee Ave & The 606,41.913754,-87.6826658,True,renting_and_returning,classic,19,divvy_4baec12a25953877,station,2025-05-04 11:24:57.522000,name_and_short_name_within_150m,matched
gbfs,0f9b826b-8885-4c25-96fd-9e2c2074c34e,CHI00859,Western Ave & 104th St,41.70458710218908,-87.68120348453522,True,renting_and_returning,classic,14,divvy_899a869d91e04d8b,station,2020-10-06 14:38:17,name_and_short_name_within_150m,matched
gbfs,a3a9bbf0-a135-11e9-9cda-0a87ae2ba916,CHI00401,Halsted St & 35th St,41.830661,-87.647172,True,renting_and_returning,classic,15,divvy_0ea252da702edbf1,station,2013-06-28 10:04:00,name_and_short_name_within_150m,matched
gbfs,a3b0dc1f-a135-11e9-9cda-0a87ae2ba916,CHI01170,Conservatory Dr & Lake St,41.885502,-87.716866,True,renting_and_returning,classic,11,divvy_79e87e85dbdc5af3,station,2016-06-02 14:12:00,name_and_short_name_within_150m,matched
gbfs,a3acfa38-a135-11e9-9cda-0a87ae2ba916,CHI00573,Yates Blvd & 75th St,41.758768,-87.56644,True,renting_and_returning,classic,11,divvy_abdf23f2caad7551,station,2015-05-12 16:40:00,name_and_short_name_within_150m,matched
gbfs,1927695368784189454,CHI01827,Kildare Ave & North Ave,41.9095392,-87.7338518,True,renting_and_returning,classic,11,divvy_60423e5a56d8f630,station,2024-03-27 07:59:53,name_and_short_name_within_150m,matched
gbfs,2142874382964769174,CHI02158,Pine Grove Ave & Wellington Ave,41.93651,-87.64119,True,renting_and_returning,classic,15,divvy_5363d17f9d3d393f,station,2025-10-23 17:25:27.741000,name_and_short_name_within_150m,matched
gbfs,a3add365-a135-11e9-9cda-0a87ae2ba916,CHI00656,Kedzie Ave & 21st St,41.85353363213,-87.7050730318,True,renting_and_returning,classic,11,divvy_42c2bca81f674fe2,station,2015-04-27 16:28:00,name_and_short_name_within_150m,matched
gbfs,a3a453fa-a135-11e9-9cda-0a87ae2ba916,CHI00288,State St & Kinzie St,41.889375466631684,-87.62707650661469,True,renting_and_returning,classic,23,divvy_1248c1fb3c41e0e4,station,2013-06-28 16:27:00,name_and_short_name_within_150m,matched
gbfs,1962566331666471698,CHI01819,Oketo Ave & Addison St,41.94496,-87.81189,True,renting_and_returning,classic,7,divvy_6a082c025ea77492,station,2021-08-25 14:29:06,name_and_short_name_within_150m,matched
gbfs,1942112671760511044,CHI01873,Monitor Ave & Division St,41.90192,-87.77178,True,renting_and_returning,classic,7,divvy_7fa8f9ca6c38fe4f,station,2024-05-01 18:34:14,name_and_short_name_within_150m,matched
gbfs,a3b1cf80-a135-11e9-9cda-0a87ae2ba916,CHI00684,Laramie Ave & Gladys Ave,41.875806,-87.755285,True,renting_and_returning,classic,11,divvy_06c3d3501b621ac0,station,2016-06-16 19:39:00,name_and_short_name_within_150m,matched
gbfs,1936566487749193740,CHI01853,Harding Ave & Chicago Ave,41.895313,-87.724738,True,renting_and_returning,classic,7,divvy_85660439787c7171,station,2024-04-19 20:10:18,name_and_short_name_within_150m,matched
gbfs,a3b4a579-a135-11e9-9cda-0a87ae2ba916,CHI00615,Leavitt St & Belmont Ave,41.939354,-87.683282,True,renting_and_returning,classic,15,divvy_787e5d6fbf9437bd,station,2018-12-14 11:12:21,name_and_short_name_within_150m,matched
gbfs,2113985612794702690,CHI02091,Lock St & 31st St,41.837962,-87.659049,True,renting_and_returning,classic,15,divvy_1af595a9b29ea612,station,2025-08-09 23:37:38.979000,name_and_short_name_within_150m,matched
gbfs,2139215142468313110,CHI02151,Malden St & Wilson Ave,41.96526,-87.66275,True,renting_and_returning,classic,11,divvy_190c2d326916a8c0,station,2025-10-13 20:27:08.436000,name_and_short_name_within_150m,matched
gbfs,a3ac4a7c-a135-11e9-9cda-0a87ae2ba916,CHI00549,Stony Island Ave & 71st St,41.7664929373,-87.5864608775,True,renting_and_returning,classic,11,divvy_e697cf405b567a29,station,2015-04-30 14:10:00,name_and_short_name_within_150m,matched
gbfs,2036783513617573970,CHI01986,Elston Ave & Carmen Ave,41.97354,-87.74955,True,renting_and_returning,classic,8,divvy_4418a883c02b1f4a,station,2025-01-17 12:56:50.071000,name_and_short_name_within_150m,matched
gbfs,a3a405a1-a135-11e9-9cda-0a87ae2ba916,CHI00265,Racine Ave & Congress Pkwy,41.87464,-87.65703,True,renting_and_returning,classic,19,divvy_41892d32b9d38f2f,station,2013-06-27 14:44:00,name_and_short_name_within_150m,matched
gbfs,a3b2956a-a135-11e9-9cda-0a87ae2ba916,CHI00485,Commercial Ave & 83rd St,41.744615,-87.551208,True,renting_and_returning,classic,11,divvy_e3e6e562a4a0b45b,station,2016-08-29 15:35:35,name_and_short_name_within_150m,matched
gbfs,a3a3c174-a135-11e9-9cda-0a87ae2ba916,CHI00389,Throop St & Taylor St,41.868968,-87.659141,True,renting_and_returning,classic,15,divvy_fb1903ca09983d4d,station,2020-01-01 02:18:42,name_and_short_name_within_150m,matched
gbfs,a3a4d588-a135-11e9-9cda-0a87ae2ba916,CHI00374,DuSable Lake Shore Dr & Monroe St,41.880958,-87.616743,True,renting_and_returning,classic,39,divvy_397b577c20a7a51d,station,2013-06-27 19:03:00,name_and_short_name_within_150m,matched
gbfs,a3aac4f9-a135-11e9-9cda-0a87ae2ba916,CHI00493,DuSable Lake Shore Dr & Diversey Pkwy,41.932588,-87.636427,True,renting_and_returning,classic,23,divvy_70ad65fe13c34c96,station,2013-09-25 17:53:00,name_and_short_name_within_150m,matched
gbfs,1931391724317609988,CHI01852,Lamon Ave & Chicago Ave,41.8950179,-87.7484986,True,renting_and_returning,classic,15,divvy_00a61f9d83cb6e05,station,2021-09-15 06:56:22,name_and_short_name_within_150m,matched
gbfs,a3af8642-a135-11e9-9cda-0a87ae2ba916,CHI00217,Washtenaw Ave & Lawrence Ave,41.9687297,-87.6962603,True,renting_and_returning,classic,15,divvy_51568abf3a83dbf7,station,2015-05-06 00:24:00,name_and_short_name_within_150m,matched
gbfs,2148085923136363046,CHI02167,Harper Ave & 55th St,41.7953,-87.58833,True,renting_and_returning,classic,15,divvy_37bf58311a13b77b,station,2025-11-06 15:07:11.268000,name_and_short_name_within_150m,matched
gbfs,a3ad6c01-a135-11e9-9cda-0a87ae2ba916,CHI00559,Lake Park Ave & 53rd St,41.79949429373,-87.5864498959,True,renting_and_returning,classic,15,divvy_7d6591bc03444e5f,station,2015-04-17 09:28:00,name_and_short_name_within_150m,matched
gbfs,a3a6ce53-a135-11e9-9cda-0a87ae2ba916,CHI00377,Clark St & Wellington Ave,41.9364968219,-87.6475386582,True,renting_and_returning,classic,15,divvy_ad7576c2fcd40f11,station,2013-08-02 20:26:00,name_and_short_name_within_150m,matched
gbfs,1961473975097987236,CHI00874,Meade Ave & Addison St,41.94595,-87.77888,True,renting_and_returning,classic,7,divvy_2c4736b738c538b0,station,2021-08-06 18:34:38,name_and_short_name_within_150m,matched
gbfs,1978529864027224986,CHI01977,Narragansett Ave & Montrose Ave,41.959978,-87.786928,True,renting_and_returning,classic,16,divvy_ecf7049b4d534615,station,2024-08-07 06:38:20.169000,name_and_short_name_within_150m,matched
gbfs,a3a9a24f-a135-11e9-9cda-0a87ae2ba916,CHI00434,Racine Ave & 15th St,41.861267,-87.656625,True,renting_and_returning,classic,15,divvy_af184d9f56455a58,station,2013-09-12 21:21:00,name_and_short_name_within_150m,matched
gbfs,a3b43eb7-a135-11e9-9cda-0a87ae2ba916,CHI00768,Western Ave & Fillmore St,41.868563,-87.686234,True,renting_and_returning,classic,11,divvy_10c904bfd11c3aa3,station,2018-10-13 17:10:06,name_and_short_name_within_150m,matched
gbfs,a3b0f5c9-a135-11e9-9cda-0a87ae2ba916,CHI00600,Austin Blvd & Chicago Ave,41.894887,-87.774704,True,renting_and_returning,classic,7,divvy_56b2dfa8bf8ad092,station,2016-07-21 18:50:11,name_and_short_name_within_150m,matched
gbfs,1879437308430949172,CHI01757,Springfield Ave & 80th St,41.74763,-87.71945,True,renting_and_returning,classic,8,divvy_9a8e79a41f4fb086,station,2023-12-21 20:16:58,name_and_short_name_within_150m,matched
gbfs,a3aa7db3-a135-11e9-9cda-0a87ae2ba916,CHI00459,Damen Ave & Sunnyside Ave,41.96325,-87.679258,True,renting_and_returning,classic,19,divvy_b8d7de542a4dcaf7,station,2013-09-25 18:33:00,name_and_short_name_within_150m,matched
gbfs,ce334dea-c5ba-45ca-a52d-39dc161683b0,CHI00864,Eberhart Ave & 131st St,41.658413151101065,-87.61071089698817,True,renting_and_returning,classic,15,divvy_564f148b98d96e12,station,2020-09-24 15:41:05,name_and_short_name_within_150m,matched
gbfs,2204470644384050272,CHI02233,Washtenaw Ave & Peterson Ave,41.99073,-87.69705,True,renting_and_returning,classic,8,divvy_cae1ecd929c72d25,station,2021-11-11 17:56:10,name_and_short_name_within_150m,matched
gbfs,2155618682032192194,CHI02177,Milwaukee Ave & Diversey Ave,41.93266,-87.71222,True,renting_and_returning,classic,11,divvy_1fcae49ca57d5de4,station,2022-05-09 11:06:19,name_and_short_name_within_150m,matched
gbfs,a3a37378-a135-11e9-9cda-0a87ae2ba916,CHI00533,Shedd Aquarium,41.86722595682,-87.6153553902,True,renting_and_returning,classic,55,divvy_119d8f529408db4f,station,2015-04-24 14:24:00,name_and_short_name_within_150m,matched
gbfs,a3af1cec-a135-11e9-9cda-0a87ae2ba916,CHI00592,Maplewood Ave & Peterson Ave,41.99023602867,-87.6933696402,True,renting_and_returning,classic,11,divvy_d48b63ae54c450a0,station,2015-05-13 13:35:00,name_and_short_name_within_150m,matched
gbfs,1945088454548058244,CHI01843,Harlem Ave & Irving Park Rd,41.95326,-87.80714,True,renting_and_returning,classic,15,divvy_8ff65e4eb06fd830,station,2024-05-09 15:39:42,name_and_short_name_within_150m,matched
gbfs,a3a5eb69-a135-11e9-9cda-0a87ae2ba916,CHI00299,Kingsbury St & Kinzie St 1,41.88907,-87.63835,True,renting_and_returning,classic,27,divvy_36fc9a90766a8cb1,station,2015-04-25 12:39:00,name_and_short_name_within_150m,matched
gbfs,a3a482fb-a135-11e9-9cda-0a87ae2ba916,CHI00517,Desplaines St & Kinzie St,41.888716036,-87.6444478533,True,renting_and_returning,classic,27,divvy_cfde2e226767d6e9,station,2013-06-28 13:48:00,name_and_short_name_within_150m,matched
gbfs,a3af9f99-a135-11e9-9cda-0a87ae2ba916,CHI01768,Albany Ave & Montrose Ave,41.961041,-87.705866,True,renting_and_returning,classic,11,divvy_89494ef516f9f3ac,station,2016-07-01 08:43:18,name_and_short_name_within_150m,matched
gbfs,a3b2e72c-a135-11e9-9cda-0a87ae2ba916,CHI02038,Chicago Ave & Washington St,42.032562,-87.679101,False,renting_and_returning,classic,15,divvy_f993aa88f45c220c,station,2016-06-29 14:55:00,name_and_short_name_within_150m,matched
gbfs,a3ac9834-a135-11e9-9cda-0a87ae2ba916,CHI00657,Kedzie Ave & Chicago Ave,41.89546530305,-87.7061278837,True,renting_and_returning,classic,11,divvy_26e63821ed9cfcad,station,2015-05-02 12:56:00,name_and_short_name_within_150m,matched
gbfs,2129649769571455176,CHI02128,Broadway & Cuyler Ave,41.955417,-87.6515,True,renting_and_returning,classic,15,divvy_20bf3676fc139a13,station,2025-09-18 13:03:17.363000,name_and_short_name_within_150m,matched
gbfs,a3b128de-a135-11e9-9cda-0a87ae2ba916,CHI01032,Karlov Ave & Madison St,41.88085,-87.727907,True,renting_and_returning,classic,11,divvy_938b6fb2ef5ef98c,station,2018-03-21 08:15:14,name_and_short_name_within_150m,matched
gbfs,2246221031600538080,CHI02393,Harbert Park,42.033803,-87.708814,False,renting_and_returning,classic,6,divvy_da6f87bf737545ab,station,2026-08-03 08:37:52.326000,name_and_short_name_within_150m,matched
gbfs,a3a85eda-a135-11e9-9cda-0a87ae2ba916,CHI00357,Wolcott (Ravenswood) Ave & Montrose Ave,41.961406,-87.676169,True,renting_and_returning,classic,15,divvy_5b459643bf6eb25a,station,2020-01-01 01:17:21,name_and_short_name_within_150m,matched
gbfs,2047210456672276856,CHI02006,Archer Ave & Wentworth Ave,41.8546868,-87.6308531,True,renting_and_returning,classic,11,divvy_5679df8061d27624,station,2025-02-08 09:22:13.166000,name_and_short_name_within_150m,matched
gbfs,a3ada52f-a135-11e9-9cda-0a87ae2ba916,CHI00564,MLK Jr Dr & 63rd St,41.78008063659,-87.6159428567,True,renting_and_returning,classic,11,divvy_696414e526fc9727,station,2015-04-23 12:40:00,name_and_short_name_within_150m,matched
gbfs,a3a589b9-a135-11e9-9cda-0a87ae2ba916,CHI00274,Sheffield Ave & Wellington Ave,41.9362534831413,-87.65266209840775,True,renting_and_returning,classic,23,divvy_2cea71e22ca73949,station,2013-07-22 12:59:00,name_and_short_name_within_150m,matched
gbfs,a3acef62-a135-11e9-9cda-0a87ae2ba916,CHI01776,Clark St & 9th St (AMLI),41.870816,-87.631246,True,renting_and_returning,classic,15,divvy_9990aabbebee9a72,station,2015-08-26 12:42:00,name_and_short_name_within_150m,matched
gbfs,a3b37ce0-a135-11e9-9cda-0a87ae2ba916,CHI00612,Delano Ct & Roosevelt Rd,41.867491,-87.63219,True,renting_and_returning,classic,19,divvy_74d7d5dc9a0cb6f8,station,2017-12-21 13:54:00,name_and_short_name_within_150m,matched
gbfs,a3aa2abb-a135-11e9-9cda-0a87ae2ba916,CHI00390,Broadway & Barry Ave,41.93758231600629,-87.6440978050232,True,renting_and_returning,classic,19,divvy_b8cff87488c71eac,station,2013-06-27 14:40:00,name_and_short_name_within_150m,matched
gbfs,a3a4cb42-a135-11e9-9cda-0a87ae2ba916,CHI02028,Kingsbury St & Erie St,41.8939139,-87.6417358,True,renting_and_returning,classic,23,divvy_84c828028dbaf247,station,2013-06-27 20:57:00,name_and_short_name_within_150m,matched
gbfs,2210792929387709856,CHI02254,Sacramento Ave & 25th St,41.84661,-87.70012,True,renting_and_returning,classic,8,divvy_510782054b38e652,station,2021-11-20 11:50:11,name_and_short_name_within_150m,matched
gbfs,a3afe6ed-a135-11e9-9cda-0a87ae2ba916,CHI00646,Kedzie Ave & Bryn Mawr Ave,41.98222975911517,-87.70888656377792,True,renting_and_returning,classic,15,divvy_8df25bb069eeb28c,station,2015-05-18 19:11:00,name_and_short_name_within_150m,matched
gbfs,2245701723851962616,CHI02387,Maple Ave & Grove St,42.045537,-87.685317,False,renting_and_returning,classic,8,divvy_537b647341fb21de,station,2026-07-28 10:32:24.057000,name_and_short_name_within_150m,matched
gbfs,a3b2659d-a135-11e9-9cda-0a87ae2ba916,CHI01030,State St & 76th St,41.756971,-87.624621,True,renting_and_returning,classic,11,divvy_9bbaddcf2b27d518,station,2016-06-24 17:53:00,name_and_short_name_within_150m,matched
gbfs,a3a50ec8-a135-11e9-9cda-0a87ae2ba916,CHI01742,Millennium Park,41.8810317,-87.62408432,True,renting_and_returning,classic,47,divvy_1d2fd02d528e3f7e,station,2013-06-27 13:03:00,name_and_short_name_within_150m,matched
gbfs,a3af6c2f-a135-11e9-9cda-0a87ae2ba916,CHI00659,St. Louis Ave & Balmoral Ave,41.98039423475,-87.7161149615,True,renting_and_returning,classic,15,divvy_87188215fc856c43,station,2015-05-17 11:25:00,name_and_short_name_within_150m,matched
gbfs,2167791249088656448,CHI02183,Rockwell St & Division St,41.90275,-87.69202,True,renting_and_returning,classic,15,divvy_62d8f611856c1af0,station,2025-12-31 15:19:23.825000,name_and_short_name_within_150m,matched
gbfs,a3a9d529-a135-11e9-9cda-0a87ae2ba916,CHI00452,Michigan Ave & Jackson Blvd,41.878556,-87.624146,True,renting_and_returning,classic,23,divvy_6c24e1d36f4e8bf9,station,2013-09-14 11:19:00,name_and_short_name_within_150m,matched
gbfs,2230843608074233548,CHI02348,Kenmore Ave & Catalpa Ave,41.98203,-87.65653,True,renting_and_returning,classic,11,divvy_31c8c01a06f426a1,station,2026-06-17 15:49:00.622000,name_and_short_name_within_150m,matched
gbfs,a3a513e9-a135-11e9-9cda-0a87ae2ba916,CHI00509,Clinton St & Washington Blvd,41.88281,-87.6412,True,renting_and_returning,classic,27,divvy_a52492774ef17650,station,2013-06-27 01:06:00,name_and_short_name_within_150m,matched
gbfs,1978164755330913194,CHI01924,Wentworth Ave & 92nd St,41.72714,-87.62886,True,renting_and_returning,classic,15,divvy_77ecdfb9fb27bede,station,2024-08-12 19:02:48.590000,name_and_short_name_within_150m,matched
gbfs,1867616044298100822,CHI01826,Springfield Ave & North Ave,41.910158,-87.723831,True,renting_and_returning,classic,15,divvy_69df3047b39211d5,station,2023-10-14 17:28:46,name_and_short_name_within_150m,matched
gbfs,1929934715947649384,CHI01808,Central Park Ave & Washington Blvd,41.8827476,-87.7153994,True,renting_and_returning,classic,15,divvy_d8360c748ce2567d,station,2024-04-12 00:38:11,name_and_short_name_within_150m,matched
gbfs,a3a55b3e-a135-11e9-9cda-0a87ae2ba916,CHI00271,State St & Pearson St,41.897448,-87.628722,True,renting_and_returning,classic,27,divvy_438839341cd3b5c8,station,2013-08-01 19:25:00,name_and_short_name_within_150m,matched
gbfs,a3ac2b9c-a135-11e9-9cda-0a87ae2ba916,CHI00338,Ashland Ave & Chicago Ave,41.89595435734305,-87.6677280664444,True,renting_and_returning,classic,15,divvy_e2e8ac1307365452,station,2013-06-27 23:39:00,name_and_short_name_within_150m,matched
gbfs,a3a57527-a135-11e9-9cda-0a87ae2ba916,CHI00241,Sedgwick St & Huron St,41.894666,-87.638437,True,renting_and_returning,classic,27,divvy_2d309b643769d886,station,2013-08-01 20:27:00,name_and_short_name_within_150m,matched
gbfs,a3aa692e-a135-11e9-9cda-0a87ae2ba916,CHI00455,Clarendon Ave & Gordon Ter,41.95786652415174,-87.64950513839722,True,renting_and_returning,classic,15,divvy_4ab1707a79326f36,station,2013-06-30 10:34:00,name_and_short_name_within_150m,matched
gbfs,a3b4afb6-a135-11e9-9cda-0a87ae2ba916,CHI00718,Cherry Ave & Blackhawk St,41.907221,-87.655618,True,renting_and_returning,classic,15,divvy_e2396e324e34a85c,station,2019-08-12 15:08:29,name_and_short_name_within_150m,matched
gbfs,2184825100143886810,CHI02202,Kenneth Ave & 50th St,41.80231,-87.7344,True,renting_and_returning,classic,4,divvy_7a8c65512f81d2ce,station,2021-10-30 15:21:24,name_and_short_name_within_150m,matched
gbfs,2202980188008689098,CHI02228,Major Ave & Bloomingdale Ave,41.91258,-87.7688,True,renting_and_returning,classic,8,divvy_0251e093b5721d58,station,2021-09-01 15:35:30,name_and_short_name_within_150m,matched
gbfs,a3b24c1f-a135-11e9-9cda-0a87ae2ba916,CHI01205,May St & 69th St,41.768938,-87.652934,True,renting_and_returning,classic,11,divvy_6d8c4b750932c37c,station,2016-08-18 12:00:18,name_and_short_name_within_150m,matched
gbfs,2147701475268802856,CHI02174,Halsted St & Court Pl,41.8837,-87.64722,True,renting_and_returning,classic,15,divvy_6144c0378ca75148,station,2025-11-19 18:52:21.884000,name_and_short_name_within_150m,matched
gbfs,a3ad711d-a135-11e9-9cda-0a87ae2ba916,CHI00583,Ellis Ave & 55th St,41.79430062054,-87.6014497734,True,renting_and_returning,classic,30,divvy_cf402abd49fcbaba,station,2015-04-14 11:53:00,name_and_short_name_within_150m,matched
gbfs,a3b2dcf0-a135-11e9-9cda-0a87ae2ba916,CHI00736,Wabash Ave & 87th St,41.73655301831962,-87.62264415621758,True,renting_and_returning,classic,11,divvy_72d84a4c132ec2bd,station,2016-08-09 01:27:14,name_and_short_name_within_150m,matched
gbfs,2119523769644264352,CHI02104,Campbell Ave & Augusta Blvd,41.899578,-87.689497,True,renting_and_returning,classic,11,divvy_550a56c17bd91ae7,station,2023-04-26 18:57:37,name_and_short_name_within_150m,matched
gbfs,a3a86c05-a135-11e9-9cda-0a87ae2ba916,CHI00304,Sheridan Rd & Irving Park Rd,41.954245,-87.654406,True,renting_and_returning,classic,31,divvy_2e22ce2ac60d932d,station,2013-08-13 10:43:00,name_and_short_name_within_150m,matched
gbfs,a3ad9ad9-a135-11e9-9cda-0a87ae2ba916,CHI00566,Dorchester Ave & 63rd St,41.7804056457,-87.5914159893,True,renting_and_returning,classic,11,divvy_a78cc123bd97261a,station,2015-04-26 02:14:00,name_and_short_name_within_150m,matched
gbfs,1932836901177930130,CHI02053,Granville Ave & Pulaski Rd,41.9924402,-87.7289072,True,renting_and_returning,classic,11,divvy_49cc237763e94952,station,2024-04-08 23:34:35,name_and_short_name_within_150m,matched
gbfs,1775509322900183222,CHI01903,Elizabeth St & Randolph St,41.884336,-87.658902,True,renting_and_returning,classic,11,divvy_8cfd6b0bd4e066c6,station,2023-02-07 07:48:18,name_and_short_name_within_150m,matched
gbfs,a3aa0699-a135-11e9-9cda-0a87ae2ba916,CHI00272,Broadway & Wilson Ave,41.965221,-87.658139,True,renting_and_returning,classic,23,divvy_0ca268041b2939bf,station,2013-09-18 12:49:00,name_and_short_name_within_150m,matched
gbfs,bc4d498d-c272-4474-beca-10e5268e7253,CHI00819,Eggleston Ave & 92nd St,41.727575659299575,-87.63482809066771,True,renting_and_returning,classic,15,divvy_3ede1e30f941e5dc,station,2020-09-03 17:51:20,name_and_short_name_within_150m,matched
gbfs,2f5957e4-e83a-4d5a-b073-ec9422989315,CHI00840,Commercial Ave & 100th St,41.71331739547703,-87.55109757184982,True,renting_and_returning,classic,15,divvy_c2aab0aed2ac2cde,station,2021-01-25 11:51:58,name_and_short_name_within_150m,matched
gbfs,a3a593fc-a135-11e9-9cda-0a87ae2ba916,CHI00353,Wilton Ave & Belmont Ave,41.940231918108594,-87.65294373035431,True,renting_and_returning,classic,27,divvy_aeeca22bd101dd80,station,2013-08-02 17:37:00,name_and_short_name_within_150m,matched
gbfs,a3ada002-a135-11e9-9cda-0a87ae2ba916,CHI00582,Cottage Grove Ave & 67th St,41.77372095205,-87.60563486,True,renting_and_returning,classic,11,divvy_dd0a060e306bcc47,station,2015-05-03 12:01:00,name_and_short_name_within_150m,matched
gbfs,1967731401884924158,CHI01869,Albany Ave & Douglas Blvd,41.86280283744392,-87.70333330268197,True,renting_and_returning,classic,7,divvy_4d0ea619d0f8164c,station,2022-03-15 19:27:47,name_and_short_name_within_150m,matched
gbfs,a3b143aa-a135-11e9-9cda-0a87ae2ba916,CHI00591,Cicero Ave & Quincy St,41.877613,-87.745405,True,renting_and_returning,classic,11,divvy_b4d2c7efafed4499,station,2016-06-17 16:05:00,name_and_short_name_within_150m,matched
gbfs,a3a39d55-a135-11e9-9cda-0a87ae2ba916,CHI02048,South Shore Dr & 71st St,41.7664094567,-87.5656875719,True,renting_and_returning,classic,15,divvy_dad20ee19c92df88,station,2015-04-26 19:02:00,name_and_short_name_within_150m,matched
gbfs,a3af9064-a135-11e9-9cda-0a87ae2ba916,CHI00633,Manor Ave & Leland Ave,41.965875,-87.700825,True,renting_and_returning,classic,11,divvy_d9d162f359f2da7b,station,2015-05-06 00:28:00,name_and_short_name_within_150m,matched
gbfs,98fe78dc-4efa-4b39-a47c-0d94abcdb221,CHI00851,Ewing Ave & Burnham Greenway,41.70999,-87.5355,True,renting_and_returning,classic,11,divvy_bf0afffb1368bbbd,station,2024-09-01 08:22:13.392000,name_and_short_name_within_150m,matched
gbfs,2168166459511991810,CHI02184,Canal St & Lake St,41.88597,-87.63999,True,renting_and_returning,classic,16,divvy_14cb29cda27ea625,station,2025-12-31 14:54:20.348000,name_and_short_name_within_150m,matched
gbfs,a3afa4c3-a135-11e9-9cda-0a87ae2ba916,CHI00300,California Ave & Montrose Ave,41.961068,-87.695439,True,renting_and_returning,classic,15,divvy_adee2d86137cb686,station,2015-07-07 17:19:00,name_and_short_name_within_150m,matched
gbfs,a3b38c3f-a135-11e9-9cda-0a87ae2ba916,CHI00609,Kildare Ave & Montrose Ave,41.96108,-87.73569,True,renting_and_returning,classic,15,divvy_f73aad52ffc5532d,station,2018-09-01 15:11:09,name_and_short_name_within_150m,matched
gbfs,a3aad940-a135-11e9-9cda-0a87ae2ba916,CHI00333,Ashland Ave & Blackhawk St,41.907066,-87.667252,True,renting_and_returning,classic,7,divvy_2dac913bd7b55c85,station,2013-09-27 17:45:00,name_and_short_name_within_150m,matched
gbfs,2129546026429261924,CHI02126,Sacramento Ave & Lyndale St,41.92235,-87.70241,True,renting_and_returning,classic,15,divvy_9c8862d003e06554,station,2025-09-17 14:26:30.697000,name_and_short_name_within_150m,matched
gbfs,2202980574555745742,CHI02229,Long Ave & Belden Ave,41.92273,-87.76095,True,renting_and_returning,classic,8,divvy_88d9b799224f53ca,station,2021-07-22 18:24:39,name_and_short_name_within_150m,matched
gbfs,a3a4c0df-a135-11e9-9cda-0a87ae2ba916,CHI00604,Wabash Ave & 16th St,41.860384,-87.625813,True,renting_and_returning,classic,39,divvy_c35ae2df37bca88e,station,2016-01-01 16:22:00,name_and_short_name_within_150m,matched
gbfs,a3a5e353-a135-11e9-9cda-0a87ae2ba916,CHI00409,Wentworth Ave & 24th St,41.85008369347577,-87.6321405172348,True,renting_and_returning,classic,15,divvy_938c26e4166248f8,station,2013-09-05 18:56:00,name_and_short_name_within_150m,matched
gbfs,1975534535703495210,CHI01948,Ewing Ave & 106th St,41.70266,-87.53564,True,renting_and_returning,classic,16,divvy_4845663fb8b1756c,station,2022-05-09 17:52:37,name_and_short_name_within_150m,matched
gbfs,a3b49b4c-a135-11e9-9cda-0a87ae2ba916,CHI00798,Orrington Ave & Clark St,42.050086,-87.679956,False,renting_and_returning,classic,15,divvy_0faef7bdc26b27fc,station,2026-07-21 19:56:11.091000,name_and_short_name_within_150m,matched
gbfs,1945195574597886460,CHI01925,Kedzie Ave & 57th St,41.78983,-87.7031,True,renting_and_returning,classic,15,divvy_defb9e0df1839390,station,2021-10-08 16:20:51,name_and_short_name_within_150m,matched
gbfs,1932130426977611818,CHI01829,Harding Ave & Division St,41.9023453,-87.7250744,True,renting_and_returning,classic,15,divvy_370e12e8bcd3c165,station,2024-04-09 16:31:30,name_and_short_name_within_150m,matched
gbfs,2184108441202871768,CHI02200,Rockwell St & 63rd St,41.77879,-87.68858,True,renting_and_returning,classic,8,divvy_5ea6c4980c06ae1d,station,2022-03-02 10:55:44,name_and_short_name_within_150m,matched
gbfs,9e1fbaaa-e872-4505-ada6-5080e62bef77,CHI00626,Lincoln Park Conservatory,41.92393131136619,-87.63582453131676,True,renting_and_returning,classic,31,divvy_00a444fc3144e653,station,2019-08-15 12:41:14,name_and_short_name_within_150m,matched
gbfs,a3a3d1b8-a135-11e9-9cda-0a87ae2ba916,CHI00322,May St & Taylor St,41.86938,-87.6555,True,renting_and_returning,classic,16,divvy_54700c1571135cef,station,2013-06-28 08:32:00,name_and_short_name_within_150m,matched
gbfs,2145477325643916168,CHI02164,Oakley Ave & Lyndale St,41.92261,-87.68513,True,renting_and_returning,classic,15,divvy_9f68c9a265318ab6,station,2025-10-31 18:54:33.701000,name_and_short_name_within_150m,matched
gbfs,6849c4e2-cffa-432b-8d83-5c0524594b4f,CHI00871,Marquette Ave & 89th St,41.733668790714724,-87.55834221839905,True,renting_and_returning,classic,15,divvy_dd1907740dafb869,station,2020-08-21 08:05:02,name_and_short_name_within_150m,matched
gbfs,1932441844638063332,CHI01822,Harding Ave & 26th St,41.844218,-87.723347,True,renting_and_returning,classic,15,divvy_ed20da5cc925aedd,station,2021-08-05 16:47:05,name_and_short_name_within_150m,matched
gbfs,a3a6d371-a135-11e9-9cda-0a87ae2ba916,CHI00255,DuSable Lake Shore Dr & Wellington Ave,41.9366884494997,-87.63682901859283,True,renting_and_returning,classic,15,divvy_d18e86fc55a18cdd,station,2013-07-30 10:35:00,name_and_short_name_within_150m,matched
gbfs,2202276889568630568,CHI02226,Kilpatrick Ave & Parker Ave,41.93074,-87.74407,True,renting_and_returning,classic,8,divvy_0b0354b4f529f508,station,2021-07-28 12:54:37,name_and_short_name_within_150m,matched
gbfs,a3a4591a-a135-11e9-9cda-0a87ae2ba916,CHI00245,Larrabee St & Kingsbury St 1,41.897764,-87.642884,True,renting_and_returning,classic,43,divvy_b5bcf9f700e39d00,station,2013-06-27 09:46:00,name_and_short_name_within_150m,matched
gbfs,a3b4aa91-a135-11e9-9cda-0a87ae2ba916,CHI01315,South Chicago Ave & Elliot Ave,41.747363,-87.580046,True,renting_and_returning,classic,7,divvy_ee8d2e6de5db8c1a,station,2019-03-21 14:46:16,name_and_short_name_within_150m,matched
gbfs,a3a4daa1-a135-11e9-9cda-0a87ae2ba916,CHI00233,Clinton St & Madison St,41.88166,-87.64115,True,renting_and_returning,classic,27,divvy_741fc8f6f8067f48,station,2013-06-27 21:15:00,name_and_short_name_within_150m,matched
gbfs,1936560699993133354,CHI01923,Artesian Ave & 55th St,41.79402,-87.68577,True,renting_and_returning,classic,15,divvy_043da64067a1be30,station,2021-10-06 17:25:01,name_and_short_name_within_150m,matched
gbfs,1861594737501366386,CHI01796,Springfield Ave & 71st St,41.764484,-87.720028,True,renting_and_returning,classic,15,divvy_ad6cb67715bb7a17,station,2023-10-04 20:47:04,name_and_short_name_within_150m,matched
gbfs,1863878044896486356,CHI01889,Kilpatrick Ave & Grand Ave,41.912732,-87.743636,True,renting_and_returning,classic,15,divvy_e684c35992f58916,station,2021-11-01 17:46:58,name_and_short_name_within_150m,matched
gbfs,6997d1fb-9887-4c15-b5db-524d45a2f101,CHI00809,Ashland Ave & 74th St,41.75923602425868,-87.66347408294678,True,renting_and_returning,classic,14,divvy_ec498955921d3af7,station,2020-08-22 23:42:41,name_and_short_name_within_150m,matched
gbfs,1934289552037596050,CHI00912,Pershing Rd & Sacramento Ave,41.8223772681012,-87.69975413003766,True,renting_and_returning,classic,7,divvy_2d22b06ae76a298a,station,2024-04-17 07:53:57,name_and_short_name_within_150m,matched
gbfs,a3a37e26-a135-11e9-9cda-0a87ae2ba916,CHI01774,State St & Harrison St,41.874053,-87.627716,True,renting_and_returning,classic,23,divvy_f9c6afbd3ea8c916,station,2013-06-28 07:08:00,name_and_short_name_within_150m,matched
gbfs,1958859802548216454,CHI01855,Komensky Ave & 47th St,41.80769,-87.72472,True,renting_and_returning,classic,15,divvy_92c3db9b300f0e22,station,2024-06-26 12:22:36.127000,name_and_short_name_within_150m,matched
gbfs,1936560950769470316,CHI01821,Central Park Ave & Douglas Blvd,41.86235,-87.71587,True,renting_and_returning,classic,15,divvy_c51cc9e6b4e48cd3,station,2021-07-10 02:54:47,name_and_short_name_within_150m,matched
gbfs,1951050538021341810,CHI01917,Lamon Ave & 47th St,41.80781,-87.74569,True,renting_and_returning,classic,11,divvy_cf508317dbf799f2,station,2024-05-29 20:41:41,name_and_short_name_within_150m,matched
gbfs,a3ade2c3-a135-11e9-9cda-0a87ae2ba916,CHI00660,California Ave & 23rd Pl,41.84910969176,-87.6951398068,True,renting_and_returning,classic,11,divvy_a1930d26ea8eb1bb,station,2015-04-28 22:45:00,name_and_short_name_within_150m,matched
gbfs,a3a7258b-a135-11e9-9cda-0a87ae2ba916,CHI00470,Mies van der Rohe Way & Chicago Ave,41.896944626370825,-87.62175768613815,True,renting_and_returning,classic,15,divvy_1929a78a5d9d4157,station,2013-08-01 11:00:00,name_and_short_name_within_150m,matched
gbfs,a3a7be40-a135-11e9-9cda-0a87ae2ba916,CHI00312,Paulina St & 18th St,41.857901,-87.668745,True,renting_and_returning,classic,15,divvy_f352fb5f1baa6be9,station,2013-08-13 14:48:00,name_and_short_name_within_150m,matched
gbfs,a3a59915-a135-11e9-9cda-0a87ae2ba916,CHI00257,Sedgwick St & North Ave,41.910983,-87.638525,True,renting_and_returning,classic,16,divvy_1e53d355b1f9be6d,station,2013-08-01 16:00:00,name_and_short_name_within_150m,matched
gbfs,1982213647115293456,CHI01949,Ewing Ave & 98th St,41.71781,-87.53504,True,renting_and_returning,classic,8,divvy_d6b739be587ec10f,station,2024-08-29 16:30:11.822000,name_and_short_name_within_150m,matched
gbfs,1932128180709716638,CHI02011,Monticello Ave & Chicago Ave,41.89581,-87.71763,True,renting_and_returning,classic,7,divvy_5b0b25c4a6cd3401,station,2021-09-15 13:08:07,name_and_short_name_within_150m,matched
gbfs,a3a503e5-a135-11e9-9cda-0a87ae2ba916,CHI00320,Racine Ave & Randolph St,41.884081224846845,-87.65692072930314,True,renting_and_returning,classic,19,divvy_2b37839001ebb0bc,station,2017-01-01 01:31:24,name_and_short_name_within_150m,matched
gbfs,2131402959429978700,CHI02132,Paulina St & Cortland St,41.91626,-87.67019,True,renting_and_returning,classic,11,divvy_0ba2cf245e7f644a,station,2025-09-22 16:49:06.701000,name_and_short_name_within_150m,matched
gbfs,a3a9e44a-a135-11e9-9cda-0a87ae2ba916,CHI00449,Franklin St & Monroe St,41.880317,-87.635185,True,renting_and_returning,classic,48,divvy_4f248d343c282c95,station,2015-07-01 05:48:00,name_and_short_name_within_150m,matched
gbfs,2137697298090635320,CHI02149,Lincoln Ave & Balmoral Ave,41.979461,-87.693013,True,renting_and_returning,classic,11,divvy_07c8490d4ea6d2f1,station,2021-10-29 12:55:28,name_and_short_name_within_150m,matched
gbfs,1955904736576827886,CHI01914,Shabbona Park,41.9448,-87.79932,True,renting_and_returning,classic,15,divvy_9ff1ae54d02fae30,station,2021-10-22 16:05:55,name_and_short_name_within_150m,matched
gbfs,a3acd078-a135-11e9-9cda-0a87ae2ba916,CHI00760,Halsted St & 56th St,41.79292964599,-87.6449900565,True,renting_and_returning,classic,11,divvy_d697c16e88ab251e,station,2015-04-17 14:57:00,name_and_short_name_within_150m,matched
gbfs,a3b0104c-a135-11e9-9cda-0a87ae2ba916,CHI00628,California Ave & Altgeld St,41.92669,-87.697668,True,renting_and_returning,classic,15,divvy_5b4f3e24733b3e46,station,2015-05-13 21:52:00,name_and_short_name_within_150m,matched
gbfs,1928795714838393816,CHI01887,Kildare Ave & Chicago Ave,41.8954357,-87.7334818,True,renting_and_returning,classic,15,divvy_8cde84db75e60c69,station,2021-09-26 13:34:31,name_and_short_name_within_150m,matched
gbfs,2075366191969569494,CHI00482,Pine Grove Ave & Irving Park Rd,41.9543646,-87.6479285,True,renting_and_returning,classic,16,divvy_553c0ccd492fc47c,station,2013-09-09 15:09:00,name_and_short_name_within_150m,matched
gbfs,a3ae82e0-a135-11e9-9cda-0a87ae2ba916,CHI00602,Warren Park West,42.001785,-87.688829,True,renting_and_returning,classic,11,divvy_d5619729507172c0,station,2015-05-13 16:40:00,name_and_short_name_within_150m,matched
gbfs,2119635270602279048,CHI02106,Seminary Ave & Belden Ave,41.92339,-87.65599,True,renting_and_returning,classic,15,divvy_a4edde33c755aa30,station,2025-08-25 16:29:26.844000,name_and_short_name_within_150m,matched
gbfs,a3b372b1-a135-11e9-9cda-0a87ae2ba916,CHI01076,Dearborn St & Van Buren St,41.876268,-87.629155,True,renting_and_returning,classic,15,divvy_b4bda9ef5d58a993,station,2017-07-27 13:25:40,name_and_short_name_within_150m,matched
gbfs,ad9f8858-dc27-43ca-8fdc-78044b22f1fc,CHI00795,Walden Pkwy & 100th St,41.71216410359803,-87.66773343086243,True,renting_and_returning,classic,15,divvy_fd7931db98911722,station,2020-09-29 18:33:21,name_and_short_name_within_150m,matched
gbfs,a3a56075-a135-11e9-9cda-0a87ae2ba916,CHI00518,Desplaines St & Jackson Blvd,41.87811890091227,-87.64394760131836,True,renting_and_returning,classic,28,divvy_3a2edd6a2da78535,station,2015-04-26 09:41:00,name_and_short_name_within_150m,matched
gbfs,2218246099267533948,CHI02331,Franklin St & Randolph St,41.88439,-87.63517,True,renting_and_returning,classic,18,divvy_d21f9284d7bc9320,station,2026-05-15 06:57:58.993000,name_and_short_name_within_150m,matched
gbfs,a3b41f78-a135-11e9-9cda-0a87ae2ba916,CHI01091,Clinton St & Jackson Blvd,41.878316611830684,-87.64098107814789,True,renting_and_returning,classic,31,divvy_cc41e4aeab61a366,station,2018-09-26 15:48:37,name_and_short_name_within_150m,matched
gbfs,2124470598870291364,CHI02108,Wabash Ave & Washington St,41.8832,-87.62662,True,renting_and_returning,classic,30,divvy_af10ceed5d111189,station,2025-09-04 14:40:15.028000,name_and_short_name_within_150m,matched
gbfs,a3a3983e-a135-11e9-9cda-0a87ae2ba916,CHI00780,Jeffery Blvd & 71st St,41.76663823695,-87.5764501141,True,renting_and_returning,classic,11,divvy_1643d2a935392946,station,2015-05-01 16:18:00,name_and_short_name_within_150m,matched
gbfs,a3aa9732-a135-11e9-9cda-0a87ae2ba916,CHI00238,Loomis St & Lexington St,41.87222873224032,-87.66136385500431,True,renting_and_returning,classic,20,divvy_655e9edc84ce7419,station,2013-06-27 15:54:00,name_and_short_name_within_150m,matched
gbfs,1867227665093179888,CHI01945,Kenneth Ave & Lawrence Ave,41.967821,-87.73998,True,renting_and_returning,classic,15,divvy_baae0de7e52e8720,station,2023-10-13 19:45:28,name_and_short_name_within_150m,matched
gbfs,a3a781a6-a135-11e9-9cda-0a87ae2ba916,CHI00231,State St & 29th St,41.8417,-87.62693,True,renting_and_returning,classic,11,divvy_94daec4afa51ced3,station,2013-08-23 16:52:00,name_and_short_name_within_150m,matched
gbfs,a3a78bc0-a135-11e9-9cda-0a87ae2ba916,CHI00345,Columbus Dr & Randolph St,41.884728,-87.619521,True,renting_and_returning,classic,55,divvy_741d4f98caac5b7f,station,2013-06-29 12:37:00,name_and_short_name_within_150m,matched
gbfs,a3a94bc8-a135-11e9-9cda-0a87ae2ba916,CHI00476,Broadway & Sheridan Rd,41.952833,-87.649993,True,renting_and_returning,classic,24,divvy_a2bd0170196655ec,station,2013-09-05 18:27:00,name_and_short_name_within_150m,matched
gbfs,a3a43f48-a135-11e9-9cda-0a87ae2ba916,CHI01677,Michigan Ave & Washington St,41.8839840647265,-87.6246839761734,True,renting_and_returning,classic,43,divvy_7bba43a396e87046,station,2013-06-28 15:49:00,name_and_short_name_within_150m,matched
gbfs,2113618458403709162,CHI02087,Hampden Ct & Diversey Pkwy,41.93247,-87.64242,True,renting_and_returning,classic,24,divvy_09726a055105652d,station,2013-06-29 12:52:00,name_and_short_name_within_150m,matched
gbfs,a3a5ce97-a135-11e9-9cda-0a87ae2ba916,CHI00316,Damen Ave & Chicago Ave,41.8956873705344,-87.67713508286369,True,renting_and_returning,classic,20,divvy_f02853b40bed54ac,station,2013-08-03 19:09:00,name_and_short_name_within_150m,matched
gbfs,1938033609511385892,CHI01861,Kildare Ave & 55th St,41.79332,-87.73059,True,renting_and_returning,classic,15,divvy_da582168a1b79368,station,2021-10-23 21:23:12,name_and_short_name_within_150m,matched
gbfs,1945087711550943880,CHI00812,Narragansett Ave & Wrightwood Ave,41.92729,-87.78523,True,renting_and_returning,classic,15,divvy_cffda24b7a24b1b3,station,2024-05-10 08:50:56,name_and_short_name_within_150m,matched
gbfs,a3a7b936-a135-11e9-9cda-0a87ae2ba916,CHI00346,Prairie Ave & Garfield Blvd,41.794853,-87.618691,True,renting_and_returning,classic,11,divvy_69b07549db73b3e5,station,2013-08-15 13:16:00,name_and_short_name_within_150m,matched
gbfs,bbf9b599-1873-4133-b670-a0ef9e5c429c,CHI00957,Ashland Ave & 78th St,41.75220484941116,-87.66369938850403,True,renting_and_returning,classic,15,divvy_e86f30b59c0566b3,station,2020-07-29 19:19:52,name_and_short_name_within_150m,matched
gbfs,a3a4bbba-a135-11e9-9cda-0a87ae2ba916,CHI00242,Sangamon St & Lake St,41.88577925240433,-87.65102460980414,True,renting_and_returning,classic,24,divvy_ba26d88be8f3ca61,station,2022-07-27 15:55:59,name_and_short_name_within_150m,matched
gbfs,a3a7e19b-a135-11e9-9cda-0a87ae2ba916,CHI00332,Wells St & Hubbard St,41.889906,-87.634266,True,renting_and_returning,classic,42,divvy_0449069ed674df3e,station,2014-01-01 16:16:00,name_and_short_name_within_150m,matched
gbfs,a3a9da3b-a135-11e9-9cda-0a87ae2ba916,CHI00499,Wood St & Hubbard St,41.889715,-87.671966,True,renting_and_returning,classic,19,divvy_221509ae188a5a02,station,2016-10-01 02:13:33,name_and_short_name_within_150m,matched
gbfs,1963672958015783854,CHI01907,Mulligan Ave & Archer Ave,41.79296,-87.78052,True,renting_and_returning,classic,7,divvy_c866fcad9f960580,station,2024-07-10 10:08:59.568000,name_and_short_name_within_150m,matched
gbfs,1879442377117973296,CHI01778,Dan Ryan Woods & 83rd St,41.742805,-87.680177,True,service_restricted,classic,10,divvy_adda50b464d06beb,station,2024-01-07 09:35:03,name_and_short_name_within_150m,matched
gbfs,2056811709817405946,CHI02015,Milwaukee Ave & Highland Ave,41.99636,-87.78674,True,renting_and_returning,classic,12,divvy_e866e1e4e0cef870,station,2025-03-09 06:32:45.861000,name_and_short_name_within_150m,matched
gbfs,1938034793873535334,CHI01867,Tripp Ave & 65th St,41.77491,-87.72883,True,renting_and_returning,classic,6,divvy_fe89995dd386667e,station,2021-10-06 17:16:59,name_and_short_name_within_150m,matched
gbfs,a3b305e7-a135-11e9-9cda-0a87ae2ba916,CHI02043,Chicago Ave & Sheridan Rd,42.050491,-87.677821,False,renting_and_returning,classic,15,divvy_f3eb32008900f0c7,station,2016-07-01 15:56:22,name_and_short_name_within_150m,matched
gbfs,1890604506489868740,CHI01762,Mango Ave & Diversey Ave,41.9309625,-87.7698856,True,renting_and_returning,classic,15,divvy_48a89a36c860553e,station,2024-01-30 13:19:49,name_and_short_name_within_150m,matched
gbfs,a3a53d70-a135-11e9-9cda-0a87ae2ba916,CHI00330,McClurg Ct & Ohio St,41.892592119709725,-87.61728912591934,True,renting_and_returning,classic,19,divvy_f17e81795ffae1b3,station,2021-12-13 19:51:03,name_and_short_name_within_150m,matched
gbfs,1872722290312745226,CHI01753,Pulaski Rd & 84th St,41.740407,-87.721907,True,renting_and_returning,classic,15,divvy_ab93d82db64c04a8,station,2023-11-10 16:16:14,name_and_short_name_within_150m,matched
gbfs,b8c74f86-2873-4818-88ac-81d9ae374add,CHI02026,Fort Dearborn Dr & 31st St*,41.83867632897121,-87.60883212089539,True,renting_and_returning,classic,20,divvy_5b6e16a5c10e1952,station,2023-06-05 17:06:53,name_and_short_name_within_150m,matched
gbfs,aea853ed-c70c-4b1b-a7a8-d33869d8d58d,CHI00862,Major Taylor Trail & 115th St,41.68493159519296,-87.6452887058258,True,renting_and_returning,classic,15,divvy_382d7136f24eaf65,station,2020-09-16 21:52:50,name_and_short_name_within_150m,matched
gbfs,a3acc649-a135-11e9-9cda-0a87ae2ba916,CHI00756,Halsted St & 51st St,41.80183164049,-87.645213904,True,renting_and_returning,classic,11,divvy_6d2ce2c0faaff749,station,2015-04-15 19:47:00,name_and_short_name_within_150m,matched
gbfs,a3ad0ecb-a135-11e9-9cda-0a87ae2ba916,CHI02049,Cottage Grove Ave & 71st St,41.76571903697,-87.604959713,True,renting_and_returning,classic,11,divvy_bdfbde9ef98c6ccc,station,2015-04-23 07:10:00,name_and_short_name_within_150m,matched
gbfs,2244216452452080904,CHI02368,ETHS Main Campus,42.044138,-87.698823,False,service_restricted,classic,7,divvy_2a4f0123a8eda235,station,2026-07-29 17:47:20.860000,name_and_short_name_within_150m,matched
gbfs,1991481183241069158,CHI01963,Michigan Ave & 113th St,41.68905,-87.62079,True,renting_and_returning,classic,8,divvy_c2e362e421b22e20,station,2022-05-09 12:56:01,name_and_short_name_within_150m,matched
gbfs,2200441213815186298,CHI02224,Laramie Ave & Augusta Blvd,41.89865,-87.75547,True,renting_and_returning,classic,8,divvy_ab262a2464f06132,station,2026-03-30 20:56:03.544000,name_and_short_name_within_150m,matched
gbfs,2181500487930254846,CHI02197,Front Ave & 115th St,41.68577,-87.61248,True,renting_and_returning,classic,11,divvy_8e0175ca92a56c3e,station,2026-02-10 15:22:03.220000,name_and_short_name_within_150m,matched
gbfs,a3ae78ab-a135-11e9-9cda-0a87ae2ba916,CHI00620,Warren Park East,42.00454962194,-87.6806661451,True,renting_and_returning,classic,11,divvy_d104b9187027e75e,station,2015-05-13 14:24:00,name_and_short_name_within_150m,matched
gbfs,2118772560060283098,CHI02102,Wells St & Madison St,41.88199,-87.63418,True,renting_and_returning,classic,19,divvy_58f9f07a90bfe532,station,2025-08-19 12:17:21.804000,name_and_short_name_within_150m,matched
gbfs,a3aa7897-a135-11e9-9cda-0a87ae2ba916,CHI00500,Elston Ave & Wabansia Ave,41.912919,-87.664169,True,renting_and_returning,classic,23,divvy_2c3e07e4f9d44c85,station,2015-07-01 05:34:00,name_and_short_name_within_150m,matched
gbfs,a3adc925-a135-11e9-9cda-0a87ae2ba916,CHI00629,Washtenaw Ave & Ogden Ave,41.86193049278259,-87.69345045089722,True,renting_and_returning,classic,15,divvy_bda59943d9a6dd61,station,2017-07-01 13:44:13,name_and_short_name_within_150m,matched
gbfs,2a80f8d9-85dc-4c36-ba07-86d775ffd1ee,CHI00860,Baltimore Ave & 87th St,41.737335600416664,-87.54851460456847,True,renting_and_returning,classic,15,divvy_2ffffde28e6b1880,station,2020-08-19 18:46:56,name_and_short_name_within_150m,matched
gbfs,a3b2c354-a135-11e9-9cda-0a87ae2ba916,CHI01081,Kilbourn Ave & Irving Park Rd,41.953733,-87.740569,True,renting_and_returning,classic,11,divvy_403ac953ad90cd1d,station,2016-07-20 20:34:54,name_and_short_name_within_150m,matched
gbfs,a3a523a6-a135-11e9-9cda-0a87ae2ba916,CHI00474,Clark St & Armitage Ave,41.918306,-87.636282,True,renting_and_returning,classic,31,divvy_3711960801300c02,station,2014-01-01 00:17:00,name_and_short_name_within_150m,matched
gbfs,a3a7aa0e-a135-11e9-9cda-0a87ae2ba916,CHI00256,Indiana Ave & 40th St,41.82168,-87.6216,True,renting_and_returning,classic,11,divvy_78e4486e9dc5ef91,station,2013-08-14 17:09:00,name_and_short_name_within_150m,matched
gbfs,1955858510671552648,CHI01993,Kilbourn Ave & Diversey Ave,41.93179,-87.73934,True,renting_and_returning,classic,7,divvy_b878eef58c4b3fbe,station,2024-06-08 01:19:28.506000,name_and_short_name_within_150m,matched
gbfs,a3a640d1-a135-11e9-9cda-0a87ae2ba916,CHI00222,Fort Dearborn Dr & 31st St,41.838556,-87.608218,True,renting_and_returning,classic,27,divvy_ea37f4aefb394a6c,station,2013-07-23 19:55:00,name_and_short_name_within_150m,matched
gbfs,a3a743ff-a135-11e9-9cda-0a87ae2ba916,CHI02040,MLK Jr Dr & Pershing Rd,41.8246,-87.61678,True,renting_and_returning,classic,15,divvy_c2311303414a7fa1,station,2020-01-02 13:20:17,name_and_short_name_within_150m,matched
gbfs,2195190262551549264,CHI02218,Long Ave & Irving Park Rd,41.95301,-87.76214,True,renting_and_returning,classic,8,divvy_6e51ce567f69368f,station,2026-03-17 18:33:48.575000,name_and_short_name_within_150m,matched
gbfs,a3aade4c-a135-11e9-9cda-0a87ae2ba916,CHI00480,DuSable Lake Shore Dr & Belmont Ave,41.940775,-87.639192,True,renting_and_returning,classic,19,divvy_ea590fe7f437429a,station,2013-09-27 15:15:00,name_and_short_name_within_150m,matched
gbfs,a3ad2322-a135-11e9-9cda-0a87ae2ba916,CHI02033,Wentworth Ave & 35th St,41.830777,-87.632504,True,renting_and_returning,classic,15,divvy_f1e45064fdff0dd3,station,2016-07-11 15:46:28,name_and_short_name_within_150m,matched
gbfs,a3aa2ff4-a135-11e9-9cda-0a87ae2ba916,CHI00462,Clark St & Schiller St,41.907993,-87.631501,True,renting_and_returning,classic,19,divvy_89e308a90cb4d4cb,station,2013-09-19 13:02:00,name_and_short_name_within_150m,matched
gbfs,1929968520492991056,CHI01863,Central Park Ave & Ardmore Ave,41.9866081,-87.7187674,True,renting_and_returning,classic,15,divvy_06d33242a59cbf36,station,2024-04-19 16:43:52,name_and_short_name_within_150m,matched
gbfs,a3adaa52-a135-11e9-9cda-0a87ae2ba916,CHI00220,Eberhart Ave & 61st St,41.784071072761,-87.61448353528975,True,renting_and_returning,classic,11,divvy_7743df387edb723b,station,2015-04-27 08:38:00,name_and_short_name_within_150m,matched
gbfs,1890604055552786620,CHI01759,Central Ave & Wellington Ave,41.9349097,-87.7667718,True,renting_and_returning,classic,15,divvy_727b7e17d2d5f60e,station,2024-01-01 03:58:14,name_and_short_name_within_150m,matched
gbfs,a3a4499f-a135-11e9-9cda-0a87ae2ba916,CHI00250,Michigan Ave & Ida B Wells Dr,41.876203,-87.624464,True,renting_and_returning,classic,15,divvy_456c7ed952001441,station,2013-06-27 13:00:00,name_and_short_name_within_150m,matched
gbfs,56eccb5b-f4d7-43c5-b554-a6a0a7585e5e,CHI00868,Avenue O & 118th St,41.68100145911039,-87.5379312226869,True,renting_and_returning,classic,15,divvy_01fd68361e3a54ae,station,2020-09-29 19:03:43,name_and_short_name_within_150m,matched
gbfs,1932441496569160306,CHI01870,Spaulding Ave & 16th St,41.8590732,-87.7078929,True,renting_and_returning,classic,7,divvy_4a1a85a947d7e2a6,station,2021-07-16 17:41:55,name_and_short_name_within_150m,matched
gbfs,a3b213af-a135-11e9-9cda-0a87ae2ba916,CHI00696,Throop St & 52nd St,41.799659,-87.657195,True,renting_and_returning,classic,7,divvy_54b02e1378393d16,station,2016-06-25 14:47:00,name_and_short_name_within_150m,matched
gbfs,2150297963654969438,CHI02170,Kenwood Ave & 57th St,41.79153,-87.59295,True,renting_and_returning,classic,15,divvy_4f6314fce9a74046,station,2025-11-12 17:50:08.470000,name_and_short_name_within_150m,matched
gbfs,a3acc133-a135-11e9-9cda-0a87ae2ba916,CHI00627,Paulina St & Flournoy St,41.873061087897916,-87.66913488507271,True,renting_and_returning,classic,31,divvy_0800f22ada43fba0,station,2020-01-01 18:51:30,name_and_short_name_within_150m,matched
gbfs,d6456ded-180b-4d6e-b020-3aa80bce5c2c,CHI00728,Green St & 86th St,41.737848476733404,-87.64489978551863,True,renting_and_returning,classic,15,divvy_f025611b5ba8cd39,station,2020-08-15 10:14:31,name_and_short_name_within_150m,matched
gbfs,a3ad5764-a135-11e9-9cda-0a87ae2ba916,CHI00429,Calumet Ave & 51st St,41.80229465088,-87.6180535802,True,renting_and_returning,classic,11,divvy_168f48545d06621a,station,2015-04-21 10:02:00,name_and_short_name_within_150m,matched
gbfs,a3afcd70-a135-11e9-9cda-0a87ae2ba916,CHI00536,Drake Ave & Addison St,41.947326,-87.717582,True,renting_and_returning,classic,15,divvy_0fb47ab015b9aab8,station,2015-05-13 14:13:00,name_and_short_name_within_150m,matched
gbfs,2009656815059331280,CHI01971,Vincennes Ave & 107th St,41.69922,-87.65869,True,renting_and_returning,classic,12,divvy_b3b6bd0a114763cf,station,2024-11-12 18:45:34.139000,name_and_short_name_within_150m,matched
gbfs,2217128383470699128,CHI02330,Museum Campus Metra Station,41.869352033470676,-87.62288152244207,True,renting_and_returning,classic,19,divvy_c01d6fb8dbf0e03b,station,2026-05-12 10:24:49.055000,name_and_short_name_within_150m,matched
gbfs,a3a96fd5-a135-11e9-9cda-0a87ae2ba916,CHI00328,Rhodes Ave & 32nd St,41.836208,-87.613533,True,renting_and_returning,classic,11,divvy_5935d5c8977ec23d,station,2013-09-18 11:46:00,name_and_short_name_within_150m,matched
gbfs,8a677aec-442b-47b8-aff7-50852e1d26c0,CHI00818,Kedzie Ave & 110th St,41.69239474587557,-87.70096063613892,True,renting_and_returning,classic,11,divvy_7c5565d156556248,station,2021-01-10 05:20:59,name_and_short_name_within_150m,matched
gbfs,1991848709111763594,CHI01972,Michigan Ave & 108th St,41.69815,-87.62111,True,renting_and_returning,classic,12,divvy_cb599ebf7ec26b8b,station,2024-11-09 14:29:09.055000,name_and_short_name_within_150m,matched
gbfs,1955505344233296752,CHI01916,Hamilton Park,41.76252,-87.63734,True,renting_and_returning,classic,15,divvy_95f4a6cd6ef7614e,station,2022-05-16 06:24:42,name_and_short_name_within_150m,matched
gbfs,2061236431280065434,CHI01957,Eggleston Ave & 111th St,41.69254,-87.63374,True,renting_and_returning,classic,12,divvy_09b6dfb53fb5fc81,station,2025-04-18 20:57:38.564000,name_and_short_name_within_150m,matched
gbfs,1958859390231356014,CHI01980,Tripp Ave & 15th St,41.86077,-87.73136,True,renting_and_returning,classic,7,divvy_816b5de51424c3a1,station,2021-07-15 21:17:00,name_and_short_name_within_150m,matched
gbfs,2212240071432007550,CHI02257,Perry St & 119th St,41.67785,-87.62519,True,renting_and_returning,classic,8,divvy_131049acf409fa2e,station,2026-06-05 17:15:42.994000,name_and_short_name_within_150m,matched
gbfs,2137323583098022140,CHI02148,Western Ave & Gunnison St,41.96966,-87.6895259,True,renting_and_returning,classic,11,divvy_b988d771ba335d10,station,2021-10-29 00:12:51,name_and_short_name_within_150m,matched
gbfs,2119884942656086576,CHI02107,Leavitt St & Hirsch St,41.90689,-87.68233,True,renting_and_returning,classic,11,divvy_a2de8f9b232fb6ba,station,2013-09-22 04:02:00,name_and_short_name_within_150m,matched
gbfs,2113983149663334938,CHI02089,Broadway & Sunnyside Ave,41.963419,-87.656069,True,renting_and_returning,classic,11,divvy_825996fc6d6943a3,station,2025-08-08 14:29:51.103000,name_and_short_name_within_150m,matched
gbfs,a3a72aad-a135-11e9-9cda-0a87ae2ba916,CHI00498,Canal St & Madison St,41.882409,-87.639767,True,renting_and_returning,classic,43,divvy_f3adedb17150c1dd,station,2013-07-27 11:58:00,name_and_short_name_within_150m,matched
gbfs,a3a4e4e3-a135-11e9-9cda-0a87ae2ba916,CHI00321,Aberdeen St & Monroe St,41.88014,-87.6547,True,renting_and_returning,classic,19,divvy_ab0652e75584cf5d,station,2016-01-01 12:01:00,name_and_short_name_within_150m,matched
gbfs,a3a7537c-a135-11e9-9cda-0a87ae2ba916,CHI00540,Wells St & Elm St,41.903222,-87.634324,True,renting_and_returning,classic,23,divvy_87d3a44d383da6f0,station,2015-06-16 13:31:00,name_and_short_name_within_150m,matched
gbfs,1963650659022207484,CHI02004,State St & 45th St,41.81313,-87.62585,True,renting_and_returning,classic,15,divvy_ecce848de6b62582,station,2024-06-27 11:38:05.666000,name_and_short_name_within_150m,matched
gbfs,a3a80009-a135-11e9-9cda-0a87ae2ba916,CHI00782,Wells St & 19th St,41.856802,-87.633879,True,renting_and_returning,classic,11,divvy_9fd5e7c78544e047,station,2013-08-23 13:47:00,name_and_short_name_within_150m,matched
gbfs,1976649188502348766,CHI01931,Commercial Ave & 97th St,41.71893,-87.55112,True,renting_and_returning,classic,15,divvy_95f1d48d9a5e05ac,station,2024-08-06 15:04:34.050000,name_and_short_name_within_150m,matched
gbfs,a3ae923d-a135-11e9-9cda-0a87ae2ba916,CHI00361,Clark St & Schreiber Ave,41.999245,-87.671249,True,renting_and_returning,classic,15,divvy_153a5c41aac8de34,station,2015-05-12 17:03:00,name_and_short_name_within_150m,matched
gbfs,a3a57f6b-a135-11e9-9cda-0a87ae2ba916,CHI00270,Sheridan Rd & Argyle St,41.97328682025979,-87.65475958585739,True,renting_and_returning,classic,15,divvy_57a273d561c456f0,station,2022-07-12 02:11:15,name_and_short_name_within_150m,matched
gbfs,2212612103140826014,CHI02259,MLK Dr & 111th St,41.69263,-87.6136,True,renting_and_returning,classic,8,divvy_bd2c65ac2e086806,station,2026-04-29 16:20:31.474000,name_and_short_name_within_150m,matched
gbfs,1863877673940343638,CHI01773,California Ave & Marquette Rd,41.771611,-87.693331,True,renting_and_returning,classic,15,divvy_bb72179c14838ef1,station,2021-10-28 09:14:00,name_and_short_name_within_150m,matched
gbfs,a3acdff9-a135-11e9-9cda-0a87ae2ba916,CHI00218,Halsted St & 69th St,41.76906172032,-87.6446135779,True,renting_and_returning,classic,11,divvy_e2584de39546886a,station,2015-05-01 21:53:00,name_and_short_name_within_150m,matched
gbfs,2013011935067374302,CHI01959,Throop St & 99th St,41.71414,-87.6547,True,renting_and_returning,classic,8,divvy_7bf01be34b48031c,station,2024-11-12 18:37:30.870000,name_and_short_name_within_150m,matched
gbfs,a3a4fec3-a135-11e9-9cda-0a87ae2ba916,CHI00273,Racine Ave & Fullerton Ave,41.925566,-87.658416,True,renting_and_returning,classic,19,divvy_f822e2da6fa715b1,station,2013-06-28 19:00:00,name_and_short_name_within_150m,matched
gbfs,a3a9309d-a135-11e9-9cda-0a87ae2ba916,CHI00365,Clarendon Ave & Leland Ave,41.967968,-87.650001,True,renting_and_returning,classic,15,divvy_755360fe02c046bc,station,2013-06-27 19:10:00,name_and_short_name_within_150m,matched
gbfs,2197090354313387750,CHI02222,Michigan Ave & 118th St,41.67982,-87.62075,True,renting_and_returning,classic,8,divvy_b4b9c76914d372e3,station,2026-03-22 01:21:06.042000,name_and_short_name_within_150m,matched
gbfs,a3aa82d0-a135-11e9-9cda-0a87ae2ba916,CHI00440,Wood St & Taylor St (Temp),41.869265218438194,-87.67373085021973,True,renting_and_returning,classic,23,divvy_f3bfadcfbda1d264,station,2020-09-01 04:17:11,name_and_short_name_within_150m,matched
gbfs,a3aa54a0-a135-11e9-9cda-0a87ae2ba916,CHI00475,Seeley Ave & Roscoe St,41.943403,-87.679618,True,renting_and_returning,classic,11,divvy_4848e0a02124dae2,station,2013-09-27 13:34:00,name_and_short_name_within_150m,matched
gbfs,a3b2a9e7-a135-11e9-9cda-0a87ae2ba916,CHI01254,Cottage Grove Ave & 83rd St,41.743441,-87.604836,True,renting_and_returning,classic,11,divvy_900ec8a1a913d21d,station,2016-07-31 11:18:57,name_and_short_name_within_150m,matched
gbfs,a3adb9a3-a135-11e9-9cda-0a87ae2ba916,CHI00580,Ogden Ave & Roosevelt Rd,41.86650148316,-87.68469707,True,renting_and_returning,classic,19,divvy_e22cb2082b5ac740,station,2015-04-27 10:59:00,name_and_short_name_within_150m,matched
gbfs,2134709725966754810,CHI02142,Franklin St & Madison St,41.88139,-87.63542,True,renting_and_returning,classic,11,divvy_05f48067a71e6bb1,station,2025-10-01 15:19:38.543000,name_and_short_name_within_150m,matched
gbfs,a3ac4024-a135-11e9-9cda-0a87ae2ba916,CHI00371,Sheridan Rd & Greenleaf Ave,42.01058656284,-87.6624120948,True,renting_and_returning,classic,15,divvy_bbd29c3a73679044,station,2015-05-15 17:04:00,name_and_short_name_within_150m,matched
gbfs,1942481603584237586,CHI01871,Sayre Ave & Diversey Ave,41.93098,-87.80106,True,renting_and_returning,classic,15,divvy_e333c854decfc2a0,station,2024-05-02 17:48:09,name_and_short_name_within_150m,matched
gbfs,a3ad66e6-a135-11e9-9cda-0a87ae2ba916,CHI00585,Ellis Ave & 53rd St,41.79933626261,-87.6009581145,True,renting_and_returning,classic,18,divvy_7ba891cb4bde6c13,station,2015-04-18 09:44:00,name_and_short_name_within_150m,matched
gbfs,2192689737427529066,CHI02215,Lamon Ave & Belmont Ave,41.93897,-87.74927,True,renting_and_returning,classic,8,divvy_abe14569b2c5de12,station,2021-07-17 16:33:50,name_and_short_name_within_150m,matched
gbfs,2012268481809814414,CHI02018,Eggleston Ave & 115th St,41.68507,-87.63361,True,renting_and_returning,classic,16,divvy_170a93938a2d0353,station,2022-08-07 22:32:28,name_and_short_name_within_150m,matched
gbfs,1966261229814532840,CHI01992,Burley Ave & 85th St,41.74117,-87.54518,True,renting_and_returning,classic,15,divvy_335696dc004a1023,station,2024-07-13 19:30:55.630000,name_and_short_name_within_150m,matched
gbfs,a3b4497a-a135-11e9-9cda-0a87ae2ba916,CHI01078,State St & 54th St,41.796642,-87.625923,True,renting_and_returning,classic,11,divvy_ad8b7ebedd102679,station,2018-10-02 14:15:44,name_and_short_name_within_150m,matched
gbfs,1943243414585123730,CHI01918,Campbell Ave & 51st St,41.80094,-87.68676,True,renting_and_returning,classic,7,divvy_252c14e041f4fee0,station,2021-10-20 07:37:43,name_and_short_name_within_150m,matched
gbfs,1884621142190397936,CHI01911,Central Ave & Roscoe St,41.942275,-87.76695,True,renting_and_returning,classic,15,divvy_36237aff0c9d54b1,station,2021-08-06 20:20:57,name_and_short_name_within_150m,matched
gbfs,2122108427592833732,CHI02109,Clark St & Arlington Pl,41.92694,-87.64148,True,renting_and_returning,classic,15,divvy_98a98e6398f64d71,station,2025-08-29 16:08:04.761000,name_and_short_name_within_150m,matched
gbfs,a3ad3d08-a135-11e9-9cda-0a87ae2ba916,CHI00545,Prairie Ave & 43rd St,41.81665889302,-87.6194124619,True,renting_and_returning,classic,15,divvy_fa03acd0d9d6f3c6,station,2015-04-16 11:06:00,name_and_short_name_within_150m,matched
gbfs,1978857439487302508,CHI01960,Michigan Ave & 105th St,41.70346,-87.62037,True,renting_and_returning,classic,16,divvy_cd47045b9d05720e,station,2024-08-09 02:45:27.756000,name_and_short_name_within_150m,matched
gbfs,a3ac8dfb-a135-11e9-9cda-0a87ae2ba916,CHI00560,Calumet Ave & 21st St,41.85418424947,-87.6191537415,True,renting_and_returning,classic,15,divvy_7411f10f8348a21a,station,2015-05-01 16:53:00,name_and_short_name_within_150m,matched
gbfs,a3a734ce-a135-11e9-9cda-0a87ae2ba916,CHI00281,Clark St & Elm St,41.90297,-87.6313,True,renting_and_returning,classic,39,divvy_ee60c9a59017c127,station,2013-08-01 14:48:00,name_and_short_name_within_150m,matched
gbfs,1970337111172100194,CHI00810,Orange Ave & Addison St,41.94485,-87.82423,True,renting_and_returning,classic,15,divvy_ae9176c38e28b9dc,station,2024-07-19 09:06:12.088000,name_and_short_name_within_150m,matched
gbfs,a3a6c910-a135-11e9-9cda-0a87ae2ba916,CHI00335,Southport Ave & Belmont Ave,41.93947775040509,-87.6637476682663,True,renting_and_returning,classic,15,divvy_63ba11ec88c14f4b,station,2013-07-29 17:51:00,name_and_short_name_within_150m,matched
gbfs,2214553029651408278,CHI02324,Sacramento Ave & Polk St,41.87096,-87.7003,True,renting_and_returning,classic,8,divvy_73faa52b279c9d9a,station,2026-05-08 08:21:41.642000,name_and_short_name_within_150m,matched
gbfs,a3af40f1-a135-11e9-9cda-0a87ae2ba916,CHI00630,Winchester (Ravenswood) Ave & Balmoral Ave,41.979762,-87.67753,True,renting_and_returning,classic,15,divvy_c0c02d9c7c8af030,station,2018-01-01 01:25:15,name_and_short_name_within_150m,matched
gbfs,a3a9892f-a135-11e9-9cda-0a87ae2ba916,CHI00525,DuSable Lake Shore Dr & North Blvd,41.911722,-87.626804,True,renting_and_returning,classic,39,divvy_c056add73abb74ea,station,2013-09-12 16:29:00,name_and_short_name_within_150m,matched
gbfs,a3b35e21-a135-11e9-9cda-0a87ae2ba916,CHI01251,Orleans St & Chestnut St (NEXT Apts),41.898203,-87.637536,True,renting_and_returning,classic,15,divvy_71daf72cc15c5bf7,station,2016-09-09 17:18:44,name_and_short_name_within_150m,matched
gbfs,a3a4b164-a135-11e9-9cda-0a87ae2ba916,CHI01542,Clinton St & Tilden St,41.875885,-87.640795,True,renting_and_returning,classic,27,divvy_900a7d174e9738dd,station,2013-06-27 14:56:00,name_and_short_name_within_150m,matched
gbfs,a3a3d6f0-a135-11e9-9cda-0a87ae2ba916,CHI00263,Orleans St & Elm St,41.902924,-87.637715,True,renting_and_returning,classic,15,divvy_95f93b98cba5ac2e,station,2013-06-28 20:54:00,name_and_short_name_within_150m,matched
gbfs,2020461740735777052,CHI01956,Laflin St & 115th St,41.68499,-87.65991,True,renting_and_returning,classic,16,divvy_c57cec236504cd93,station,2024-12-04 08:27:54.773000,name_and_short_name_within_150m,matched
gbfs,a3a9d00a-a135-11e9-9cda-0a87ae2ba916,CHI00447,LaSalle St & Jackson Blvd,41.878166,-87.631929,True,renting_and_returning,classic,35,divvy_7d1b3c00c75bbc0c,station,2013-09-14 13:11:00,name_and_short_name_within_150m,matched
gbfs,1871992684446460008,CHI01856,Kilbourn Ave & Belden Ave,41.922369,-87.739024,True,renting_and_returning,classic,15,divvy_2164a585730ad0df,station,2023-11-30 15:30:21,name_and_short_name_within_150m,matched
gbfs,1945195369201185184,CHI01894,Kildare Ave & 47th St,41.80762,-87.73084,True,renting_and_returning,classic,7,divvy_f0e279949b5a9338,station,2021-11-10 15:53:51,name_and_short_name_within_150m,matched
gbfs,a3b2044b-a135-11e9-9cda-0a87ae2ba916,CHI00693,Elizabeth St & 47th St,41.80839,-87.656526,True,renting_and_returning,classic,11,divvy_7444ab5cd5a65d59,station,2016-06-27 09:52:00,name_and_short_name_within_150m,matched
gbfs,97818a9b-0f86-44df-98e6-1bc16812e3d9,CHI00298,Lakefront Trail & Bryn Mawr Ave,41.98404411519213,-87.65228122472763,True,renting_and_returning,classic,19,divvy_885120811cf591f8,station,2015-05-11 17:04:00,name_and_short_name_within_150m,matched
gbfs,1879438378503419960,CHI01865,Richmond St & Lincoln Ave,41.9881174,-87.7031754,True,renting_and_returning,classic,7,divvy_ee2dfeb4caf1ebb0,station,2021-11-06 16:53:33,name_and_short_name_within_150m,matched
gbfs,10327d47-3c3a-433e-9e38-80638da64232,CHI00747,Indiana Ave & 103rd St,41.70717027117756,-87.6184719800949,True,renting_and_returning,classic,15,divvy_ef845ea1e25a545e,station,2020-08-20 16:52:16,name_and_short_name_within_150m,matched
gbfs,a3a478c9-a135-11e9-9cda-0a87ae2ba916,CHI00275,Ogden Ave & Chicago Ave,41.896362458,-87.6540612729,True,renting_and_returning,classic,19,divvy_8813304f91f53ada,station,2013-06-27 19:34:00,name_and_short_name_within_150m,matched
gbfs,a3af8b51-a135-11e9-9cda-0a87ae2ba916,CHI00639,Kedzie Ave & Leland Ave,41.96668636205,-87.7080519806,True,renting_and_returning,classic,15,divvy_19f21b265ef1bb2d,station,2015-05-06 08:10:00,name_and_short_name_within_150m,matched
gbfs,a3b01f9c-a135-11e9-9cda-0a87ae2ba916,CHI00599,Winchester Ave & Elston Ave,41.92409085038,-87.6764600747,True,renting_and_returning,classic,15,divvy_a5ca9e5f878209c8,station,2015-05-07 18:43:00,name_and_short_name_within_150m,matched
gbfs,a3accb60-a135-11e9-9cda-0a87ae2ba916,CHI00762,Princeton Ave & Garfield Blvd,41.794982,-87.633124,True,renting_and_returning,classic,11,divvy_55a7dd86aeac8d03,station,2015-04-28 16:12:00,name_and_short_name_within_150m,matched
gbfs,a3a84ab4-a135-11e9-9cda-0a87ae2ba916,CHI00439,Sangamon St & Washington Blvd,41.883165,-87.6511,True,renting_and_returning,classic,15,divvy_ee5af1bb0356395f,station,2013-08-02 17:37:00,name_and_short_name_within_150m,matched
gbfs,a3ae7dc3-a135-11e9-9cda-0a87ae2ba916,CHI00754,Clark St & Columbia Ave,42.00445062934,-87.6724024047,True,renting_and_returning,classic,15,divvy_f2e41a348c20f1fb,station,2015-05-12 15:14:00,name_and_short_name_within_150m,matched
gbfs,2113986813030865450,CHI02092,Parnell Ave & 31st St,41.837911,-87.640279,True,renting_and_returning,classic,15,divvy_4d8b64950e3b010b,station,2025-08-11 13:35:43.952000,name_and_short_name_within_150m,matched
gbfs,a3aa453c-a135-11e9-9cda-0a87ae2ba916,CHI00375,Western Ave & Division St,41.902893,-87.687275,True,renting_and_returning,classic,23,divvy_bafb6dad48975ff9,station,2013-06-30 13:14:00,name_and_short_name_within_150m,matched
gbfs,2150298404205650896,CHI02185,Blackstone Ave & 53rd St,41.79962,-87.59013,True,renting_and_returning,classic,15,divvy_5ed681adf7bc1c94,station,2026-01-02 14:06:08.331000,name_and_short_name_within_150m,matched
gbfs,a3a4203a-a135-11e9-9cda-0a87ae2ba916,CHI00438,Dearborn St & Adams St 1,41.8793563587,-87.6297910363,True,renting_and_returning,classic,30,divvy_d5d3f97a2752403e,station,2013-06-27 18:45:00,name_and_short_name_within_150m,matched
gbfs,a4f9ba74-f1cc-4b6a-90ad-78cacd45d3e1,CHI00776,Olive Harvey College,41.70958113526255,-87.59023368358612,True,renting_and_returning,classic,15,divvy_49eaf74fd000a82c,station,2021-12-14 13:34:20,name_and_short_name_within_150m,matched
gbfs,a3ae8d13-a135-11e9-9cda-0a87ae2ba916,CHI00590,Western Ave & Granville Ave,41.99416136902,-87.689438282,True,renting_and_returning,classic,11,divvy_e0d0f6bbb94fe015,station,2015-05-13 06:50:00,name_and_short_name_within_150m,matched
gbfs,a3aabfe3-a135-11e9-9cda-0a87ae2ba916,CHI00460,Ellis Ave & 58th St,41.788746,-87.601334,True,renting_and_returning,classic,19,divvy_7a711e07f512f544,station,2013-06-30 13:42:00,name_and_short_name_within_150m,matched
gbfs,a3a6de38-a135-11e9-9cda-0a87ae2ba916,CHI00404,Claremont Ave & Hirsch St,41.907781,-87.685854,True,renting_and_returning,classic,11,divvy_e406b597370b481a,station,2013-07-16 14:21:00,name_and_short_name_within_150m,matched
gbfs,1936560522747919086,CHI01877,Rockwell St & 57th St,41.79031,-87.68888,True,renting_and_returning,classic,15,divvy_533964160429eaff,station,2021-10-03 09:22:49,name_and_short_name_within_150m,matched
gbfs,2155894851718356542,CHI02179,Sacramento Ave & Linden Pl,41.92575,-87.70258,True,renting_and_returning,classic,14,divvy_a9570ed497cf0e54,station,2025-11-28 11:25:11.074000,name_and_short_name_within_150m,matched
gbfs,48b2ed2f-18aa-4a9b-b27d-db9f6d0c8c16,CHI00866,Homewood Ave & 115th St,41.684595072026184,-87.67070800065994,True,renting_and_returning,classic,15,divvy_6f56dbd33b5d6bdb,station,2020-10-07 14:31:40,name_and_short_name_within_150m,matched
gbfs,2080586734933671976,CHI01810,Avers Ave & Foster Ave,41.97541,-87.72452,True,renting_and_returning,classic,15,divvy_c9fe0083c27c8ba9,station,2025-05-10 17:46:56.267000,name_and_short_name_within_150m,matched
gbfs,a3aa6e51-a135-11e9-9cda-0a87ae2ba916,CHI00469,Lakeview Ave & Fullerton Pkwy,41.925858,-87.638973,True,renting_and_returning,classic,19,divvy_e384012fff6b755c,station,2013-06-30 03:06:00,name_and_short_name_within_150m,matched
gbfs,a3a53324-a135-11e9-9cda-0a87ae2ba916,CHI01749,Field Museum,41.865312,-87.617867,True,renting_and_returning,classic,55,divvy_36dc5cff1dd7b1a5,station,2013-06-28 14:57:00,name_and_short_name_within_150m,matched
gbfs,1936565171921396140,CHI01832,Sacramento Ave & Pratt Blvd,42.00404,-87.70473,True,renting_and_returning,classic,11,divvy_f4e58df4dd41c280,station,2024-04-20 11:52:33,name_and_short_name_within_150m,matched
gbfs,1866476160171649058,CHI00624,Damen Ave & Coulter St,41.850434,-87.674989,True,renting_and_returning,classic,12,divvy_810c8ed406cb9d69,station,2013-07-24 13:46:00,name_and_short_name_within_150m,matched
gbfs,a3a817dc-a135-11e9-9cda-0a87ae2ba916,CHI00421,Clifton Ave & Armitage Ave,41.918216,-87.656936,True,renting_and_returning,classic,15,divvy_2f0220900a5c2acc,station,2013-08-22 15:36:00,name_and_short_name_within_150m,matched
gbfs,2130025986384902502,CHI02130,Rockwell Ave & Logan Blvd,41.92811,-87.69268,True,renting_and_returning,classic,15,divvy_48b8ba75fabd77f5,station,2025-09-19 18:58:57.140000,name_and_short_name_within_150m,matched
gbfs,2049399156721566146,CHI02005,Halsted St & 119th St,41.67764,-87.64174,True,renting_and_returning,classic,12,divvy_56c87d638a9a26f8,station,2025-02-22 11:56:54.141000,name_and_short_name_within_150m,matched
gbfs,2196663691400301236,CHI02219,Kedzie Ave & 45th St,41.81139,-87.704,True,renting_and_returning,classic,8,divvy_238c3ac2b42930db,station,2022-01-04 18:06:07,name_and_short_name_within_150m,matched
gbfs,a3a72fc4-a135-11e9-9cda-0a87ae2ba916,CHI00606,Wells St & Polk St,41.872731542263075,-87.63351649045944,True,renting_and_returning,classic,19,divvy_6aa672e7e652c3ed,station,2013-08-03 16:52:00,name_and_short_name_within_150m,matched
gbfs,8759a858-d7eb-4382-b38f-2223c3f9e25d,CHI00858,Big Marsh Park,41.68587705562333,-87.57382392883301,True,renting_and_returning,classic,15,divvy_6dd427a21527d845,station,2020-09-25 17:47:17,name_and_short_name_within_150m,matched
gbfs,a3a43a25-a135-11e9-9cda-0a87ae2ba916,CHI00621,Wabash Ave & Cermak Rd,41.852619,-87.626488,True,renting_and_returning,classic,11,divvy_067fa29bf7e9ecc2,station,2013-06-27 16:34:00,name_and_short_name_within_150m,matched
gbfs,a3a87631-a135-11e9-9cda-0a87ae2ba916,CHI00381,Damen Ave & Leland Ave,41.967081,-87.679076,True,renting_and_returning,classic,15,divvy_927f581493e6e7cf,station,2013-08-22 19:33:00,name_and_short_name_within_150m,matched
gbfs,1943243743326460398,CHI01784,Francisco Ave & 47th St,41.80849,-87.69673,True,renting_and_returning,classic,7,divvy_29e3f5f8dc899313,station,2021-11-27 14:45:12,name_and_short_name_within_150m,matched
gbfs,2126942354115684484,CHI02118,Halsted St & Fulton St,41.88672,-87.64729,True,renting_and_returning,classic,15,divvy_a11a1f6bd9201dc7,station,2023-03-16 13:50:39,name_and_short_name_within_150m,matched
gbfs,2116968075735593618,CHI02099,Wood St & Walnut St,41.886124778383035,-87.67198414416876,True,renting_and_returning,classic,15,divvy_8a187d0d3f6462c1,station,2025-10-01 00:29:29.594000,name_and_short_name_within_150m,matched
gbfs,a3b12dfb-a135-11e9-9cda-0a87ae2ba916,CHI01136,Pulaski Rd & Congress Pkwy,41.87441021003816,-87.72609159350395,True,renting_and_returning,classic,11,divvy_7611181e20ebfeeb,station,2016-06-18 01:11:00,name_and_short_name_within_150m,matched
gbfs,2021144707271657584,CHI01981,Western Ave & 101st St,41.71011,-87.68198,True,renting_and_returning,classic,16,divvy_6486af77cf23aa96,station,2024-12-10 15:32:11.320000,name_and_short_name_within_150m,matched
gbfs,2121736790630324894,CHI02110,Hudson Ave & Armitage Ave,41.91818,-87.64,True,renting_and_returning,classic,15,divvy_3798b46287990d6a,station,2025-08-27 11:50:50.289000,name_and_short_name_within_150m,matched
gbfs,2038315274961340692,CHI01946,State St & 127th St,41.66388,-87.622,True,renting_and_returning,classic,8,divvy_6b07ddb28e19be81,station,2025-02-22 12:27:00.736000,name_and_short_name_within_150m,matched
gbfs,a3af368c-a135-11e9-9cda-0a87ae2ba916,CHI00608,Clark St & Bryn Mawr Ave,41.983593,-87.669154,True,renting_and_returning,classic,15,divvy_cdc6c3c7c8015719,station,2015-05-11 17:28:00,name_and_short_name_within_150m,matched
gbfs,a3a4b693-a135-11e9-9cda-0a87ae2ba916,CHI00254,Damen Ave & Wicker Park Ave,41.9088152,-87.6771937,True,renting_and_returning,classic,23,divvy_89718c7236502242,station,2025-06-25 11:57:36.707000,name_and_short_name_within_150m,matched
gbfs,a3b25b6d-a135-11e9-9cda-0a87ae2ba916,CHI00711,Evans Ave & 75th St,41.75849,-87.60641,True,renting_and_returning,classic,7,divvy_2c821fe1f4153e43,station,2016-07-01 14:34:54,name_and_short_name_within_150m,matched
gbfs,a3a84fb8-a135-11e9-9cda-0a87ae2ba916,CHI00562,Clark St & Montrose Ave,41.961588,-87.666036,True,renting_and_returning,classic,19,divvy_d3bf70fca7566761,station,2013-08-21 17:30:00,name_and_short_name_within_150m,matched
gbfs,a3aa017e-a135-11e9-9cda-0a87ae2ba916,CHI00433,Southport Ave & Clark St,41.957081,-87.664199,True,renting_and_returning,classic,11,divvy_5d2dfce58d36b956,station,2013-09-09 10:07:00,name_and_short_name_within_150m,matched
gbfs,2173356807749990394,CHI02191,Drake Ave & Armitage Ave,41.91749,-87.71524,True,renting_and_returning,classic,15,divvy_e839e9d63a4b817f,station,2026-01-13 18:13:55.117000,name_and_short_name_within_150m,matched
gbfs,1936560098166245516,CHI01824,Richmond St & 59th St,41.78649,-87.69733,True,renting_and_returning,classic,15,divvy_861aefaaf708f8ba,station,2021-09-23 03:39:01,name_and_short_name_within_150m,matched
gbfs,a3a47dde-a135-11e9-9cda-0a87ae2ba916,CHI00364,Halsted St & Roosevelt Rd,41.867324,-87.648625,True,renting_and_returning,classic,23,divvy_064765d877f527e2,station,2015-07-01 00:33:00,name_and_short_name_within_150m,matched
gbfs,7c56e4d5-92ee-4129-9a3a-d2ce89eab31d,CHI00873,Burnham Greenway & 112th St,41.69177385116831,-87.53043115139008,True,renting_and_returning,classic,15,divvy_c7caea1e71aa9259,station,2022-02-13 22:01:00,name_and_short_name_within_150m,matched
gbfs,1861996658372408268,CHI01816,Kostner Ave & Wrightwood Ave,41.927957,-87.735952,True,renting_and_returning,classic,15,divvy_7e64c01e2dfed1b3,station,2021-08-03 14:24:54,name_and_short_name_within_150m,matched
gbfs,1928767416660546464,CHI00803,Leamington Ave & Hirsch St,41.9058405,-87.7548602,True,renting_and_returning,classic,15,divvy_79435e1ef01e1389,station,2021-10-15 18:13:17,name_and_short_name_within_150m,matched
gbfs,2172972052596651782,CHI02190,Monticello Ave & Diversey Ave,41.93172,-87.71846,True,renting_and_returning,classic,15,divvy_99a580a817eb363c,station,2026-02-13 15:59:43.239000,name_and_short_name_within_150m,matched
gbfs,1978855107320060734,CHI01961,Commercial Ave & 90th St,41.7319872,-87.5510674,True,renting_and_returning,classic,16,divvy_5bc5ecb091383df6,station,2024-08-21 13:22:04.323000,name_and_short_name_within_150m,matched
gbfs,1974452106772983826,CHI01866,Mozart St & Jackson Blvd,41.8775,-87.6974,True,renting_and_returning,classic,8,divvy_ca95eb8799689925,station,2021-11-24 18:08:50,name_and_short_name_within_150m,matched
gbfs,a3b43478-a135-11e9-9cda-0a87ae2ba916,CHI01300,Latrobe Ave & Chicago Ave,41.89517,-87.75446,True,renting_and_returning,classic,7,divvy_6bd182482971cebf,station,2026-04-02 18:52:26.202000,name_and_short_name_within_150m,matched
gbfs,2119634701066248836,CHI02105,Halsted St & Belden St,41.92365,-87.64894,True,renting_and_returning,classic,15,divvy_2c0e5e2c7761b178,station,2025-08-25 12:11:06.836000,name_and_short_name_within_150m,matched
gbfs,4fcebf8a-b065-4cd1-a167-211a45ada30e,CHI00753,Dauphin Ave & 103rd St,41.7072503677818,-87.60766267776489,True,renting_and_returning,classic,15,divvy_9c5567f87e2b8742,station,2020-08-22 01:56:37,name_and_short_name_within_150m,matched
gbfs,a3a3dc37-a135-11e9-9cda-0a87ae2ba916,CHI00605,Fairbanks Ct & Grand Ave,41.89184737210993,-87.62058019638062,True,renting_and_returning,classic,15,divvy_f69dbb54f4f6512a,station,2013-06-27 19:52:00,name_and_short_name_within_150m,matched
gbfs,2184108207824344172,CHI02199,Western Ave & 62nd St,41.78098,-87.68338,True,renting_and_returning,classic,8,divvy_1e44dc849dd604ec,station,2021-09-23 18:19:30,name_and_short_name_within_150m,matched
gbfs,1ce9b7b2-6ef1-4e3b-abd4-85dedaf0ee65,CHI01772,State St & Chicago Ave,41.89661720040753,-87.62857854366302,True,renting_and_returning,classic,30,divvy_b0a50fc089158ae9,station,2021-12-30 07:13:01,name_and_short_name_within_150m,matched
gbfs,a3b0060d-a135-11e9-9cda-0a87ae2ba916,CHI00550,Central Park Ave & Elbridge Ave,41.93533728263,-87.7168892935,True,renting_and_returning,classic,15,divvy_e88c223b90c1cc63,station,2015-05-04 19:27:00,name_and_short_name_within_150m,matched
gbfs,a3aaaba2-a135-11e9-9cda-0a87ae2ba916,CHI00522,Stockton Dr & Wrightwood Ave,41.93132,-87.638742,True,renting_and_returning,classic,15,divvy_f165dd481fd59415,station,2013-10-03 18:07:00,name_and_short_name_within_150m,matched
gbfs,2059374037671818134,CHI02016,Central & Elston,41.9855,-87.7682,True,renting_and_returning,classic,12,divvy_735559693f918bf9,station,2025-03-17 18:46:16.550000,name_and_short_name_within_150m,matched
gbfs,1929537544978749446,CHI01780,Fairfield Ave & Pratt Blvd,42.0044482,-87.6985973,True,renting_and_returning,classic,15,divvy_4935fa1b5d1efcc0,station,2024-03-28 10:40:32,name_and_short_name_within_150m,matched
gbfs,1879441011318372516,CHI01754,Scottsdale Park,41.741966,-87.736179,True,service_restricted,classic,11,divvy_a3b9d6e3ed68ef8e,station,2023-12-03 18:01:09,name_and_short_name_within_150m,matched
gbfs,a3ad327e-a135-11e9-9cda-0a87ae2ba916,CHI00248,Union Ave & Root St,41.819102,-87.643278,True,renting_and_returning,classic,11,divvy_d8cba8b93c2e8164,station,2017-01-10 13:12:12,name_and_short_name_within_150m,matched
gbfs,95185a0d-da45-406a-a892-6b37b0d29fa8,CHI00879,Greenwood Ave & 97th St,41.71870315475741,-87.59703576564789,True,renting_and_returning,classic,15,divvy_252cd56e9569f1b6,station,2020-09-03 06:54:57,name_and_short_name_within_150m,matched
gbfs,2064974399404579678,CHI00674,Clark St & Newport St,41.94454,-87.654678,True,renting_and_returning,classic,16,divvy_f2f999c23211a8d6,station,2018-11-13 14:58:40,name_and_short_name_within_150m,matched
gbfs,a3a81d33-a135-11e9-9cda-0a87ae2ba916,CHI00407,Halsted St & Willow St,41.913865,-87.648755,True,renting_and_returning,classic,19,divvy_883eda3d74673268,station,2013-08-01 16:24:00,name_and_short_name_within_150m,matched
gbfs,1789242536879942642,CHI01880,Fulton Market,41.886871,-87.648089,True,renting_and_returning,classic,30,divvy_a7d5fd9d7f198d75,station,2025-09-10 11:38:15.825000,name_and_short_name_within_150m,matched
gbfs,a3a49cd7-a135-11e9-9cda-0a87ae2ba916,CHI00329,Wood St & Beach Ave,41.907655,-87.672552,True,renting_and_returning,classic,27,divvy_2aa272152732acce,station,2013-06-27 14:38:00,name_and_short_name_within_150m,matched
gbfs,2214505028100735236,CHI02323,Whipple St & Irving Park Rd,41.95422,-87.70444,True,renting_and_returning,classic,8,divvy_1703fa30e1ca56cd,station,2021-10-28 21:41:20,name_and_short_name_within_150m,matched
gbfs,080ab938-2c1b-4fcf-a83d-74c5ae6ff305,CHI00842,Cottage Grove Ave & 111th Pl,41.69170975847015,-87.61000156402588,True,renting_and_returning,classic,15,divvy_452633bda1806406,station,2020-08-26 18:34:16,name_and_short_name_within_150m,matched
gbfs,2103610248112881712,CHI02075,Milwaukee Ave & Fullerton Ave,41.92469,-87.7006,True,renting_and_returning,classic,15,divvy_bb955844320f9476,station,2021-10-28 15:22:39,name_and_short_name_within_150m,matched
gbfs,a3a41af5-a135-11e9-9cda-0a87ae2ba916,CHI02050,Franklin St & Jackson Blvd,41.8777079559,-87.6353211408,True,renting_and_returning,classic,39,divvy_20f0b12ede6f7e80,station,2013-06-27 18:21:00,name_and_short_name_within_150m,matched
gbfs,2241649114257641054,CHI02363,DuSable Lake Shore Dr & Jackson Blvd,41.87831,-87.61695,True,renting_and_returning,classic,24,divvy_e75acabaad7021f3,station,2026-07-16 15:36:46.145000,name_and_short_name_within_150m,matched
gbfs,2202639178190136648,CHI02227,Springfield Ave & 47th St,41.80807,-87.72123,True,renting_and_returning,classic,8,divvy_28e6eafbf32e56f9,station,2021-10-08 16:04:07,name_and_short_name_within_150m,matched
gbfs,a3a50991-a135-11e9-9cda-0a87ae2ba916,CHI00781,Financial Pl & Ida B Wells Dr,41.8750236280333,-87.6330940425396,True,renting_and_returning,classic,31,divvy_c8ef4f298f75dee7,station,2015-05-08 11:42:00,name_and_short_name_within_150m,matched
gbfs,1962991219412381958,CHI01906,Laramie Ave & Bloomingdale Ave,41.91432,-87.75572,True,renting_and_returning,classic,9,divvy_43d04ad76a718d2c,station,2024-06-30 18:53:49.263000,name_and_short_name_within_150m,matched
gbfs,a3b27bcf-a135-11e9-9cda-0a87ae2ba916,CHI01031,Greenwood Ave & 79th St,41.75129,-87.5976,True,renting_and_returning,classic,11,divvy_3916fe6cf5400f06,station,2016-07-20 19:45:33,name_and_short_name_within_150m,matched
gbfs,a3a7faf7-a135-11e9-9cda-0a87ae2ba916,CHI00280,Elizabeth St & Fulton St,41.88672,-87.65957,True,renting_and_returning,classic,15,divvy_2f253beb7222675b,station,2022-09-24 17:06:25,name_and_short_name_within_150m,matched
gbfs,2129649962298110134,CHI02129,Western Ave & Lyndale St,41.9226,-87.68772,True,renting_and_returning,classic,11,divvy_847b1f86d21f3567,station,2025-09-18 17:03:49.531000,name_and_short_name_within_150m,matched
gbfs,2155619628908394686,CHI02178,Sawyer Ave & Fullerton Ave,41.92448,-87.7092,True,renting_and_returning,classic,14,divvy_5006430312b273c9,station,2025-11-28 13:06:27.362000,name_and_short_name_within_150m,matched
gbfs,2135454923413539710,CHI02144,Racine Ave & Webster Ave,41.92161,-87.65803,True,renting_and_returning,classic,11,divvy_6637b573242ed293,station,2025-10-03 15:55:29.168000,name_and_short_name_within_150m,matched
gbfs,a3b024aa-a135-11e9-9cda-0a87ae2ba916,CHI00635,Spaulding Ave & Armitage Ave,41.917108034789315,-87.71022096276283,True,renting_and_returning,classic,15,divvy_9a847a04877c2614,station,2015-04-30 23:57:00,name_and_short_name_within_150m,matched
gbfs,a3a3888b-a135-11e9-9cda-0a87ae2ba916,CHI00383,Field Blvd & South Water St,41.88634906269,-87.6175165471,True,renting_and_returning,classic,19,divvy_4a8c6525b6e681b1,station,2015-04-18 19:50:00,name_and_short_name_within_150m,matched
gbfs,a3a7c852-a135-11e9-9cda-0a87ae2ba916,CHI00373,Emerald Ave & 28th St,41.84358,-87.645368,True,renting_and_returning,classic,15,divvy_cbdc5ed2e13fe243,station,2013-08-15 20:17:00,name_and_short_name_within_150m,matched
gbfs,2057127898206728832,CHI00473,Halsted St & Roscoe St,41.94367,-87.64895,True,renting_and_returning,classic,24,divvy_b946e0dc4237a804,station,2013-09-19 14:21:00,name_and_short_name_within_150m,matched
gbfs,2037897415290078108,CHI01984,Higgins Ave & Austin Ave,41.97342,-87.77865,True,renting_and_returning,classic,8,divvy_da60ab65a1c06139,station,2025-01-14 18:23:31.164000,name_and_short_name_within_150m,matched
gbfs,a3a46361-a135-11e9-9cda-0a87ae2ba916,CHI00216,Clark St & Ida B Wells Dr,41.8759326655,-87.6305845355,True,renting_and_returning,classic,35,divvy_9cacbb3a476daf5d,station,2013-06-28 08:25:00,name_and_short_name_within_150m,matched
gbfs,a3a89ea8-a135-11e9-9cda-0a87ae2ba916,CHI00408,Ashland Ave & Wellington Ave,41.936083,-87.669807,True,renting_and_returning,classic,20,divvy_058d773680a2947a,station,2013-06-28 13:24:00,name_and_short_name_within_150m,matched
gbfs,a3ade7de-a135-11e9-9cda-0a87ae2ba916,CHI00589,Millard Ave & 26th St,41.84453112462163,-87.71592199802399,True,renting_and_returning,classic,7,divvy_61919c253248d2a1,station,2015-04-29 17:49:00,name_and_short_name_within_150m,matched
gbfs,a3a5b9d3-a135-11e9-9cda-0a87ae2ba916,CHI00267,Damen Ave & Cullerton St,41.854966518753926,-87.67569959163664,True,renting_and_returning,classic,15,divvy_eeec0e8b43f70f91,station,2013-07-24 13:00:00,name_and_short_name_within_150m,matched
gbfs,a3a74947-a135-11e9-9cda-0a87ae2ba916,CHI00544,Ritchie Ct & Banks St,41.906866,-87.626217,True,renting_and_returning,classic,15,divvy_7c153c41ae8ca601,station,2015-05-09 14:29:00,name_and_short_name_within_150m,matched
gbfs,a3a73ef1-a135-11e9-9cda-0a87ae2ba916,CHI00676,State St & 19th St,41.856575,-87.627568,True,renting_and_returning,classic,16,divvy_adbee37ca5f432a7,station,2013-07-21 11:25:00,name_and_short_name_within_150m,matched
gbfs,a3a4ef26-a135-11e9-9cda-0a87ae2ba916,CHI01750,Milwaukee Ave & Grand Ave,41.891578,-87.648384,True,renting_and_returning,classic,19,divvy_63bdfa6649a5fd7a,station,2013-06-28 12:09:00,name_and_short_name_within_150m,matched
gbfs,13820eba-039d-4231-9228-005ab0f4e451,CHI02022,Bissell St & Armitage Ave,41.9182955629354,-87.65218332409859,True,renting_and_returning,classic,24,divvy_337598fef782739f,station,2013-09-05 14:44:00,name_and_short_name_within_150m,matched
gbfs,a3a51934-a135-11e9-9cda-0a87ae2ba916,CHI00286,Carpenter St & Huron St,41.894556,-87.653449,True,renting_and_returning,classic,20,divvy_8dddda0005866ac6,station,2013-06-29 15:54:00,name_and_short_name_within_150m,matched
gbfs,a3aacf29-a135-11e9-9cda-0a87ae2ba916,CHI01161,Halsted St & Clybourn Ave,41.909668,-87.648128,True,renting_and_returning,classic,28,divvy_d99e25edf3178c55,station,2018-01-01 02:19:46,name_and_short_name_within_150m,matched
gbfs,1929119555906179916,CHI01804,Marmora Ave & Irving Park Rd,41.9531072,-87.7747326,True,renting_and_returning,classic,15,divvy_17caf0ce515363f3,station,2024-04-07 01:38:32,name_and_short_name_within_150m,matched
gbfs,2103281785461334546,CHI02074,Franklin St & Washington St,41.88318,-87.63511,True,renting_and_returning,classic,36,divvy_800265fea460c45c,station,2025-07-09 10:34:01.625000,name_and_short_name_within_150m,matched
gbfs,a3a7eba7-a135-11e9-9cda-0a87ae2ba916,CHI00417,Damen Ave & Ohio St,41.892394452962705,-87.67688512802124,True,renting_and_returning,classic,23,divvy_54744698119065b4,station,2013-08-16 16:44:00,name_and_short_name_within_150m,matched
gbfs,2113982651207555516,CHI02088,Broadway & Oakdale Ave,41.93558,-87.64405,True,renting_and_returning,classic,11,divvy_3ef94cf330e0eabe,station,2025-07-08 16:39:33.337000,name_and_short_name_within_150m,matched
gbfs,d53ae727-5265-4b8e-a6ca-2a36dc0345c4,CHI02052,Wilton Ave & Diversey Pkwy,41.932418,-87.652705,True,renting_and_returning,classic,48,divvy_712af6312f753095,station,2013-06-29 13:41:00,name_and_short_name_within_150m,matched
gbfs,532a6e43-6efc-4c87-81a8-c75dfd8e8fde,CHI02021,Wentworth Ave & Cermak Rd*,41.853214418519656,-87.63187229633331,True,renting_and_returning,classic,16,divvy_72aa5c9d3d955130,station,2023-04-12 14:21:50,name_and_short_name_within_150m,matched
gbfs,1945194573870506886,CHI01860,Lawler Ave & 50th St,41.80217,-87.74894,True,renting_and_returning,classic,7,divvy_88e24b47f283efa5,station,2021-10-27 11:28:59,name_and_short_name_within_150m,matched
gbfs,1962566552401003212,CHI01921,Oconto Ave & Belmont Ave,41.93783,-87.80788,True,renting_and_returning,classic,7,divvy_ad1e92f2169fe278,station,2024-06-29 13:07:36.479000,name_and_short_name_within_150m,matched
gbfs,2210387851258904906,CHI02251,Elston Ave & Henderson St,41.94154,-87.70086,True,renting_and_returning,classic,8,divvy_223c24d2c713928b,station,2021-11-19 12:06:11,name_and_short_name_within_150m,matched
gbfs,a3ae737f-a135-11e9-9cda-0a87ae2ba916,CHI00613,Glenwood Ave & Morse Ave,42.00797192287,-87.6655023944,True,renting_and_returning,classic,15,divvy_7d96e183da24b8c7,station,2015-05-15 22:57:00,name_and_short_name_within_150m,matched
gbfs,a3acf4eb-a135-11e9-9cda-0a87ae2ba916,CHI00547,Jeffery Blvd & 76th St,41.75712006802,-87.5758393587,True,renting_and_returning,classic,11,divvy_ca6b363e8872f73a,station,2015-05-02 17:54:00,name_and_short_name_within_150m,matched
gbfs,2006690972500072780,CHI01940,Parnell Ave & 127th St,41.66338,-87.63429,True,renting_and_returning,classic,16,divvy_e184551cbaefba8b,station,2024-11-12 19:44:02.759000,name_and_short_name_within_150m,matched
gbfs,a3a58495-a135-11e9-9cda-0a87ae2ba916,CHI00310,Sheffield Ave & Waveland Ave,41.949399,-87.654529,True,renting_and_returning,classic,27,divvy_227843c2c3a44ac5,station,2016-10-01 00:38:26,name_and_short_name_within_150m,matched
gbfs,a3b0e141-a135-11e9-9cda-0a87ae2ba916,CHI01266,Wolcott Ave & Fargo Ave,42.016977,-87.677725,True,renting_and_returning,classic,11,divvy_7c2aafe6ae2b10c7,station,2016-07-08 07:56:19,name_and_short_name_within_150m,matched
gbfs,a3af71a9-a135-11e9-9cda-0a87ae2ba916,CHI00651,Kedzie Ave & Foster Ave,41.975672,-87.709261,True,renting_and_returning,classic,11,divvy_182cd2eb350e37c1,station,2015-05-06 14:17:00,name_and_short_name_within_150m,matched
gbfs,a3a5428e-a135-11e9-9cda-0a87ae2ba916,CHI00367,Orleans St & Merchandise Mart Plaza,41.888243,-87.63639,True,renting_and_returning,classic,35,divvy_9371b60cc3596dcb,station,2013-07-17 07:56:00,name_and_short_name_within_150m,matched
gbfs,b09832de-1c8e-4b92-bd72-bd98dc80b92c,CHI00832,Houston Ave & 92nd St,41.72820421535798,-87.54970014095306,True,renting_and_returning,classic,15,divvy_cd390207674dfda6,station,2020-08-19 19:34:34,name_and_short_name_within_150m,matched
gbfs,a3ac54af-a135-11e9-9cda-0a87ae2ba916,CHI00575,Larrabee St & Division St,41.90348607004,-87.6433534936,True,renting_and_returning,classic,15,divvy_5daf8939d1a2c4fe,station,2015-05-02 14:01:00,name_and_short_name_within_150m,matched
gbfs,2211895655445329726,CHI02255,Albany Ave & Belmont Ave,41.93966,-87.70526,True,renting_and_returning,classic,8,divvy_f6acb091d46dc983,station,2021-10-27 16:17:49,name_and_short_name_within_150m,matched
gbfs,a3ac1bc9-a135-11e9-9cda-0a87ae2ba916,CHI00503,Ashland Ave & Grace St,41.95068,-87.6687,True,renting_and_returning,classic,7,divvy_d0bee424dc0f5785,station,2013-07-31 17:38:00,name_and_short_name_within_150m,matched
gbfs,a3b0b801-a135-11e9-9cda-0a87ae2ba916,CHI00644,Spaulding Ave & Division St,41.90270659438,-87.709219571,True,renting_and_returning,classic,11,divvy_5399389d2da8be71,station,2015-05-02 10:00:00,name_and_short_name_within_150m,matched
gbfs,1859027847673133268,CHI01777,Monticello Ave & Lawrence Ave,41.9682,-87.71953,True,renting_and_returning,classic,11,divvy_10ed9a0610d3afd8,station,2023-09-19 16:40:36,name_and_short_name_within_150m,matched
gbfs,2123427060109083116,CHI02114,Lincoln Ave & Montana St,41.92657,-87.6506,True,renting_and_returning,classic,11,divvy_c51a0386e25c837c,station,2025-09-02 14:35:22.592000,name_and_short_name_within_150m,matched
gbfs,a3ad09b2-a135-11e9-9cda-0a87ae2ba916,CHI00221,South Shore Dr & 74th St,41.76218896038,-87.55927465,True,renting_and_returning,classic,11,divvy_fc2752a22dbaaf20,station,2015-04-29 13:55:00,name_and_short_name_within_150m,matched
gbfs,2213358517971897438,CHI02261,Hamlin Ave & Grand Ave,41.90403,-87.72156,True,renting_and_returning,classic,8,divvy_c43dfd8de9af26ff,station,2022-05-10 03:22:49,name_and_short_name_within_150m,matched
gbfs,a3ad1900-a135-11e9-9cda-0a87ae2ba916,CHI00556,Shields Ave & 31st St,41.838464,-87.635406,True,renting_and_returning,classic,19,divvy_c3dc55a3bd96e18d,station,2015-07-01 01:13:00,name_and_short_name_within_150m,matched
gbfs,1931403472863201974,CHI01830,Lawler Ave & North Ave,41.9091754,-87.7522545,True,renting_and_returning,classic,15,divvy_7a1fe938f28810ad,station,2024-04-30 13:32:13,name_and_short_name_within_150m,matched
gbfs,2132491172992070588,CHI02136,Paulina St & Adams St,41.87862,-87.66913,True,renting_and_returning,classic,11,divvy_50bd76e85d9bc96b,station,2025-09-26 09:45:57.756000,name_and_short_name_within_150m,matched
gbfs,2180731383329403462,CHI02195,Komensky Ave & 31st St,41.8367,-87.72564,True,renting_and_returning,classic,7,divvy_10a7235788ac81c9,station,2021-08-11 18:36:46,name_and_short_name_within_150m,matched
gbfs,a3a701b8-a135-11e9-9cda-0a87ae2ba916,CHI00276,Ashland Ave & Wrightwood Ave,41.92883,-87.668507,True,renting_and_returning,classic,15,divvy_261f2aa12a69fab8,station,2013-06-28 07:32:00,name_and_short_name_within_150m,matched
gbfs,2142960195123685888,CHI02159,Kedzie Ave & Jackson Blvd,41.877161,-87.706134,True,renting_and_returning,classic,15,divvy_498927e7644f913f,station,2024-04-15 22:41:26,name_and_short_name_within_150m,matched
gbfs,1869786699581020630,CHI01786,Paulina Ave & 87th St,41.735629,-87.66552,True,renting_and_returning,classic,15,divvy_fe6337367a6b082d,station,2023-10-26 19:10:15,name_and_short_name_within_150m,matched
gbfs,a3adaf6b-a135-11e9-9cda-0a87ae2ba916,CHI00642,Clark St & Lunt Ave,42.009011180580764,-87.67411172389984,True,renting_and_returning,classic,19,divvy_2e87caff9e5fa166,station,2015-05-15 15:05:00,name_and_short_name_within_150m,matched
gbfs,a3a790cc-a135-11e9-9cda-0a87ae2ba916,CHI00483,Cityfront Plaza Dr & Pioneer Ct,41.890573,-87.622072,True,renting_and_returning,classic,31,divvy_ca6b6e3d737e131c,station,2014-07-01 04:47:00,name_and_short_name_within_150m,matched
gbfs,a3afaef3-a135-11e9-9cda-0a87ae2ba916,CHI00215,Avondale Ave & Irving Park Rd,41.953393,-87.732002,True,renting_and_returning,classic,19,divvy_499713f1b489337b,station,2016-07-01 10:31:55,name_and_short_name_within_150m,matched
gbfs,a3a4881d-a135-11e9-9cda-0a87ae2ba916,CHI00497,Clinton St & Roosevelt Rd,41.8671177825,-87.6410879593,True,renting_and_returning,classic,15,divvy_e6ae2a0070e6432d,station,2013-06-28 14:28:00,name_and_short_name_within_150m,matched
gbfs,a3b1ca28-a135-11e9-9cda-0a87ae2ba916,CHI00595,Central Ave & Madison St,41.880121,-87.763238,True,renting_and_returning,classic,11,divvy_752af1ffaeb78e15,station,2016-06-17 18:03:00,name_and_short_name_within_150m,matched
gbfs,1861593053874186306,CHI01770,Artesian Ave & 71st St,41.764345,-87.684417,True,renting_and_returning,classic,15,divvy_5883e057c4cd8390,station,2023-10-06 17:25:05,name_and_short_name_within_150m,matched
gbfs,1936552997477483122,CHI01845,St Louis Ave & Norman Bobbins Pl,41.79439,-87.71132,True,renting_and_returning,classic,15,divvy_7c454f09486c5fec,station,2024-04-24 07:31:08,name_and_short_name_within_150m,matched
gbfs,a3afe1dc-a135-11e9-9cda-0a87ae2ba916,CHI00614,Western Ave & Roscoe St,41.943034,-87.687288,True,renting_and_returning,classic,11,divvy_125dda4fdd5b8036,station,2015-05-04 15:56:00,name_and_short_name_within_150m,matched
gbfs,a3aa640c-a135-11e9-9cda-0a87ae2ba916,CHI00472,Leavitt St & Argyle,41.97246,-87.68413,True,renting_and_returning,classic,11,divvy_b5b27340b763fa0c,station,2026-08-05 16:01:15.076000,name_and_short_name_within_150m,matched
gbfs,a3a42fa7-a135-11e9-9cda-0a87ae2ba916,CHI00451,LaSalle St & Adams St,41.87934437346,-87.6319852213,True,renting_and_returning,classic,15,divvy_38154902f22affb9,station,2015-04-26 12:29:00,name_and_short_name_within_150m,matched
gbfs,2210773719573363916,CHI02253,Mango Ave & Grand Ave,41.91965,-87.76941,True,renting_and_returning,classic,8,divvy_7abae6fb9f613143,station,2025-07-28 02:40:37.292000,name_and_short_name_within_150m,matched
gbfs,1859718111300847802,CHI01793,Artesian Ave & Marquette Rd,41.77203,-87.684637,True,renting_and_returning,classic,15,divvy_77eeb8b660e28e76,station,2023-10-08 01:11:19,name_and_short_name_within_150m,matched
gbfs,2211980152295771728,CHI02256,Sacramento Blvd & Fulton St,41.88653,-87.70165,True,renting_and_returning,classic,8,divvy_8bb90b1e53894895,station,2026-04-27 16:29:56.180000,name_and_short_name_within_150m,matched
gbfs,a3a9607f-a135-11e9-9cda-0a87ae2ba916,CHI00378,Kedzie Ave & Milwaukee Ave,41.9297142,-87.7079884,True,renting_and_returning,classic,31,divvy_685c69f9938d7880,station,2013-09-17 14:59:00,name_and_short_name_within_150m,matched
gbfs,1890602768178733256,CHI01764,Leclaire Ave & Belmont Ave,41.939041,-87.754197,True,renting_and_returning,classic,15,divvy_ca56443a19622eb1,station,2024-01-15 14:37:03,name_and_short_name_within_150m,matched
gbfs,1965903932548317228,CHI01966,Burley Ave & 91st St,41.73054,-87.54558,True,renting_and_returning,classic,15,divvy_14f18e82c9cdc64a,station,2024-07-06 13:52:39.169000,name_and_short_name_within_150m,matched
gbfs,a3b4963f-a135-11e9-9cda-0a87ae2ba916,CHI01222,Dempster CTA,42.041267,-87.681577,False,renting_and_returning,classic,15,divvy_e945a999e8219cfe,station,2026-07-21 11:27:24.389000,name_and_short_name_within_150m,matched
gbfs,a3a80f32-a135-11e9-9cda-0a87ae2ba916,CHI00289,Milwaukee Ave & Rockwell St,41.92033,-87.69309,True,renting_and_returning,classic,19,divvy_1c4545bbd1ea4921,station,2013-08-22 23:13:00,name_and_short_name_within_150m,matched
gbfs,a3aff10c-a135-11e9-9cda-0a87ae2ba916,CHI00962,Avers Ave & Belmont Ave,41.939408,-87.723574,True,renting_and_returning,classic,11,divvy_ac59067ce9166265,station,2015-05-13 20:36:00,name_and_short_name_within_150m,matched
gbfs,a3b11ea4-a135-11e9-9cda-0a87ae2ba916,CHI00541,Austin Blvd & Lake St,41.88794379427211,-87.77427345514297,True,renting_and_returning,classic,11,divvy_806258cab3597cc8,station,2016-06-14 13:57:00,name_and_short_name_within_150m,matched
gbfs,2132864313425115444,CHI02137,Clark St & Fletcher St,41.93894,-87.65031,True,renting_and_returning,classic,15,divvy_7ae7a39e9369c0d9,station,2025-09-26 11:32:13.512000,name_and_short_name_within_150m,matched
gbfs,a3aafccb-a135-11e9-9cda-0a87ae2ba916,CHI00287,Clark St & Wrightwood Ave,41.929546,-87.643118,True,renting_and_returning,classic,15,divvy_bfe493902e2e8fc6,station,2013-06-27 19:23:00,name_and_short_name_within_150m,matched
gbfs,2072426969175128454,CHI01990,Ave L & 114th,41.68803,-87.53641,True,renting_and_returning,classic,16,divvy_4bbcb836b5588ac6,station,2025-04-22 07:32:34.624000,name_and_short_name_within_150m,matched
gbfs,a3b1e065-a135-11e9-9cda-0a87ae2ba916,CHI01139,Damen Ave & Pershing Rd,41.823192,-87.676597,True,renting_and_returning,classic,11,divvy_65633cac1499ba02,station,2016-06-17 14:32:00,name_and_short_name_within_150m,matched
gbfs,a3b1330c-a135-11e9-9cda-0a87ae2ba916,CHI00677,Kostner Ave & Lake St,41.885928,-87.73541,True,renting_and_returning,classic,11,divvy_0b820ed8483b5192,station,2016-06-15 18:35:00,name_and_short_name_within_150m,matched
gbfs,2192660829509882218,CHI02214,New England Ave & North Ave,41.90929,-87.79715,True,renting_and_returning,classic,8,divvy_2a1edb030e61b655,station,2026-03-09 23:34:41.046000,name_and_short_name_within_150m,matched
gbfs,2192603399274832178,CHI02213,Monitor Ave & Fullerton Ave,41.92379,-87.77228,True,renting_and_returning,classic,8,divvy_a0bc9c208684b07a,station,2026-03-06 17:22:23.150000,name_and_short_name_within_150m,matched
gbfs,1872721938125427506,CHI01544,Kedzie Ave & 83rd St,41.742523,-87.702279,True,renting_and_returning,classic,15,divvy_97bdda73ace6d4a2,station,2023-11-08 13:24:57,name_and_short_name_within_150m,matched
gbfs,a3aa2078-a135-11e9-9cda-0a87ae2ba916,CHI00464,Lincoln Ave & Belle Plaine Ave,41.95600355078549,-87.68016144633293,True,renting_and_returning,classic,15,divvy_768efd0049a2ed17,station,2013-10-01 19:40:00,name_and_short_name_within_150m,matched
gbfs,2256172897303479166,CHI02404,Lincoln Ave & Hutchinson St,41.95864,-87.68198,True,renting_and_returning,classic,15,divvy_dc1d5e1b20f856ef,station,2026-08-25 14:03:44.393000,name_and_short_name_within_150m,matched
gbfs,a3b0ccad-a135-11e9-9cda-0a87ae2ba916,CHI01041,Ridge Blvd & Howard St,42.019276,-87.68452,True,renting_and_returning,classic,11,divvy_f9915f2d98c59ea0,station,2016-07-23 12:36:27,name_and_short_name_within_150m,matched
gbfs,a3ae6e48-a135-11e9-9cda-0a87ae2ba916,CHI00618,Western Ave & 28th St,41.84151770807,-87.6851314409,True,renting_and_returning,classic,11,divvy_412c560394b66323,station,2015-05-21 15:28:00,name_and_short_name_within_150m,matched
gbfs,a3a9984a-a135-11e9-9cda-0a87ae2ba916,CHI00436,Indiana Ave & 31st St,41.838842,-87.621857,True,renting_and_returning,classic,11,divvy_48d467fb785ede5e,station,2013-09-13 08:36:00,name_and_short_name_within_150m,matched
gbfs,a3af7c0e-a135-11e9-9cda-0a87ae2ba916,CHI00548,Lincoln Ave & Winona St,41.97491129677,-87.6925025594,True,renting_and_returning,classic,15,divvy_e2ad853aab073045,station,2015-05-06 16:28:00,name_and_short_name_within_150m,matched
gbfs,a3a9df3a-a135-11e9-9cda-0a87ae2ba916,CHI00453,Franklin St & Adams St ,41.87943409140013,-87.63550400733948,True,renting_and_returning,classic,15,divvy_7ac1e5a05b78c27c,station,2019-07-01 04:15:59,name_and_short_name_within_150m,matched
gbfs,2140647511081896348,CHI02154,Damen Ave & Evergreen Ave,41.90605,-87.67758,True,renting_and_returning,classic,15,divvy_112941592be8d8f9,station,2025-10-17 14:28:54.082000,name_and_short_name_within_150m,matched
gbfs,a3b1e588-a135-11e9-9cda-0a87ae2ba916,CHI00601,Ashland Ave & Pershing Rd,41.823465,-87.665577,True,renting_and_returning,classic,11,divvy_3c81e8a2f8db8de5,station,2016-06-18 08:00:00,name_and_short_name_within_150m,matched
gbfs,a3ad37c2-a135-11e9-9cda-0a87ae2ba916,CHI02047,Shields Ave & 43rd St,41.81620767856,-87.6348193497,True,renting_and_returning,classic,11,divvy_569425502d8b20d2,station,2015-04-17 18:27:00,name_and_short_name_within_150m,matched
gbfs,1952605912741636714,CHI01864,Cicero Ave & Wellington Ave,41.93515,-87.74636,True,renting_and_returning,classic,7,divvy_833b61addf5a6fad,station,2022-05-09 14:54:23,name_and_short_name_within_150m,matched
gbfs,a3ac6f28-a135-11e9-9cda-0a87ae2ba916,CHI00701,Larrabee St & Oak St,41.900381,-87.642002,True,renting_and_returning,classic,19,divvy_7fba2d7f8c2c1784,station,2015-05-02 16:40:00,name_and_short_name_within_150m,matched
gbfs,a3b1050d-a135-11e9-9cda-0a87ae2ba916,CHI00669,Western Ave & Howard St,42.018901,-87.690048,True,renting_and_returning,classic,15,divvy_9fd4f5696a7ffc51,station,2016-07-09 10:04:40,name_and_short_name_within_150m,matched
gbfs,1872723419889143870,CHI01752,Columbus Ave & 83rd Pl,41.741346,-87.713696,True,renting_and_returning,classic,15,divvy_05a0a1489979b71f,station,2024-01-02 18:39:02,name_and_short_name_within_150m,matched
gbfs,2059001119848706206,CHI01997,Karlov Ave & Fillmore St,41.86815,-87.7276,True,renting_and_returning,classic,16,divvy_7ddab6494defb286,station,2025-04-11 12:41:23.874000,name_and_short_name_within_150m,matched
gbfs,a3aae870-a135-11e9-9cda-0a87ae2ba916,CHI00488,Cottage Grove Ave & 49th St,41.806273,-87.606643,True,renting_and_returning,classic,15,divvy_4dacdddd0e7d8f82,station,2025-09-17 17:44:04.285000,name_and_short_name_within_150m,matched
gbfs,a3a6002c-a135-11e9-9cda-0a87ae2ba916,CHI00261,Morgan Ave & 14th Pl,41.862378,-87.651062,True,renting_and_returning,classic,15,divvy_706880b523a2e6b6,station,2013-07-31 15:52:00,name_and_short_name_within_150m,matched
gbfs,2246085102741633664,CHI02389,Noyes CTA,42.0584715,-87.683518,False,renting_and_returning,classic,15,divvy_84a9507261df3b22,station,2026-08-05 10:35:25.816000,name_and_short_name_within_150m,matched
gbfs,a3b36d8a-a135-11e9-9cda-0a87ae2ba916,CHI01163,Michigan Ave & 8th St,41.872773,-87.623981,True,renting_and_returning,classic,43,divvy_041542425d64daac,station,2017-06-14 11:11:56,name_and_short_name_within_150m,matched
gbfs,2244646421854540096,CHI02385,Foster CTA,42.053903,-87.683677,False,renting_and_returning,classic,18,divvy_36a0562c31a117cf,station,2026-07-25 05:37:43.440000,name_and_short_name_within_150m,matched
gbfs,2009300113903569554,CHI01958,St Louis Ave & 51st St,41.80095,-87.71104,True,renting_and_returning,classic,8,divvy_911438f3df93f17a,station,2024-11-27 19:41:44.882000,name_and_short_name_within_150m,matched
gbfs,a3a7e69e-a135-11e9-9cda-0a87ae2ba916,CHI00428,Leavitt St & North Ave,41.91016,-87.68232,True,renting_and_returning,classic,23,divvy_dfdfd51c310043c8,station,2013-08-16 22:47:00,name_and_short_name_within_150m,matched
gbfs,a3a762a1-a135-11e9-9cda-0a87ae2ba916,CHI00412,Stave St & Armitage Ave,41.917741,-87.691392,True,renting_and_returning,classic,11,divvy_36935375dcb41982,station,2013-07-27 06:38:00,name_and_short_name_within_150m,matched
gbfs,a3a95142-a135-11e9-9cda-0a87ae2ba916,CHI00446,Lincoln Ave & Waveland Ave,41.948797,-87.675278,True,renting_and_returning,classic,15,divvy_3ee9e396a8cdc55e,station,2013-09-09 18:14:00,name_and_short_name_within_150m,matched
gbfs,2119522369875669374,CHI02103,Noble St & Ohio St,41.89242,-87.66206,True,renting_and_returning,classic,15,divvy_37359cc952b880d0,station,2025-08-21 13:38:31.083000,name_and_short_name_within_150m,matched
gbfs,a3a845b0-a135-11e9-9cda-0a87ae2ba916,CHI00354,Pine Grove Ave & Waveland Ave,41.94947274088333,-87.64645278453827,True,renting_and_returning,classic,23,divvy_ce53c2c83aa1d3ec,station,2014-01-02 11:31:00,name_and_short_name_within_150m,matched
gbfs,2096535401636666136,CHI02056,Aberdeen St & Carroll Ave,41.88819,-87.65459,True,renting_and_returning,classic,16,divvy_e8a53f71263fe13b,station,2025-06-20 14:05:50.471000,name_and_short_name_within_150m,matched
gbfs,1955583912707186772,CHI01788,Rockwell St & Archer Ave,41.82272,-87.68982,True,renting_and_returning,classic,15,divvy_289ad65679623e21,station,2021-09-29 17:33:25,name_and_short_name_within_150m,matched
gbfs,a3aaf2ac-a135-11e9-9cda-0a87ae2ba916,CHI02039,Calumet Ave & 18th St,41.85761755293753,-87.61941075325012,True,renting_and_returning,classic,15,divvy_681aeb46544a158c,station,2013-09-08 09:15:00,name_and_short_name_within_150m,matched
gbfs,1879439147302566804,CHI01805,Columbus Ave & 79th St,41.749119,-87.704263,True,renting_and_returning,classic,11,divvy_2e7987783d5ba225,station,2023-11-17 14:04:23,name_and_short_name_within_150m,matched
gbfs,2187200718323293662,CHI02206,Troy St & 27th St,41.84266,-87.70405,True,renting_and_returning,classic,8,divvy_fc41d3e3e484c70a,station,2026-03-02 08:41:55.935000,name_and_short_name_within_150m,matched
gbfs,a3b4a05c-a135-11e9-9cda-0a87ae2ba916,CHI02045,Lincolnwood Dr & Central St,42.064854,-87.715297,False,renting_and_returning,classic,6,divvy_17055d904fbeffc4,station,2018-11-01 06:39:43,name_and_short_name_within_150m,matched
gbfs,1991870527990319406,CHI01939,Wentworth Ave & 107th St,41.69989,-87.62785,True,renting_and_returning,classic,8,divvy_a5f1b50502e2ac1d,station,2024-09-14 13:06:43.371000,name_and_short_name_within_150m,matched
gbfs,2246222815279511014,CHI02394,Dodge Ave & Mulford St,42.02365,-87.699617,False,renting_and_returning,classic,8,divvy_043ccf40aebc1fa9,station,2018-10-31 18:05:41,name_and_short_name_within_150m,matched
gbfs,2214937709073941248,CHI02326,Whipple St & Roosevelt Rd,41.86655,-87.70178,True,renting_and_returning,classic,8,divvy_b69986910f56e870,station,2021-11-27 11:35:12,name_and_short_name_within_150m,matched
gbfs,2030108974061988752,CHI01985,Cumberland Ave & Catherine Ave,41.97732,-87.83674,True,renting_and_returning,classic,8,divvy_44ce47d870243fcd,station,2024-12-28 19:15:08.095000,name_and_short_name_within_150m,matched
gbfs,1963305045676278322,CHI01938,Milwaukee Ave & Agatite Ave,41.9615,-87.75489,True,renting_and_returning,classic,7,divvy_1ad0c30335ba1b5d,station,2024-06-27 16:34:51.802000,name_and_short_name_within_150m,matched
gbfs,1932088872431302840,CHI01926,Pine Ave & Division St,41.9019,-87.76389,True,renting_and_returning,classic,15,divvy_91c41d6674950da9,station,2024-04-13 10:30:21,name_and_short_name_within_150m,matched
gbfs,a3a51e6e-a135-11e9-9cda-0a87ae2ba916,CHI00264,Sheffield Ave & Willow St,41.913688,-87.652855,True,renting_and_returning,classic,15,divvy_2916e11025545ee6,station,2013-06-28 17:37:00,name_and_short_name_within_150m,matched
gbfs,a3acb6f3-a135-11e9-9cda-0a87ae2ba916,CHI00652,Western Ave & Monroe St,41.88142526,-87.6866316818,True,renting_and_returning,classic,15,divvy_c45d985cc1f093d0,station,2024-05-01 00:45:45,name_and_short_name_within_150m,matched
gbfs,1942539875938640858,CHI01792,Harlem Ave & Bloomingdale Ave,41.91203,-87.80577,True,renting_and_returning,classic,7,divvy_2f9facfa888a55f4,station,2024-05-01 18:53:44,name_and_short_name_within_150m,matched
gbfs,2186823828932249544,CHI02209,Aberdeen St & 106th St,41.70121,-87.64934,True,service_restricted,classic,8,divvy_e111982d393eef14,station,2026-04-03 13:17:24.926000,name_and_short_name_within_150m,matched
gbfs,2202217293959060352,CHI02225,Central Ave & Parker Ave,41.93018,-87.76612,True,renting_and_returning,classic,8,divvy_72a7b00f7de714c1,station,2021-07-31 00:48:21,name_and_short_name_within_150m,matched
gbfs,a3ae687f-a135-11e9-9cda-0a87ae2ba916,CHI00662,California Ave & 26th St,41.8436799145765,-87.69496858119965,True,renting_and_returning,classic,11,divvy_bb36c4f0bb894397,station,2015-04-27 18:05:00,name_and_short_name_within_150m,matched
gbfs,2108035409441534756,CHI02081,Green St & Lake St ,41.88558,-87.64841,True,renting_and_returning,classic,11,divvy_345b6ef493acae32,station,2025-07-23 19:36:19.136000,name_and_short_name_within_150m,matched
gbfs,a3b2767f-a135-11e9-9cda-0a87ae2ba916,CHI01104,Cottage Grove Ave & 78th St,41.753174,-87.605026,True,renting_and_returning,classic,11,divvy_dedcb2386d984f7f,station,2016-07-28 12:57:37,name_and_short_name_within_150m,matched
gbfs,1976680841729198100,CHI01951,Manistee Ave & 95th St,41.7226,-87.55692,True,renting_and_returning,classic,16,divvy_7f70acdb8700a013,station,2024-09-09 08:21:14.887000,name_and_short_name_within_150m,matched
gbfs,a3adb48a-a135-11e9-9cda-0a87ae2ba916,CHI00569,Kedzie Ave & Harrison St,41.87359967462,-87.7048707493,True,renting_and_returning,classic,11,divvy_c3af94f77ad010cf,station,2015-04-27 15:34:00,name_and_short_name_within_150m,matched
gbfs,a3b23263-a135-11e9-9cda-0a87ae2ba916,CHI00704,Racine Ave & 61st St,41.783189,-87.654372,True,renting_and_returning,classic,11,divvy_987d3ec41fd3a804,station,2016-08-05 06:21:55,name_and_short_name_within_150m,matched
gbfs,1989675458983138282,CHI01950,Pulaski Rd & Ann Lurie Pl,41.81644,-87.7248,True,renting_and_returning,classic,11,divvy_be2737c54ef0745f,station,2024-09-06 01:16:45.861000,name_and_short_name_within_150m,matched
gbfs,a3a9fc75-a135-11e9-9cda-0a87ae2ba916,CHI00393,Wells St & Evergreen Ave,41.906724,-87.63483,True,renting_and_returning,classic,19,divvy_4b0aaa6183b1ec75,station,2013-09-05 14:25:00,name_and_short_name_within_150m,matched
gbfs,2009656643260639434,CHI01912,Vincennes Ave & 95th St,41.72126,-87.65005,True,renting_and_returning,classic,8,divvy_4b383cc18f8787ec,station,2024-11-12 18:27:53.018000,name_and_short_name_within_150m,matched
gbfs,a3afdcbf-a135-11e9-9cda-0a87ae2ba916,CHI00529,Leavitt St & Addison St,41.946655,-87.683359,True,renting_and_returning,classic,15,divvy_131833a69740ad7a,station,2015-05-13 17:15:00,name_and_short_name_within_150m,matched
gbfs,1885794833713023406,CHI01765,Kostner Ave & Belmont Ave,41.939191,-87.737112,True,renting_and_returning,classic,15,divvy_e31a2062e514480c,station,2023-12-12 15:42:43,name_and_short_name_within_150m,matched
gbfs,a3ac0fff-a135-11e9-9cda-0a87ae2ba916,CHI00511,Stony Island Ave & 57th St,41.79161,-87.58748,True,renting_and_returning,classic,19,divvy_5d390a9865a09892,station,2025-02-01 08:59:13.842000,name_and_short_name_within_150m,matched
gbfs,2108441700539699862,CHI02083,Western Ave & Grace St,41.95035,-87.68808,True,renting_and_returning,classic,11,divvy_2bafba938540f8f5,station,2021-11-11 16:59:24,name_and_short_name_within_150m,matched
gbfs,a3b3a0c8-a135-11e9-9cda-0a87ae2ba916,CHI00750,Orleans St & Hubbard St,41.890028,-87.636618,True,renting_and_returning,classic,11,divvy_009a15c69f41cf6b,station,2018-09-18 18:33:36,name_and_short_name_within_150m,matched
gbfs,2227510210044398032,CHI02346,Pine Grove Ave & Belmont Ave,41.94002,-87.64166,True,renting_and_returning,classic,11,divvy_ecb41153c338f15e,station,2026-06-08 20:14:09.143000,name_and_short_name_within_150m,matched
gbfs,2118391840318927564,CHI02101,Riley O'Neil Memorial Station at City Hall,41.8832351,-87.6321117,True,renting_and_returning,classic,30,divvy_6c45a261fb07a23e,station,2013-07-15 14:47:00,name_and_short_name_within_150m,matched
gbfs,a3adc3f6-a135-11e9-9cda-0a87ae2ba916,CHI00578,Fairfield Ave & Roosevelt Rd,41.866624,-87.694521,True,renting_and_returning,classic,11,divvy_dd37cb7101eb1844,station,2015-07-01 07:24:00,name_and_short_name_within_150m,matched
gbfs,a3a9b6e9-a135-11e9-9cda-0a87ae2ba916,CHI00387,Wallace St & 35th St,41.830707051440854,-87.64125533401966,True,renting_and_returning,classic,15,divvy_2b67a8035e44f977,station,2013-09-13 19:58:00,name_and_short_name_within_150m,matched
gbfs,a3a4a202-a135-11e9-9cda-0a87ae2ba916,CHI00607,McCormick Place,41.8513751729,-87.6188346489,True,renting_and_returning,classic,27,divvy_040a87f46d79ffb8,station,2013-06-28 10:12:00,name_and_short_name_within_150m,matched
gbfs,a3a710c5-a135-11e9-9cda-0a87ae2ba916,CHI00489,Canal St & Harrison St,41.874255,-87.639573,True,renting_and_returning,classic,15,divvy_da5144e550761fee,station,2013-07-15 17:59:00,name_and_short_name_within_150m,matched
gbfs,2079474556089797110,CHI02010,Major Taylor Trail & 111th St,41.69211,-87.6489,True,renting_and_returning,classic,15,divvy_1b6dbc3dc2be8194,station,2025-05-23 20:44:11.428000,name_and_short_name_within_150m,matched
gbfs,1954768541828039308,CHI01839,Kedzie Ave & 38th Pl,41.8235109,-87.7041017,True,renting_and_returning,classic,11,divvy_14a4f7323e219b4b,station,2024-06-26 11:29:33.910000,name_and_short_name_within_150m,matched
gbfs,a3b123c5-a135-11e9-9cda-0a87ae2ba916,CHI00542,Central Park Blvd & 5th Ave,41.875679,-87.71547,True,renting_and_returning,classic,11,divvy_30d0e215be3d23b1,station,2016-06-15 18:26:00,name_and_short_name_within_150m,matched
gbfs,a3b2a4ca-a135-11e9-9cda-0a87ae2ba916,CHI00725,Ellis Ave & 83rd St,41.744123,-87.599034,True,renting_and_returning,classic,11,divvy_bec42c0d9aaaaffe,station,2016-08-09 18:44:34,name_and_short_name_within_150m,matched
gbfs,a3a93622-a135-11e9-9cda-0a87ae2ba916,CHI00422,Greenwood Ave & 47th St,41.809835,-87.599383,True,renting_and_returning,classic,15,divvy_37deeae637171cdb,station,2013-06-28 11:05:00,name_and_short_name_within_150m,matched
gbfs,a3a93b6d-a135-11e9-9cda-0a87ae2ba916,CHI00391,Winthrop Ave & Lawrence Ave,41.968812,-87.657659,True,renting_and_returning,classic,15,divvy_881cedb4b9d32fad,station,2013-09-05 21:23:00,name_and_short_name_within_150m,matched
gbfs,1984042930424753006,CHI01962,Steelworkers Park,41.73793,-87.53091,True,renting_and_returning,classic,16,divvy_5eb2bcb6c85cdb53,station,2022-03-01 18:21:43,name_and_short_name_within_150m,matched
gbfs,1970337315463389684,CHI01982,Linder Ave & Montrose Ave,41.96081,-87.76488,True,renting_and_returning,classic,7,divvy_d5e08fcddc60ca1e,station,2024-07-19 07:08:10.333000,name_and_short_name_within_150m,matched
gbfs,a3a767b1-a135-11e9-9cda-0a87ae2ba916,CHI00229,Ogden Ave & Race Ave,41.891795,-87.658751,True,renting_and_returning,classic,15,divvy_9e9f207da3c61e3f,station,2013-07-28 09:47:00,name_and_short_name_within_150m,matched
gbfs,a2aa2a53-3439-459b-9345-c21435e99a72,CHI00821,Elizabeth St & 92nd St,41.726798963701185,-87.65429019927979,True,renting_and_returning,classic,15,divvy_0badcf424ea3dab1,station,2020-08-14 16:41:50,name_and_short_name_within_150m,matched
gbfs,2102842761542543614,CHI02072,Wells St & Washington St,41.883,-87.63396,True,renting_and_returning,classic,11,divvy_703e01076b580181,station,2025-07-07 13:13:59.277000,name_and_short_name_within_150m,matched
gbfs,59019cbc-47d4-4743-afb2-e71e9767df0c,CHI00835,Clyde Ave & 87th St,41.73715146431056,-87.57274031639099,True,renting_and_returning,classic,15,divvy_ea562991dc750914,station,2020-09-10 15:45:21,name_and_short_name_within_150m,matched
gbfs,a5a5cb39-a6ee-45bc-96a0-6455ae111bad,CHI00870,East End Ave & 87th St,41.73681521440671,-87.58280128240585,True,renting_and_returning,classic,15,divvy_c8ee2a4fd9f52342,station,2020-08-01 14:57:08,name_and_short_name_within_150m,matched
gbfs,1934288056893243658,CHI01818,Kostner Ave & Bryn Mawr Ave,41.982765,-87.738094,True,renting_and_returning,classic,7,divvy_be1d0314ddfebf75,station,2024-04-12 01:03:18,name_and_short_name_within_150m,matched
gbfs,a3b2fbb6-a135-11e9-9cda-0a87ae2ba916,CHI02041,Central St Metra,42.063598,-87.69873,False,renting_and_returning,classic,15,divvy_7bf30bff8df73c8a,station,2016-06-29 18:55:00,name_and_short_name_within_150m,matched
gbfs,2136953134578149618,CHI02146,Rockwell St & Cermak Rd,41.851644,-87.690621,True,renting_and_returning,classic,11,divvy_7b5487b53f8cd7b4,station,2021-11-03 22:25:33,name_and_short_name_within_150m,matched
gbfs,a3aa4a58-a135-11e9-9cda-0a87ae2ba916,CHI00468,Sheridan Rd & Buena Ave,41.95848,-87.65507,True,renting_and_returning,classic,19,divvy_4c636f107894ed7b,station,2013-09-23 21:53:00,name_and_short_name_within_150m,matched
gbfs,a3b26fee-a135-11e9-9cda-0a87ae2ba916,CHI01226,Vernon Ave & 79th St,41.75094,-87.61379,True,renting_and_returning,classic,11,divvy_e506dbdc2ce1fdbe,station,2016-07-26 09:15:27,name_and_short_name_within_150m,matched
gbfs,2147339944727486696,CHI02166,May St & Hubbard St,41.89008,-87.65597,True,renting_and_returning,classic,15,divvy_a2829b5846029637,station,2025-11-04 17:44:40.317000,name_and_short_name_within_150m,matched
gbfs,a3a634dd-a135-11e9-9cda-0a87ae2ba916,CHI00223,State St & 33rd St,41.834734,-87.625813,True,renting_and_returning,classic,15,divvy_59703690c5d36fb1,station,2013-08-19 14:00:00,name_and_short_name_within_150m,matched
gbfs,a3ac213b-a135-11e9-9cda-0a87ae2ba916,CHI00397,California Ave & 21st St,41.853795793473395,-87.69582286477088,True,renting_and_returning,classic,15,divvy_a0cb8c37372c1f95,station,2013-06-27 23:37:00,name_and_short_name_within_150m,matched
gbfs,a3a87b3f-a135-11e9-9cda-0a87ae2ba916,CHI00425,Lincoln Ave & Sunnyside Ave,41.963004,-87.684781,True,renting_and_returning,classic,15,divvy_19be793d706dc823,station,2018-07-01 06:23:21,name_and_short_name_within_150m,matched
gbfs,a3af3bac-a135-11e9-9cda-0a87ae2ba916,CHI00337,Broadway & Ridge Ave,41.9840446107,-87.6602738295,True,renting_and_returning,classic,15,divvy_e9c464857eaeff15,station,2015-05-11 16:41:00,name_and_short_name_within_150m,matched
gbfs,1887668523852444498,CHI01801,Cicero Ave & Roscoe Ave,41.942427,-87.747315,True,renting_and_returning,classic,11,divvy_e8fa308975f9ee56,station,2023-12-08 22:09:54,name_and_short_name_within_150m,matched
gbfs,a3ac88db-a135-11e9-9cda-0a87ae2ba916,CHI00326,Wood St & 35th St,41.83010465416,-87.6702983089,True,renting_and_returning,classic,11,divvy_37263a114c9353e3,station,2015-04-16 07:32:00,name_and_short_name_within_150m,matched
gbfs,2140270741196378296,CHI02153,Broadway & Roscoe Ave,41.9436,-87.64532,True,renting_and_returning,classic,11,divvy_f52b6f248a5b5a76,station,2025-10-16 17:19:46.731000,name_and_short_name_within_150m,matched
gbfs,1870193411073343610,CHI01955,California Ave & Granville Ave,41.9941803,-87.6995596,True,renting_and_returning,classic,15,divvy_59c713df5a1ccaac,station,2023-10-20 00:30:32,name_and_short_name_within_150m,matched
gbfs,a3a98e37-a135-11e9-9cda-0a87ae2ba916,CHI00565,Stony Island Ave & 75th St,41.7586696704,-87.586882871,True,renting_and_returning,classic,11,divvy_faf848672e5cb8aa,station,2015-04-28 07:01:00,name_and_short_name_within_150m,matched
gbfs,a3a95669-a135-11e9-9cda-0a87ae2ba916,CHI00410,Logan Blvd & Elston Ave,41.929465,-87.684158,True,renting_and_returning,classic,27,divvy_c0a8161ecf9f3320,station,2013-09-09 16:36:00,name_and_short_name_within_150m,matched
gbfs,a3b2cd97-a135-11e9-9cda-0a87ae2ba916,CHI00733,Knox Ave & Montrose Ave,41.960631,-87.745359,True,renting_and_returning,classic,11,divvy_e785d539ab8dd9e9,station,2016-07-12 12:41:24,name_and_short_name_within_150m,matched
gbfs,a3a3fb5d-a135-11e9-9cda-0a87ae2ba916,CHI02012,Ashland Ave & Augusta Blvd,41.89962,-87.66841,True,renting_and_returning,classic,15,divvy_53d4d0497ddd2f5a,station,2013-06-27 23:26:00,name_and_short_name_within_150m,matched
gbfs,a3a74e60-a135-11e9-9cda-0a87ae2ba916,CHI00358,LaSalle St & Illinois St,41.890762,-87.631697,True,renting_and_returning,classic,31,divvy_10f4d79b50cd8236,station,2013-06-29 13:21:00,name_and_short_name_within_150m,matched
gbfs,a3b2513d-a135-11e9-9cda-0a87ae2ba916,CHI00689,Vincennes Ave & 75th St,41.75797,-87.63121,True,renting_and_returning,classic,7,divvy_c57aa8caa23a6a86,station,2020-04-24 07:10:25,name_and_short_name_within_150m,matched
gbfs,a3a555e8-a135-11e9-9cda-0a87ae2ba916,CHI00458,Clinton St & Polk St,41.87146651779,-87.6409491327,True,renting_and_returning,classic,15,divvy_3ba8c529e7adf276,station,2015-05-09 10:17:00,name_and_short_name_within_150m,matched
gbfs,a3a7b41d-a135-11e9-9cda-0a87ae2ba916,CHI00308,Western Ave & 21st St,41.854109,-87.685838,True,renting_and_returning,classic,15,divvy_3b9078fec1c355f0,station,2013-08-16 08:04:00,name_and_short_name_within_150m,matched
gbfs,a3a80a1e-a135-11e9-9cda-0a87ae2ba916,CHI00385,Clark St & Drummond Pl,41.931248,-87.644336,True,renting_and_returning,classic,23,divvy_4a47098f1f4578d5,station,2020-01-01 02:50:33,name_and_short_name_within_150m,matched
gbfs,1958859960485118844,CHI01969,Archer Ave & 49th St,41.8042,-87.72082,True,renting_and_returning,classic,15,divvy_5aa35264f4bdf3f0,station,2024-07-18 15:34:05.004000,name_and_short_name_within_150m,matched
gbfs,1981450681586989620,CHI01967,Mason Ave & Montrose Ave,41.96056,-87.77588,True,renting_and_returning,classic,8,divvy_f77b0e6659146c1a,station,2024-08-17 09:56:43.719000,name_and_short_name_within_150m,matched
gbfs,1859717767703464460,CHI01795,Kedzie Ave & Redfield Dr,41.76523,-87.70316,True,renting_and_returning,classic,15,divvy_0bac96deb58afc4b,station,2023-09-23 17:19:31,name_and_short_name_within_150m,matched
gbfs,a3afebff-a135-11e9-9cda-0a87ae2ba916,CHI00643,Keystone Ave & Montrose Ave,41.96110801623,-87.7289701012,True,renting_and_returning,classic,11,divvy_5ac81089be6fe282,station,2015-05-16 18:34:00,name_and_short_name_within_150m,matched
gbfs,2246219929932439602,CHI02392,Clark Beach,42.0500013,-87.6740198,False,renting_and_returning,classic,8,divvy_fc6420ad353f9466,station,2026-07-30 08:58:52.003000,name_and_short_name_within_150m,matched
gbfs,a3a99346-a135-11e9-9cda-0a87ae2ba916,CHI00445,Cottage Grove Ave & 43rd St,41.816499,-87.606582,True,renting_and_returning,classic,11,divvy_0a13bf93532ce7f2,station,2013-09-12 17:28:00,name_and_short_name_within_150m,matched
gbfs,a3a95b7a-a135-11e9-9cda-0a87ae2ba916,CHI00512,California Ave & Francis Pl,41.91849115368695,-87.69742280244827,True,renting_and_returning,classic,15,divvy_ed29384f261506e4,station,2013-09-03 10:51:00,name_and_short_name_within_150m,matched
gbfs,a3a70bbd-a135-11e9-9cda-0a87ae2ba916,CHI00342,Michigan Ave & 14th St,41.864059,-87.623727,True,renting_and_returning,classic,19,divvy_4b67e6195e6bcbca,station,2013-08-03 15:33:00,name_and_short_name_within_150m,matched
gbfs,1945194351261708978,CHI01944,Lavergne Ave & 44th St,41.81311,-87.74869,True,renting_and_returning,classic,15,divvy_8bbbc0aa1ab75873,station,2024-06-17 11:42:20.294000,name_and_short_name_within_150m,matched
gbfs,4c57c316-82a8-4b9d-a16c-ae7922a2057a,CHI00883,Wentworth Ave & 104th St,41.705307996998194,-87.62921690940857,True,renting_and_returning,classic,15,divvy_5a0b29f2c5a2f3c1,station,2020-09-20 17:53:04,name_and_short_name_within_150m,matched
gbfs,a3aa1623-a135-11e9-9cda-0a87ae2ba916,CHI00239,Broadway & Belmont Ave,41.940106,-87.645451,True,renting_and_returning,classic,19,divvy_90f5a6fbe37b7c30,station,2013-09-13 19:01:00,name_and_short_name_within_150m,matched
gbfs,a3b44eba-a135-11e9-9cda-0a87ae2ba916,CHI01080,Racine Ave & 57th St,41.789696880483376,-87.65469789505005,True,renting_and_returning,classic,7,divvy_4f0e389c31957c87,station,2021-08-03 19:40:24,name_and_short_name_within_150m,matched
gbfs,a3a739e4-a135-11e9-9cda-0a87ae2ba916,CHI00420,Theater on the Lake,41.926277,-87.630834,True,renting_and_returning,classic,31,divvy_bb2d7582af742fe1,station,2013-08-13 13:41:00,name_and_short_name_within_150m,matched
gbfs,a3aded13-a135-11e9-9cda-0a87ae2ba916,CHI00661,Albany Ave & 26th St,41.844507,-87.701655,True,renting_and_returning,classic,11,divvy_5617d2edc416f646,station,2015-04-27 16:47:00,name_and_short_name_within_150m,matched
gbfs,1838613156025764214,CHI01902,Drexel Ave & 60th St,41.785861,-87.604553,True,renting_and_returning,classic,15,divvy_1e8bf89923499380,station,2023-08-02 16:34:38,name_and_short_name_within_150m,matched
gbfs,2148486988012384726,CHI02168,Wabash Ave & Jackson Blvd,41.87801,-87.62599,True,renting_and_returning,classic,15,divvy_fe62ddd6b37ee564,station,2025-11-07 13:01:21.526000,name_and_short_name_within_150m,matched
gbfs,1936582699682930930,CHI01904,Mayfield Ave & Roosevelt Rd,41.86569,-87.77176,True,renting_and_returning,classic,15,divvy_0fddc29e7fbd21f6,station,2024-04-20 16:19:22,name_and_short_name_within_150m,matched
gbfs,a3a9cafa-a135-11e9-9cda-0a87ae2ba916,CHI00437,Halsted St & Maxwell St,41.864883,-87.647071,True,renting_and_returning,classic,15,divvy_41de7855982b91c1,station,2013-09-13 20:10:00,name_and_short_name_within_150m,matched
gbfs,1988470939730348720,CHI01991,Ewing Ave & 97th St,41.71982,-87.53542,True,renting_and_returning,classic,15,divvy_ce0e7237ffa278fc,station,2024-09-04 07:58:22.933000,name_and_short_name_within_150m,matched
gbfs,1939172360789937026,CHI00805,Narragansett Ave & McLean Ave,41.9159,-87.78511,True,renting_and_returning,classic,7,divvy_a92b5478e0e928ab,station,2024-04-22 16:48:26,name_and_short_name_within_150m,matched
gbfs,a3a7775b-a135-11e9-9cda-0a87ae2ba916,CHI00398,Canal St & Monroe St,41.8829056,-87.6397409,True,renting_and_returning,classic,27,,,,,no_unambiguous_history_match
gbfs,a3b0fff9-a135-11e9-9cda-0a87ae2ba916,CHI00603,Oakley Ave & Touhy Ave,42.012342,-87.688243,True,renting_and_returning,classic,11,divvy_cbc67e299ca6b872,station,2016-07-08 17:39:14,name_and_short_name_within_150m,matched
gbfs,bbb67562-1f82-4dfa-a532-231ddc35444e,CHI00828,Commercial Ave & 130th St,41.659150427597744,-87.55076229572296,True,renting_and_returning,classic,15,divvy_212d63f49b8461c1,station,2020-10-04 17:29:39,name_and_short_name_within_150m,matched
gbfs,2121775389501413766,CHI02112,Lincoln Ave & Dickens Ave,41.92012,-87.6416,True,renting_and_returning,classic,15,divvy_047fd4b975128cce,station,2025-08-27 16:14:08.427000,name_and_short_name_within_150m,matched
gbfs,a3a98429-a135-11e9-9cda-0a87ae2ba916,CHI00366,Lake Park Ave & 47th St,41.809443,-87.591875,True,renting_and_returning,classic,15,divvy_ffa50099e2413e0a,station,2013-09-17 15:27:00,name_and_short_name_within_150m,matched
gbfs,a3a54cdb-a135-11e9-9cda-0a87ae2ba916,CHI00561,Stony Island Ave & 67th St,41.77345849948,-87.5853397391,True,renting_and_returning,classic,11,divvy_dd22033a4f2bcd46,station,2015-04-26 18:12:00,name_and_short_name_within_150m,matched
gbfs,1927347094828755902,CHI01828,Lexington St & California Ave,41.8719938,-87.6958108,True,renting_and_returning,classic,15,divvy_594b18d1d273584a,station,2024-03-21 19:05:05,name_and_short_name_within_150m,matched
gbfs,a3aaa17b-a135-11e9-9cda-0a87ae2ba916,CHI00490,Kimbark Ave & 53rd St,41.7994549,-87.5947779,True,renting_and_returning,classic,19,divvy_a6dc80b6a6cbc722,station,2013-06-28 17:01:00,name_and_short_name_within_150m,matched
gbfs,a3a9f256-a135-11e9-9cda-0a87ae2ba916,CHI00396,Wells St & Concord Ln,41.912133,-87.634656,True,renting_and_returning,classic,19,divvy_9ce8ac747f7fa501,station,2013-09-14 14:51:00,name_and_short_name_within_150m,matched
gbfs,a3a945c0-a135-11e9-9cda-0a87ae2ba916,CHI00450,Indiana Ave & Roosevelt Rd,41.867888,-87.623041,True,renting_and_returning,classic,39,divvy_ff031be077afbfe7,station,2013-06-28 00:50:00,name_and_short_name_within_150m,matched
gbfs,03a1610c-3ba0-4b85-b512-bc26791cb7ee,CHI00790,Eberhart Ave & 91st St,41.729285157254864,-87.6110315322876,True,renting_and_returning,classic,15,,,,,no_unambiguous_history_match
gbfs,a3b029be-a135-11e9-9cda-0a87ae2ba916,CHI00636,Humboldt Blvd & Armitage Ave,41.91751339399,-87.7018089555,True,renting_and_returning,classic,19,divvy_cc56283b4656ee4b,station,2015-05-01 17:57:00,name_and_short_name_within_150m,matched
gbfs,2129546812406551546,CHI02127,Racine Ave & Broadway,41.968235,-87.6596548,True,renting_and_returning,classic,15,divvy_a2010bd4cdb639d5,station,2025-09-17 16:39:07.929000,name_and_short_name_within_150m,matched
gbfs,2006720516911782212,CHI01989,Halsted St & 123rd St,41.67096,-87.64154,True,renting_and_returning,classic,16,divvy_fa84a49ede09e7e3,station,2024-11-12 19:38:56.276000,name_and_short_name_within_150m,matched
gbfs,a3a83181-a135-11e9-9cda-0a87ae2ba916,CHI00516,Damen Ave & Melrose Ave,41.9406,-87.6785,True,renting_and_returning,classic,15,divvy_b9c09a456b3fb2c3,station,2013-08-20 16:43:00,name_and_short_name_within_150m,matched
gbfs,a3b2ec43-a135-11e9-9cda-0a87ae2ba916,CHI00739,Elmwood Ave & Austin St,42.025784,-87.684107,False,renting_and_returning,classic,6,divvy_e03f76099c1e4127,station,2016-07-01 14:50:51,name_and_short_name_within_150m,matched
gbfs,a3a71b0a-a135-11e9-9cda-0a87ae2ba916,CHI00284,May St & Cullerton St,41.855136,-87.654127,True,renting_and_returning,classic,11,divvy_dad96e63e24aa1ec,station,2013-07-25 17:44:00,name_and_short_name_within_150m,matched
gbfs,2220092137003328362,CHI02332,Winthrop Ave & Bryn Mawr Ave,41.98384,-87.65806,True,renting_and_returning,classic,15,divvy_a12259671e7f69eb,station,2026-05-19 17:24:14.504000,name_and_short_name_within_150m,matched
gbfs,2127352974007087978,CHI02122,Clark St & Eddy St ,41.94628,-87.65627,True,renting_and_returning,classic,15,divvy_0b30c3fd815b3777,station,2025-09-11 16:36:05.112000,name_and_short_name_within_150m,matched
gbfs,1866822399451882164,CHI01868,Lincoln Ave & Peterson Ave,41.990267,-87.70857,True,renting_and_returning,classic,15,divvy_38ddaf2d9c759ef2,station,2021-11-05 14:57:36,name_and_short_name_within_150m,matched
gbfs,a3ad47f8-a135-11e9-9cda-0a87ae2ba916,CHI00804,Princeton Ave & 47th St,41.80931770924,-87.633449288,True,renting_and_returning,classic,11,divvy_2c339dae4d6e18f5,station,2015-04-16 22:36:00,name_and_short_name_within_150m,matched
gbfs,1963672098315411610,CHI01895,Pulaski Rd & 54th St,41.79499,-87.72361,True,renting_and_returning,classic,15,divvy_454865764baf4d33,station,2024-07-01 16:47:22.224000,name_and_short_name_within_150m,matched
gbfs,a3b2f15e-a135-11e9-9cda-0a87ae2ba916,CHI00977,Valli Produce - Evanston Plaza,42.039742,-87.699413,False,renting_and_returning,classic,8,divvy_8bacec72228f7375,station,2016-07-01 19:42:28,name_and_short_name_within_150m,matched
gbfs,1939575808945160592,CHI01813,Pulaski Rd & 68th St,41.76948,-87.72292,True,renting_and_returning,classic,7,divvy_81fb9f564866e9b7,station,2024-04-26 15:08:01,name_and_short_name_within_150m,matched
gbfs,2256173249550987254,CHI02405,Ravenswood Ave & Roscoe St,41.94334,-87.67383,True,renting_and_returning,classic,15,divvy_8b02881bd1189eb4,station,2026-08-25 17:59:57.452000,name_and_short_name_within_150m,matched
gbfs,a3b0b291-a135-11e9-9cda-0a87ae2ba916,CHI00641,Troy St & North Ave,41.90976930169,-87.7052804871,True,renting_and_returning,classic,15,divvy_8d28b519f5cbdc33,station,2015-05-01 19:50:00,name_and_short_name_within_150m,matched
gbfs,1934289745311123692,CHI01876,Pulaski Rd & 51st St,41.800434,-87.7247496,True,renting_and_returning,classic,15,divvy_a31a31d54da5f2dc,station,2021-10-20 08:40:13,name_and_short_name_within_150m,matched
gbfs,1929516918167933834,CHI01834,California Ave & Touhy Ave,42.0120368,-87.7004371,True,renting_and_returning,classic,11,divvy_054bcfe62a6805dd,station,2024-03-29 17:22:55,name_and_short_name_within_150m,matched
gbfs,a3a7f5ea-a135-11e9-9cda-0a87ae2ba916,CHI00340,California Ave & Division St,41.903029,-87.697474,True,renting_and_returning,classic,19,divvy_cd5bb8e69b3e5d8e,station,2013-08-16 15:43:00,name_and_short_name_within_150m,matched
gbfs,a3a83698-a135-11e9-9cda-0a87ae2ba916,CHI00234,Southport Ave & Roscoe St,41.943739,-87.66402,True,renting_and_returning,classic,19,divvy_89fa8c360375437b,station,2013-08-02 21:34:00,name_and_short_name_within_150m,matched
gbfs,2254013036547184568,CHI02403,Laflin St & Taylor St,41.86912,-87.66416,True,renting_and_returning,classic,15,divvy_b869c75c98136acf,station,2026-08-19 14:50:55.507000,name_and_short_name_within_150m,matched
gbfs,a3a639f5-a135-11e9-9cda-0a87ae2ba916,CHI00224,Calumet Ave & 33rd St,41.83472,-87.61797,True,renting_and_returning,classic,11,divvy_90412ef17cb14d9a,station,2013-06-28 09:59:00,name_and_short_name_within_150m,matched
gbfs,a3afa9dc-a135-11e9-9cda-0a87ae2ba916,CHI00214,Campbell Ave & Montrose Ave,41.961524,-87.691177,True,renting_and_returning,classic,15,divvy_c801de9c24b15380,station,2015-05-14 16:58:00,name_and_short_name_within_150m,matched
gbfs,a3a5c96f-a135-11e9-9cda-0a87ae2ba916,CHI00494,Lincoln Ave & Fullerton Ave,41.924161029067626,-87.64638036489487,True,renting_and_returning,classic,16,divvy_3153924d452969dd,station,2021-11-01 00:07:46,name_and_short_name_within_150m,matched
gbfs,a3a44476-a135-11e9-9cda-0a87ae2ba916,CHI00251,State St & Randolph St,41.88462107257936,-87.62783423066139,True,renting_and_returning,classic,23,divvy_a74f078c3eff76c0,station,2013-06-27 18:57:00,name_and_short_name_within_150m,matched
gbfs,a3a6d884-a135-11e9-9cda-0a87ae2ba916,CHI00005,Milwaukee Ave & Wabansia Ave,41.912616,-87.681469,True,renting_and_returning,classic,24,divvy_ffc7be4986115d1a,station,2013-07-26 11:04:00,name_and_short_name_within_150m,matched
gbfs,2020066962711878174,CHI01983,Peterson/Ridge Metra,41.9918,-87.67489,True,renting_and_returning,classic,20,divvy_543f37fdce2470c8,station,2024-11-26 17:28:06.771000,name_and_short_name_within_150m,matched
gbfs,a3a60f7e-a135-11e9-9cda-0a87ae2ba916,CHI00413,Clark St & Lincoln Ave,41.915689,-87.6346,True,renting_and_returning,classic,24,divvy_67e91c04d240e7a3,station,2013-06-30 20:35:00,name_and_short_name_within_150m,matched
gbfs,a3b443ce-a135-11e9-9cda-0a87ae2ba916,CHI00705,Archer (Damen) Ave & 37th St,41.826712,-87.683144,True,renting_and_returning,classic,11,divvy_07a57dcacd100510,station,2019-01-05 02:44:39,name_and_short_name_within_150m,matched
gbfs,a3ad8fd9-a135-11e9-9cda-0a87ae2ba916,CHI00765,Ellis Ave & 60th St,41.78509714636,-87.6010727606,True,renting_and_returning,classic,19,divvy_3049213c929d3a82,station,2015-04-17 15:18:00,name_and_short_name_within_150m,matched
gbfs,a3affb22-a135-11e9-9cda-0a87ae2ba916,CHI00616,California Ave & Fletcher St,41.93842879148,-87.698007756,True,renting_and_returning,classic,19,divvy_ecb8aad5beb08a0d,station,2015-05-04 18:10:00,name_and_short_name_within_150m,matched
gbfs,a3a5fb0d-a135-11e9-9cda-0a87ae2ba916,CHI00228,Racine Ave & 13th St,41.865054,-87.656959,True,renting_and_returning,classic,15,divvy_ab8f03780b639dd1,station,2013-08-01 10:15:00,name_and_short_name_within_150m,matched
gbfs,a3aaed81-a135-11e9-9cda-0a87ae2ba916,CHI00351,Clark St & Chicago Ave,41.89675,-87.63089,True,renting_and_returning,classic,19,divvy_198e5375f845b36d,station,2013-09-27 18:39:00,name_and_short_name_within_150m,matched
gbfs,1927730149429352986,CHI00824,Kildare Ave & Division St,41.902393,-87.733598,True,renting_and_returning,classic,15,divvy_337eabdebfe38f14,station,2021-09-16 14:31:31,name_and_short_name_within_150m,matched
gbfs,2178904806732191280,CHI02193,Riverside Plaza & Adams St,41.87926,-87.63879,True,renting_and_returning,classic,24,divvy_a641b5cc846707ab,station,2026-01-28 16:54:27.043000,name_and_short_name_within_150m,matched
gbfs,a3a56ae5-a135-11e9-9cda-0a87ae2ba916,CHI01748,900 W Harrison St,41.874754,-87.649807,True,renting_and_returning,classic,19,divvy_9ebff28566c5c14f,station,2013-08-06 17:13:00,name_and_short_name_within_150m,matched
gbfs,a3b2af02-a135-11e9-9cda-0a87ae2ba916,CHI01241,MLK Jr Dr & 83rd St,41.743116,-87.6148,True,renting_and_returning,classic,11,divvy_3b2cacf05971c2f7,station,2016-07-31 13:17:25,name_and_short_name_within_150m,matched
gbfs,2184824365297877962,CHI02201,Maplewood Ave & 59th St,41.78633,-87.68743,True,renting_and_returning,classic,8,divvy_8310fa7655631fef,station,2021-09-23 13:03:13,name_and_short_name_within_150m,matched
gbfs,62cb5f1d-7dcb-4fe1-849f-d928288d73b9,CHI00825,Ada St & 113th Pl,41.68759,-87.65541,True,service_restricted,classic,15,divvy_d726227713f056a9,station,2020-10-07 19:34:30,name_and_short_name_within_150m,matched
gbfs,1957713517347478034,CHI01901,Midway Orange Line,41.78692,-87.73892,True,renting_and_returning,classic,23,divvy_5de4da65b457590c,station,2022-05-09 13:07:36,name_and_short_name_within_150m,matched
gbfs,2012268829702165398,CHI01965,Racine Ave & 115th St,41.68476,-87.65196,True,renting_and_returning,classic,8,divvy_03db49e6e8437282,station,2024-11-12 19:13:03.607000,name_and_short_name_within_150m,matched
gbfs,a3b4590f-a135-11e9-9cda-0a87ae2ba916,CHI01217,Stewart Ave & 63rd St,41.779835,-87.634774,True,renting_and_returning,classic,11,divvy_c3eaef3a42004536,station,2018-10-22 18:42:22,name_and_short_name_within_150m,matched
gbfs,2127670914437391286,CHI02123,Kedzie Ave & Armitage Ave,41.91759,-87.70685,True,renting_and_returning,classic,11,divvy_0a7dbb3c893e659a,station,2025-09-12 11:00:17.894000,name_and_short_name_within_150m,matched
gbfs,ee925757-31ce-41ad-9bb7-73b1bb363616,CHI00854,Yates Ave & 95th St,41.72237,-87.56478,True,renting_and_returning,classic,11,divvy_f88524457e0740c8,station,2026-01-12 13:24:35.271000,name_and_short_name_within_150m,matched
gbfs,a3a7d782-a135-11e9-9cda-0a87ae2ba916,CHI00244,Paulina St & Division St,41.9035529,-87.6704292,True,renting_and_returning,classic,23,divvy_86ee26db0884059a,station,2025-08-31 19:46:59.939000,name_and_short_name_within_150m,matched
gbfs,a3a6ed98-a135-11e9-9cda-0a87ae2ba916,CHI00484,Damen Ave & Wellington Ave,41.93588,-87.67842,True,renting_and_returning,classic,15,divvy_d825b541dfd07e4d,station,2013-07-25 21:27:00,name_and_short_name_within_150m,matched
gbfs,a3a3c696-a135-11e9-9cda-0a87ae2ba916,CHI02023,Sheffield Ave & Kingsbury St,41.910522,-87.653106,True,renting_and_returning,classic,16,divvy_d899e81ccf255543,station,2013-06-27 20:22:00,name_and_short_name_within_150m,matched
gbfs,2204471076050942998,CHI02234,Western Ave & Ardmore Ave,41.98662,-87.68968,True,renting_and_returning,classic,8,divvy_e542a8f333641748,station,2021-11-21 16:04:58,name_and_short_name_within_150m,matched
gbfs,a3a60a65-a135-11e9-9cda-0a87ae2ba916,CHI00306,Dearborn Pkwy & Delaware Pl,41.898969,-87.629912,True,renting_and_returning,classic,30,divvy_3646f658f48b70ae,station,2013-08-01 17:39:00,name_and_short_name_within_150m,matched
gbfs,2074213565581244760,CHI00294,Wells St & Huron St,41.8947953,-87.6343743,True,renting_and_returning,classic,28,divvy_88ea2bc918eda421,station,2016-01-01 07:41:00,name_and_short_name_within_150m,matched
gbfs,2189686778565177118,CHI02211,Harlem Ave & Roscoe St,41.94159,-87.8072,True,renting_and_returning,classic,8,divvy_609bd6ef1baff929,station,2026-03-21 13:51:58.940000,name_and_short_name_within_150m,matched
gbfs,2212240277590437762,CHI02258,Ave H & 110th St,41.69553,-87.53304,True,renting_and_returning,classic,8,divvy_d4397359b24a67f3,station,2026-05-08 19:51:58.371000,name_and_short_name_within_150m,matched
gbfs,1933956482619414962,CHI01859,Kildare Ave & 26th St,41.84439837836489,-87.73261003656634,True,renting_and_returning,classic,15,divvy_d04b8d215ca3061d,station,2021-07-20 18:31:01,name_and_short_name_within_150m,matched
gbfs,1981861957867952304,CHI01835,Homan Ave & Arthington Ave,41.86963,-87.71055,True,renting_and_returning,classic,12,divvy_542c9eb894609121,station,2024-08-23 09:18:53.031000,name_and_short_name_within_150m,matched
gbfs,a3aab0b6-a135-11e9-9cda-0a87ae2ba916,CHI00495,Clark St & Winnemac Ave,41.973347640473044,-87.6678554713726,True,renting_and_returning,classic,19,divvy_da870e0c92ebc3c6,station,2013-09-23 16:44:00,name_and_short_name_within_150m,matched
gbfs,2161159315996441640,CHI02181,Kingsbury St & Kinzie St 2,41.889188,-87.638387,True,renting_and_returning,classic,32,divvy_1f7776f9c6319836,station,2025-12-12 15:55:20.982000,name_and_short_name_within_150m,matched
gbfs,a3aa3adf-a135-11e9-9cda-0a87ae2ba916,CHI00430,Broadway & Cornelia Ave,41.945529,-87.646439,True,renting_and_returning,classic,24,divvy_97a7b303527b7725,station,2013-09-19 18:03:00,name_and_short_name_within_150m,matched
gbfs,a3a4a71e-a135-11e9-9cda-0a87ae2ba916,CHI01746,Clinton St & Lake St,41.885637,-87.641823,True,renting_and_returning,classic,23,divvy_2eb591716bf1ab82,station,2013-06-28 07:30:00,name_and_short_name_within_150m,matched
gbfs,a3aa1b5b-a135-11e9-9cda-0a87ae2ba916,CHI00463,Paulina St & Montrose Ave,41.961507,-87.671387,True,renting_and_returning,classic,15,divvy_3729b4be752555ab,station,2013-09-19 17:09:00,name_and_short_name_within_150m,matched
gbfs,a3ace51b-a135-11e9-9cda-0a87ae2ba916,CHI00554,Perry Ave & 69th St,41.76929308995,-87.6281959291,True,renting_and_returning,classic,11,divvy_b5e2bb5b89e121fd,station,2015-05-10 19:30:00,name_and_short_name_within_150m,matched
gbfs,a3a3cbac-a135-11e9-9cda-0a87ae2ba916,CHI00406,Aberdeen St & Jackson Blvd,41.87772613,-87.65478743,True,renting_and_returning,classic,23,divvy_f075409d101d984d,station,2013-06-28 08:03:00,name_and_short_name_within_150m,matched
gbfs,a3a715ce-a135-11e9-9cda-0a87ae2ba916,CHI00235,Clinton St & 18th St,41.85795,-87.640826,True,renting_and_returning,classic,16,divvy_796b9cae6a00ccaf,station,2013-07-23 13:44:00,name_and_short_name_within_150m,matched
gbfs,a3a79fdc-a135-11e9-9cda-0a87ae2ba916,CHI00313,Wabash Ave & Grand Ave,41.891466,-87.626761,True,renting_and_returning,classic,42,divvy_5eee8f355b4dff30,station,2013-08-10 13:14:00,name_and_short_name_within_150m,matched
gbfs,a3a40088-a135-11e9-9cda-0a87ae2ba916,CHI01745,Franklin St & Chicago Ave,41.89679,-87.63564,True,renting_and_returning,classic,24,divvy_c2d5d64022d5faba,station,2013-06-27 20:50:00,name_and_short_name_within_150m,matched
gbfs,cec28069-2a36-48e1-bcec-2364b44834c4,CHI00830,Stewart Ave & 83rd St,41.743717,-87.634088,True,renting_and_returning,classic,15,divvy_b58eefb8949d7580,station,2020-07-16 09:41:20,name_and_short_name_within_150m,matched
gbfs,a3a840a6-a135-11e9-9cda-0a87ae2ba916,CHI00290,Sheridan Rd & Montrose Ave,41.96167,-87.65464,True,renting_and_returning,classic,32,divvy_b8f983b39cdc76db,station,2013-08-20 11:35:00,name_and_short_name_within_150m,matched
gbfs,a3b39bb0-a135-11e9-9cda-0a87ae2ba916,CHI00697,Fairbanks St & Superior St,41.895748,-87.620104,True,renting_and_returning,classic,11,divvy_e4da21d7b4685196,station,2018-09-19 15:24:23,name_and_short_name_within_150m,matched
gbfs,2142873950873792982,CHI02157,Southport Ave & Grace St,41.95155,-87.66404,True,renting_and_returning,classic,15,divvy_8271b524e8e74c5c,station,2025-10-23 12:38:55.197000,name_and_short_name_within_150m,matched
gbfs,a3a5bf01-a135-11e9-9cda-0a87ae2ba916,CHI00555,Rush St & Hubbard St,41.890173,-87.626185,True,renting_and_returning,classic,23,divvy_9a80997e4e79653f,station,2015-05-08 14:09:00,name_and_short_name_within_150m,matched
gbfs,1806749752967643708,,Public Rack - Northwest Hwy & Overhill Ave,42.0114922,-87.8126378,True,renting_and_returning,lightweight,3,divvy_091e81906bea63d1,public_rack,2023-07-05 01:59:01,name_within_150m,matched
gbfs,1806749727197839810,,Public Rack - New England Ave & Irving Park Rd,41.7985042,-87.7985042,True,renting_and_returning,lightweight,2,divvy_66af5fba1593546c,public_rack,2024-08-09 11:12:29.376000,name_within_150m,matched
gbfs,1674190604619230230,,Public Rack - Sacramento Ave & Devon Ave,41.997575,-87.704649,True,renting_and_returning,lightweight,1,divvy_f62e425d7a5d10c1,public_rack,2022-06-16 18:12:04,name_within_150m,matched
gbfs,1715823812554906166,,Public Rack - Kedzie Ave & 61st Pl W,41.78201,-87.7034,True,renting_and_returning,lightweight,1,divvy_9e9d522489ef3f4c,public_rack,2022-09-13 12:36:03,name_within_150m,matched
gbfs,1806753665682850706,,Public Rack - Springfield & 79th,41.749649,-87.721001,True,renting_and_returning,lightweight,2,divvy_89be7e21ffd93937,public_rack,2023-05-08 12:22:38,name_within_150m,matched
gbfs,2244296304484047204,,Oak St Beach Public Rack - North,41.9027778,-87.6235803,True,renting_and_returning,lightweight,3,divvy_966f9dc5579baae4,public_rack,2026-07-23 17:47:19.686000,name_within_150m,matched
gbfs,1674190295381584388,,Public Rack - Evans Ave & 63rd St,41.780506,-87.607519,True,renting_and_returning,lightweight,2,divvy_41a3e94a0095483d,public_rack,2022-09-10 11:38:55,name_within_150m,matched
gbfs,2244296311710989510,,North Ave Beach Overflow Corral,41.9139321,-87.6252532,True,renting_and_returning,lightweight,50,divvy_32b813305b2d05ae,station,2026-07-23 17:16:24.839000,name_within_150m,matched
gbfs,2213470267082405146,,Public Rack - Orleans St & Grand Ave,41.89164251,-87.63679677,True,renting_and_returning,lightweight,4,divvy_d42a6d0d7a4516b4,public_rack,2026-05-01 16:26:53.339000,name_within_150m,matched
gbfs,1677249815239202876,,Public Rack - Cottage Grove Ave & 89th Pl,41.731767,-87.604899,True,renting_and_returning,lightweight,1,divvy_c86dae2abb339d41,public_rack,2022-10-03 10:21:19,name_within_150m,matched
gbfs,1695777002429618974,,Public Rack - Western Ave & 98th St,41.71525,-87.681698,True,renting_and_returning,lightweight,1,divvy_03e3302229c7d325,public_rack,2022-07-29 12:51:15,name_within_150m,matched
gbfs,1674190407050734270,,Public Rack - Kenneth Ave & 63rd St W,41.778404,-87.733951,True,renting_and_returning,lightweight,10,divvy_dd96eeadb9f33c5e,public_rack,2022-11-19 19:40:31,name_within_150m,matched
gbfs,1806749725872941466,,Public Rack - Central Ave & Pensacola Ave,41.9600246,-87.7671371,True,renting_and_returning,lightweight,2,divvy_df1a4c248a15f532,public_rack,2023-05-12 16:37:56,name_within_150m,matched
gbfs,1674190596029295630,,Public Rack - Rockwell & 111th St,41.691359,-87.68572,True,renting_and_returning,lightweight,2,divvy_b039aa637aac2630,public_rack,2022-09-08 15:28:55,name_within_150m,matched
gbfs,1806749731492807140,,Public Rack - Milwaukee Ave & Leland Ave,41.9661124,-87.7593376,True,renting_and_returning,lightweight,2,divvy_3c38db033fb976ac,public_rack,2023-05-27 19:59:35,name_within_150m,matched
gbfs,2213470267082405148,,Public Rack - Dearborn St & Kinzie St 2,41.8893116,-87.62938824,True,renting_and_returning,lightweight,4,divvy_f728ca5402eec623,public_rack,2026-05-01 17:25:19.660000,name_within_150m,matched
gbfs,1806753657092916066,,Public Rack - Northwest Hwy & Bryn Mawr,41.983008,-87.782634,True,renting_and_returning,lightweight,2,divvy_dd4057bdb6b3af8d,public_rack,2023-06-20 18:51:28,name_within_150m,matched
gbfs,1674190574554459120,,Public Rack - Pulaski Rd & 15th St,41.8603966,-87.7250977,True,renting_and_returning,lightweight,1,divvy_25416edeffe04e1c,public_rack,2022-07-24 17:39:08,name_within_150m,matched
gbfs,1806753661387883390,,Public Rack - Pulaski & Ardmore,41.985797,-87.728336,True,renting_and_returning,lightweight,2,divvy_1bb3884302b1a73c,public_rack,2023-06-08 06:33:26,name_within_150m,matched
gbfs,1695776985071215288,,Public Rack - Ewing Ave & 102nd St,41.709948,-87.535365,True,renting_and_returning,lightweight,1,divvy_2d02be0801fc2077,public_rack,2022-10-04 15:04:41,name_within_150m,matched
gbfs,1806753661387883376,,Public Rack - Ozman & Talcott,41.993028,-87.821659,True,renting_and_returning,lightweight,2,divvy_f4b10a8d242c302c,public_rack,2023-05-18 21:26:35,name_within_150m,matched
gbfs,1806749740082741758,,Public Rack - Laramine Ave & Winnemac Ave,41.9718249,-87.7575623,True,renting_and_returning,lightweight,10,divvy_32bcc8b86f5e03e0,public_rack,2023-05-06 14:39:17,name_within_150m,matched
gbfs,1806749757262611028,,Public Rack - Hiawatha Ave & Minnehaha Ave,41.9995224,-87.7604899,True,renting_and_returning,lightweight,4,divvy_1aac69ce988a76f9,public_rack,2023-05-21 01:18:58,name_within_150m,matched
gbfs,1806753648502981420,,Public Rack - Leamington & Elston,41.977894,-87.756315,True,renting_and_returning,lightweight,2,divvy_20be032b0eb4905b,public_rack,2023-05-07 19:34:12,name_within_150m,matched
gbfs,1806753648502981408,,Public Rack - Kilpatrick & Elston,41.970024,-87.74341,True,renting_and_returning,lightweight,2,divvy_5ca0667208ae1419,public_rack,2023-05-04 08:38:47,name_within_150m,matched
gbfs,2213470262787437828,,Public Rack - Wabash Ave & Balbo Dr,41.87318756,-87.62619832,True,renting_and_returning,lightweight,4,divvy_8fd1bbef1589fafc,public_rack,2026-05-01 19:57:44.907000,name_within_150m,matched
gbfs,2233046216613422766,,Lake/Aberdeen Corral,41.8856975,-87.6545365,True,renting_and_returning,lightweight,24,divvy_fe5b9b6eb5bdbe8d,station,2026-06-23 10:30:01.142000,name_within_150m,matched
gbfs,1806749744377709074,,Public Rack - Higgins Ave & Neva Ave,41.980602,-87.8060476,True,renting_and_returning,lightweight,2,divvy_c672adcdd852faec,public_rack,2023-05-18 21:18:15,name_within_150m,matched
gbfs,2213470275672339760,,Public Rack - Sangamon St & Fulton St,41.88692786,-87.6511014,True,renting_and_returning,lightweight,4,divvy_bbb40c80f4893803,public_rack,2026-05-01 17:29:34.682000,name_within_150m,matched
gbfs,1674190222367140228,,Public Rack - Canty Elementary School,41.947562,-87.829311,True,renting_and_returning,lightweight,2,divvy_17f861db173e2528,public_rack,2022-09-20 21:06:35,name_within_150m,matched
gbfs,1674190321151388222,,Public Rack - Halsted St & 95th St - SW,41.720964,-87.643447,True,renting_and_returning,lightweight,1,divvy_2b4c94d71d31101c,public_rack,2022-09-30 07:35:56,name_within_150m,matched
gbfs,1806753639913046768,,Public Rack - Cumberland & Catherine,41.977363,-87.836748,True,renting_and_returning,lightweight,2,divvy_70cda2ce11486aac,public_rack,2023-05-03 20:06:08,name_within_150m,matched
gbfs,1677249862483843204,,Public Rack - Emerald Ave & 43rd St,41.81643,-87.644754,True,renting_and_returning,lightweight,2,divvy_8e5b43749e0d84ca,public_rack,2022-09-13 00:14:36,name_within_150m,matched
gbfs,1715823821144840768,,Public Rack - Laflin St &51st ST,41.801354,-87.662076,True,renting_and_returning,lightweight,2,divvy_eda9d1f8672ed61f,public_rack,2022-09-13 00:34:18,name_within_150m,matched
gbfs,1806749731492807130,,Public Rack - Milwaukee Ave & Culyer Ave,41.9546801,-87.7494235,True,renting_and_returning,lightweight,2,divvy_ec9e78daf9c9a05c,public_rack,2023-05-02 21:03:02,name_within_150m,matched
gbfs,1806749722902872504,,Public Rack - Mason Ave & Archer Ave,41.794199,-87.771388,True,renting_and_returning,lightweight,2,divvy_95a5caf76f64923c,public_rack,2023-07-21 00:07:21,name_within_150m,matched
gbfs,1806749727197839820,,Public Rack - Irving Park Rd & Menard Ave,41.9532339,-87.7721894,True,renting_and_returning,lightweight,2,divvy_8efc217db7959fd1,public_rack,2023-05-06 12:48:58,name_within_150m,matched
gbfs,1677249802354300976,,Public Rack - Elizabeth St & 115th St,41.684942,-87.65266,True,renting_and_returning,lightweight,1,divvy_38c8c5237d5317aa,public_rack,2023-05-31 00:12:54,name_within_150m,matched
gbfs,1806749735787774444,,Public Rack - Central Ave & Lawrence Ave,41.9678641,-87.7675931,True,renting_and_returning,lightweight,4,divvy_b96dbfef6aa29948,public_rack,2023-05-12 16:21:54,name_within_150m,matched
gbfs,1674190565964524510,,Public Rack - Plainfield Ave & Irving Park Rd,41.952133,-87.833817,True,renting_and_returning,lightweight,2,divvy_aed4110adfb00400,public_rack,2023-05-10 13:56:06,name_within_150m,matched
gbfs,1674190291086617088,,Public Rack - Emerald Ave & 45th St,41.812381,-87.644633,True,renting_and_returning,lightweight,1,divvy_ee76a597cd8b5239,public_rack,2022-10-06 00:28:04,name_within_150m,matched
gbfs,1674190664748772494,,Public Rack - Western Ave & 106th St - East,41.700576,-87.681294,True,renting_and_returning,lightweight,1,divvy_ef22356a57567082,public_rack,2022-09-08 11:48:58,name_within_150m,matched
gbfs,1674190553079622600,,Public Rack - Parnell Ave & 98th St,41.715983,-87.637067,True,renting_and_returning,lightweight,2,divvy_bd8194f66d7094f0,public_rack,2023-03-11 15:02:58,name_within_150m,matched
gbfs,1674190527309818774,,Public Rack - Neva Ave & Grand Ave,41.923604,-87.804659,True,renting_and_returning,lightweight,1,divvy_3d05289ca284d8f5,public_rack,2022-09-06 19:57:04,name_within_150m,matched
gbfs,1674190222367140236,,Public Rack - Central Ave & Congress Pkwy,41.87369,-87.764746,True,renting_and_returning,lightweight,2,divvy_5322b7e22d7df6d8,public_rack,2022-12-03 18:17:26,name_within_150m,matched
gbfs,1674190454295374620,,Public Rack - Longwood Dr & 95th St,41.720921,-87.669585,True,renting_and_returning,lightweight,1,divvy_0c83183e253af950,public_rack,2022-10-17 18:53:20,name_within_150m,matched
gbfs,1674190346921192044,,Public Rack - Houston Ave & 131st St,41.656961,-87.548521,True,renting_and_returning,lightweight,10,divvy_8ad20e38ad99a05d,public_rack,2022-12-10 15:58:04,name_within_150m,matched
gbfs,1677249849598941294,,Public Rack - Hale Ave & 111th St,41.691801,-87.671351,True,renting_and_returning,lightweight,1,divvy_feaaf89d45fbf5ee,public_rack,2023-05-11 09:25:00,name_within_150m,matched
gbfs,1674190316856420914,,Public Rack - Halsted St & 76th St,41.756003,-87.64409,True,renting_and_returning,lightweight,4,divvy_8c9864a57e2dc235,public_rack,2022-11-03 01:24:42,name_within_150m,matched
gbfs,1500206163166594382,,Ping Tom Park East Public Rack,41.8579886,-87.6319447,True,renting_and_returning,lightweight,9,divvy_6fbe263ab6e37ba6,public_rack,2026-02-06 18:32:42.023000,name_within_150m,matched
gbfs,2213470275672339770,,Public Rack - Webster Ave & Halsted St,41.92188868,-87.64847243,True,renting_and_returning,lightweight,4,divvy_3cf5dd8b29858ac9,public_rack,2026-05-01 17:57:23.223000,name_within_150m,matched
gbfs,1674190647568903272,,Public Rack - Wallace St & 112 St,41.690092,-87.637636,True,renting_and_returning,lightweight,3,divvy_a64d3c61fa5fc52a,public_rack,2023-01-13 15:14:25,name_within_150m,matched
gbfs,1674190136467794156,,Public Rack - 111th St - Morgan Park Metra,41.692738,-87.670569,True,renting_and_returning,lightweight,2,divvy_eaaf073ed4a47dcd,public_rack,2022-09-21 14:20:03,name_within_150m,matched
gbfs,1674190480065178440,,Public Rack - McVicker Ave & Grand Ave,41.921251,-87.776662,True,renting_and_returning,lightweight,1,divvy_7612189495bc8239,public_rack,2022-06-18 13:06:29,name_within_150m,matched
gbfs,1806749744377709058,,Public Rack - Karlov Ave & Lawrence Ave,41.9683053,-87.7300646,True,renting_and_returning,lightweight,2,divvy_03d78e274a357f9e,public_rack,2023-05-11 20:15:28,name_within_150m,matched
gbfs,1674190587439361020,,Public Rack - Pulaski Rd & Armitage Ave,41.91702,-87.727096,True,renting_and_returning,lightweight,2,divvy_15780747d10b4857,public_rack,2022-06-15 12:55:30,name_within_150m,matched
gbfs,2204963862079335362,,Public Rack - Rockwell St & Chicago Ave,41.895855,-87.691857,True,renting_and_returning,lightweight,4,divvy_746caad23c82a064,public_rack,2026-04-08 18:36:37.541000,name_within_150m,matched
gbfs,2213470258492470508,,Public Rack - Clark St & Diversey Pkwy (South),41.93256596,-87.6447809,True,renting_and_returning,lightweight,4,divvy_86b06fe65dee14b1,public_rack,2026-05-01 20:17:19.018000,name_within_150m,matched
gbfs,1674190342626224740,,Public Rack - Homan Ave & 111th St,41.691578,-87.705842,True,renting_and_returning,lightweight,1,divvy_902a594467c096d8,public_rack,2022-09-09 22:25:00,name_within_150m,matched
gbfs,2213470262109381744,,Public Rack - Wells St & Lake St,41.88566761,-87.63375585,True,renting_and_returning,lightweight,4,divvy_ad2e305468e2c0b7,public_rack,2026-05-01 17:58:32.608000,name_within_150m,matched
gbfs,1674190660453805188,,Public Rack - Western Ave & 100th St,41.711666,-87.681963,True,renting_and_returning,lightweight,2,divvy_7ca0986e39a13f12,public_rack,2022-09-18 15:25:16,name_within_150m,matched
gbfs,1715823795375036962,,Public Rack - Maplewood Ave & 63rd St,41.779343,-87.686763,True,renting_and_returning,lightweight,1,divvy_9445f028dd34b879,public_rack,2022-09-22 21:50:34,name_within_150m,matched
gbfs,1674190510129949570,,Public Rack - Mozart Elementary School,41.921325,-87.722375,True,renting_and_returning,lightweight,6,divvy_544aa0969bf1765a,public_rack,2022-06-14 18:45:22,name_within_150m,matched
gbfs,1674190265316813260,,Public Rack - Cottage Grove & 84th St,41.741957,-87.604839,True,renting_and_returning,lightweight,1,divvy_6a83a07d4f45a8e2,public_rack,2023-01-12 14:12:30,name_within_150m,matched
gbfs,1806749722902872486,,Public Rack - 63rd St and Nagle Ave,41.7776014,-87.7822158,True,renting_and_returning,lightweight,2,divvy_3ecc18fa23d8996c,public_rack,2023-05-14 19:15:26,name_within_150m,matched
gbfs,1674190441410472710,,Public Rack - Laramie Ave & Grand Ave,41.917002,-87.755972,True,renting_and_returning,lightweight,2,divvy_fa0b409da792386d,public_rack,2022-06-16 14:45:51,name_within_150m,matched
gbfs,1677249875368745112,,Public Rack - Pullman - Walmart,41.69696,-87.59829,True,renting_and_returning,lightweight,1,divvy_7c6d935f4e63acd6,public_rack,2022-09-02 16:31:45,name_within_150m,matched
gbfs,1806749718607905162,,Public Rack - 82nd st & Kedzie Ave,41.743336,-87.702362,True,renting_and_returning,lightweight,2,divvy_ac1fbe3018f47cf6,public_rack,2023-05-14 04:20:14,name_within_150m,matched
gbfs,1683527937875852268,,Public Rack - Houston Ave & 130th St,41.658962,-87.548528,True,renting_and_returning,lightweight,1,divvy_bf422dc0bfa60989,public_rack,2022-09-26 17:10:00,name_within_150m,matched
gbfs,2213470266404349042,,Public Rack - Dearborn St & Kinzie St 1,41.88907808,-87.62948506,True,renting_and_returning,lightweight,4,divvy_5c1f55e218d1d00e,public_rack,2026-05-01 15:38:50.434000,name_within_150m,matched
gbfs,1674190656158837886,,Public Rack - West Chatham Park,41.745834,-87.631562,True,renting_and_returning,lightweight,2,divvy_84aab923fd1dd11d,public_rack,2022-09-18 18:38:10,name_within_150m,matched
gbfs,1677249879663712420,,Public Rack - 10101 S Stony Island Ave,41.70838,-87.581455,True,renting_and_returning,lightweight,2,divvy_e64c6bfaac893205,public_rack,2022-12-01 19:19:10,name_within_150m,matched
gbfs,1674190617504132140,,Public Rack - Spaulding Ave & North Ave,41.910138,-87.709553,True,renting_and_returning,lightweight,4,divvy_b3598d578352af2c,public_rack,2022-06-15 17:42:04,name_within_150m,matched
gbfs,1674190471475243834,,Public Rack - Marshfield Ave & 45th St,41.812343,-87.666239,True,renting_and_returning,lightweight,1,divvy_26d3410cb1021535,public_rack,2022-10-04 09:29:22,name_within_150m,matched
gbfs,2213470275672339766,,Public Rack - Clifton Ave & Armitage Ave,41.91800358,-87.65627483,True,renting_and_returning,lightweight,4,divvy_97c0062c71357471,public_rack,2026-05-03 09:03:12.761000,name_within_150m,matched
gbfs,1674190583144393718,,Public Rack - Pulaski Rd & 44th St,41.8129,-87.7225,True,renting_and_returning,lightweight,2,divvy_eedcb3c01f6cd9f2,public_rack,2022-08-31 05:54:17,name_within_150m,matched
gbfs,1677249793764366376,,Public Rack - Ellis Ave & 132nd Pl,41.655139,-87.597597,True,renting_and_returning,lightweight,1,divvy_649de21de72cd75e,public_rack,2023-04-10 17:57:17,name_within_150m,matched
gbfs,1674190617504132138,,Public Rack - Spaulding Ave & Evergreen Ave,41.905317,-87.709521,True,renting_and_returning,lightweight,2,divvy_50977a3a83069a9c,public_rack,2022-06-15 01:08:15,name_within_150m,matched
gbfs,1674190316856420916,,Public Rack - Halsted St & 77th St,41.753637,-87.643918,True,renting_and_returning,lightweight,1,divvy_bed740ee6489cd03,public_rack,2024-04-30 09:54:49,name_within_150m,matched
gbfs,1674190561669557204,,Public Rack - Percy Julian HS,41.705999,-87.65381,True,renting_and_returning,lightweight,3,divvy_d900d03e7683dc14,public_rack,2022-10-23 20:43:43,name_within_150m,matched
gbfs,1683527955055720452,,Public Rack - Michigan Ave & 107th St,41.699671,-87.621034,True,renting_and_returning,lightweight,1,divvy_ed9cb4e884e517c2,public_rack,2022-07-07 12:30:30,name_within_150m,matched
gbfs,1674190140762761460,,Public Rack - 63rd & Western Ave N,41.779334,-87.683768,True,renting_and_returning,lightweight,1,divvy_db123ab8748f8efb,public_rack,2022-09-25 11:46:49,name_within_150m,matched
gbfs,1674190488655113046,,Public Rack - Menard Ave & Dakin St - midblock,41.951732,-87.772005,True,renting_and_returning,lightweight,2,divvy_f7dab58aa35b0895,public_rack,2022-06-19 19:03:11,name_within_150m,matched
gbfs,1674190475770211134,,Public Rack - Martin Luther King Dr & 69th St,41.769234,-87.615206,True,renting_and_returning,lightweight,1,divvy_8608c0a8baadbf58,public_rack,2022-09-10 21:30:24,name_within_150m,matched
gbfs,1715846713038684540,,Public Rack - Komensky Ave & 26th St,41.844168,-87.726317,True,renting_and_returning,lightweight,1,divvy_a63f0b95860c7b75,public_rack,2022-08-31 10:46:44,name_within_150m,matched
gbfs,1806749744377709068,,Public Rack - Lawrence Ave & Kimball Ave,41.968277,-87.712629,True,renting_and_returning,lightweight,11,divvy_3d4377865b850985,public_rack,2023-05-03 17:35:27,name_within_150m,matched
gbfs,1674190402755766966,,Public Rack - Keef Ave & South Chicago Ave,41.7707,-87.611706,True,renting_and_returning,lightweight,1,divvy_1f60dc33bc946894,public_rack,2022-09-23 02:47:21,name_within_150m,matched
gbfs,1674190329741322834,,Public Rack - Hamlin Ave & Montrose Ave,41.961216,-87.722416,True,renting_and_returning,lightweight,3,divvy_ad1f8a518c915ddc,public_rack,2022-06-14 18:57:36,name_within_150m,matched
gbfs,1674190441410472712,,Public Rack - Laramie Ave & Warwick Ave,41.948812,-87.75713,True,renting_and_returning,lightweight,5,divvy_7230f02934df6b2a,public_rack,2022-06-16 09:51:43,name_within_150m,matched
gbfs,1715823805474202570,,Public Rack - Western Ave & 62nd St,41.780964,-87.683757,True,renting_and_returning,lightweight,1,divvy_7890274a97fc1700,public_rack,2023-02-19 22:37:47,name_within_150m,matched
gbfs,1674190355511126654,,Public Rack - Jeffery Blvd & 67th St,41.773259,-87.576664,True,renting_and_returning,lightweight,1,divvy_a128cfd37b563d62,public_rack,2022-09-14 09:58:27,name_within_150m,matched
gbfs,1753333909108677614,,Hastings St Depot Public Rack,41.8635164,-87.6797485,True,service_restricted,lightweight,32,,,,,no_unambiguous_history_match
gbfs,1674190535899753382,,Public Rack - Nordica Ave & Addison St,41.945428,-87.803458,True,renting_and_returning,lightweight,1,divvy_295708d551e2d1bc,public_rack,2022-09-17 16:05:34,name_within_150m,matched
gbfs,1674190308266486300,,Public Rack - Forrestville Ave & 47th St,41.809319,-87.612921,True,renting_and_returning,lightweight,1,divvy_36421cdc615cd2a8,public_rack,2022-09-09 12:00:38,name_within_150m,matched
gbfs,1695777010841019090,,Public Rack - Marquette Rd & 67th St,41.773095,-87.612886,True,renting_and_returning,lightweight,2,divvy_3e5898f163e1d420,public_rack,2022-07-11 16:05:59,name_within_150m,matched
gbfs,1674190376985963176,,Public Rack - Kedzie Ave & 64th St - SE,41.776985,-87.702916,True,renting_and_returning,lightweight,1,divvy_1fe46d6f63b97b18,public_rack,2022-10-01 10:49:01,name_within_150m,matched
gbfs,2213470275672339762,,Public Rack - Clifton Ave & Webster Ave,41.92153608,-87.65719604,True,renting_and_returning,lightweight,4,divvy_fe45edc9708a7d41,public_rack,2026-05-01 16:46:25.974000,name_within_150m,matched
gbfs,1806753669977818022,,Public Rack - Western & 79th,41.750806,-87.682722,True,renting_and_returning,lightweight,4,divvy_08bf3eb17fa2c85c,public_rack,2023-05-10 17:44:51,name_within_150m,matched
gbfs,1806749718607905182,,Public Rack - 63rd St and Natoma Ave,41.777927,-87.7875789,True,renting_and_returning,lightweight,2,divvy_9b10e969a48db64a,public_rack,2023-05-22 23:50:15,name_within_150m,matched
gbfs,1674190591734328324,,Public Rack - Racine Ave & 76th,41.755786,-87.654054,True,renting_and_returning,lightweight,2,divvy_2d59473e75428888,public_rack,2022-09-08 17:58:46,name_within_150m,matched
gbfs,1674190145057728764,,Public Rack - 83rd St (Avalon Park) Metra,41.743916,-87.598786,True,renting_and_returning,lightweight,1,divvy_52eadf3c4d679351,public_rack,2022-09-25 12:34:20,name_within_150m,matched
gbfs,1827474404723843690,,Public Rack - Peterson Park,41.97871,-87.75552,True,renting_and_returning,lightweight,2,divvy_b34f13ea5d058561,public_rack,2023-06-26 11:30:55,name_within_150m,matched
gbfs,1695776948350710230,,Public Rack - Leclaire Ave & Division St,41.90205,-87.75305,True,renting_and_returning,lightweight,1,divvy_280b6380d2a6b906,public_rack,2022-07-07 20:25:52,name_within_150m,matched
gbfs,1674190475770211132,,Public Rack - Marshfield Ave & 87th St,41.735527,-87.663867,True,renting_and_returning,lightweight,1,divvy_15feaa9bb0757ae2,public_rack,2022-09-29 15:49:29,name_within_150m,matched
gbfs,1674190226662107534,,Public Rack - Central Ave & Corcoran Pl,41.887342,-87.765041,True,renting_and_returning,lightweight,1,divvy_03f05618b7fd836d,public_rack,2022-09-08 09:23:32,name_within_150m,matched
gbfs,1677249883958679718,,Public Rack - Torrence Ave  & 106th St,41.702566,-87.559923,True,renting_and_returning,lightweight,1,divvy_899bbf5d42be09b4,public_rack,2023-06-27 17:42:51,name_within_150m,matched
gbfs,2213470267082405142,,Public Rack - Wells St & Ontario St,41.89338454,-87.63401972,True,renting_and_returning,lightweight,4,divvy_f1a98dd0c392f3c1,public_rack,2026-05-02 17:13:11.376000,name_within_150m,matched
gbfs,1695776969825546724,,Public Rack - Halsted St & 109th St,41.695655,-87.642804,True,renting_and_returning,lightweight,1,divvy_17bb7eac556037a3,public_rack,2022-07-16 06:23:38,name_within_150m,matched
gbfs,1674190617504132144,,Public Rack - Springfield Ave & 63rd St,41.778582,-87.718925,True,renting_and_returning,lightweight,1,divvy_0b3265d80abed27e,public_rack,2022-09-08 06:53:34,name_within_150m,matched
gbfs,1674190235252042148,,Public Rack - Chase Ave & Touhy Ave - NE,42.014539,-87.6901359,True,renting_and_returning,lightweight,4,divvy_470b189caa4815c9,public_rack,2022-06-15 15:20:32,name_within_150m,matched
gbfs,1674190570259491812,,Public Rack - Prairie Ave & 85th St,41.739986,-87.617645,True,renting_and_returning,lightweight,2,divvy_dc380e4d703ec7ea,public_rack,2023-06-10 13:57:52,name_within_150m,matched
gbfs,1674190553079622598,,Public Rack - Parnell Ave & 119th St,41.67711,-87.635677,True,renting_and_returning,lightweight,1,divvy_048a095825a52140,public_rack,2023-05-23 08:23:52,name_within_150m,matched
gbfs,1806749757262611010,,Public Rack - Devon Ave & Minnehaha Ave (east),41.9974341,-87.7628164,True,renting_and_returning,lightweight,2,divvy_97ea58d238c37032,public_rack,2023-05-24 16:19:37,name_within_150m,matched
gbfs,1677249841009006690,,Public Rack - Troy & 111th St,41.691373,-87.700281,True,renting_and_returning,lightweight,1,divvy_af4618c28e01ae81,public_rack,2022-09-26 14:13:01,name_within_150m,matched
gbfs,1674190205187271014,,Public Rack - Brighton Park Branch Chicago Library,41.815242,-87.702651,True,renting_and_returning,lightweight,2,divvy_6698a8d997b266ba,public_rack,2022-12-07 14:48:54,name_within_150m,matched
gbfs,1806753631323112136,,Public Rack - Avers & Granville,41.993947,-87.725095,True,renting_and_returning,lightweight,2,divvy_52de69d05012d1b8,public_rack,2023-05-23 10:32:29,name_within_150m,matched
gbfs,1677249823829137478,,Public Rack - Bishop St & 81st St,41.745827,-87.659849,True,renting_and_returning,lightweight,2,divvy_3b59db1970837479,public_rack,2022-09-16 11:49:03,name_within_150m,matched
gbfs,1715846688321143644,,Public Rack - Rockwell & Division,41.90282,-87.692397,True,renting_and_returning,lightweight,1,divvy_20129ec3ef43f663,public_rack,2022-08-29 23:11:03,name_within_150m,matched
gbfs,1436495105198659242,,Sheffield Ave & Armitage Ave Public Rack,41.917805,-87.653449,True,renting_and_returning,lightweight,6,divvy_8d4136c5a061a55b,public_rack,2026-02-11 17:09:22.549000,name_within_150m,matched
gbfs,1806753652797948734,,Public Rack - Melvina & Foster,41.975596,-87.783484,True,renting_and_returning,lightweight,2,divvy_3377061a04e2f0c3,public_rack,2023-05-10 22:07:37,name_within_150m,matched
gbfs,1674190299676551700,,Public Rack - Ewing Ave & 96th St N,41.7215552,-87.5356904,True,renting_and_returning,lightweight,1,divvy_e3567ecdbe27b269,public_rack,2022-09-06 15:38:54,name_within_150m,matched
gbfs,1677249875368745118,,Public Rack - Pullman - Ross Dress for Less,41.69868,-87.597,True,renting_and_returning,lightweight,1,divvy_e00cfe5a6aa9fd17,public_rack,2023-04-22 05:42:31,name_within_150m,matched
gbfs,1674190450000407318,,Public Rack - Linder Ave & Archer Ave,41.796005,-87.759575,True,renting_and_returning,lightweight,2,divvy_b24abc54f21bf96a,public_rack,2023-05-20 22:19:30,name_within_150m,matched
gbfs,1677249849598941296,,Public Rack - Hoyne Ave & 110th Pl,41.692458,-87.674035,True,renting_and_returning,lightweight,2,divvy_77a440727c5c7945,public_rack,2022-09-06 15:08:03,name_within_150m,matched
gbfs,1674190166532565282,,Public Rack - Ashland Ave & 76th St,41.75596,-87.66391,True,renting_and_returning,lightweight,2,divvy_a654f5392ca3c3b5,public_rack,2022-08-30 21:39:03,name_within_150m,matched
gbfs,2233046220908390066,,Lake/Morgan Corral,41.8854978,-87.6523157,True,renting_and_returning,lightweight,24,divvy_9fa9a125ac196d96,station,2026-06-23 17:18:25.685000,name_within_150m,matched
gbfs,1806749757262611038,,Public Rack - Touhy Ave & Oconto Ave,42.0117739,-87.8076646,True,renting_and_returning,lightweight,4,divvy_fb9415974c111389,public_rack,2023-05-22 13:10:15,name_within_150m,matched
gbfs,1806749761557578338,,Public Rack - Osceola Ave & Touhy Ave,42.0119181,-87.8126378,True,renting_and_returning,lightweight,4,divvy_f4221aecc3be6952,public_rack,2023-05-11 10:05:16,name_within_150m,matched
gbfs,2225745981173675732,,Public Rack - Lighthouse Beach,42.0647467,-87.6757017,False,renting_and_returning,lightweight,8,divvy_4316adfa0fd46092,public_rack,2026-06-04 08:53:49.793000,name_within_150m,matched
gbfs,1674190282496682480,,Public Rack - Eggleston Ave & 114th St,41.686642,-87.633547,True,renting_and_returning,lightweight,3,divvy_f469853eb99b1166,public_rack,2024-06-04 11:12:00.179000,name_within_150m,matched
gbfs,1674190531604786074,,Public Rack - Newcastle Ave & Belden Ave,41.921017,-87.797388,True,renting_and_returning,lightweight,1,divvy_92183fc2e749d0c1,public_rack,2023-02-25 14:35:43,name_within_150m,matched
gbfs,1715846708743717234,,Public Rack - St Louis Ave & Flournoy St,41.8727811,-87.7131562,True,renting_and_returning,lightweight,1,divvy_43c2f6c67f3b25b9,public_rack,2022-10-09 09:10:33,name_within_150m,matched
gbfs,1827484051430132400,,Public Rack - Ashburn Metra ,41.7412,-87.71312,True,renting_and_returning,lightweight,1,divvy_279ebada77c201c3,public_rack,2023-08-15 13:18:35,name_within_150m,matched
gbfs,1806749722902872506,,Public Rack - Mobile Ave & Archer Ave,41.7929013,-87.7802444,True,renting_and_returning,lightweight,4,divvy_bd06bdc7afce4f5f,public_rack,2023-05-03 19:07:07,name_within_150m,matched
gbfs,1806753661387883382,,Public Rack - Parkside & Elston,41.985467,-87.769583,True,renting_and_returning,lightweight,2,divvy_706fdce90f3ae9a3,public_rack,2023-06-17 19:24:54,name_within_150m,matched
gbfs,2213470262787437824,,Public Rack - Wacker Dr & Madison St (East),41.88184658,-87.63650719,True,renting_and_returning,lightweight,4,divvy_783357d6fb637e56,public_rack,2026-05-01 18:11:07.835000,name_within_150m,matched
gbfs,1806749740082741756,,Public Rack - Milwaukee Ave & Kennedy Expy,41.9712722,-87.7638869,True,renting_and_returning,lightweight,4,divvy_c1d7c31d3c2a3261,public_rack,2023-05-13 10:35:32,name_within_150m,matched
gbfs,1677249802354300980,,Public Rack - Throop St & 109th Pl,41.694944,-87.654377,True,renting_and_returning,lightweight,4,divvy_c1f85a3557465896,public_rack,2022-09-15 21:16:17,name_within_150m,matched
gbfs,1695776957520678960,,Public Rack - Wallace St & 119th St,41.677629,-87.637554,True,renting_and_returning,lightweight,1,divvy_54d7581a715ae180,public_rack,2022-08-16 22:03:54,name_within_150m,matched
gbfs,1674190634684001356,,Public Rack - The Montessori School of Englewood,41.76766,-87.66781,True,renting_and_returning,lightweight,2,divvy_8c1a564d30ab8f8b,public_rack,2023-02-18 04:32:51,name_within_150m,matched
gbfs,1683527967940622360,,Public Rack - Vincennes Ave & 91st St,41.728122,-87.648524,True,renting_and_returning,lightweight,1,divvy_2db769d99ce77a0f,public_rack,2024-01-03 06:33:54,name_within_150m,matched
gbfs,1806753661387883380,,Public Rack - Parkside & Archer,41.795696,-87.763475,True,renting_and_returning,lightweight,2,divvy_70c978e359e579dd,public_rack,2023-05-04 19:16:36,name_within_150m,matched
gbfs,1674190613209164834,,"Public Rack - Senka ""Edward Duke"" Park",41.790565,-87.710992,True,renting_and_returning,lightweight,2,divvy_69aafd7c62d7b724,public_rack,2022-10-11 17:23:56,name_within_150m,matched
gbfs,1806749727197839826,,Public Rack - Irving Park Rd & Melvina Ave,41.952869,-87.780728,True,renting_and_returning,lightweight,4,divvy_60192cc759499c43,public_rack,2023-06-05 19:41:53,name_within_150m,matched
gbfs,1674190256726878654,,Public Rack - Cicero Ave & Roscoe St,41.9424235,-87.74713,True,renting_and_returning,lightweight,1,divvy_820bae373a8e55c8,public_rack,2022-06-27 17:18:48,name_within_150m,matched
gbfs,1695776985249749776,,Public Rack - Ashland Ave & 91st St,41.728271,-87.662673,True,renting_and_returning,lightweight,1,divvy_e2c247cfd09e9643,public_rack,2022-08-01 18:20:49,name_within_150m,matched
gbfs,1674190359806093956,,Public Rack - Jeffrey Blvd & 71st St,41.766333,-87.576154,True,renting_and_returning,lightweight,1,divvy_d378f7bd2453520c,public_rack,2022-09-12 11:06:52,name_within_150m,matched
gbfs,1674190286791649780,,Public Rack - Eggleston Ave & 115th St,41.68497,-87.633848,True,renting_and_returning,lightweight,3,divvy_030aa79a8dbf4211,public_rack,2022-09-16 15:03:55,name_within_150m,matched
gbfs,1806753639913046780,,Public Rack - Forest Glen & Peterson,41.98986,-87.742921,True,renting_and_returning,lightweight,2,divvy_3f054b06ba612e48,public_rack,2023-05-05 07:14:54,name_within_150m,matched
gbfs,1674190407050734268,,Public Rack - Keeler Ave & Madison St S,41.880531,-87.731063,True,renting_and_returning,lightweight,3,divvy_ccd9cee40080d9ad,public_rack,2023-04-17 00:26:45,name_within_150m,matched
gbfs,1806749722902872498,,Public Rack - Mulligan Ave & 56th St,41.790399,-87.780044,True,renting_and_returning,lightweight,4,divvy_e26dedcaebacd81e,public_rack,2023-05-05 14:48:49,name_within_150m,matched
gbfs,1695780087377656308,,Public Rack - Hamlin Ave & Madison St,41.880833,-87.720797,True,renting_and_returning,lightweight,1,divvy_0f56ce0454387bb6,public_rack,2022-08-16 15:44:29,name_within_150m,matched
gbfs,1674190196597336406,,Public Rack - Baltimore Ave & 134th St,41.651419,-87.547321,True,renting_and_returning,lightweight,1,divvy_376e54ff41dd8a3f,public_rack,2023-05-31 21:58:22,name_within_150m,matched
gbfs,1677249815239202878,,Public Rack - Maryland Ave & 87th ST,41.736995,-87.603968,True,renting_and_returning,lightweight,1,divvy_4a977badd0834eb0,public_rack,2024-06-30 10:45:25.648000,name_within_150m,matched
gbfs,1806753635618079448,,Public Rack - Canfield & Victoria,41.985067,-87.823171,True,renting_and_returning,lightweight,2,divvy_06df72d9a04adaaf,public_rack,2023-05-10 12:16:36,name_within_150m,matched
gbfs,1715823829734775370,,Public Rack - Maplewood Ave & 47th St,41.808413,-87.688535,True,renting_and_returning,lightweight,1,divvy_91bcd98767c662e7,public_rack,2022-09-17 06:59:40,name_within_150m,matched
gbfs,1674190398460799668,,Public Rack - Kedzie Ave & Pershing Rd,41.822897,-87.704154,True,renting_and_returning,lightweight,1,divvy_5787305886553106,public_rack,2022-09-14 11:37:56,name_within_150m,matched
gbfs,2213470279967307084,,Public Rack - Kingsbury Ave & Eastman St,41.90687904,-87.6508806,True,renting_and_returning,lightweight,4,divvy_5574da48f00089c3,public_rack,2026-05-02 09:53:22.354000,name_within_150m,matched
gbfs,1806749731492807134,,Public Rack - Milwaukee Ave & Pensacola Ave,41.9595108,-87.7533958,True,renting_and_returning,lightweight,2,divvy_ec378c37586a88dc,public_rack,2023-05-09 14:42:01,name_within_150m,matched
gbfs,1674190475770211136,,Public Rack - Mason Ave & Roosevelt Rd,41.865608,-87.772389,True,renting_and_returning,lightweight,1,divvy_c93f7e577fe35131,public_rack,2023-09-18 17:54:09,name_within_150m,matched
gbfs,1715846705501012844,,Public Rack - Lawndale Ave & Roosevelt,41.866225,-87.717918,True,renting_and_returning,lightweight,2,divvy_985043ade43a6e03,public_rack,2023-07-14 12:32:52,name_within_150m,matched
gbfs,1674190312561453612,,Public Rack - Halsted St & 63rd St,41.779945,-87.641378,True,renting_and_returning,lightweight,1,divvy_dfe66f9bd7a578da,public_rack,2022-09-07 09:37:01,name_within_150m,matched
gbfs,1695776940340809768,,Public Rack - Lockwood Ave & Diversey Ave,41.931541,-87.75904,True,renting_and_returning,lightweight,1,divvy_3d423d71d4eb5e55,public_rack,2022-07-06 13:52:09,name_within_150m,matched
gbfs,1674190346921192050,,Public Rack - Hyde Park Blvd & 53rd St,41.799468,-87.584206,True,renting_and_returning,lightweight,6,divvy_e0f97014049dd423,public_rack,2022-09-08 12:01:15,name_within_150m,matched
gbfs,2101023507744358680,,Waveland/Wilton Corral,41.9489031,-87.653141,True,renting_and_returning,lightweight,120,divvy_5bd69c5b13dc6039,station,2025-07-02 17:33:16.806000,name_within_150m,matched
gbfs,1806753661387883388,,Public Rack - Pulaski & 84th,41.739387,-87.721373,True,renting_and_returning,lightweight,2,divvy_8ee68c5e95946bdb,public_rack,2023-05-11 18:01:41,name_within_150m,matched
gbfs,1674190694813543598,,Public Rack - Yates Ave & 100th St,41.713437,-87.564405,True,renting_and_returning,lightweight,2,divvy_656aca2afd3e9a12,public_rack,2022-09-10 19:41:00,name_within_150m,matched
gbfs,1806749731492807144,,Public Rack - Nordica Ave & Higgins Ave,41.98012149,-87.80211339,True,renting_and_returning,lightweight,2,divvy_6f9e062f79a64210,public_rack,2023-05-05 12:19:29,name_within_150m,matched
gbfs,2213470275672339768,,Public Rack - Burling Ave & Armitage Ave,41.91814108,-87.64714058,True,renting_and_returning,lightweight,4,divvy_d007408ae092c574,public_rack,2026-05-01 16:59:00.926000,name_within_150m,matched
gbfs,1806749752967643694,,Public Rack - Lemont Ave & Keating Ave,41.9912674,-87.7469243,True,renting_and_returning,lightweight,7,divvy_dcf283ebebe084fa,public_rack,2023-05-20 18:49:32,name_within_150m,matched
gbfs,1806749718607905176,,Public Rack - Spaulding Ave & 71st St,41.7645054,-87.7064722,True,renting_and_returning,lightweight,4,divvy_8d5c339650deb2ab,public_rack,2023-07-07 13:27:24,name_within_150m,matched
gbfs,1806753652797948722,,Public Rack - Linder & Elston,41.983559,-87.76577,True,renting_and_returning,lightweight,2,divvy_4fef34644739cd82,public_rack,2023-05-07 17:33:15,name_within_150m,matched
gbfs,1436495105198659246,,Carpenter St & Lake St Public Rack,41.885586,-87.6531893,True,renting_and_returning,lightweight,5,divvy_47666d31c12b304e,public_rack,2026-04-09 14:17:20.882000,name_within_150m,matched
gbfs,1674190475770211138,,Public Rack - May St & 63rd St,41.77977,-87.652943,True,renting_and_returning,lightweight,1,divvy_85b8a412c795f15a,public_rack,2022-11-11 17:39:29,name_within_150m,matched
gbfs,2244296306430178924,,Theater on the Lake Public Rack - East,41.9269768,-87.6301854,True,renting_and_returning,lightweight,14,divvy_f463fe35036e536b,public_rack,2026-07-23 17:23:16.416000,name_within_150m,matched
gbfs,1806753644208014090,,Public Rack - Homan & 77th,41.753451,-87.707037,True,renting_and_returning,lightweight,2,divvy_95432cb7b390107a,public_rack,2023-05-26 13:53:19,name_within_150m,matched
gbfs,1674190269611780566,,Public Rack - Cottage Grove Ave & 75th St,41.758739,-87.605769,True,renting_and_returning,lightweight,1,divvy_a10ce5fa48c85575,public_rack,2023-02-28 14:49:32,name_within_150m,matched
gbfs,1695780087377656306,,Public Rack - Kostner Ave & Diversey Ave,41.931803,-87.737285,True,renting_and_returning,lightweight,1,divvy_d6d3605605e77231,public_rack,2022-07-09 23:54:08,name_within_150m,matched
gbfs,1806753657092916074,,Public Rack - Odell & Talcott,41.98731,-87.81023,True,renting_and_returning,lightweight,2,divvy_90e2cd1ea8d66b07,public_rack,2023-05-15 20:02:41,name_within_150m,matched
gbfs,1674190342626224744,,Public Rack - Honore St & 87th St,41.736093,-87.669404,True,renting_and_returning,lightweight,1,divvy_d6044092da661c4b,public_rack,2023-09-12 10:43:55,name_within_150m,matched
gbfs,1695776953225711660,,Public Rack - Roscoe St & Osceola Ave,41.942201,-87.813168,True,renting_and_returning,lightweight,1,divvy_54228a7da6d8020d,public_rack,2022-09-15 14:06:20,name_within_150m,matched
gbfs,2225745976878708428,,Public Rack - Burnham Shores Park,42.0403187,-87.6702221,False,renting_and_returning,lightweight,10,divvy_e374485500cb606a,public_rack,2026-06-05 07:25:02.678000,name_within_150m,matched
gbfs,1674190166532565276,,Public Rack - Ashland Ave & 71st St,41.76577,-87.66433,True,renting_and_returning,lightweight,2,divvy_903eca503bc782c9,public_rack,2022-08-30 15:35:04,name_within_150m,matched
gbfs,1677249888253647030,,Public Rack - Michigan Ave & 121st St,41.67413,-87.620448,True,renting_and_returning,lightweight,1,divvy_5d28e9712225ea60,public_rack,2024-09-29 23:57:24.278000,name_within_150m,matched
gbfs,2213470262787437834,,Public Rack - St Clair St & Ontario St,41.89366468,-87.6226649,True,renting_and_returning,lightweight,4,divvy_faf256770eb2a2b6,public_rack,2026-05-01 22:42:43.296000,name_within_150m,matched
gbfs,1715846717333651852,,Public Rack - Washington Park Ct & 51st St,41.8021917,-87.6151444,True,renting_and_returning,lightweight,2,divvy_8bb7ddc49ec4771b,public_rack,2022-09-01 09:10:50,name_within_150m,matched
gbfs,1683527931525155816,,Public Rack - Crandon Ave & 80th St,41.749519,-87.568831,True,renting_and_returning,lightweight,1,divvy_648a2f01df31f66e,public_rack,2022-08-06 13:52:53,name_within_150m,matched
gbfs,1674190458590341924,,Public Rack - Lorel Ave & Chicago Ave,41.89503,-87.759917,True,renting_and_returning,lightweight,2,divvy_2b7d7cf2058ef098,public_rack,2022-07-05 15:46:19,name_within_150m,matched
gbfs,1695776995595350524,,Public Rack - Western Ave & 107th Pl,41.698022,-87.681175,True,renting_and_returning,lightweight,1,divvy_0e4138e16489730f,public_rack,2022-07-19 19:03:24,name_within_150m,matched
gbfs,1674190596029295624,,Public Rack - Rhodes Ave & 79th St,41.751058,-87.611439,True,renting_and_returning,lightweight,1,divvy_326d23d5f7ad6fe3,public_rack,2023-12-13 10:51:08,name_within_150m,matched
gbfs,1674190145057728760,,Public Rack - 63rd & Western Ave S,41.779196,-87.683589,True,renting_and_returning,lightweight,1,divvy_08b7421d7b0ae3e8,public_rack,2022-09-29 14:06:48,name_within_150m,matched
gbfs,1674190334036290134,,Public Rack - Harold Washington Park,41.801089,-87.584791,True,renting_and_returning,lightweight,3,divvy_730a42c6ee7720f6,public_rack,2022-09-06 13:20:23,name_within_150m,matched
gbfs,2101023507274653740,,Eddy/Seminary Corral,41.9461279,-87.6566721,True,renting_and_returning,lightweight,120,divvy_8cda9b7dc17f593a,station,2025-07-02 17:49:16.111000,name_within_150m,matched
gbfs,1695776950890011384,,Public Rack - La Moyne Ave and Leamington Ave,41.906866,-87.754447,True,renting_and_returning,lightweight,2,divvy_976c9b293ed713b2,public_rack,2022-07-22 18:01:45,name_within_150m,matched
gbfs,1674190492950080350,,Public Rack - Michigan Ave & 102nd St,41.7083,-87.61984,True,renting_and_returning,lightweight,1,divvy_9d347394c890bd04,public_rack,2023-04-03 14:08:48,name_within_150m,matched
gbfs,1806753635618079454,,Public Rack - Central & Prescott,41.992794,-87.765586,True,renting_and_returning,lightweight,2,divvy_c9baad6eda28bc1e,public_rack,2023-05-07 10:08:22,name_within_150m,matched
gbfs,1673852326282066544,,Public Rack - California Ave & Touhy Ave - NW,42.012177,-87.699865,True,renting_and_returning,lightweight,1,divvy_975a8ab74e677f8e,public_rack,2022-06-14 11:39:17,name_within_150m,matched
gbfs,1806753669977818020,,Public Rack - Western & 74th,41.759297,-87.683342,True,renting_and_returning,lightweight,2,divvy_2e5cca831915c8e9,public_rack,2023-05-29 16:01:08,name_within_150m,matched
gbfs,1674190411345701580,,Public Rack - Kildare Ave & 63rd St,41.778442,-87.73047,True,renting_and_returning,lightweight,2,divvy_e2f5d175b788c106,public_rack,2022-09-23 20:13:05,name_within_150m,matched
gbfs,1674190462885309226,,Public Rack - Lowe Ave & 94th St,41.724234,-87.639453,True,renting_and_returning,lightweight,2,divvy_69757fd5f1942c3e,public_rack,2023-08-17 16:47:19,name_within_150m,matched
gbfs,2225745982767596192,,Public Rack - Dawes Park North,42.0447387,-87.6731301,False,renting_and_returning,lightweight,8,divvy_699077c30bc0feaa,public_rack,2026-06-10 19:39:25.649000,name_within_150m,matched
gbfs,1674190638978968662,,Public Rack - Tuley (Murray) Park,41.73034,-87.611734,True,renting_and_returning,lightweight,2,divvy_5b62a66a7caff149,public_rack,2023-07-03 19:56:59,name_within_150m,matched
gbfs,1806749748672676388,,Public Rack - Miami Ave & Milwaukee Ave,41.991473,-87.782085,True,renting_and_returning,lightweight,4,divvy_d0bc55ba70720c72,public_rack,2023-06-09 20:22:28,name_within_150m,matched
gbfs,1674190213777205624,,Public Rack - California Ave & Ogden Ave,41.8608706,-87.695681,True,renting_and_returning,lightweight,1,divvy_bb69758a9cc80e2a,public_rack,2022-06-17 13:06:05,name_within_150m,matched
gbfs,1674190540194720684,,Public Rack - Oakley & 79th Pl,41.749095,-87.679637,True,renting_and_returning,lightweight,1,divvy_47bebde04565606d,public_rack,2023-05-22 19:01:42,name_within_150m,matched
gbfs,2204963862079335364,,Public Rack - Western Ave & Chicago Ave,41.895823,-87.68713,True,renting_and_returning,lightweight,4,divvy_31e4849473c75393,public_rack,2026-04-09 09:18:18.848000,name_within_150m,matched
gbfs,1674190308266486306,,Public Rack - Franklin Park,41.861493,-87.733404,True,renting_and_returning,lightweight,2,divvy_3ad7ea427f1c7303,public_rack,2024-05-28 06:58:15,name_within_150m,matched
gbfs,1806753639913046772,,Public Rack - Damen & 87th,41.736037,-87.672691,True,renting_and_returning,lightweight,2,divvy_c7fb5a1ec0611615,public_rack,2023-05-16 12:34:21,name_within_150m,matched
gbfs,1677249793764366374,,Public Rack - Corliss Ave & 133rd St,41.653138,-87.601057,True,renting_and_returning,lightweight,5,divvy_53916c9be589a831,public_rack,2022-12-15 21:44:07,name_within_150m,matched
gbfs,1674190239547009458,,Public Rack - Christiana Ave & Belmont Ave,41.93917,-87.71169,True,renting_and_returning,lightweight,6,divvy_f826278f4a04573d,public_rack,2022-06-14 20:24:31,name_within_150m,matched
gbfs,1806753664357952126,,Public Rack - Sacramento & 71st,41.764396,-87.698106,True,renting_and_returning,lightweight,2,divvy_f921fbbc44dbeb15,public_rack,2023-05-28 11:29:47,name_within_150m,matched
gbfs,1695776998116659702,,Public Rack - Western Ave & 96th St,41.718621,-87.681516,True,renting_and_returning,lightweight,1,divvy_4f483d187c1f2b78,public_rack,2022-07-08 12:38:17,name_within_150m,matched
gbfs,1674190230957074840,,Public Rack - Central Park Ave & Ogden Ave,41.8543385,-87.7151584,True,renting_and_returning,lightweight,3,divvy_fcd3065b53af712c,public_rack,2022-06-30 20:52:24,name_within_150m,matched
gbfs,1674190587439361022,,Public Rack - Pulaski Rd & Fullerton Ave,41.924618,-87.727398,True,renting_and_returning,lightweight,4,divvy_b265d7f5f37adf73,public_rack,2022-06-16 10:35:06,name_within_150m,matched
gbfs,2213470279967307080,,Public Rack - Trader Joe's Clybourn Ave,41.91467859,-87.6549158,True,renting_and_returning,lightweight,4,divvy_041626d8da2a47f5,public_rack,2026-05-03 12:00:02.666000,name_within_150m,matched
gbfs,1674190261021845958,,Public Rack - Claremont Ave & 71st St,41.764585,-87.682253,True,renting_and_returning,lightweight,1,divvy_8c13c7653339206e,public_rack,2022-09-10 02:21:35,name_within_150m,matched
gbfs,1806753635618079456,,Public Rack - Central Park & Bryn Mawr,41.982873,-87.719594,True,renting_and_returning,lightweight,2,divvy_2563e390d38bdc78,public_rack,2023-05-02 08:21:10,name_within_150m,matched
gbfs,1674190574554459112,,Public Rack - Princeton Ave & 99th Pl,41.713311,-87.631095,True,renting_and_returning,lightweight,1,divvy_b84bed816a1880b0,public_rack,2023-06-26 19:42:12,name_within_150m,matched
gbfs,1677249866778810508,,Public Rack - Martin Luther King Dr & 44th St,41.814445,-87.616265,True,renting_and_returning,lightweight,2,divvy_b8ba09905e2cc177,public_rack,2022-09-17 20:35:00,name_within_150m,matched
gbfs,1674190634684001358,,Public Rack - Throop St & 58th St,41.788541,-87.65621,True,renting_and_returning,lightweight,3,divvy_a8bfb94b06c68ebe,public_rack,2023-03-03 07:02:20,name_within_150m,matched
gbfs,1674190626094066746,,Public Rack - Stony Is Ave & 73rd St,41.762265,-87.585469,True,renting_and_returning,lightweight,2,divvy_42bc149bba5a5aa0,public_rack,2023-07-06 12:52:05,name_within_150m,matched
gbfs,2213470258492470510,,Public Rack - Morgan St & Madison St,41.88178984,-87.65178053,True,renting_and_returning,lightweight,4,divvy_17fb4c7d08103002,public_rack,2026-05-03 10:11:01.307000,name_within_150m,matched
gbfs,1674190523014851470,,Public Rack - N Narragansett Ave & Grand Ave,41.9225804,-87.7849799,True,renting_and_returning,lightweight,1,divvy_125eaf7d95913c78,public_rack,2022-09-07 16:40:20,name_within_150m,matched
gbfs,2244296307416022208,,North Ave Beach Public Rack - 4,41.9206217,-87.6291956,True,renting_and_returning,lightweight,3,divvy_37f364b18293e660,public_rack,2026-07-23 17:31:58.889000,name_within_150m,matched
gbfs,1674190634684001360,,Public Rack - Torrence Ave & 98th St,41.717059,-87.559986,True,renting_and_returning,lightweight,2,divvy_31d3d8c1c62b6c43,public_rack,2024-04-10 18:02:31,name_within_150m,matched
gbfs,1806753657092916072,,Public Rack - Oak Park & Higgins,41.978888,-87.796235,True,renting_and_returning,lightweight,2,divvy_6389110d2f6dffe8,public_rack,2023-05-12 15:04:19,name_within_150m,matched
gbfs,1674190651863870576,,Public Rack - Washtenaw Ave & Superior St,41.894738,-87.695204,True,renting_and_returning,lightweight,5,divvy_959651eb5285f50a,public_rack,2022-09-08 23:34:47,name_within_150m,matched
gbfs,2233046216613422764,,Racine/Lake Corral,41.8856855,-87.6568915,True,renting_and_returning,lightweight,24,divvy_d165d6996678efc0,station,2026-06-23 12:51:23.233000,name_within_150m,matched
gbfs,1674190273906747874,,Public Rack - Cottage Grove Ave & 98th St,41.716172,-87.60435,True,renting_and_returning,lightweight,1,divvy_223e39189d3e0d49,public_rack,2022-09-09 07:58:17,name_within_150m,matched
gbfs,2213470275672339764,,Public Rack - Kenmore Ave & Armitage Ave,41.91821172,-87.65452851,True,renting_and_returning,lightweight,4,divvy_9898793550039922,public_rack,2026-05-02 02:55:47.471000,name_within_150m,matched
gbfs,1806753644208014088,,Public Rack - Hiawatha & Mendota,42.00699,-87.778007,True,renting_and_returning,lightweight,2,divvy_4ea7cefdf8450600,public_rack,2023-05-04 18:15:19,name_within_150m,matched
gbfs,1827484051430132402,,Public Rack - Forest Glen Station ,41.97871,-87.75552,True,renting_and_returning,lightweight,4,divvy_247b77f9504da46a,public_rack,2023-07-12 17:06:31,name_within_150m,matched
gbfs,2213470271403603108,,Public Rack - Rush St & Oak St,41.90069176,-87.62768428,True,renting_and_returning,lightweight,4,divvy_0f2ea6a1bf00943e,public_rack,2026-05-01 16:37:14.798000,name_within_150m,matched
gbfs,1695776991300383220,,Public Rack - Western Ave & 107th St,41.698728,-87.681558,True,renting_and_returning,lightweight,1,divvy_ef9fdad59ad051e0,public_rack,2022-08-15 16:48:33,name_within_150m,matched
gbfs,1695776990330095648,,Public Rack - Clyde Ave & 87th St,41.73715,-87.57319,True,renting_and_returning,lightweight,3,divvy_169fc9d8a0e50a25,public_rack,2022-07-08 11:09:25,name_within_150m,matched
gbfs,1674190282496682476,,Public Rack - East End Ave & 75th St,41.75893,-87.582861,True,renting_and_returning,lightweight,2,divvy_44670dce6112cc19,public_rack,2022-09-14 14:43:01,name_within_150m,matched
gbfs,1806749727197839806,,Public Rack - Austin Ave & Archer Ave,41.794209,-87.7716154,True,renting_and_returning,lightweight,2,divvy_72d02f529c5e3808,public_rack,2023-05-11 14:03:44,name_within_150m,matched
gbfs,1695777017650221152,,Public Rack - Pulaski Rd & Lake St,41.885577,-87.72606,True,renting_and_returning,lightweight,1,divvy_06dab634b4694ed2,public_rack,2022-07-10 22:53:39,name_within_150m,matched
gbfs,1674190613209164838,,Public Rack - Spaulding Ave & Bryn Mawr Ave,41.982964,-87.711441,True,renting_and_returning,lightweight,2,divvy_3339f4bedfdee744,public_rack,2022-06-14 12:43:50,name_within_150m,matched
gbfs,2213470271377372452,,Public Rack - Wells St & Schiller St,41.90755273,-87.63451269,True,renting_and_returning,lightweight,4,divvy_f040ce570b866769,public_rack,2026-05-01 19:31:33.551000,name_within_150m,matched
gbfs,1674190686223609002,,Public Rack - Wood St & 103rd St,41.706498,-87.667091,True,renting_and_returning,lightweight,1,divvy_05869cc712b7654e,public_rack,2022-09-06 22:58:01,name_within_150m,matched
gbfs,1683527948705025018,,Public Rack - Kingston Ave & 75th St,41.758905,-87.562188,True,renting_and_returning,lightweight,1,divvy_c6772c37046857a7,public_rack,2022-06-16 22:30:11,name_within_150m,matched
gbfs,1827474409018810988,,Public Rack - Wentworth Park,41.78878,-87.77964,True,renting_and_returning,lightweight,1,divvy_0591119d1926abab,public_rack,2023-08-01 19:34:07,name_within_150m,matched
gbfs,1806749748672676394,,Public Rack - Kedvale Ave & Peterson Ave,41.9902168,-87.7323063,True,renting_and_returning,lightweight,4,divvy_622b5c4234a59e88,public_rack,2023-05-10 16:38:16,name_within_150m,matched
gbfs,1806749757262611022,,Public Rack - Minnehaha Ave & Devon Ave,41.997456,-87.7619125,True,renting_and_returning,lightweight,2,divvy_0745660ba32b73cb,public_rack,2023-05-04 10:12:00,name_within_150m,matched
gbfs,1674190312561453608,,Public Rack - Halsted St & 102nd St,41.70794,-87.643177,True,renting_and_returning,lightweight,1,divvy_64986bc92c577bca,public_rack,2022-09-22 18:58:35,name_within_150m,matched
gbfs,1674190411345701574,,Public Rack - Keystone Ave & North Ave,41.909623,-87.727951,True,renting_and_returning,lightweight,1,divvy_b9d50df3d8833b42,public_rack,2022-06-14 20:40:01,name_within_150m,matched
gbfs,1674190557374589898,,Public Rack - Paul Revere Elementary School,41.764225,-87.600166,True,renting_and_returning,lightweight,3,divvy_15a55ab42539650e,public_rack,2022-10-31 14:37:37,name_within_150m,matched
gbfs,1715823808259938858,,Public Rack - Kenneth Ave & 63rd St E,41.778411,-87.733387,True,renting_and_returning,lightweight,1,divvy_55a1499331ba66b2,public_rack,2022-09-14 15:16:29,name_within_150m,matched
gbfs,1806753644208014100,,Public Rack - Keating & Peterson,41.990159,-87.747183,True,renting_and_returning,lightweight,2,divvy_8e5d18384158c51a,public_rack,2023-05-23 16:03:45,name_within_150m,matched
gbfs,1674190613209164836,,Public Rack - South Shore High School,41.756444,-87.579556,True,renting_and_returning,lightweight,3,divvy_5117fdaf0ba0baa6,public_rack,2023-06-09 11:05:29,name_within_150m,matched
gbfs,1674190428525570798,,Public Rack - Lafayette Ave & 95th St,41.721787,-87.624939,True,renting_and_returning,lightweight,10,divvy_c9d372efc76ebeb6,public_rack,2022-09-06 20:32:02,name_within_150m,matched
gbfs,1674190600324262928,,Public Rack - Roswell B. Mason Elementary School,41.8560219,-87.7298436,True,renting_and_returning,lightweight,4,divvy_a40fcd1a11084d6c,public_rack,2022-06-27 09:05:22,name_within_150m,matched
gbfs,1677249798059333678,,Public Rack - Harvard Ave & 119th St,41.678227,-87.630775,True,renting_and_returning,lightweight,1,divvy_dccee61c0e625899,public_rack,2022-12-30 22:18:15,name_within_150m,matched
gbfs,2213470262787437832,,Public Rack - Rush St & Ohio St,41.89259223,-87.62585969,True,renting_and_returning,lightweight,4,divvy_8e7de568c32c5b1a,public_rack,2026-05-01 18:44:35.006000,name_within_150m,matched
gbfs,2233046220908390072,,Washington/Green (Washington Side) Corral,41.8831974,-87.6487729,True,renting_and_returning,lightweight,24,divvy_babd371db716dd8d,station,2026-06-25 17:47:23.122000,name_within_150m,matched
gbfs,1677249780879464468,,Public Rack - Milwaukee Ave & Waveland Ave,41.947472,-87.737875,True,renting_and_returning,lightweight,1,divvy_235a80005a4e9b86,public_rack,2022-07-05 17:35:44,name_within_150m,matched
gbfs,1806753631323112142,,Public Rack - California & 82nd,41.745283,-87.692588,True,renting_and_returning,lightweight,2,divvy_587d6c556d9efa4d,public_rack,2023-05-07 08:48:04,name_within_150m,matched
gbfs,1674190690518576300,,Public Rack - Yale Ave & 119th St,41.677795,-87.629077,True,renting_and_returning,lightweight,1,divvy_ed4b33ef116fdd9e,public_rack,2023-04-15 11:06:08,name_within_150m,matched
gbfs,1806749740082741752,,Public Rack - Milwaukee Ave & Lawrence Ave,41.9673857,-87.7601699,True,renting_and_returning,lightweight,2,divvy_35c56ff27eb32e7b,public_rack,2023-05-02 13:49:54,name_within_150m,matched
gbfs,2213470258492470512,,Public Rack - Desplaines St & Fulton St,41.8868924,-87.64341688,True,renting_and_returning,lightweight,4,divvy_d00719e1d647418e,public_rack,2026-05-02 17:33:40.403000,name_within_150m,matched
gbfs,1674190587439361024,,Public Rack - Pulaski Rd & Roosevelt Rd,41.866103,-87.724463,True,renting_and_returning,lightweight,1,divvy_50619e8071bf2016,public_rack,2022-07-06 09:25:23,name_within_150m,matched
gbfs,1674190621799099444,,Public Rack - St Louis Ave & Berteau Ave,41.958373,-87.715685,True,renting_and_returning,lightweight,1,divvy_73e6b8c2703a7f83,public_rack,2022-06-14 13:11:13,name_within_150m,matched
gbfs,1674190157942630672,,Public Rack - Albany Ave & 63rd St,41.778906,-87.70084,True,renting_and_returning,lightweight,1,divvy_3db1922b3d671ad5,public_rack,2022-08-30 23:02:30,name_within_150m,matched
gbfs,1677249772289529866,,Public Rack - Christiana Ave & Bryn Mawr Ave,41.982838,-87.71233,True,renting_and_returning,lightweight,1,divvy_db5e9a603b40c74d,public_rack,2022-06-15 09:09:00,name_within_150m,matched
gbfs,1677249785174431770,,Public Rack - Kilbourn Ave & Fullerton Ave,41.924447,-87.73998,True,renting_and_returning,lightweight,1,divvy_f9f911ed9614356a,public_rack,2022-06-16 20:28:47,name_within_150m,matched
gbfs,1715846704448749936,,Public Rack - Kedzie Ave & Walnut St,41.885891,-87.706425,True,renting_and_returning,lightweight,1,divvy_c6886345a799ce7a,public_rack,2022-08-29 23:32:44,name_within_150m,matched
gbfs,2225745981173675726,,Public Rack - Dawes Park South,42.0427478,-87.6717642,False,renting_and_returning,lightweight,8,divvy_a5dbfc2466864ce3,public_rack,2026-06-09 12:17:16.991000,name_within_150m,matched
gbfs,2213470271377372462,,Public Rack - Loomis St & Eleanor St,41.84450288,-87.66012478,True,renting_and_returning,lightweight,4,divvy_bb33ed8b98d78510,public_rack,2026-05-04 17:06:35.037000,name_within_150m,matched
gbfs,1674190325446355526,,Public Rack - Hamilton Park,41.76335,-87.637499,True,renting_and_returning,lightweight,1,divvy_eadb38fbcfdd6e4a,public_rack,2023-07-31 13:03:44,name_within_150m,matched
gbfs,1674190166532565278,,Public Rack - Ashland Ave & 73rd St,41.760817,-87.663499,True,renting_and_returning,lightweight,1,divvy_215bdd9ad59e45e6,public_rack,2023-04-20 22:50:50,name_within_150m,matched
gbfs,1806753655768017532,,Public Rack - Newcastle & Archer,41.792309,-87.792879,True,renting_and_returning,lightweight,2,divvy_57a6a9975e95e687,public_rack,2023-05-20 01:47:52,name_within_150m,matched
gbfs,1594046362333434512,,Damen Ave & 33rd St,41.834108,-87.67559,True,renting_and_returning,lightweight,8,divvy_7976ad31b1e498ce,station,2021-10-10 10:01:53,name_within_150m,matched
gbfs,1806753665682850712,,Public Rack - St Louis & Columbus,41.745416,-87.70894,True,renting_and_returning,lightweight,2,divvy_b787466564ff92a7,public_rack,2023-06-12 20:07:08,name_within_150m,matched
gbfs,1674190527309818776,,Public Rack - New England Ave & Grace St,41.949269,-87.798395,True,renting_and_returning,lightweight,1,divvy_638818b13686094d,public_rack,2023-05-10 17:14:49,name_within_150m,matched
gbfs,2213470270699316340,,Public Rack - Wells St & Scott St,41.90478243,-87.63458456,True,renting_and_returning,lightweight,4,divvy_7d58791eedd75683,public_rack,2026-05-01 17:24:22.289000,name_within_150m,matched
gbfs,1674190192302369104,,Public Rack - Back of the Yards Park,41.804381,-87.657742,True,renting_and_returning,lightweight,1,divvy_eda1cf8a4907bf8a,public_rack,2024-03-09 16:42:52,name_within_150m,matched
gbfs,1806753652797948736,,Public Rack - Monticello & Lawrence,41.968214,-87.719541,True,renting_and_returning,lightweight,2,divvy_b3d20e25a2f35474,public_rack,2023-05-11 15:47:33,name_within_150m,matched
gbfs,1677249793764366370,,Public Rack - Homan Ave & 26th St,41.84456,-87.710058,True,renting_and_returning,lightweight,1,divvy_32d02696ff27161b,public_rack,2022-06-20 19:36:58,name_within_150m,matched
gbfs,1806753657092916070,,Public Rack - Norwood Park,41.986604,-87.79394,True,renting_and_returning,lightweight,2,divvy_90b2ea5f9f25ba18,public_rack,2023-05-17 18:22:11,name_within_150m,matched
gbfs,1806749735787774446,,Public Rack - Milwaukee Ave & Catalpa Ave,41.9772313,-87.7689731,True,renting_and_returning,lightweight,2,divvy_8e569a1900354a37,public_rack,2023-05-05 18:05:35,name_within_150m,matched
gbfs,2213470258492470520,,Public Rack - Dearborn St & Jackson Ave,41.87802962,-87.62940128,True,renting_and_returning,lightweight,4,divvy_7daae67ca45b94d8,public_rack,2026-05-03 00:23:00.155000,name_within_150m,matched
gbfs,1695776976641823202,,Public Rack - Ewing Ave & 107th St,41.700378,-87.535276,True,renting_and_returning,lightweight,1,divvy_f30ad1c7d1cfe79f,public_rack,2022-07-28 19:51:59,name_within_150m,matched
gbfs,1806749722902872496,,Public Rack - Minuteman Park,41.785333,-87.7626015,True,renting_and_returning,lightweight,3,divvy_39b14524bd1f815d,public_rack,2023-05-18 19:46:16,name_within_150m,matched
gbfs,1674190441410472714,,Public Rack - Latrobe Ave & Lake St,41.887083,-87.756181,True,renting_and_returning,lightweight,1,divvy_c34134ceacd1bd4e,public_rack,2022-06-22 07:12:41,name_within_150m,matched
gbfs,1674190608914197534,,Public Rack - Sangamon St & 79th St,41.750395,-87.647464,True,renting_and_returning,lightweight,1,divvy_adaf919d205e43ce,public_rack,2022-10-07 15:45:22,name_within_150m,matched
gbfs,1695776938005109486,,Public Rack - Pulaski Rd & Lexington St,41.8715832,-87.7252086,True,renting_and_returning,lightweight,1,divvy_dd33d7ce72e77464,public_rack,2024-08-01 14:17:43.675000,name_within_150m,matched
gbfs,1674190437115505412,,Public Rack - Laramie Ave & Fullerton Ave,41.9240754,-87.7568589,True,renting_and_returning,lightweight,2,divvy_742a548ddedd6ae7,public_rack,2022-06-15 21:16:12,name_within_150m,matched
gbfs,1683527972235589666,,Public Rack - Woodlawn Ave & 63rd St N,41.780621,-87.596033,True,renting_and_returning,lightweight,1,divvy_f81806113e7de54b,public_rack,2022-09-07 14:18:22,name_within_150m,matched
gbfs,1715846696911078242,,Public Rack - Tripp Ave & North Ave,41.90995395,-87.73271446,True,renting_and_returning,lightweight,2,divvy_6a91b5d5dea3f4e2,public_rack,2022-08-29 20:04:35,name_within_150m,matched
gbfs,2213470258492470506,,Public Rack - Clark St & Diversey Pkwy (North 2),41.93333147,-87.64542123,True,renting_and_returning,lightweight,4,divvy_4375e38384c0b92c,public_rack,2026-05-01 17:04:49.786000,name_within_150m,matched
gbfs,1683527944410057716,,Public Rack - King Dr & 115th St,41.685239,-87.613418,True,renting_and_returning,lightweight,1,divvy_41d0767b5c7fea0e,public_rack,2022-06-09 15:21:54,name_within_150m,matched
gbfs,1674190222367140226,,Public Rack - Calumet Ave & 71st St,41.765537,-87.617305,True,renting_and_returning,lightweight,2,divvy_33e3d1461b31b08c,public_rack,2023-09-05 19:23:06,name_within_150m,matched
gbfs,2225745981173675728,,Public Rack - Centennial Park South,42.0464879,-87.6732393,False,renting_and_returning,lightweight,10,divvy_046249acb767fe5e,public_rack,2026-06-08 19:12:14.612000,name_within_150m,matched
gbfs,1674190235252042152,,Public Rack - Chase Ave & Touhy Ave - NW,42.014271,-87.690408,True,renting_and_returning,lightweight,1,divvy_cfc0ced5d0a2ca20,public_rack,2022-06-16 03:23:05,name_within_150m,matched
gbfs,1806753648502981398,,Public Rack - Kedzie & 71st,41.764315,-87.703028,True,renting_and_returning,lightweight,2,divvy_b174cb00944305fd,public_rack,2023-05-26 13:46:54,name_within_150m,matched
gbfs,1806749722902872500,,Public Rack - 56th St & Mulligan Ave,41.7905068,-87.7799326,True,renting_and_returning,lightweight,9,divvy_dac7631780157cc7,public_rack,2023-05-04 16:59:14,name_within_150m,matched
gbfs,1674190282496682478,,Public Rack - Eberhart Ave & 131st St,41.65759,-87.610713,True,renting_and_returning,lightweight,2,divvy_395536fbd95974f5,public_rack,2024-09-18 13:05:24.777000,name_within_150m,matched
gbfs,2213470274994283640,,Public Rack - Carpenter St & Madison St,41.8816062,-87.6535114,True,renting_and_returning,lightweight,4,divvy_19d8fd51a85c6f3d,public_rack,2026-05-04 11:32:48.746000,name_within_150m,matched
gbfs,1674190295381584396,,Public Rack - Ewing Ave & 105th St,41.704373,-87.53544,True,renting_and_returning,lightweight,1,divvy_c72d522de316778d,public_rack,2022-09-13 15:33:48,name_within_150m,matched
gbfs,1674190510129949566,,Public Rack - Morgan St & 87th St,41.73577,-87.648133,True,renting_and_returning,lightweight,1,divvy_9f9937a8be912604,public_rack,2022-11-22 13:55:18,name_within_150m,matched
gbfs,2213470271377372458,,Public Rack - Lincoln Ave & Fullteron Ave (Northwest),41.92582741,-87.64943466,True,renting_and_returning,lightweight,4,divvy_bd8b5a47bcdb0a68,public_rack,2026-05-01 17:33:05.853000,name_within_150m,matched
gbfs,1806749727197839824,,Public Rack - Irving Park Rd & Parkside Ave,41.9530544,-87.688832,True,renting_and_returning,lightweight,4,divvy_a731b7e876142cb5,public_rack,2023-07-13 03:27:12,name_within_150m,matched
gbfs,1695776961235612130,,Public Rack - Perry Ave & 111th St,41.692666,-87.626385,True,renting_and_returning,lightweight,1,divvy_c0e8c09aa1260415,public_rack,2022-07-12 20:00:00,name_within_150m,matched
gbfs,1674190205187271018,,Public Rack - Buffalo Ave & 89th St,41.73341,-87.54454,True,renting_and_returning,lightweight,3,divvy_95eec659f8681e1b,public_rack,2022-09-16 13:33:16,name_within_150m,matched
gbfs,1674190359806093958,,Public Rack - Jonathan Y Scammon Public School,41.941612,-87.732372,True,renting_and_returning,lightweight,1,divvy_25c79c34d3e55065,public_rack,2022-06-15 01:31:16,name_within_150m,matched
gbfs,1806749748672676376,,Public Rack - Nina Ave & Avondale Ave,41.9911458,-87.7991043,True,renting_and_returning,lightweight,2,divvy_213b3773db918c17,public_rack,2023-05-17 17:37:57,name_within_150m,matched
gbfs,1674190497245047656,,Public Rack - Michigan Ave & 96th St,41.718957,-87.62067,True,renting_and_returning,lightweight,3,divvy_e006752f681dcca1,public_rack,2022-09-24 04:29:54,name_within_150m,matched
gbfs,2213470258492470516,,Public Rack - Wells St & Wacker Dr,41.88663267,-87.63405978,True,renting_and_returning,lightweight,4,divvy_6244b202a9ecdf9e,public_rack,2026-05-04 06:48:13.926000,name_within_150m,matched
gbfs,1695776985249749774,,Public Rack - Ewing Ave & 95th St,41.722376,-87.5358299,True,renting_and_returning,lightweight,1,divvy_df475e6fbae8e411,public_rack,2022-08-28 03:09:47,name_within_150m,matched
gbfs,1806749722902872484,,Public Rack - 63rd Pl & Narraganssett Ave,41.7765858,-87.7820753,True,renting_and_returning,lightweight,8,divvy_5be99684d5f34c01,public_rack,2023-05-07 02:49:09,name_within_150m,matched
gbfs,1674190269611780562,,Public Rack - Cottage Grove Ave & 111th St,41.692645,-87.609758,True,renting_and_returning,lightweight,1,divvy_4fe7a6764d80d458,public_rack,2022-09-06 15:37:26,name_within_150m,matched
gbfs,1806753631323112148,,Public Rack - California & 87th,41.73569,-87.692172,True,renting_and_returning,lightweight,2,divvy_e3a4507fe8870971,public_rack,2023-05-08 16:30:55,name_within_150m,matched
gbfs,2244296308779014502,,Theater on the Lake Overflow Corral,41.92621,-87.63109,True,renting_and_returning,lightweight,20,divvy_4111e2312066ea48,station,2026-07-23 17:48:23.557000,name_within_150m,matched
gbfs,2205037539526583976,,Public Rack - Leavitt St & Potomac Ave,41.904976,-87.682051,True,renting_and_returning,lightweight,4,divvy_adaa8fa0d387545f,public_rack,2026-04-09 09:17:24.055000,name_within_150m,matched
gbfs,1806749718607905180,,Public Rack - Rockwell Ave & 71st St,41.764753,-87.688641,True,renting_and_returning,lightweight,2,divvy_9fddf4e96559ca1b,public_rack,2023-05-01 21:33:48,name_within_150m,matched
gbfs,1674190505834982260,,Public Rack - Milwaukee Ave & School St,41.940648,-87.726087,True,renting_and_returning,lightweight,1,divvy_97e78fb71b5c8584,public_rack,2022-06-16 17:53:50,name_within_150m,matched
gbfs,1806749744377709070,,Public Rack - Bernard St & Foster Ave,41.9756353,-87.7126762,True,renting_and_returning,lightweight,4,divvy_1cb0cc53db38283d,public_rack,2023-05-10 11:10:16,name_within_150m,matched
gbfs,1806749752967643698,,Public Rack - Pratt Ave & Odell Ave,42.0044152,-87.8110539,True,renting_and_returning,lightweight,4,divvy_e1f86f039d9c00f7,public_rack,2023-06-25 23:17:08,name_within_150m,matched
gbfs,1674190213777205620,,Public Rack - California Ave & Devon Ave - NW,41.998481,-87.69985,True,renting_and_returning,lightweight,2,divvy_92d7eb45b6e971c6,public_rack,2022-06-17 17:26:31,name_within_150m,matched
gbfs,1806749718607905168,,Public Rack - 85th Pl & Pulaski Rd,41.737389,-87.721334,True,renting_and_returning,lightweight,2,divvy_3572469e83ac91a1,public_rack,2023-07-30 17:48:29,name_within_150m,matched
gbfs,1674190424230603494,,Public Rack - Lafayette Ave & 119th St,41.677853,-87.623447,True,renting_and_returning,lightweight,1,divvy_8ab6581fdbe43d0f,public_rack,2023-09-14 16:42:12,name_within_150m,matched
gbfs,1674190669043739800,,Public Rack - Western Ave & 79th St,41.750057,-87.682777,True,renting_and_returning,lightweight,1,divvy_5f9b273b53d6c444,public_rack,2022-09-16 21:39:58,name_within_150m,matched
gbfs,1674190299676551698,,Public Rack - Ewing Ave & 112th St,41.691979,-87.534912,True,renting_and_returning,lightweight,1,divvy_d418231fda67c70f,public_rack,2024-09-04 08:38:05.601000,name_within_150m,matched
gbfs,1715823816849873464,,Public Rack - Talman Ave & Pershing Rd,41.822592,-87.690725,True,renting_and_returning,lightweight,1,divvy_23c163bd275a8b0e,public_rack,2022-08-30 10:37:27,name_within_150m,matched
gbfs,1806753648502981400,,Public Rack - Kedzie & 73rd,41.760696,-87.70238,True,renting_and_returning,lightweight,4,divvy_7b473e0f5f24b928,public_rack,2023-05-10 12:33:42,name_within_150m,matched
gbfs,1674190647568903268,,Public Rack - Wabash Ave & 87th St,41.736063,-87.622952,True,renting_and_returning,lightweight,1,divvy_c9fdee2d1ebf569d,public_rack,2022-10-07 10:20:10,name_within_150m,matched
gbfs,1674190351216159352,,Public Rack - Hyde Park Blvd & 55th St,41.795,-87.584113,True,renting_and_returning,lightweight,1,divvy_ed3cd1c072891646,public_rack,2022-09-07 18:52:28,name_within_150m,matched
gbfs,1674190200892303716,,Public Rack - Brandon Ave & 91st St,41.730218,-87.546758,True,renting_and_returning,lightweight,1,divvy_6fd162be511e97e6,public_rack,2022-09-10 23:07:04,name_within_150m,matched
gbfs,1806749731492807128,,Public Rack - Milwaukee Ave & Sunnyside Ave,41.9625222,-87.7560059,True,renting_and_returning,lightweight,2,divvy_cabf87d322e49225,public_rack,2023-05-11 20:32:30,name_within_150m,matched
gbfs,1715846700153782636,,Public Rack - Homan Ave & Lake St,41.88474,-87.711357,True,renting_and_returning,lightweight,2,divvy_c95014cfe61588d9,public_rack,2022-09-03 18:47:40,name_within_150m,matched
gbfs,1806749731492807142,,Public Rack - Oak Park Ave & Foster Ave,41.9746022,-87.8119558,True,renting_and_returning,lightweight,10,divvy_7bed4de7c3807138,public_rack,2023-05-17 19:24:05,name_within_150m,matched
gbfs,1674190321151388220,,Public Rack - Halsted St & 95th St - SE,41.721004,-87.643031,True,renting_and_returning,lightweight,3,divvy_7ce6ddd6565aeeb7,public_rack,2022-09-13 20:36:14,name_within_150m,matched
gbfs,1695780083082689008,,Public Rack - Kostner Ave & Wrightwood Ave,41.92786,-87.735756,True,renting_and_returning,lightweight,9,divvy_2d64790471e5b45c,public_rack,2022-08-09 17:29:02,name_within_150m,matched
gbfs,1695776995595350522,,Public Rack - 10557 S Western Ave,41.701719,-87.68128,True,renting_and_returning,lightweight,2,divvy_fa7d46bae746f7fe,public_rack,2022-08-01 13:39:44,name_within_150m,matched
gbfs,1715846718385914742,,Public Rack - Ashland Ave & 74th St,41.759735,-87.663736,True,renting_and_returning,lightweight,2,divvy_6242300b8388d4ad,public_rack,2022-12-11 11:50:38,name_within_150m,matched
gbfs,1674190170827532590,,Public Rack - Austin Blvd & North Ave,41.909281,-87.775613,True,renting_and_returning,lightweight,1,divvy_80f09f68e98d13d3,public_rack,2022-06-20 21:45:03,name_within_150m,matched
gbfs,1806753652797948752,,Public Rack - Nashotah & Northwest Hwy,41.988141,-87.791447,True,renting_and_returning,lightweight,2,divvy_c2d4abe0bc1c8ad1,public_rack,2023-05-18 17:07:10,name_within_150m,matched
gbfs,1695776948350710232,,Public Rack - Lamon Ave & Erie St,41.892114,-87.746676,True,renting_and_returning,lightweight,3,divvy_42f5a03846b50e5e,public_rack,2022-07-23 15:17:35,name_within_150m,matched
gbfs,2213470275672339774,,Public Rack - Southport Ave & Webster Ave,41.92155961,-87.66337146,True,renting_and_returning,lightweight,4,divvy_2f689f723fb19930,public_rack,2026-05-01 17:17:00.216000,name_within_150m,matched
gbfs,1806749752967643712,,Public Rack - Northwest Hwy & Highland Ave,41.995867,-87.805223,True,renting_and_returning,lightweight,2,divvy_5b928f5c8c1f3bb7,public_rack,2023-05-16 14:50:18,name_within_150m,matched
gbfs,1806749718607905156,,Public Rack - 83rd Pl & Kedzie Ave S,41.741382,-87.702345,True,renting_and_returning,lightweight,2,divvy_585bf2418dcc816c,public_rack,2024-11-23 14:19:46.063000,name_within_150m,matched
gbfs,2225745976878708422,,Public Rack - Clark Square Park,42.0321198,-87.6699877,False,renting_and_returning,lightweight,3,divvy_7dcd07c51def368a,public_rack,2026-06-09 08:26:13.524000,name_within_150m,matched
gbfs,1674190364101061260,,Public Rack - Karlov Ave & 26th St,41.844287,-87.727078,True,renting_and_returning,lightweight,1,divvy_9187a6acbf304e75,public_rack,2022-06-30 19:07:33,name_within_150m,matched
gbfs,1674190557374589904,,Public Rack - Peoria St & 60th St,41.784872,-87.647482,True,renting_and_returning,lightweight,2,divvy_64604fb583d52662,public_rack,2023-02-08 11:40:22,name_within_150m,matched
gbfs,1806749752967643704,,Public Rack - Ozanam Ave & Devon Ave,41.9969968,-87.8213419,True,renting_and_returning,lightweight,2,divvy_2c425b80c4e36899,public_rack,2023-05-07 17:12:16,name_within_150m,matched
gbfs,1806753661387883394,,Public Rack - Rutherford & 53rd,41.795118,-87.790519,True,renting_and_returning,lightweight,2,divvy_0a54d94b6fda0f7b,public_rack,2023-05-20 16:59:04,name_within_150m,matched
gbfs,1806749735787774448,,Public Rack - Milwaukee Ave & Higgins Ave,41.9685964,-87.7612092,True,renting_and_returning,lightweight,4,divvy_6f3dadb26cc79014,public_rack,2023-05-02 12:40:49,name_within_150m,matched
gbfs,1677249858188875902,,Public Rack - Normal Blvd & 61st Pl,41.782314,-87.637358,True,renting_and_returning,lightweight,2,divvy_43914ab0d046fbb6,public_rack,2023-07-03 01:05:26,name_within_150m,matched
gbfs,1677249849598941300,,Public Rack - Western Ave & 106th St - West,41.701379,-87.681826,True,renting_and_returning,lightweight,1,divvy_8cea6f89bc07fa78,public_rack,2023-04-09 22:02:26,name_within_150m,matched
gbfs,1674190557374589902,,Public Rack - Penn Elementary School / KIPP Ascend Middle School,41.8586742,-87.7223835,True,renting_and_returning,lightweight,4,divvy_f8eff2e05a5f7f0a,public_rack,2022-06-18 22:51:46,name_within_150m,matched
gbfs,1674190239547009450,,Public Rack - Chopin Park,41.942675,-87.761899,True,renting_and_returning,lightweight,1,divvy_fdff18133aa13234,public_rack,2022-06-14 17:20:42,name_within_150m,matched
gbfs,1674190467180276530,,Public Rack - Mackinaw Ave & 106th St,41.702557,-87.542728,True,renting_and_returning,lightweight,1,divvy_8e4eefea02281663,public_rack,2022-10-20 22:28:03,name_within_150m,matched
gbfs,1674190226662107538,,Public Rack - Central Ave & North Ave,41.909414,-87.765817,True,renting_and_returning,lightweight,1,divvy_99f9411225de44e0,public_rack,2022-06-15 22:16:43,name_within_150m,matched
gbfs,2244296306430178920,,North Ave Beach Public Rack - 3,41.9211296,-87.6293063,True,renting_and_returning,lightweight,6,divvy_1ed7eccd579446b6,public_rack,2026-07-24 14:10:32.942000,name_within_150m,matched
gbfs,1674190218072172924,,Public Rack - Calumet Ave & 103rd St,41.707061,-87.615309,True,renting_and_returning,lightweight,1,divvy_2c8007b4a9a3d727,public_rack,2023-08-29 09:41:27,name_within_150m,matched
gbfs,1806753661387883378,,Public Rack - Parkside & 63rd,41.778132,-87.763036,True,renting_and_returning,lightweight,2,divvy_ccf59dcb208c828d,public_rack,2023-05-16 00:21:41,name_within_150m,matched
gbfs,1806753657092916076,,Public Rack - Oketo & Northwest Hwy,42.000333,-87.812447,True,renting_and_returning,lightweight,2,divvy_9b96eb11176d4b3e,public_rack,2023-05-13 12:28:50,name_within_150m,matched
gbfs,1677249780879464466,,Public Rack - Sawyer Ave & Lawrence Ave,41.9683,-87.709435,True,renting_and_returning,lightweight,1,divvy_e8f7b9539f4511bc,public_rack,2022-06-16 18:41:41,name_within_150m,matched
gbfs,1674190338331257438,,Public Rack - Harvey Ave & North Ave,41.909264,-87.782265,True,renting_and_returning,lightweight,3,divvy_fc05437122a21028,public_rack,2022-06-14 16:02:30,name_within_150m,matched
gbfs,1806749731492807132,,Public Rack - Lavergne Ave & Belle Plaine Ave,41.9553079,-87.7517878,True,renting_and_returning,lightweight,3,divvy_6cbc139d777f0c58,public_rack,2023-05-09 15:22:17,name_within_150m,matched
gbfs,1674190415640668886,,Public Rack - Kimbark Ave & 67th St,41.774045,-87.594322,True,renting_and_returning,lightweight,2,divvy_dc3a0e6eb1709ae1,public_rack,2022-09-07 19:18:37,name_within_150m,matched
gbfs,1674190669043739798,,Public Rack - Western Ave & 116th St,41.6824,-87.681048,True,renting_and_returning,lightweight,1,divvy_9a563cd8b1e171c9,public_rack,2022-10-11 08:15:27,name_within_150m,matched
gbfs,1827474409018810998,,Public Rack - Wilbur Wright College North,41.95904,-87.78966,True,renting_and_returning,lightweight,3,divvy_373ac55f91315fda,public_rack,2023-08-20 21:09:02,name_within_150m,matched
gbfs,1806753652797948732,,Public Rack - McVicker & 52nd,41.797981,-87.773241,True,renting_and_returning,lightweight,2,divvy_8186141345ccde99,public_rack,2023-05-15 16:14:59,name_within_150m,matched
gbfs,1695776956346497674,,Public Rack - Normal Ave & 111th St,41.692303,-87.635478,True,renting_and_returning,lightweight,1,divvy_ed4f960939c9c8df,public_rack,2022-07-13 07:55:47,name_within_150m,matched
gbfs,1806753648502981410,,Public Rack - Kimball & Ardmore,41.987024,-87.71397,True,renting_and_returning,lightweight,2,divvy_4a304fed5abdb5eb,public_rack,2023-05-14 07:32:13,name_within_150m,matched
gbfs,2213470279967307076,,Public Rack - Clybourn Ave & Webster Ave,41.92155279,-87.66449674,True,renting_and_returning,lightweight,4,divvy_61c3d39d9246f1b5,public_rack,2026-05-01 17:08:18.570000,name_within_150m,matched
gbfs,1674190437115505410,,Public Rack - Laramie Ave & Belmont Ave,41.9386855,-87.75563,True,renting_and_returning,lightweight,2,divvy_d91d8c4b375da42a,public_rack,2022-06-14 10:07:01,name_within_150m,matched
gbfs,1674190630389034054,,Public Rack - Stony Island Ave & 86th St,41.738473,-87.585851,True,renting_and_returning,lightweight,1,divvy_9a5ef4d96e12ca60,public_rack,2024-10-23 16:37:39.528000,name_within_150m,matched
gbfs,1674190565964524512,,Public Rack - Prairie Ave & 47th St ,41.809497,-87.618997,True,renting_and_returning,lightweight,1,divvy_e04914f2c72b412a,public_rack,2022-09-09 13:59:08,name_within_150m,matched
gbfs,1677249836714039390,,Public Rack - Lawndale Ave & 111th St,41.691501,-87.71332,True,service_restricted,lightweight,1,,,,,no_unambiguous_history_match
gbfs,1806749757262611032,,Public Rack - Ottowa Ave & Touhy Ave,42.0114922,-87.8182017,True,renting_and_returning,lightweight,2,divvy_8cc314f7966d635b,public_rack,2023-05-11 10:08:29,name_within_150m,matched
gbfs,1806753639913046770,,Public Rack - Damen & 81st,41.746488,-87.673132,True,renting_and_returning,lightweight,2,divvy_9b05668fb3bad9d6,public_rack,2023-05-02 12:13:25,name_within_150m,matched
gbfs,2225745981173675730,,Public Rack - Centennial Park North,42.0485144,-87.6736284,False,renting_and_returning,lightweight,12,divvy_ffa380aea9995bb8,public_rack,2026-06-03 18:07:34.201000,name_within_150m,matched
gbfs,1677249772289529870,,Public Rack - Spaulding Ave & Foster Ave,41.975921,-87.710415,True,renting_and_returning,lightweight,1,divvy_e0d634b0dd9401fc,public_rack,2022-06-14 15:04:12,name_within_150m,matched
gbfs,2213470271377372456,,Public Rack - Trebes Park,41.92238502,-87.65825217,True,renting_and_returning,lightweight,4,divvy_3358ad63cc5a9501,public_rack,2026-05-03 17:34:13.472000,name_within_150m,matched
gbfs,2225745977867679000,,Public Rack - Garden Park,42.0294792,-87.6688705,False,renting_and_returning,lightweight,4,divvy_4b109caa37aad442,public_rack,2026-06-10 18:48:21.302000,name_within_150m,matched
gbfs,1806749718607905152,,Public Rack - Pulaski Rd & 85th St,41.7381,-87.721721,True,renting_and_returning,lightweight,2,divvy_3ee29d0d12868f69,public_rack,2023-07-28 01:41:51,name_within_150m,matched
gbfs,1674190419935636184,,Public Rack - King Dr & 83rd St,41.743616,-87.61457,True,renting_and_returning,lightweight,1,divvy_6d7b8fbf69aa7d55,public_rack,2022-10-02 18:55:37,name_within_150m,matched
gbfs,1674190303971519000,,Public Rack - Ewing Ave & Indianapolis Ave,41.712353,-87.53545,True,renting_and_returning,lightweight,1,divvy_caf84c1eda8a1e57,public_rack,2023-05-08 22:09:02,name_within_150m,matched
gbfs,1695776944055742932,,Public Rack - Laporte Ave & Armitage Ave,41.917047,-87.750008,True,renting_and_returning,lightweight,2,divvy_9fec22f57124de4a,public_rack,2022-08-08 13:13:58,name_within_150m,matched
gbfs,1674190334036290136,,Public Rack - Harper Ave & 63rd St,41.780728,-87.587566,True,renting_and_returning,lightweight,6,divvy_a00c06fa1d6586cc,public_rack,2022-09-17 06:53:57,name_within_150m,matched
gbfs,1674190359806093962,,Public Rack - Justine St & 87th St,41.736019,-87.66243,True,renting_and_returning,lightweight,1,divvy_d3fbb6e496566c74,public_rack,2023-02-24 23:51:07,name_within_150m,matched
gbfs,1806753652797948728,,Public Rack - Mango & Higgins,41.971722,-87.772288,True,renting_and_returning,lightweight,2,divvy_a732f30ec69809c3,public_rack,2023-05-07 17:55:53,name_within_150m,matched
gbfs,1674190484360145746,,Public Rack - Menard Ave & Agusta Blvd,41.898333,-87.770501,True,renting_and_returning,lightweight,1,divvy_40b54fa780e2f850,public_rack,2022-09-10 00:51:25,name_within_150m,matched
gbfs,1674190527309818770,,Public Rack - Nagle Ave & Belmont Ave,41.938201,-87.787415,True,renting_and_returning,lightweight,1,divvy_f8d1bacb57335f55,public_rack,2022-09-06 16:13:46,name_within_150m,matched
gbfs,1677249789469399070,,Public Rack - Grand Ave & North Ave,41.909614,-87.734722,True,renting_and_returning,lightweight,2,divvy_04c3139c278db9c5,public_rack,2022-06-15 17:35:30,name_within_150m,matched
gbfs,1806753638588148344,,Public Rack - Hamlin & 72nd,41.762566,-87.717515,True,renting_and_returning,lightweight,2,divvy_f951edcf05d6bf74,public_rack,2023-07-27 22:43:56,name_within_150m,matched
gbfs,1674190351216159354,,Public Rack - Indiana Ave & 111th St,41.692535,-87.617711,True,renting_and_returning,lightweight,9,divvy_f6749d876b616251,public_rack,2023-02-16 16:03:45,name_within_150m,matched
gbfs,1674190278201715174,,Public Rack - Damen Ave & 80th St,41.748301,-87.673213,True,renting_and_returning,lightweight,2,divvy_327f02eb2bf7a8bd,public_rack,2022-09-10 22:46:27,name_within_150m,matched
gbfs,1806749748672676390,,Public Rack - Peterson Ave & Milwaukee Ave,41.989826,-87.780929,True,renting_and_returning,lightweight,2,divvy_5eacd67d157bb1b4,public_rack,2023-05-07 20:42:03,name_within_150m,matched
gbfs,1806753631323112140,,Public Rack - Avers & Lawrence,41.96842,-87.72446,True,renting_and_returning,lightweight,2,divvy_9e9495b9d5f07810,public_rack,2023-05-04 08:50:29,name_within_150m,matched
gbfs,2101023511569621042,,Waveland/Racine Corral,41.9488214,-87.6592823,True,renting_and_returning,lightweight,120,divvy_670c731c2be45f9e,station,2025-07-02 18:13:24.603000,name_within_150m,matched
gbfs,1674190295381584392,,Public Rack - Ewing Ave & 101st St,41.7117328,-87.5350591,True,renting_and_returning,lightweight,1,divvy_7a46494805624737,public_rack,2022-09-11 17:13:28,name_within_150m,matched
gbfs,1715846714090947442,,Public Rack - Pulaski Rd & Grenshaw St,41.8670279,-87.7254644,True,renting_and_returning,lightweight,1,divvy_51cf0c129b718530,public_rack,2022-09-01 18:45:25,name_within_150m,matched
gbfs,1806753652797948750,,Public Rack - Nagel & Higgins,41.976312,-87.78764,True,renting_and_returning,lightweight,2,divvy_82e0ca295275be99,public_rack,2023-05-03 14:53:13,name_within_150m,matched
gbfs,2213470271403603110,,Public Rack - Ogden Ave & Monroe St,41.88001378,-87.66761091,True,renting_and_returning,lightweight,4,divvy_f695aa98a7204bce,public_rack,2026-05-01 17:07:15.770000,name_within_150m,matched
gbfs,1695776978415481326,,Public Rack - Ave L & 105th St,41.703542,-87.536634,True,renting_and_returning,lightweight,1,divvy_1e0a4b77b97e6af5,public_rack,2022-08-12 18:30:22,name_within_150m,matched
gbfs,1683527972235589660,,Public Rack - Western Ave & Devon Ave,41.997579,-87.689713,True,renting_and_returning,lightweight,1,divvy_f941fe71faf1cf04,public_rack,2022-06-10 22:28:38,name_within_150m,matched
gbfs,1674190437115505406,,Public Rack - Langley Ave & 79th St,41.751103,-87.607432,True,renting_and_returning,lightweight,2,divvy_811514804e60aef1,public_rack,2022-09-08 16:20:16,name_within_150m,matched
gbfs,1677249776584497168,,Public Rack - Christiana Ave & Lawrence Ave,41.968547,-87.712582,True,renting_and_returning,lightweight,2,divvy_d7572d3760391195,public_rack,2022-06-14 19:20:51,name_within_150m,matched
gbfs,1674190467180276528,,Public Rack - Lowell Ave & Elston Ave,41.96614,-87.737,True,renting_and_returning,lightweight,1,divvy_85714a8d7a1dc08c,public_rack,2022-06-15 08:51:57,name_within_150m,matched
gbfs,1683527935820123118,,Public Rack - Exchange Ave & 73rd Pl,41.76261263,-87.56381871,True,renting_and_returning,lightweight,1,divvy_e3f2056b6a89df27,public_rack,2022-06-12 13:23:35,name_within_150m,matched
gbfs,1674190664748772492,,Public Rack - Western Ave & 105th St,41.702609,-87.681492,True,renting_and_returning,lightweight,2,divvy_66ed122828efe312,public_rack,2022-09-10 19:02:55,name_within_150m,matched
gbfs,2204963862079335366,,Public Rack - Oakley Blvd & Grand Ave,41.890651,-87.684103,True,renting_and_returning,lightweight,4,divvy_331c593fba833d50,public_rack,2026-04-09 08:56:00.021000,name_within_150m,matched
gbfs,1674190312561453616,,Public Rack - Halsted St & 64th St,41.777436,-87.644535,True,renting_and_returning,lightweight,2,divvy_2e6a9197bc131675,public_rack,2022-09-13 09:52:25,name_within_150m,matched
gbfs,1674190445705440012,,Public Rack - Lawndale Ave & Diversey Ave,41.931702,-87.719254,True,renting_and_returning,lightweight,1,divvy_98356c57aae6a544,public_rack,2022-06-14 14:39:54,name_within_150m,matched
gbfs,1674190458590341928,,Public Rack - Lotus Ave & Harrison St,41.87298,-87.763267,True,renting_and_returning,lightweight,1,divvy_150e5e9d8bb00289,public_rack,2022-08-02 20:14:07,name_within_150m,matched
gbfs,1806753639913046782,,Public Rack - Harlem & Palatine,41.995502,-87.806967,True,renting_and_returning,lightweight,2,divvy_55ed73151eb68a06,public_rack,2023-05-04 17:52:18,name_within_150m,matched
gbfs,1674190402755766970,,Public Rack - Keeler Ave & 55th St,41.79304,-87.728214,True,renting_and_returning,lightweight,1,divvy_47a2306aaf6f6feb,public_rack,2022-10-15 08:10:57,name_within_150m,matched
gbfs,1673852330577033842,,Public Rack - Rockwell Ave & Touhy Ave ,42.012344,-87.695383,True,renting_and_returning,lightweight,2,divvy_616c5ef7c614dac9,public_rack,2022-06-14 14:29:32,name_within_150m,matched
gbfs,2225745978472628894,,Public Rack - South Boulevard Beach,42.027305,-87.6683105,False,renting_and_returning,lightweight,6,divvy_ed56e99761310fe1,public_rack,2026-06-04 08:42:28.598000,name_within_150m,matched
gbfs,1806749722902872480,,Public Rack - 63rd St & Meade Ave,41.778672,-87.7748374,True,renting_and_returning,lightweight,2,divvy_eec4b32fe54436fc,public_rack,2025-03-29 16:35:05.553000,name_within_150m,matched
gbfs,1674190660453805190,,Public Rack - Western Ave & 104th St - East,41.704366,-87.681733,True,renting_and_returning,lightweight,2,divvy_3c401a2f209b935c,public_rack,2022-09-11 16:31:53,name_within_150m,matched
gbfs,1674190162237597978,,Public Rack - Ashland Ave & 46th St,41.810537,-87.665404,True,renting_and_returning,lightweight,1,divvy_7b8c8cfede57433e,public_rack,2023-06-26 14:57:02,name_within_150m,matched
gbfs,1674190510129949562,,Public Rack - Morgan St & 103rd St,41.706657,-87.647476,True,renting_and_returning,lightweight,2,divvy_158183556e6baae7,public_rack,2024-11-12 18:53:43.715000,name_within_150m,matched
gbfs,1674190591734328326,,Public Rack - Racine Ave & 83rd St,41.743367,-87.653661,True,renting_and_returning,lightweight,1,divvy_90936ddebaf224ee,public_rack,2023-09-12 09:42:10,name_within_150m,matched
gbfs,1806753639913046774,,Public Rack - Delphina & Foster,41.9736,-87.841098,True,renting_and_returning,lightweight,2,divvy_b22239e2e688c078,public_rack,2023-05-03 20:27:20,name_within_150m,matched
gbfs,1674190329741322832,,Public Rack - Hamlin Ave & Grand Ave,41.903738,-87.720287,True,renting_and_returning,lightweight,3,divvy_4a71c4aee255bce5,public_rack,2022-06-14 18:06:11,name_within_150m,matched
gbfs,1695777002429618978,,Public Rack - Ashland Ave & 83rd St,41.742715,-87.663551,True,renting_and_returning,lightweight,1,divvy_c71be3b7f40adc4c,public_rack,2022-08-11 19:39:54,name_within_150m,matched
gbfs,2244296306710315910,,Theater on the Lake Public Rack - North ,41.9275216,-87.6307031,True,renting_and_returning,lightweight,6,divvy_9ac6eafc45e7cf6e,public_rack,2026-07-24 16:12:37.453000,name_within_150m,matched
gbfs,2101023507744358674,,Addison/Sheffield SE Corral,41.9470281,-87.654252,True,renting_and_returning,lightweight,120,divvy_511acd95d04935a3,station,2025-07-02 18:40:26.522000,name_within_150m,matched
gbfs,1715846691563848024,,Public Rack - Division St & Christiana Ave,41.90254,-87.71085,True,renting_and_returning,lightweight,2,divvy_52485ef889ffc0c6,public_rack,2022-08-31 12:39:10,name_within_150m,matched
gbfs,1674190145057728766,,Public Rack - Abbott Park,41.721696,-87.622278,True,renting_and_returning,lightweight,2,divvy_12425d9eb525407e,public_rack,2022-09-18 00:11:03,name_within_150m,matched
gbfs,2213470275672339772,,Public Rack - Sheffield Ave & Belden Ave,41.92335973,-87.65362626,True,renting_and_returning,lightweight,4,divvy_dc3c8ad5c41d843f,public_rack,2026-05-02 18:29:31.453000,name_within_150m,matched
gbfs,1806749747347777950,,Public Rack - Haft Ave & Milwaukee Ave,41.9955785,-87.7863994,True,renting_and_returning,lightweight,2,divvy_505e1947f125cec5,public_rack,2023-05-05 16:02:25,name_within_150m,matched
gbfs,1674190239547009454,,Public Rack - Christiana Ave & 55th St,41.793307,-87.707702,True,renting_and_returning,lightweight,1,divvy_e40dfbea96cbf21e,public_rack,2022-11-29 03:49:09,name_within_150m,matched
gbfs,1806749731492807146,,Public Rack - Mont Clare Ave & Higgins Ave,41.980602,-87.804963,True,renting_and_returning,lightweight,2,divvy_7ad63242397b9abe,public_rack,2023-05-05 22:57:06,name_within_150m,matched
gbfs,1677249810944235574,,Public Rack - Racine Ave & 109th Pl,41.694835,-87.653041,True,renting_and_returning,lightweight,1,divvy_52477c6fdab4e81a,public_rack,2022-09-07 23:08:16,name_within_150m,matched
gbfs,1674190381280930476,,Public Rack - Kedzie Ave & 64th St - SW,41.777031,-87.703223,True,renting_and_returning,lightweight,2,divvy_5e851259a6b48fff,public_rack,2022-09-08 17:01:42,name_within_150m,matched
gbfs,1674190484360145738,,Public Rack - Melvina Ave & Belmont Ave,41.9384207,-87.7813896,True,renting_and_returning,lightweight,1,divvy_5e71aa922e963540,public_rack,2022-06-17 18:56:27,name_within_150m,matched
gbfs,2213470262787437822,,Public Rack - Wells St & Monroe St,41.8806039,-87.63357568,True,renting_and_returning,lightweight,4,divvy_865c382d74a9b080,public_rack,2026-05-01 16:15:40.516000,name_within_150m,matched
gbfs,1683527950760754170,,Public Rack - Langley Ave & Oakwood Blvd,41.822839,-87.609525,True,renting_and_returning,lightweight,2,divvy_96b802eb43be6734,public_rack,2022-06-05 19:40:43,name_within_150m,matched
gbfs,1674190291086617084,,Public Rack - Ellis Ave & Doty Ave,41.659119,-87.597052,True,renting_and_returning,lightweight,2,divvy_d47288d53199a9fb,public_rack,2022-12-31 12:44:20,name_within_150m,matched
gbfs,1674190243841976758,,Public Rack - Cicero Ave & Cortland St - midblock,41.91582,-87.746074,True,renting_and_returning,lightweight,2,divvy_62b5e936b746e0a2,public_rack,2022-06-15 12:49:34,name_within_150m,matched
gbfs,1674190209482238320,,Public Rack - California Ave & Cortez St,41.900105,-87.696817,True,renting_and_returning,lightweight,2,divvy_daeff0eaf803d650,public_rack,2022-06-14 17:22:09,name_within_150m,matched
gbfs,2213470262787437820,,Public Rack - Halsted St Metra Station,41.86043539,-87.64683102,True,renting_and_returning,lightweight,4,divvy_b2e6c4145bf2c417,public_rack,2026-05-01 18:22:19.828000,name_within_150m,matched
gbfs,1674190265316813264,,Public Rack - Cottage Grove & 86th St,41.738409,-87.604822,True,renting_and_returning,lightweight,1,divvy_cf380af0d0f0d854,public_rack,2022-09-08 21:52:37,name_within_150m,matched
gbfs,1806749727197839822,,Public Rack - Irving Park Rd & Austin Ave,41.953139,-87.777118,True,renting_and_returning,lightweight,4,divvy_1b939f6df06c1218,public_rack,2023-05-04 16:34:49,name_within_150m,matched
gbfs,2213470279967307074,,Public Rack - Southport Ave & Fullteron Ave,41.92509658,-87.66323499,True,renting_and_returning,lightweight,4,divvy_0c3c8645e911cfeb,public_rack,2026-05-01 17:53:24.043000,name_within_150m,matched
gbfs,1695776968069880576,,Public Rack - Princeton Ave & 103rd Pl,41.70633,-87.630936,True,renting_and_returning,lightweight,1,divvy_1e9b3996cdfd74f3,public_rack,2024-11-12 21:38:56.521000,name_within_150m,matched
gbfs,1695780078787721704,,Public Rack - Peterson Ave & Bernard Ave,41.990234,-87.715634,True,renting_and_returning,lightweight,1,divvy_a0557087b6b9eb0a,public_rack,2022-07-21 10:53:53,name_within_150m,matched
gbfs,1715846688321143646,,Public Rack - Grand Ave & Lawndale Ave,41.9035,-87.7204,True,renting_and_returning,lightweight,2,divvy_9f14a9502118e7db,public_rack,2022-08-31 11:48:40,name_within_150m,matched
gbfs,1674190450000407316,,Public Rack - Linder Ave & 51st St,41.799463,-87.759848,True,renting_and_returning,lightweight,2,divvy_dea607f0236a15be,public_rack,2024-06-17 11:30:23.252000,name_within_150m,matched
gbfs,1674190385575897778,,Public Rack - Kedzie Ave & Arthington St,41.8700949,-87.7062429,True,renting_and_returning,lightweight,1,divvy_c572709c2213338d,public_rack,2022-07-02 20:30:40,name_within_150m,matched
gbfs,1674190355511126652,,Public Rack - James Madison School,41.759876,-87.590638,True,renting_and_returning,lightweight,2,divvy_ef07a3d6996533a3,public_rack,2023-02-12 09:47:35,name_within_150m,matched
gbfs,1674190544489687990,,Public Rack - Oleander Ave & Addison St,41.944983,-87.815865,True,renting_and_returning,lightweight,3,divvy_8eebccbcf7d9ec76,public_rack,2022-10-07 08:31:20,name_within_150m,matched
gbfs,1715823805474202572,,Public Rack - Kedzie Ave & 60th St,41.785235,-87.703131,True,renting_and_returning,lightweight,1,divvy_679eb8a6aa309e66,public_rack,2022-08-30 08:59:55,name_within_150m,matched
gbfs,1674190677633674406,,Public Rack - William Rainey Harper High School,41.775267,-87.669156,True,renting_and_returning,lightweight,2,divvy_b5bab0bb87191685,public_rack,2024-10-12 15:22:58.707000,name_within_150m,matched
gbfs,1677249845303973992,,Public Rack - Western Ave & 111th St - SE,41.691665,-87.681022,True,renting_and_returning,lightweight,1,divvy_f1acb645b91f4701,public_rack,2023-01-15 20:22:39,name_within_150m,matched
gbfs,1674190346921192042,,Public Rack - Honore St & 87th St - SE,41.735485,-87.668889,True,renting_and_returning,lightweight,1,divvy_3ee89746293dd3dd,public_rack,2023-05-21 22:29:20,name_within_150m,matched
gbfs,1677249853893908602,,Public Rack - Prairie Ave & Garfield Blvd S,41.794344,-87.619062,True,renting_and_returning,lightweight,10,divvy_a8f19336b0d65881,public_rack,2023-04-11 19:05:22,name_within_150m,matched
gbfs,1674190548784655294,,Public Rack - Park Manor Elementary School,41.766863,-87.611467,True,renting_and_returning,lightweight,3,divvy_1e411a9694a24072,public_rack,2024-09-10 18:39:13.773000,name_within_150m,matched
gbfs,1695776989544717076,,Public Rack - Langley Ave & 87th St,41.735828,-87.606981,True,renting_and_returning,lightweight,1,divvy_b9a7885e0b7ced25,public_rack,2022-08-20 18:20:14,name_within_150m,matched
gbfs,1806749731492807138,,Public Rack - Montrose Ave & Lavergne Ave,41.960607,-87.7516346,True,renting_and_returning,lightweight,4,divvy_b3622a31a9fc11cb,public_rack,2023-07-15 19:38:09,name_within_150m,matched
gbfs,1715823812554906162,,Public Rack - Kedzie Ave & 62nd Pl,41.780148,-87.703338,True,renting_and_returning,lightweight,1,divvy_e802faf6bc6dc40b,public_rack,2022-09-01 14:51:38,name_within_150m,matched
gbfs,1806753652797948730,,Public Rack - Mason & Archer,41.79456,-87.77092,True,renting_and_returning,lightweight,2,divvy_aaed6fbb31826e65,public_rack,2023-05-09 13:23:06,name_within_150m,matched
gbfs,1806753661387883384,,Public Rack - Pulaski & 74th,41.757262,-87.722366,True,renting_and_returning,lightweight,2,divvy_cd24299c14c6f7ef,public_rack,2023-05-08 16:10:09,name_within_150m,matched
gbfs,1674190574554459116,,Public Rack - Pulaski & 52nd,41.797244,-87.723377,True,renting_and_returning,lightweight,1,divvy_0bbb366f206c9637,public_rack,2022-09-20 20:42:17,name_within_150m,matched
gbfs,1674190329741322836,,Public Rack - Harding Ave & 47th St,41.807749,-87.722579,True,renting_and_returning,lightweight,1,divvy_df24e711748c7901,public_rack,2022-09-17 11:46:11,name_within_150m,matched
gbfs,1683527933580884970,,Public Rack - Eberhart Ave & 61st St,41.783745,-87.612919,True,renting_and_returning,lightweight,1,divvy_0885a9c4d97d1f00,public_rack,2022-06-09 15:13:44,name_within_150m,matched
gbfs,1436495122378528446,,Paulina St & Lincoln Ave Public Rack,41.943838,-87.671469,True,renting_and_returning,lightweight,8,divvy_dd29599595bb2bf0,public_rack,2026-01-26 06:01:59.244000,name_within_150m,matched
gbfs,1806749727197839818,,Public Rack - Menard Ave & Leland Ave,41.965413,-87.772424,True,renting_and_returning,lightweight,4,divvy_90f67283e24cec41,public_rack,2023-11-07 10:24:30,name_within_150m,matched
gbfs,1806753648502981418,,Public Rack - Lavergne & Lawrence,41.967912,-87.752496,True,renting_and_returning,lightweight,2,divvy_2f079480c480064a,public_rack,2023-05-05 07:56:47,name_within_150m,matched
gbfs,1806753657092916058,,Public Rack - Neola & Northwest Hwy,41.990327,-87.795356,True,renting_and_returning,lightweight,2,divvy_d3e7a1739b79d882,public_rack,2023-05-09 15:15:11,name_within_150m,matched
gbfs,1674190149352696064,,Public Rack - Ada St & 117th St,41.681128,-87.655064,True,renting_and_returning,lightweight,1,divvy_e5e85afe28236e17,public_rack,2024-03-25 15:14:30,name_within_150m,matched
gbfs,1806749752967643692,,Public Rack - Pulaski Rd & Stevens Ave,41.9910862,-87.729231,True,renting_and_returning,lightweight,2,divvy_71598850cff1799e,public_rack,2023-06-09 21:04:49,name_within_150m,matched
gbfs,1695776963774913278,,Public Rack - Union Ave & 111th St,41.692232,-87.640609,True,renting_and_returning,lightweight,1,divvy_e5e385a11f5a5d06,public_rack,2022-07-22 10:22:00,name_within_150m,matched
gbfs,1674190604619230232,,Public Rack - Sacramento Ave & Greenleaf Ave,42.009458,-87.704666,True,renting_and_returning,lightweight,6,divvy_67b5e58e7392667e,public_rack,2022-06-17 15:38:08,name_within_150m,matched
gbfs,1674190583144393720,,Public Rack - Pulaski Rd & 51st Rd,41.800111,-87.723537,True,renting_and_returning,lightweight,1,divvy_6068eecf8a9ce74d,public_rack,2022-09-14 11:18:00,name_within_150m,matched
gbfs,1674190638978968664,,Public Rack - Vincennes Ave & 87th St,41.735607,-87.645345,True,renting_and_returning,lightweight,1,divvy_778dc06c96ab29bd,public_rack,2023-08-27 09:31:59,name_within_150m,matched
gbfs,1677249793764366368,,Public Rack - Kildare Ave & Division Ave,41.902405,-87.732699,True,renting_and_returning,lightweight,1,divvy_4d82ba366f25b701,public_rack,2022-10-11 12:18:29,name_within_150m,matched
gbfs,1806749718607905164,,Public Rack - 83rd Pl & Kedzie Ave N,41.7417227,-87.702287,True,renting_and_returning,lightweight,2,divvy_6267adf3c0c5e6dc,public_rack,2023-05-20 13:53:07,name_within_150m,matched
gbfs,1674190454295374616,,Public Rack - Linder Ave & Belmont Ave,41.938743,-87.763298,True,renting_and_returning,lightweight,2,divvy_2c702750d7721f32,public_rack,2022-06-18 02:13:53,name_within_150m,matched
gbfs,1674190183712434502,,Public Rack - Avenue O & 118th St,41.681136,-87.54029,True,renting_and_returning,lightweight,1,divvy_6c7dc993a3a132d8,public_rack,2024-09-04 08:48:20.514000,name_within_150m,matched
gbfs,1674190608914197536,,Public Rack - Sawyer Ave & 111th St,41.691411,-87.70229,True,renting_and_returning,lightweight,1,divvy_aca1724d16b4d341,public_rack,2024-11-13 00:28:01.625000,name_within_150m,matched
gbfs,1674190484360145744,,Public Rack - Menard Ave & Adams Blvd,41.877684,-87.769356,True,renting_and_returning,lightweight,2,divvy_81d7754579cb5236,public_rack,2022-09-05 15:27:22,name_within_150m,matched
gbfs,1806749744377709078,,Public Rack - William J Onahan Public School,41.993771,-87.7925631,True,renting_and_returning,lightweight,4,divvy_476064eeb89c3848,public_rack,2023-05-07 13:02:57,name_within_150m,matched
gbfs,1674190677633674408,,Public Rack - Winchester Ave & 87th St,41.735989,-87.672181,True,renting_and_returning,lightweight,1,divvy_0630c8522b62a76f,public_rack,2023-05-16 13:54:54,name_within_150m,matched
gbfs,2204963868444010562,,Public Rack - Racine Ave & Nelson St,41.93726,-87.658981,True,renting_and_returning,lightweight,4,divvy_1302d74de7df83ef,public_rack,2026-04-08 18:54:15.466000,name_within_150m,matched
gbfs,1695780083082689004,,Public Rack - Foster Ave & Drake Ave,41.975563,-87.717352,True,renting_and_returning,lightweight,2,divvy_e8cde9e801963199,public_rack,2022-07-07 15:05:36,name_within_150m,matched
gbfs,1677249841009006694,,Public Rack - Homewood Ave & Monterey Ave,41.691691,-87.670161,True,renting_and_returning,lightweight,1,divvy_835dfaf121b4d86c,public_rack,2024-07-30 16:08:47.008000,name_within_150m,matched
gbfs,2225745976878708426,,Public Rack - Elliott Park,42.0377042,-87.6701174,False,renting_and_returning,lightweight,10,divvy_3fe52bf549dae84c,public_rack,2026-06-07 14:01:24.218000,name_within_150m,matched
gbfs,1674190651863870574,,Public Rack - Washtenaw Ave & 63rd St,41.77924,-87.691116,True,renting_and_returning,lightweight,2,divvy_a71cdd3f419783ac,public_rack,2023-07-08 20:05:42,name_within_150m,matched
gbfs,1715823812554906158,,Public Rack - Homan Ave & 62nd Pl,41.779668,-87.707834,True,renting_and_returning,lightweight,1,divvy_38197c264973489f,public_rack,2023-01-04 17:39:49,name_within_150m,matched
gbfs,2213470267108635810,,Public Rack - Michigan Ave & Delaware Pl,41.89915253,-87.62377649,True,renting_and_returning,lightweight,4,divvy_bf614dda1e6fb674,public_rack,2026-05-02 16:02:03.990000,name_within_150m,matched
gbfs,1683527963645655060,,Public Rack - State ST & 42nd St,41.819067,-87.626417,True,renting_and_returning,lightweight,1,divvy_a6844ed33783373d,public_rack,2022-06-03 17:06:30,name_within_150m,matched
gbfs,1677249819534170178,,Public Rack - Drexel Ave & 87th St,41.736783,-87.602241,True,renting_and_returning,lightweight,1,divvy_485f3ca20dabfff7,public_rack,2025-03-29 09:52:23.032000,name_within_150m,matched
gbfs,1806753657092916064,,Public Rack - Nordica & Archer,41.792212,-87.797662,True,renting_and_returning,lightweight,2,divvy_d03c471ad3223e80,public_rack,2023-05-05 15:07:53,name_within_150m,matched
gbfs,1674190677633674404,,Public Rack - Whipple St & 26th St,41.843636,-87.701931,True,renting_and_returning,lightweight,2,divvy_67e5239650311ec3,public_rack,2022-06-18 12:27:18,name_within_150m,matched
gbfs,1806749744377709072,,Public Rack - Kimball Ave & Lawrence Ave,41.9679125,-87.7134353,True,renting_and_returning,lightweight,2,divvy_9b4c8650f1277303,public_rack,2023-05-04 20:40:00,name_within_150m,matched
gbfs,1674190325446355532,,Public Rack - Hamlin Ave & Fullerton Ave,41.924319,-87.721446,True,renting_and_returning,lightweight,2,divvy_9dc03b10d55f58e2,public_rack,2022-06-14 15:51:27,name_within_150m,matched
gbfs,1806749727197839814,,Public Rack - Leland Ave & Melvina Ave,41.9658376,-87.7822336,True,renting_and_returning,lightweight,4,divvy_ec5c63e310b92a9d,public_rack,2023-05-06 16:39:59,name_within_150m,matched
gbfs,1806753631323112124,,Public Rack - Artesian & 71st,41.764748,-87.684669,True,renting_and_returning,lightweight,2,divvy_d085b08e4174c901,public_rack,2023-05-16 07:00:45,name_within_150m,matched
gbfs,1674190273906747868,,Public Rack - Cottage Grove Ave & 91st St,41.72951,-87.603739,True,renting_and_returning,lightweight,1,divvy_2162e5c855fa27c3,public_rack,2023-12-13 13:05:56,name_within_150m,matched
gbfs,1827484051430132398,,Public Rack - Wrightwood Metra Station,41.74891,-87.7037,True,renting_and_returning,lightweight,2,divvy_a730c341bb325277,public_rack,2023-07-03 04:11:15,name_within_150m,matched
gbfs,1683527927230188514,,Public Rack - 53rd St & Indiana Ave,41.798015,-87.620745,True,renting_and_returning,lightweight,1,divvy_45abb1a7d41e6e9c,public_rack,2022-07-31 13:51:53,name_within_150m,matched
gbfs,1591541115825893018,,Hubbard St Depot Public Rack,41.8897772,-87.680351,True,renting_and_returning,lightweight,40,,,,,no_unambiguous_history_match
gbfs,1677249828124104788,,Public Rack - Ingleside Ave & 79th St,41.751448,-87.601136,True,renting_and_returning,lightweight,1,divvy_af86409a22e2b0bd,public_rack,2024-04-05 17:24:26,name_within_150m,matched
gbfs,1683527963645655062,,Public Rack - Stony Island & 87th St,41.7367,-87.585815,True,renting_and_returning,lightweight,1,divvy_7afd8aaf4a4ed80b,public_rack,2022-07-04 17:02:42,name_within_150m,matched
gbfs,1674190432820538108,,Public Rack - Langley Ave & 105th Pl,41.702472,-87.606477,True,renting_and_returning,lightweight,2,divvy_3c4718488b56a5a9,public_rack,2023-03-24 00:09:07,name_within_150m,matched
gbfs,1806749744377709066,,Public Rack - Springfield Ave & Lawrence Ave,41.9683986,-87.7256873,True,renting_and_returning,lightweight,2,divvy_b87b6fdf0fdc9b3e,public_rack,2023-05-05 19:23:15,name_within_150m,matched
gbfs,1806749757262611018,,Public Rack - Devon Ave & Kinzua Ave,41.997459,-87.764556,True,renting_and_returning,lightweight,2,divvy_0f30d75e74085641,public_rack,2023-06-21 17:39:42,name_within_150m,matched
gbfs,1674190651863870582,,Public Rack - Wentworth Ave & 103rd St,41.707257,-87.627826,True,renting_and_returning,lightweight,1,divvy_657a4a61e7b2dc61,public_rack,2022-09-23 09:31:08,name_within_150m,matched
gbfs,1674190660453805192,,Public Rack - Western Ave & 104th St - West,41.703952,-87.681953,True,renting_and_returning,lightweight,2,divvy_1463b55cc80eeab0,public_rack,2022-09-22 17:34:17,name_within_150m,matched
gbfs,1674190368396028570,,Public Rack - Kedzie & 103rd St - W,41.705247,-87.701424,True,renting_and_returning,lightweight,1,divvy_e6168fbfd2bfc4f2,public_rack,2022-09-15 18:04:58,name_within_150m,matched
gbfs,1677249853893908600,,Public Rack - Yates Blvd & Exchange Ave,41.765088,-87.565918,True,renting_and_returning,lightweight,2,divvy_eeab54d2c134ac6c,public_rack,2023-06-20 20:15:26,name_within_150m,matched
gbfs,1715846713038684536,,Public Rack - Kedvale Ave & 26th St,41.844265,-87.728103,True,renting_and_returning,lightweight,1,divvy_4e1b49fc797e3471,public_rack,2022-08-31 10:49:04,name_within_150m,matched
gbfs,1715846701206045544,,Public Rack - Garfield Park Conservatory,41.88658,-87.716646,True,renting_and_returning,lightweight,2,divvy_d564f366bc07ff0f,public_rack,2022-11-03 19:16:42,name_within_150m,matched
gbfs,1695776991300383222,,Public Rack - Western Ave & 110th St,41.69442,-87.681547,True,renting_and_returning,lightweight,3,divvy_d3520545a1bc3a37,public_rack,2022-07-12 17:30:52,name_within_150m,matched
gbfs,1683527948705025022,,Public Rack - Kostner Ave & 16th St,41.8588018,-87.7343019,True,renting_and_returning,lightweight,1,divvy_c4951d0b8887b07e,public_rack,2022-06-18 20:05:41,name_within_150m,matched
gbfs,2244296311710989508,,Theater on the Lake Public Rack - South,41.9265258,-87.6306173,True,renting_and_returning,lightweight,10,divvy_a75855efa55201ba,public_rack,2026-07-23 20:06:14.588000,name_within_150m,matched
gbfs,2101023507744358676,,Addison/Racine Corral,41.9470683,-87.6593535,True,renting_and_returning,lightweight,120,divvy_5147a5dcdf445124,station,2025-07-02 17:32:40.316000,name_within_150m,matched
gbfs,1806749748672676382,,Public Rack - Natoma Ave & Bryn Mawr Ave,41.982886,-87.790461,True,renting_and_returning,lightweight,2,divvy_6fb6f089b7889909,public_rack,2023-05-05 16:36:01,name_within_150m,matched
gbfs,1674190218072172928,,Public Rack - Calumet Ave & 51st St,41.802221,-87.618457,True,renting_and_returning,lightweight,1,divvy_8952e97a123eddf3,public_rack,2022-09-07 08:13:07,name_within_150m,matched
gbfs,1674190213777205626,,Public Rack - California Ave & Pershing Rd,41.822632,-87.695024,True,renting_and_returning,lightweight,10,divvy_5ef842f231aae2bd,public_rack,2022-09-08 20:06:26,name_within_150m,matched
gbfs,1677249785174431768,,Public Rack - Kedvale Ave & Addison St,41.947174,-87.730837,True,renting_and_returning,lightweight,2,divvy_5c0de6eb9b51d9dc,public_rack,2022-06-15 14:40:13,name_within_150m,matched
gbfs,1674190544489687992,,Public Rack - Orville T Bright School,41.700168,-87.562148,True,renting_and_returning,lightweight,2,divvy_1c1a0dbad89bfdee,public_rack,2024-09-09 08:42:26.434000,name_within_150m,matched
gbfs,1674190183712434508,,Public Rack - Avers Ave & Ogden Ave,41.852642,-87.72103,True,renting_and_returning,lightweight,2,divvy_655102040122476b,public_rack,2022-06-18 10:13:41,name_within_150m,matched
gbfs,1683527959350687758,,Public Rack - South Shore Dr & 71st St,41.766206,-87.562789,True,renting_and_returning,lightweight,2,divvy_7d8f39a3d9c031ae,public_rack,2022-06-08 21:19:30,name_within_150m,matched
gbfs,1674190286791649784,,Public Rack - Eli Whitney Public School,41.840249,-87.725472,True,renting_and_returning,lightweight,1,divvy_b377b304298cf27d,public_rack,2022-06-15 23:24:24,name_within_150m,matched
gbfs,1674190286791649782,,Public Rack - Eggleston Ave & 92nd St,41.726182,-87.63466,True,renting_and_returning,lightweight,2,divvy_841fee98b4155c32,public_rack,2024-11-12 17:54:28.831000,name_within_150m,matched
gbfs,1806753648502981414,,Public Rack - Kostner & Bryn Mawr,41.982741,-87.737548,True,renting_and_returning,lightweight,2,divvy_c14b9dca8a636a76,public_rack,2023-05-05 15:36:10,name_within_150m,matched
gbfs,2213470267082405138,,Public Rack - Wabash Ave & Chicago Ave,41.89678902,-87.62644291,True,renting_and_returning,lightweight,4,divvy_965c783788211bb7,public_rack,2026-05-03 16:59:30.482000,name_within_150m,matched
gbfs,1674190424230603490,,Public Rack - Kostner Ave & North Ave,41.908816,-87.736463,True,renting_and_returning,lightweight,2,divvy_73f62aa9d21b8d47,public_rack,2022-06-14 14:12:56,name_within_150m,matched
gbfs,1806749744377709062,,Public Rack - Elston Ave & Kenneth Ave,41.9676176,-87.7395673,True,renting_and_returning,lightweight,2,divvy_8445b8572ea91ba8,public_rack,2023-05-02 07:47:56,name_within_150m,matched
gbfs,1674190162237597976,,Public Rack - Ashland Ave & 45th St  S,41.811169,-87.66474,True,renting_and_returning,lightweight,1,divvy_009745746cbfc555,public_rack,2022-09-06 15:32:14,name_within_150m,matched
gbfs,1806749757262611026,,Public Rack - Leoti Ave & Central Ave (south),41.998324,-87.763384,True,renting_and_returning,lightweight,4,divvy_65413b2a3ccfc7bf,public_rack,2023-05-12 07:42:16,name_within_150m,matched
gbfs,1674190467180276532,,Public Rack - Mackinaw Ave & 108th St,41.699008,-87.542833,True,renting_and_returning,lightweight,1,divvy_1ca1935cdb37d2b9,public_rack,2022-10-22 16:13:50,name_within_150m,matched
gbfs,1715823801179235264,,Public Rack - Kedvale Ave & 63rd St W,41.778761,-87.726892,True,renting_and_returning,lightweight,1,divvy_e4787e22e443c68c,public_rack,2022-10-19 13:18:35,name_within_150m,matched
gbfs,2233046220908390074,,Washington/Green (Green Side) Corral,41.8833012,-87.6486656,True,renting_and_returning,lightweight,24,divvy_759e5c6c2db70e98,station,2026-06-23 10:15:09.147000,name_within_150m,matched
gbfs,1806753648502981424,,Public Rack - Linder & 51st,41.799981,-87.759999,True,renting_and_returning,lightweight,2,divvy_fa06c317dc7102bb,public_rack,2023-05-04 03:21:33,name_within_150m,matched
gbfs,1715823783999366064,,Public Rack - May St & 87th St,41.73556,-87.651701,True,renting_and_returning,lightweight,1,divvy_114e3c91900115ea,public_rack,2022-08-30 08:41:57,name_within_150m,matched
gbfs,1674190527309818772,,Public Rack - Narragansett Ave & Fullerton Ave,41.92378,-87.7843998,True,renting_and_returning,lightweight,2,divvy_18c8dc247e576fe1,public_rack,2022-06-14 23:17:11,name_within_150m,matched
gbfs,1674190179417467200,,Public Rack - Avenue J & 112th St,41.691844,-87.534181,True,renting_and_returning,lightweight,2,divvy_779ad78ea0fdc5cd,public_rack,2022-12-11 17:55:50,name_within_150m,matched
gbfs,1806749757262611030,,Public Rack - Brooks Park,42.0044152,-87.8070628,True,renting_and_returning,lightweight,3,divvy_2540836d10b90de3,public_rack,2023-05-20 11:48:13,name_within_150m,matched
gbfs,2204963864149043264,,Public Rack - Hoyne Ave & Grand Ave,41.890918,-87.679288,True,renting_and_returning,lightweight,4,divvy_f4e48a465ab0bc39,public_rack,2026-04-11 16:10:01.605000,name_within_150m,matched
gbfs,1827474404723843684,,Public Rack - Hollywood Park,41.98929,-87.71182,True,renting_and_returning,lightweight,1,divvy_a42e06303062fc52,public_rack,2023-06-29 20:13:14,name_within_150m,matched
gbfs,1674190364101061264,,Public Rack - Kedvale Ave & 63rd St E,41.778768,-87.725957,True,renting_and_returning,lightweight,2,divvy_184e283c3bf207ae,public_rack,2022-11-08 17:16:40,name_within_150m,matched
gbfs,1674190411345701582,,Public Rack - Kildare Ave & Washignton Blvd,41.881838,-87.733661,True,renting_and_returning,lightweight,1,divvy_7527c18f6ead17f5,public_rack,2022-10-19 11:27:39,name_within_150m,matched
gbfs,1674190694813543600,,Public Rack - Zapata Academy,41.841655,-87.734366,True,renting_and_returning,lightweight,3,divvy_3f526d4eb8705378,public_rack,2022-06-16 21:37:40,name_within_150m,matched
gbfs,2204963864149043260,,Public Rack - Ashland Orange Line CTA,41.83922899,-87.6656411,True,renting_and_returning,lightweight,4,divvy_88a25fb7f2a05ca2,public_rack,2026-04-08 21:01:34.069000,name_within_150m,matched
gbfs,1806749748672676380,,Public Rack - Northwest Hwy & Raven St,41.9927877,-87.799284,True,renting_and_returning,lightweight,4,divvy_ead557bcaec06cc8,public_rack,2023-07-13 01:26:51,name_within_150m,matched
gbfs,1806753665682850708,,Public Rack - St Louis & 83rd,41.742321,-87.70967,True,renting_and_returning,lightweight,2,divvy_885493f481b47e61,public_rack,2023-05-10 20:28:34,name_within_150m,matched
gbfs,1674190424230603496,,Public Rack - Lafayette Ave & 87th St - NW,41.736354,-87.626741,True,renting_and_returning,lightweight,1,divvy_782f866c59eb8773,public_rack,2023-01-21 10:00:47,name_within_150m,matched
gbfs,2114129634899669242,,Rockwell/Irving Park Hub,41.954212,-87.69317,True,renting_and_returning,lightweight,120,divvy_48832614a0e0ff9e,station,2025-08-07 14:02:04.119000,name_within_150m,matched
gbfs,1674190183712434506,,Public Rack - Avers Ave & Irving Park Rd,41.953789,-87.724161,True,renting_and_returning,lightweight,2,divvy_5d95fbd2b453507c,public_rack,2022-06-14 10:03:55,name_within_150m,matched
gbfs,1674190561669557206,,Public Rack - Perry Ave & 108th Pl,41.696967,-87.626143,True,renting_and_returning,lightweight,2,divvy_7620f1814e542b4a,public_rack,2022-10-05 21:09:20,name_within_150m,matched
gbfs,1674190462885309230,,Public Rack - Lowe Park,41.799605,-87.641464,True,renting_and_returning,lightweight,2,divvy_7afa31b1bc37b359,public_rack,2023-05-28 10:55:27,name_within_150m,matched
gbfs,1695777015314520896,,Public Rack - Fullerton Ave & Narragansett Ave,41.923739,-87.785835,True,renting_and_returning,lightweight,1,divvy_42bd6b2905501d39,public_rack,2022-07-07 08:55:38,name_within_150m,matched
gbfs,1674190673338707098,,Public Rack - Western Ave & 92nd Pl,41.725538,-87.681968,True,renting_and_returning,lightweight,2,divvy_22f793593d0d0a42,public_rack,2022-09-25 09:15:08,name_within_150m,matched
gbfs,1674190523014851472,,Public Rack - N Sayre Ave & W Belden Ave,41.921425,-87.800825,True,renting_and_returning,lightweight,1,divvy_4d07a67876fe1de9,public_rack,2022-10-19 07:25:00,name_within_150m,matched
gbfs,1674190548784655292,,Public Rack - Panama Ave & Forest Preserve Ave,41.943162,-87.82909,True,renting_and_returning,lightweight,2,divvy_92e259aec5cd9419,public_rack,2023-05-10 17:42:49,name_within_150m,matched
gbfs,1677249871073777806,,Public Rack - Laflin St & 51st St,41.801354,-87.662076,True,renting_and_returning,lightweight,2,divvy_1b9e205f5a030603,public_rack,2022-09-27 00:42:33,name_within_150m,matched
gbfs,1674190673338707100,,Public Rack - Western Ave & Jarvis Ave,42.016398,-87.690376,True,renting_and_returning,lightweight,1,divvy_a093330255afa622,public_rack,2022-06-14 13:58:53,name_within_150m,matched
gbfs,1674190205187271016,,Public Rack - Buffalo Ave & 133rd St,41.65428,-87.543539,True,renting_and_returning,lightweight,2,divvy_f10a243369df561a,public_rack,2022-12-06 14:01:44,name_within_150m,matched
gbfs,1674190381280930478,,Public Rack - Kedzie Ave & Archer Ave,41.81359,-87.70478,True,renting_and_returning,lightweight,2,divvy_8f9c879386a75fb6,public_rack,2022-08-31 17:25:00,name_within_150m,matched
gbfs,1806753661387883374,,Public Rack - Oketo & Talcott,41.988596,-87.812525,True,renting_and_returning,lightweight,2,divvy_de9611e79cb1cc20,public_rack,2023-05-20 00:02:25,name_within_150m,matched
gbfs,2244296305091603790,,Navy Pier Public Rack - West,41.8909738,-87.6114815,True,renting_and_returning,lightweight,8,divvy_ba9a4a9054cafea9,public_rack,2026-07-23 17:40:14.139000,name_within_150m,matched
gbfs,1677249785174431766,,Public Rack - Karlov Ave & Milwaukee Ave,41.942702,-87.730011,True,renting_and_returning,lightweight,1,divvy_10ceb656dff3bcd9,public_rack,2022-06-14 12:32:19,name_within_150m,matched
gbfs,1806753631323112128,,Public Rack - Austin & 62nd,41.77966,-87.771414,True,renting_and_returning,lightweight,2,divvy_df79519898ca69dd,public_rack,2023-05-05 18:15:06,name_within_150m,matched
gbfs,1806749748672676384,,Public Rack - Holbrook St & Milwaukee Ave,41.992273,-87.783303,True,renting_and_returning,lightweight,4,divvy_83eed2da91398dc9,public_rack,2023-05-07 16:04:55,name_within_150m,matched
gbfs,1674190656158837882,,Public Rack - Wentworth Ave & 79th St,41.750712,-87.629949,True,renting_and_returning,lightweight,1,divvy_03dd7ff9321cf180,public_rack,2022-09-24 03:33:15,name_within_150m,matched
gbfs,1674190218072172926,,Public Rack - Calumet Ave & 133rd St,41.653975,-87.614225,True,renting_and_returning,lightweight,2,divvy_37ad7a20ce704a5a,public_rack,2023-09-12 19:13:14,name_within_150m,matched
gbfs,1674190226662107536,,Public Rack - Central Ave & George St,41.9326579,-87.7662058,True,renting_and_returning,lightweight,1,divvy_80efb7b2fa371fed,public_rack,2022-06-14 12:42:05,name_within_150m,matched
gbfs,1674190273906747872,,Public Rack - Cottage Grove Ave & 92nd St,41.727319,-87.604787,True,renting_and_returning,lightweight,1,divvy_619b21218a3b0aa7,public_rack,2022-10-10 11:23:52,name_within_150m,matched
gbfs,1806749761557578336,,Public Rack - Octavia Ave & Touhy Ave,42.01173846,-87.80832137,True,renting_and_returning,lightweight,2,divvy_da06139f8f338776,public_rack,2023-05-27 22:00:03,name_within_150m,matched
gbfs,1677249802354300978,,Public Rack - Halsted St & 111th St,41.691838,-87.642747,True,renting_and_returning,lightweight,1,divvy_f94b85b2574552c1,public_rack,2022-11-07 13:21:32,name_within_150m,matched
gbfs,1715846700153782638,,Public Rack - Central Park Ave & Fulton Blvd,41.8861512,-87.7155114,True,renting_and_returning,lightweight,2,divvy_dfa768824a1f3b84,public_rack,2022-09-12 08:31:41,name_within_150m,matched
gbfs,1674190376985963174,,Public Rack - Kedzie Ave & 63rd St,41.778865,-87.703029,True,renting_and_returning,lightweight,1,divvy_294a6c482e079397,public_rack,2022-09-27 16:03:08,name_within_150m,matched
gbfs,1674190630389034058,,Public Rack - Talman Ave & 51st St,41.800908,-87.690802,True,renting_and_returning,lightweight,2,divvy_0908e04ce5c9f931,public_rack,2022-09-27 16:13:37,name_within_150m,matched
gbfs,1683527931525155814,,Public Rack - Cornell Ave & 87th Pl,41.73688127,-87.58314552,True,renting_and_returning,lightweight,1,divvy_fec71507d32ea3dc,public_rack,2022-07-19 17:31:31,name_within_150m,matched
gbfs,1674190600324262930,,Public Rack - Rutherford Ave & Belmont Ave,41.938315,-87.793848,True,renting_and_returning,lightweight,1,divvy_94d5fcc8a8180662,public_rack,2022-09-10 11:36:53,name_within_150m,matched
gbfs,1674190608914197532,,Public Rack - Sacramento Blvd & Washington Blvd,41.882994,-87.700036,True,renting_and_returning,lightweight,2,divvy_6f9a3304c99b89e0,public_rack,2023-09-17 17:20:34,name_within_150m,matched
gbfs,1674190230957074842,,Public Rack - Champlain Ave & 134th St,41.657379,-87.606444,True,renting_and_returning,lightweight,2,divvy_56b0b9887a00238c,public_rack,2022-09-30 19:44:28,name_within_150m,matched
gbfs,1677249883958679722,,Public Rack - Bensley Ave & 103rd St,41.7084,-87.56319,True,renting_and_returning,lightweight,1,divvy_87025f8636171647,public_rack,2022-11-01 18:40:19,name_within_150m,matched
gbfs,1674190346921192048,,Public Rack - Houston Ave & 91st St,41.729964,-87.549645,True,renting_and_returning,lightweight,1,divvy_dd0552dcfd7f8721,public_rack,2023-03-11 15:23:48,name_within_150m,matched
gbfs,1695777019609488196,,Public Rack - Langley Ave & 49th St,41.805218,-87.609076,True,renting_and_returning,lightweight,3,divvy_e9433713a1927578,public_rack,2022-07-09 20:08:54,name_within_150m,matched
gbfs,1677249866778810506,,Public Rack - 532 E 43rd St,41.816847,-87.613294,True,renting_and_returning,lightweight,1,divvy_072eb2379eef08f5,public_rack,2022-09-07 13:53:31,name_within_150m,matched
gbfs,1673852313397164648,,Public Rack - Francisco Ave & Touhy Ave,42.011865,-87.701317,True,renting_and_returning,lightweight,2,divvy_38ae8bfc1bde3ff8,public_rack,2022-08-20 20:47:47,name_within_150m,matched
gbfs,1674190368396028562,,Public Rack - Kedvale Ave & Avondale Ave,41.952874,-87.731229,True,renting_and_returning,lightweight,2,divvy_4eea6fe78a182ef9,public_rack,2022-06-14 09:16:37,name_within_150m,matched
gbfs,1715823796884267966,,Public Rack - Komensky Ave & 63rd St,41.77882,-87.723599,True,renting_and_returning,lightweight,1,divvy_c31850a9f5b277a1,public_rack,2022-09-04 22:03:58,name_within_150m,matched
gbfs,2244296309386571090,,Navy Pier Overflow Corral,41.89231,-87.61217,True,renting_and_returning,lightweight,20,divvy_c881baedd0125364,station,2026-07-23 18:26:47.113000,name_within_150m,matched
gbfs,1674190531604786080,,Public Rack - Newcastle Ave & Wellington Ave,41.934997,-87.795777,True,renting_and_returning,lightweight,1,divvy_759bf488067b7cd3,public_rack,2022-12-11 22:18:42,name_within_150m,matched
gbfs,1695777014128478334,,Public Rack - Champlain Ave & 65th St,41.775904,-87.609301,True,renting_and_returning,lightweight,2,divvy_d52705fa366728df,public_rack,2022-07-19 20:17:29,name_within_150m,matched
gbfs,1677249871073777812,,Public Rack - Ada St & 119th St,41.677326,-87.654473,True,renting_and_returning,lightweight,1,divvy_67e3b3c4c1269ee2,public_rack,2023-05-04 19:00:32,name_within_150m,matched
gbfs,1806753644208014082,,Public Rack - Harlem & Summerdale,41.977814,-87.80681,True,renting_and_returning,lightweight,2,divvy_2308d98a911dbf17,public_rack,2023-05-03 08:35:35,name_within_150m,matched
gbfs,1674190535899753380,,Public Rack - Newland Ave & Diversey Ave,41.93098,-87.79944,True,renting_and_returning,lightweight,1,divvy_692c1e7aa54f6d7c,public_rack,2023-01-16 09:21:16,name_within_150m,matched
gbfs,1715846705501012842,,Public Rack - Independence Blvd & Roosevelt,41.8662123,-87.7184969,True,renting_and_returning,lightweight,1,divvy_0972b139a3548d22,public_rack,2022-09-28 19:27:45,name_within_150m,matched
gbfs,1674190153647663368,,Public Rack - Albany Ave & 103rd St,41.706747,-87.700047,True,renting_and_returning,lightweight,1,divvy_b915b367b7daff3f,public_rack,2024-06-08 10:26:32.822000,name_within_150m,matched
gbfs,1715823825439808068,,Public Rack - Western Blvd & 52nd St,41.798974,-87.681909,True,renting_and_returning,lightweight,1,divvy_2121655dcdd70bd4,public_rack,2024-04-04 20:54:04,name_within_150m,matched
gbfs,1674190407050734276,,Public Rack - Keystone Ave & Irving Park Rd,41.953449,-87.729635,True,renting_and_returning,lightweight,2,divvy_da8a6724c82a8853,public_rack,2022-06-15 22:33:58,name_within_150m,matched
gbfs,1806753652797948724,,Public Rack - Lockwood & Archer,41.79668,-87.75516,True,renting_and_returning,lightweight,2,divvy_c00c2e19d6a3285b,public_rack,2023-05-03 11:55:51,name_within_150m,matched
gbfs,1674190492950080346,,Public Rack - Menard Ave & Madison St,41.880021,-87.770325,True,renting_and_returning,lightweight,2,divvy_16a33e0c3c86824d,public_rack,2022-10-26 14:36:24,name_within_150m,matched
gbfs,1674190501540014960,,Public Rack - Milwaukee Ave & Diversey Ave,41.93123,-87.711501,True,renting_and_returning,lightweight,2,divvy_8c66f63e0ed6e8a3,public_rack,2022-06-14 11:28:29,name_within_150m,matched
gbfs,2213470267082405144,,Public Rack - Wells St & Grand Ave,41.89103356,-87.63415517,True,renting_and_returning,lightweight,4,divvy_db39a4fb454c88f0,public_rack,2026-05-01 16:55:12.740000,name_within_150m,matched
gbfs,2022391749515739924,,Steelworkers Park Public Rack,41.737948,-87.530836,True,renting_and_returning,lightweight,8,divvy_cd8e180e4393fa64,public_rack,2026-02-16 10:20:01.593000,name_within_150m,matched
gbfs,1683527967940622362,,Public Rack - Washtenaw Ave & Devon Ave,41.997764,-87.697221,True,renting_and_returning,lightweight,1,divvy_5fb47d68765c7260,public_rack,2022-06-03 15:27:17,name_within_150m,matched
gbfs,1695780074116615022,,Public Rack - Richmond St & Thorndale Ave,41.988931,-87.702785,True,renting_and_returning,lightweight,10,divvy_a996777037e4003c,public_rack,2022-08-02 16:07:14,name_within_150m,matched
gbfs,1683527927230188516,,Public Rack - Campbell Ave & Pratt Blvd,42.00507,-87.692643,True,renting_and_returning,lightweight,1,divvy_53ef74198583501d,public_rack,2022-06-15 07:37:45,name_within_150m,matched
gbfs,1674190480065178436,,Public Rack - May St & 78th St,41.752451,-87.652969,True,renting_and_returning,lightweight,1,divvy_e73f75f48a30aacc,public_rack,2022-10-12 22:57:26,name_within_150m,matched
gbfs,1677249828124104786,,Public Rack - Aida Food Market,41.749896,-87.643693,True,renting_and_returning,lightweight,1,divvy_f044d27f90f8d6c5,public_rack,2022-09-21 07:33:24,name_within_150m,matched
gbfs,1674190428525570794,,Public Rack - Lafayette Ave & 87th St SW,41.736223,-87.626737,True,renting_and_returning,lightweight,1,divvy_983ae6236aada6c8,public_rack,2022-11-07 14:25:45,name_within_150m,matched
gbfs,1806753665682850716,,Public Rack - St Louis & Lincoln,41.995652,-87.716328,True,renting_and_returning,lightweight,2,divvy_f349695d48a925d4,public_rack,2023-05-13 16:33:34,name_within_150m,matched
gbfs,1674190647568903270,,Public Rack - Walden Pkwy & 103rd St,41.706205,-87.668965,True,renting_and_returning,lightweight,1,divvy_06b63e81d386b40c,public_rack,2022-09-13 15:35:50,name_within_150m,matched
gbfs,1674190415640668880,,Public Rack - Kimball Ave & Carmen Ave,41.973896,-87.713297,True,renting_and_returning,lightweight,3,divvy_401b146909a3165e,public_rack,2022-06-15 13:22:42,name_within_150m,matched
gbfs,1806753648502981402,,Public Rack - Kenneth & Carmen,41.972642,-87.739239,True,renting_and_returning,lightweight,2,divvy_2ad7f30f54d9dfa1,public_rack,2023-05-04 15:28:47,name_within_150m,matched
gbfs,2101023512039325980,,Racine/Eddy Corral,41.9463404,-87.6591024,True,renting_and_returning,lightweight,120,divvy_26cc6a9e3f06fe34,station,2025-07-02 18:31:27.929000,name_within_150m,matched
gbfs,1695776942300076784,,Public Rack - Central Park Ave & 16th St,41.858938,-87.7157269,True,renting_and_returning,lightweight,1,divvy_1e1a9638ab55f5e4,public_rack,2022-07-12 12:54:07,name_within_150m,matched
gbfs,1674190553079622596,,Public Rack - Parnell Ave & 103rd St,41.706868,-87.637208,True,renting_and_returning,lightweight,1,divvy_e3708b21ed79cd48,public_rack,2022-10-17 16:59:50,name_within_150m,matched
gbfs,1827474409018810992,,Public Rack - Richard Daley College,41.75486,-87.72364,True,renting_and_returning,lightweight,3,divvy_1b18ac83e535ccb6,public_rack,2023-07-21 16:38:55,name_within_150m,matched
gbfs,1674190419935636190,,Public Rack - Komensky Ave & 59th St,41.786049,-87.723645,True,renting_and_returning,lightweight,1,divvy_14d8164e4499dd13,public_rack,2022-10-24 01:10:45,name_within_150m,matched
gbfs,2213470275672339776,,Public Rack - Sheffield Ave & Dickens Ave,41.91999262,-87.65357154,True,renting_and_returning,lightweight,4,divvy_88b8170eb7eed745,public_rack,2026-05-02 09:00:31.508000,name_within_150m,matched
gbfs,1806749718607905172,,Public Rack - Kedzie Ave & 83rd St,41.7432437,-87.7021237,True,renting_and_returning,lightweight,2,divvy_5c3d65002e24fa24,public_rack,2023-05-20 14:07:55,name_within_150m,matched
gbfs,1436495115557663136,,Southport Ave & Newport Ave Public Rack,41.944019,-87.663975,True,renting_and_returning,lightweight,10,divvy_e393eca7ec426829,public_rack,2026-01-07 12:08:50.391000,name_within_150m,matched
gbfs,1436495119852630436,,Damen Ave & Chicago Ave Public Rack,41.895809,-87.678519,True,renting_and_returning,lightweight,8,divvy_c81f7532ac53841a,public_rack,2026-01-07 15:32:09.238000,name_within_150m,matched
gbfs,1715823782490135060,,Public Rack - Ewing Ave & 96th St S,41.720634,-87.53517,True,renting_and_returning,lightweight,1,divvy_0a49d62474977f28,public_rack,2022-10-04 19:36:11,name_within_150m,matched
gbfs,1674190570259491814,,Public Rack - Princeton Ave & 43rd St,41.815883,-87.633718,True,renting_and_returning,lightweight,2,divvy_8d2bf618b2365353,public_rack,2023-02-14 13:24:43,name_within_150m,matched
gbfs,1674190269611780570,,Public Rack - Cottage Grove Ave & 87th St,41.736448,-87.60616,True,renting_and_returning,lightweight,1,divvy_7eaad87fa13f309b,public_rack,2022-09-07 01:33:53,name_within_150m,matched
gbfs,1715823822654071770,,Public Rack - Oakley Ave & 50th Pl,41.80193,-87.680903,True,renting_and_returning,lightweight,1,divvy_0765b01a8ba13f0e,public_rack,2022-09-02 18:44:03,name_within_150m,matched
gbfs,1674190222367140232,,Public Rack - Central Ave & Adams St,41.878264,-87.764886,True,renting_and_returning,lightweight,8,divvy_504313e9fcc8eb8a,public_rack,2022-09-19 21:37:18,name_within_150m,matched
gbfs,1677249767994562566,,Public Rack - Sawyer Ave & Bryn Mawr Ave - SW,41.982879,-87.710534,True,renting_and_returning,lightweight,1,divvy_7e15f9f8064c3489,public_rack,2022-06-25 20:14:49,name_within_150m,matched
gbfs,1677249888253647024,,Public Rack - Michigan Ave & 119th St,41.677934,-87.620754,True,renting_and_returning,lightweight,1,divvy_80619fc4d3eaf761,public_rack,2022-11-07 19:18:38,name_within_150m,matched
gbfs,1674190471475243832,,Public Rack - Marquette Ave & 79th St,41.75163,-87.558707,True,renting_and_returning,lightweight,1,divvy_77c0353590af3f05,public_rack,2023-09-04 13:09:38,name_within_150m,matched
gbfs,1677249853893908598,,Public Rack - Walden Pkwy & 99th St,41.71397,-87.667798,True,renting_and_returning,lightweight,1,divvy_a7704d9353f0ba6e,public_rack,2022-10-06 11:37:49,name_within_150m,matched
gbfs,2244296306710315908,,Oak St Beach Public Rack - South,41.9018549,-87.6222465,True,renting_and_returning,lightweight,12,divvy_ea8ed85de7f453ab,public_rack,2026-07-23 19:10:21.743000,name_within_150m,matched
gbfs,1674190200892303712,,Public Rack - Bishop St & 46th St,41.80994,-87.661522,True,renting_and_returning,lightweight,1,divvy_745de03dcda3801f,public_rack,2023-04-21 17:20:09,name_within_150m,matched
gbfs,1674190419935636188,,Public Rack - Kolin Ave & Archer Ave,41.800514,-87.731802,True,renting_and_returning,lightweight,2,divvy_69a8f1d8d7bc793b,public_rack,2022-09-29 14:18:45,name_within_150m,matched
gbfs,1683527942170819574,,Public Rack - King Dr & Oakwood Blvd,41.822827,-87.616486,True,renting_and_returning,lightweight,1,divvy_74cef0682dc5f72a,public_rack,2022-06-03 14:23:22,name_within_150m,matched
gbfs,1806753635618079460,,Public Rack - Christiana & Lincoln,41.99346,-87.712734,True,renting_and_returning,lightweight,2,divvy_8069ad7379a30b91,public_rack,2023-05-04 17:02:31,name_within_150m,matched
gbfs,1806749727197839828,,Public Rack - Milwaukee Ave & Warner Ave,41.9562591,-87.7507656,True,renting_and_returning,lightweight,4,divvy_0e9022bcba11bb0f,public_rack,2023-06-03 20:23:18,name_within_150m,matched
gbfs,2101023507274653734,,Clark/Racine Corral,41.950436,-87.6593212,True,renting_and_returning,lightweight,120,divvy_83c560debcbbcc47,station,2025-07-02 17:00:07.389000,name_within_150m,matched
gbfs,1806749744377709064,,Public Rack - Elston Ave & Gunnison St,41.9685781,-87.7405685,True,renting_and_returning,lightweight,2,divvy_a4537db573a4e2a9,public_rack,2023-05-13 17:55:19,name_within_150m,matched
gbfs,1715846691563848032,,Public Rack - Sawyer Ave & Chicago Ave,41.8954597,-87.7080933,True,renting_and_returning,lightweight,1,divvy_e64d9b259eb3c3f0,public_rack,2022-09-02 15:03:49,name_within_150m,matched
gbfs,1674190230957074838,,Public Rack - Central Park Ave & Fillmore St,41.8680617,-87.7153897,True,renting_and_returning,lightweight,1,divvy_ebb8c38d460eab3e,public_rack,2022-07-07 10:11:36,name_within_150m,matched
gbfs,1674190372690995872,,Public Rack - Kedzie Ave & 58th St,41.788263,-87.703576,True,renting_and_returning,lightweight,2,divvy_987c1c346e8c5238,public_rack,2022-09-11 08:12:35,name_within_150m,matched
gbfs,1677249888253647022,,Public Rack - Michigan Ave & 125th Pl,41.666395,-87.619933,True,renting_and_returning,lightweight,1,divvy_19dc412aa94acef7,public_rack,2023-06-23 11:36:34,name_within_150m,matched
gbfs,1677249845303973996,,Public Rack - Western Ave & 118th St,41.678349,-87.680919,True,renting_and_returning,lightweight,1,divvy_2c2a93d487bffa0b,public_rack,2022-09-24 13:52:36,name_within_150m,matched
gbfs,2213470271377372460,,Public Rack - Halsted St & Fullerton Ave,41.92554512,-87.64781047,True,renting_and_returning,lightweight,4,divvy_485c3341c96c6d28,public_rack,2026-05-04 13:09:21.142000,name_within_150m,matched
gbfs,2233046220908390070,,Lake/Green Corral,41.8854698,-87.6485637,True,renting_and_returning,lightweight,24,divvy_bd5c3f9e7a3e76b7,station,2026-06-23 10:31:45.638000,name_within_150m,matched
gbfs,1674190643273935970,,Public Rack - Vincennes Ave & 99th St,41.712937,-87.653984,True,renting_and_returning,lightweight,1,divvy_113a50404831fe03,public_rack,2023-02-08 08:12:45,name_within_150m,matched
gbfs,1715823826949039076,,Public Rack - Kedzie Ave & 54th Pl,41.794639,-87.703767,True,renting_and_returning,lightweight,1,divvy_d9983f99b943f6b3,public_rack,2022-09-12 00:35:16,name_within_150m,matched
gbfs,1674190514424916874,,Public Rack - Muskegon Ave & 89th St,41.733044,-87.555652,True,renting_and_returning,lightweight,1,divvy_ac48a8932743c478,public_rack,2024-09-09 07:58:20.237000,name_within_150m,matched
gbfs,1806753652797948740,,Public Rack - Mozart & 79th,41.749713,-87.693932,True,renting_and_returning,lightweight,2,divvy_38ac76253d4c090a,public_rack,2023-05-20 14:39:40,name_within_150m,matched
gbfs,1806749748672676392,,Public Rack - Bryn Mawr Ave & Milwaukee Ave,41.982934,-87.774434,True,renting_and_returning,lightweight,4,divvy_b454cf8b6c4b7181,public_rack,2023-05-05 19:38:03,name_within_150m,matched
gbfs,2213470258492470518,,Public Rack - Michigan Ave & Wacker Dr (South),41.88813083,-87.62417237,True,renting_and_returning,lightweight,4,divvy_49966b2398ce6523,public_rack,2026-05-02 08:36:20.290000,name_within_150m,matched
gbfs,1806753648502981416,,Public Rack - Kostner & Peterson,41.98993,-87.737967,True,renting_and_returning,lightweight,2,divvy_b435c9b02afab0a0,public_rack,2023-05-03 10:47:04,name_within_150m,matched
gbfs,2213470271377372446,,Public Rack - Orleans St & Chicago Ave,41.89644376,-87.63797544,True,renting_and_returning,lightweight,4,divvy_bfb370c020c504c7,public_rack,2026-05-02 19:17:17.751000,name_within_150m,matched
gbfs,2213470262787437836,,Public Rack - DuSable Lake Shore Dr & Ontario St,41.89434697,-87.61569137,True,renting_and_returning,lightweight,4,divvy_47824c6217401367,public_rack,2026-05-04 13:53:36.699000,name_within_150m,matched
gbfs,1674190140762761456,,Public Rack - 2302 S Pulaski Rd,41.849437,-87.724879,True,renting_and_returning,lightweight,1,divvy_c958d4f7ccd2db89,public_rack,2023-04-05 14:21:02,name_within_150m,matched
gbfs,1806749722902872502,,Public Rack - 61st St & Melvina Ave,41.780658,-87.776651,True,renting_and_returning,lightweight,5,divvy_c582d8b96bb1ce6f,public_rack,2023-05-11 16:41:23,name_within_150m,matched
gbfs,1674190355511126658,,Public Rack - Jeffery Blvd & 83rd St,41.744345,-87.575043,True,renting_and_returning,lightweight,1,divvy_faaad90c32dcc797,public_rack,2022-11-08 16:08:44,name_within_150m,matched
gbfs,1674190591734328322,,Public Rack - Racine Ave & 74th St,41.759439,-87.654146,True,renting_and_returning,lightweight,1,divvy_120759cedc0d26da,public_rack,2022-09-16 16:37:54,name_within_150m,matched
gbfs,1674190338331257442,,Public Rack - Hiawatha Park,41.944068,-87.827302,True,renting_and_returning,lightweight,1,divvy_7374b299de4d31b8,public_rack,2022-10-04 15:50:37,name_within_150m,matched
gbfs,1674190243841976756,,Public Rack - Cicero Ave & Altgeld St,41.925734,-87.746414,True,renting_and_returning,lightweight,2,divvy_ce21dc74219b9a22,public_rack,2022-06-17 14:52:13,name_within_150m,matched
gbfs,1806753648502981412,,Public Rack - Kostner & 83rd,41.742067,-87.731554,True,renting_and_returning,lightweight,2,divvy_6c7937f3ebd6c376,public_rack,2023-05-21 14:48:43,name_within_150m,matched
gbfs,1674190278201715178,,Public Rack - Damen Ave & 84th St,41.740435,-87.673246,True,renting_and_returning,lightweight,1,divvy_c3f967b2ab9f11b9,public_rack,2023-07-09 12:01:15,name_within_150m,matched
gbfs,1677249772289529864,,Public Rack - Sawyer Ave & Bryn Mawr Ave - SE,41.9830174,-87.7096999,True,renting_and_returning,lightweight,1,divvy_71c3ec6852a6e1f9,public_rack,2022-06-28 14:27:55,name_within_150m,matched
gbfs,1677249841009006688,,Public Rack - Christiana Ave & 111th St,41.69137,-87.704809,True,renting_and_returning,lightweight,1,divvy_e9617bfe25011dae,public_rack,2022-10-23 11:30:40,name_within_150m,matched
gbfs,1695776937826575008,,Public Rack - Pulaski Rd & 5th Ave,41.8730082,-87.7252516,True,renting_and_returning,lightweight,1,divvy_5ffa44db2444306b,public_rack,2022-07-07 07:56:10,name_within_150m,matched
gbfs,1673852313397164652,,Public Rack - California Ave & Touhy Ave - midblock,42.012207,-87.700474,True,renting_and_returning,lightweight,1,divvy_c28e6263b8aa7a7b,public_rack,2022-08-23 13:44:51,name_within_150m,matched
gbfs,1806749752967643696,,Public Rack - Bryn Mawr Ave & Spaulding Ave,41.9830926,-87.7115845,True,renting_and_returning,lightweight,4,divvy_4159987e20dd02c1,public_rack,2023-05-14 09:31:50,name_within_150m,matched
gbfs,1674190445705440014,,Public Rack - Lawndale Ave & Polk St,41.8707651,-87.7183735,True,renting_and_returning,lightweight,2,divvy_6f78e771d2bdbee0,public_rack,2022-06-29 16:55:26,name_within_150m,matched
gbfs,1674190338331257440,,Public Rack - Hermitage & 83rd St,41.743027,-87.666272,True,renting_and_returning,lightweight,1,divvy_204ed8ad11bcebd4,public_rack,2023-03-17 02:59:34,name_within_150m,matched
gbfs,2213470262787437826,,Public Rack - Wacker Dr & Madison St (West),41.8819919,-87.63729759,True,renting_and_returning,lightweight,4,divvy_41e5a61dd122b673,public_rack,2026-05-01 16:33:31.299000,name_within_150m,matched
gbfs,1674190596029295628,,Public Rack - Robert Fulton Elementary School,41.797439,-87.668504,True,renting_and_returning,lightweight,2,divvy_d278e0408caa9360,public_rack,2022-09-07 23:55:31,name_within_150m,matched
gbfs,1806753635618079462,,Public Rack - Cicero & 64th,41.77643,-87.742389,True,renting_and_returning,lightweight,2,divvy_39d10aaacf859583,public_rack,2023-05-06 18:35:57,name_within_150m,matched
gbfs,1674190256726878658,,Public Rack - Cicero Ave & Wellington Ave,41.935779,-87.746581,True,renting_and_returning,lightweight,2,divvy_bf81408197a95c2c,public_rack,2022-06-15 20:46:05,name_within_150m,matched
gbfs,1674190368396028568,,Public Rack - Kedzie & 103rd St - East,41.705444,-87.701232,True,renting_and_returning,lightweight,1,divvy_548e5dfaf41138c0,public_rack,2022-10-08 16:45:16,name_within_150m,matched
gbfs,1695776969825546726,,Public Rack - Ave N & 106th St,41.702616,-87.538744,True,renting_and_returning,lightweight,1,divvy_f8afbdaba1958ec8,public_rack,2022-07-21 09:49:11,name_within_150m,matched
gbfs,1674190450000407312,,Public Rack - Lawrence Ave & 103rd St,41.707665,-87.608695,True,renting_and_returning,lightweight,1,divvy_e3a8f24aacd1e774,public_rack,2022-11-03 16:11:00,name_within_150m,matched
gbfs,2101023507274653738,,Addison/Wilton Corral,41.9473827,-87.6531716,True,renting_and_returning,lightweight,120,divvy_2554a62b50894e1b,station,2025-07-02 18:42:09.221000,name_within_150m,matched
gbfs,1674190265316813262,,Public Rack - Cottage Grove & 85th St,41.740086,-87.604743,True,renting_and_returning,lightweight,1,divvy_4e6cc01082dfb703,public_rack,2022-10-01 12:54:14,name_within_150m,matched
gbfs,1674190656158837890,,Public Rack - West Lawn Park,41.774815,-87.728303,True,renting_and_returning,lightweight,4,divvy_4dbe1645eb14599d,public_rack,2024-10-12 16:03:10.731000,name_within_150m,matched
gbfs,1677249828124104782,,Public Rack - Halsted St & 80th St,41.748175,-87.644238,True,renting_and_returning,lightweight,1,divvy_e3c35dcf7e09d5b1,public_rack,2023-02-14 14:54:31,name_within_150m,matched
gbfs,1674190488655113044,,Public Rack - Menard Ave & Belmont Ave,41.9384526,-87.7711009,True,renting_and_returning,lightweight,1,divvy_bcae13e2d18b2d5b,public_rack,2022-06-17 20:07:30,name_within_150m,matched
gbfs,1674190149352696066,,Public Rack - Ada St & 95th St,41.72158,-87.65612,True,renting_and_returning,lightweight,1,divvy_252c6299aa8367e7,public_rack,2023-05-16 13:49:36,name_within_150m,matched
gbfs,1806749744377709060,,Public Rack - 4810 Keeler Ave,41.9685781,-87.7330358,True,renting_and_returning,lightweight,2,divvy_7247aa479977cb8c,public_rack,2023-05-11 20:07:21,name_within_150m,matched
gbfs,1674190540194720686,,Public Rack - Oglesby Ave & 105th St,41.704672,-87.565519,True,renting_and_returning,lightweight,1,divvy_abdd6083a43b68e8,public_rack,2023-07-29 00:25:39,name_within_150m,matched
gbfs,1806753661387883396,,Public Rack - S Menard & W 63rd,41.77707,-87.76664,True,renting_and_returning,lightweight,2,divvy_528234d72251519e,public_rack,2023-05-03 17:17:05,name_within_150m,matched
gbfs,1806753644208014084,,Public Rack - Harlem and W. 59th,41.78495,-87.8011,True,renting_and_returning,lightweight,2,divvy_8a98942e4ec5050c,public_rack,2023-05-25 16:20:39,name_within_150m,matched
gbfs,1674190510129949568,,Public Rack - Morgan St & 95th St,41.721215,-87.647435,True,renting_and_returning,lightweight,2,divvy_760ccf9f650e9b11,public_rack,2022-09-12 15:24:17,name_within_150m,matched
gbfs,1683527948705024000,,Public Rack - Lake Shore Dr & Hayes Dr,41.780581,-87.574562,True,renting_and_returning,lightweight,1,divvy_b57e8327bb316836,public_rack,2022-06-03 18:00:30,name_within_150m,matched
gbfs,1674190561669557208,,Public Rack - Piotrowski Park,41.836682,-87.73083,True,renting_and_returning,lightweight,2,divvy_2b15cebfb4dc9067,public_rack,2022-09-17 19:41:30,name_within_150m,matched
gbfs,1806753657092916052,,Public Rack - Neenah & Archer,41.792142,-87.785406,True,renting_and_returning,lightweight,2,divvy_747cfbc0fd3afecf,public_rack,2023-05-17 09:35:30,name_within_150m,matched
gbfs,1806753652797948746,,Public Rack - N. Oakview and W. Gregory St,41.9801,-87.84396,True,renting_and_returning,lightweight,2,divvy_dd0bfa895f4691d4,public_rack,2023-05-07 19:33:09,name_within_150m,matched
gbfs,1715823792589300662,,Public Rack - Whipple St & 63rd St,41.77888,-87.699811,True,renting_and_returning,lightweight,1,divvy_c99bbb397f2603fd,public_rack,2022-10-05 22:06:37,name_within_150m,matched
gbfs,1674190488655113048,,Public Rack - Menard Ave & Grand Ave,41.9197904,-87.7709818,True,renting_and_returning,lightweight,2,divvy_89ae2a637e52576e,public_rack,2022-06-18 21:21:15,name_within_150m,matched
gbfs,1827474409018810994,,Public Rack - Wilbur Wright College South,41.95828,-87.78745,True,renting_and_returning,lightweight,3,divvy_b3e9a7bc21b05099,public_rack,2023-06-28 17:39:38,name_within_150m,matched
gbfs,1715823829734775372,,Public Rack - Western Ave & 47th Pl,41.808038,-87.684709,True,renting_and_returning,lightweight,1,divvy_5e9c5c96c9f39693,public_rack,2022-09-03 20:14:37,name_within_150m,matched
gbfs,1806749722902872490,,Public Rack - Natoma Ave & 61st St,41.780936,-87.787643,True,renting_and_returning,lightweight,3,divvy_0a32acf924f8e321,public_rack,2023-05-14 19:06:44,name_within_150m,matched
gbfs,1683527952999991298,,Public Rack - Lorel Ave & Grand Ave,41.9176685,-87.7595531,True,renting_and_returning,lightweight,10,divvy_40f5bca5dde0cc57,public_rack,2022-06-06 08:00:49,name_within_150m,matched
gbfs,1683527942170819570,,Public Rack - Jensen Park,41.964864,-87.720774,True,renting_and_returning,lightweight,1,divvy_28a274f2256b6639,public_rack,2022-06-05 08:47:47,name_within_150m,matched
gbfs,2213470267082405140,,Public Rack - Dearborn St & Superior St,41.89571985,-87.62953575,True,renting_and_returning,lightweight,4,divvy_23b25da3ba6cf572,public_rack,2026-05-01 21:43:07.553000,name_within_150m,matched
gbfs,1674190170827532586,,Public Rack - Austin Ave & Wrightwood Ave,41.927666,-87.775682,True,renting_and_returning,lightweight,1,divvy_78659ae63deb7737,public_rack,2022-06-19 18:00:38,name_within_150m,matched
gbfs,1806753644208014098,,Public Rack - Imlay & Milwaukee,41.998983,-87.78956,True,renting_and_returning,lightweight,2,divvy_3bd72c393d20138e,public_rack,2023-05-28 12:45:00,name_within_150m,matched
gbfs,1695780078787721700,,Public Rack - Peterson Ave & Drake Ave,41.990119,-87.717337,True,renting_and_returning,lightweight,2,divvy_2b3dc2794e8a71fb,public_rack,2022-08-03 21:43:32,name_within_150m,matched
gbfs,1674190664748772496,,Public Rack - Western Ave & 111th St - NW,41.69197,-87.681659,True,renting_and_returning,lightweight,1,divvy_c4baec75eb3542d9,public_rack,2022-09-23 23:30:19,name_within_150m,matched
gbfs,1674190364101061262,,Public Rack - Karlov Ave & Kamerling Ave,41.905621,-87.728636,True,renting_and_returning,lightweight,2,divvy_718adb4cac543ad8,public_rack,2022-06-14 20:41:43,name_within_150m,matched
gbfs,2213470258492470504,,Public Rack - Clark St & Diversey Pkwy (North 1),41.93318983,-87.6452992,True,renting_and_returning,lightweight,4,divvy_0eaa6cd30cb2ae0d,public_rack,2026-05-01 16:44:06.500000,name_within_150m,matched
gbfs,1677249836714039386,,Public Rack - Baker Ave & 863rd Pl,41.743346,-87.550582,True,renting_and_returning,lightweight,1,divvy_0b056a24b152e51f,public_rack,2023-03-14 17:46:57,name_within_150m,matched
gbfs,1674190291086617090,,Public Rack - Emil G Hirch Metropolitan High School,41.754442,-87.601745,True,renting_and_returning,lightweight,2,divvy_604f0a0ab0896baa,public_rack,2025-03-29 08:38:49.374000,name_within_150m,matched
gbfs,1674190467180276534,,Public Rack - Mackinaw Ave & 85th St,41.741897,-87.543162,True,renting_and_returning,lightweight,1,divvy_ad4894cec8511843,public_rack,2023-07-01 16:42:24,name_within_150m,matched
gbfs,1806753652797948744,,Public Rack - Mulligan & Northwest Hwy,41.985317,-87.786721,True,renting_and_returning,lightweight,2,divvy_9e53e8515cbcabc6,public_rack,2023-07-22 10:54:23,name_within_150m,matched
gbfs,1683527931525155818,,Public Rack - Drake Ave & Leland Ave,41.9659853,-87.716876,True,renting_and_returning,lightweight,2,divvy_5923c8fd90f261d7,public_rack,2022-06-03 16:02:52,name_within_150m,matched
gbfs,2101023507744358678,,Grace/Sheffield Corral,41.9511586,-87.6546115,True,renting_and_returning,lightweight,120,divvy_7e9887e7ffaff9ef,station,2025-07-02 16:48:02.693000,name_within_150m,matched
gbfs,1683527937875852272,,Public Rack - Jeffery Blvd & 81st St,41.74927751,-87.57585394,True,renting_and_returning,lightweight,1,divvy_f9b0be640b6c6dda,public_rack,2022-07-24 20:41:40,name_within_150m,matched
gbfs,1683527955055720454,,Public Rack - Prairie Ave & Garfield Blvd N,41.79480875,-87.61890696,True,renting_and_returning,lightweight,1,divvy_b37fff6943827b64,public_rack,2022-09-29 09:22:24,name_within_150m,matched
gbfs,1674190162237597974,,Public Rack - Ashland Ave & 45th St,41.811958,-87.664862,True,renting_and_returning,lightweight,1,divvy_efa2794da4e2b1ae,public_rack,2022-09-07 08:31:21,name_within_150m,matched
gbfs,1827474404723843682,,Public Rack - Norwood Park Station ,41.9919,-87.79916,True,renting_and_returning,lightweight,5,divvy_b5733d79b8df5cb9,public_rack,2023-07-03 08:49:53,name_within_150m,matched
gbfs,1806753631323112134,,Public Rack - Austin & Higgins,41.973152,-87.77791,True,renting_and_returning,lightweight,2,divvy_290e572b48a23880,public_rack,2023-05-04 08:40:14,name_within_150m,matched
gbfs,1673852317692131950,,Public Rack - California Ave & Touhy Ave - SW,42.011867,-87.700407,True,renting_and_returning,lightweight,1,divvy_114b9174145d7607,public_rack,2022-07-31 19:46:11,name_within_150m,matched
gbfs,1674190514424916870,,Public Rack - Mt Greenwood Library N,41.693027,-87.701054,True,renting_and_returning,lightweight,2,divvy_e0911de2681c6abe,public_rack,2022-09-29 20:22:28,name_within_150m,matched
gbfs,1674190376985963172,,Public Rack - Kedzie Ave & 61st Pl E,41.782281,-87.703047,True,renting_and_returning,lightweight,1,divvy_76abfef17811d466,public_rack,2022-09-07 19:49:15,name_within_150m,matched
gbfs,2244296304484047200,,Navy Pier Public Rack - East,41.89093,-87.6096738,True,renting_and_returning,lightweight,50,divvy_72bd22227b2ffcb5,public_rack,2026-07-23 17:23:23.715000,name_within_150m,matched
gbfs,2233046220908390064,,Lake/Carpenter Corral,41.8857214,-87.6533778,True,renting_and_returning,lightweight,24,divvy_60a0b8124a1ab91c,station,2026-06-23 11:43:37.225000,name_within_150m,matched
gbfs,1674190188007401806,,Public Rack - Avondale Ave & Addison St,41.94655,-87.719827,True,renting_and_returning,lightweight,4,divvy_c735e01a233fbb31,public_rack,2022-06-18 08:05:40,name_within_150m,matched
gbfs,1674190505834982258,,Public Rack - Milwaukee Ave & Haussen Ct,41.937752,-87.721623,True,renting_and_returning,lightweight,2,divvy_a8f395fb2d266dc7,public_rack,2022-06-14 21:53:01,name_within_150m,matched
gbfs,2213470271377372454,,Public Rack - Orleans St & Ontario St,41.89306681,-87.63873783,True,renting_and_returning,lightweight,4,divvy_4a86973da20ef1fe,public_rack,2026-05-01 16:51:18.688000,name_within_150m,matched
gbfs,2101023511569621038,,Sheffield/Cornelia Corral,41.9452875,-87.6542225,True,renting_and_returning,lightweight,120,divvy_49a26f0954280615,station,2025-07-03 18:55:09.031000,name_within_150m,matched
gbfs,1677249789469399068,,Public Rack - Kostner Ave & Armitage Ave,41.917211,-87.736136,True,renting_and_returning,lightweight,1,divvy_c57c1282b48f852b,public_rack,2022-09-06 14:28:39,name_within_150m,matched
gbfs,1806753665682850718,,Public Rack - Troy & 71st,41.76433,-87.70193,True,renting_and_returning,lightweight,2,divvy_c151e857b3afadd0,public_rack,2023-05-18 13:42:55,name_within_150m,matched
gbfs,2213470271377372450,,Public Rack - Wells St & North Ave,41.91095637,-87.63461626,True,renting_and_returning,lightweight,4,divvy_3f2441925d65a02b,public_rack,2026-05-01 16:39:02.641000,name_within_150m,matched
gbfs,1695777004185285124,,Public Rack - Prairie Ave & 78th St,41.752229,-87.617995,True,renting_and_returning,lightweight,3,divvy_2f6c32de11fd8efa,public_rack,2023-12-05 19:36:33,name_within_150m,matched
gbfs,1674190578849426420,,Public Rack - Pulaski Rd & 41st,41.81791,-87.72413,True,renting_and_returning,lightweight,2,divvy_4b244bf43f1614d2,public_rack,2023-02-07 13:47:21,name_within_150m,matched
gbfs,1695777004185285136,,Public Rack - Ashland Ave & 63rd St,41.779127,-87.664039,True,renting_and_returning,lightweight,1,divvy_c61e9033f57779c0,public_rack,2022-08-05 16:24:42,name_within_150m,matched
gbfs,1695776956940644828,,Public Rack - Halsted St & 113th St,41.68851,-87.642512,True,renting_and_returning,lightweight,1,divvy_864a0a2559051d61,public_rack,2022-07-25 15:12:15,name_within_150m,matched
gbfs,1683527974474827792,,Public Rack - Woodlawn Ave & 63rd St S,41.779484,-87.596028,True,renting_and_returning,lightweight,1,divvy_b07a0fb403aec433,public_rack,2022-09-10 19:16:29,name_within_150m,matched
gbfs,1674190617504132142,,Public Rack - Spencer Elementary Technology Academy,41.884655,-87.750498,True,renting_and_returning,lightweight,2,divvy_b7544a91a13e7235,public_rack,2022-06-27 20:12:32,name_within_150m,matched
gbfs,1674190256726878660,,Public Rack - Cicero Ave & Wrightwood Ave,41.927944,-87.7466394,True,renting_and_returning,lightweight,4,divvy_8c2c8a7841c15313,public_rack,2022-06-14 14:42:31,name_within_150m,matched
gbfs,1806753635618079458,,Public Rack - Central Park & Peterson,41.990093,-87.718753,True,renting_and_returning,lightweight,2,divvy_b0741ceace388af0,public_rack,2023-05-07 14:45:53,name_within_150m,matched
gbfs,2213470279967307078,,Public Rack - Clybourn Ave & Dickens Ave,41.91908084,-87.66107185,True,renting_and_returning,lightweight,4,divvy_9cb9af33434bf427,public_rack,2026-05-02 14:40:50.092000,name_within_150m,matched
gbfs,1806749748672676386,,Public Rack - Mason Ave & Milwaukee Ave,41.985683,-87.777065,True,renting_and_returning,lightweight,2,divvy_32ae4ffa4483f125,public_rack,2023-07-13 19:23:55,name_within_150m,matched
gbfs,1715846709795980144,,Public Rack - Homan Ave & Roosevelt,41.86649,-87.710786,True,renting_and_returning,lightweight,1,divvy_88dd2f68692add94,public_rack,2022-09-09 12:55:38,name_within_150m,matched
gbfs,2213470267082405134,,Public Rack - St Clair St & Superior St,41.89570279,-87.62331577,True,renting_and_returning,lightweight,4,divvy_99c900044f8f67bc,public_rack,2026-05-01 17:34:37.953000,name_within_150m,matched
gbfs,1674190458590341922,,Public Rack - Loomis St & 87th St,41.735465,-87.657585,True,renting_and_returning,lightweight,1,divvy_a8084ac266e4008c,public_rack,2022-09-09 23:22:38,name_within_150m,matched
gbfs,1674190303971518998,,Public Rack - Ewing Ave & 99th St,41.7159614,-87.5351111,True,renting_and_returning,lightweight,2,divvy_ae67ec35749f5674,public_rack,2022-11-22 04:14:55,name_within_150m,matched
gbfs,1674190170827532584,,Public Rack - Austin Ave & Wellington Ave,41.9352453,-87.776052,True,renting_and_returning,lightweight,1,divvy_cdc7e367a3473138,public_rack,2022-09-10 19:46:03,name_within_150m,matched
gbfs,1715823822654071768,,Public Rack - Hoyne Ave & 51st St,41.801001,-87.676773,True,renting_and_returning,lightweight,2,divvy_486a46daa01ba397,public_rack,2022-09-07 10:19:57,name_within_150m,matched
gbfs,1674190450000407314,,Public Rack - Legler Regional Library,41.879312,-87.725428,True,renting_and_returning,lightweight,2,divvy_7ffaf333f8070fe9,public_rack,2022-06-18 14:36:38,name_within_150m,matched
gbfs,2204963864149043262,,Public Rack - Maplewood Ave & Chicago Ave,41.892492,-87.691574,True,renting_and_returning,lightweight,4,divvy_8b920a3eb435657a,public_rack,2026-04-09 18:05:32.011000,name_within_150m,matched
gbfs,2213470271377372448,,Public Rack - Clark St & Oak St,41.90107054,-87.63147893,True,renting_and_returning,lightweight,4,divvy_05ac5d6d477ca71e,public_rack,2026-05-02 08:04:50.884000,name_within_150m,matched
gbfs,1674190372690995868,,Public Rack - Kedzie Ave & 54th St - SE,41.794326,-87.703471,True,renting_and_returning,lightweight,1,divvy_b4a493a57736fe0b,public_rack,2022-08-31 13:44:14,name_within_150m,matched
gbfs,1806749734462876060,,Public Rack - Winona St & Elston Ave,41.9743427,-87.7503874,True,renting_and_returning,lightweight,4,divvy_b4ba15db28062d1f,public_rack,2023-05-04 08:55:08,name_within_150m,matched
gbfs,1674190157942630676,,Public Rack - Archer Park,41.803822,-87.73551,True,renting_and_returning,lightweight,2,divvy_2954f25f8f571da8,public_rack,2023-05-03 17:30:03,name_within_150m,matched
gbfs,1806753652797948726,,Public Rack - Lynch & Elston,41.980931,-87.761302,True,renting_and_returning,lightweight,2,divvy_55a56742f46a83cf,public_rack,2023-05-29 21:30:38,name_within_150m,matched
gbfs,1806753665682850696,,Public Rack - S. New England/ W. 65th,41.77391,-87.79348,True,renting_and_returning,lightweight,2,divvy_089cd3205fdcba3b,public_rack,2023-05-15 22:13:45,name_within_150m,matched
gbfs,2213470279967307082,,Public Rack - Kingsbury Ave & Blackhawk St,41.90822033,-87.65166629,True,renting_and_returning,lightweight,4,divvy_8aa3ede88ac95e22,public_rack,2026-05-01 17:21:47.040000,name_within_150m,matched
gbfs,1806749757262611036,,Public Rack - Overhill Ave & Touhy Ave,42.0114627,-87.81900973,True,renting_and_returning,lightweight,2,divvy_aacce2a367f35d61,public_rack,2023-05-11 13:17:08,name_within_150m,matched
gbfs,1695776980954782472,,Public Rack - Ewing Ave & 106th St,41.7024928,-87.5351313,True,renting_and_returning,lightweight,2,divvy_3f25b552c532b936,public_rack,2022-07-12 15:34:58,name_within_150m,matched
gbfs,1677249819534170176,,Public Rack - Greenwood Ave & 87th St,41.736263,-87.596634,True,renting_and_returning,lightweight,1,divvy_b0654270d86b8482,public_rack,2025-03-29 10:18:05.164000,name_within_150m,matched
gbfs,1674190462885309228,,Public Rack - Lowe Ave & 98th St,41.715887,-87.639228,True,renting_and_returning,lightweight,2,divvy_70a8be56f99c4d2f,public_rack,2022-09-09 13:44:57,name_within_150m,matched
gbfs,1674190252431911356,,Public Rack - Cicero Ave & North Ave,41.909329,-87.745838,True,renting_and_returning,lightweight,1,divvy_a3c7d433ff95b65a,public_rack,2022-06-16 12:44:26,name_within_150m,matched
gbfs,1674190209482238318,,Public Rack - Burnside Academy,41.728525,-87.608231,True,renting_and_returning,lightweight,2,divvy_a0b2296e03a0a3a9,public_rack,2022-10-31 22:34:31,name_within_150m,matched
gbfs,1674190407050734272,,Public Rack - Kenton Ave & Palmer St,41.9206781,-87.7419523,True,renting_and_returning,lightweight,1,divvy_3d4458987937da13,public_rack,2022-06-14 14:35:27,name_within_150m,matched
gbfs,1674190209482238322,,Public Rack - California Ave & Devon Ave - NE,41.99826,-87.699481,True,renting_and_returning,lightweight,1,divvy_9cdfd9a56b62e865,public_rack,2022-06-20 10:56:38,name_within_150m,matched
gbfs,1674190497245047652,,Public Rack - Michigan Ave & 113th St,41.688872,-87.620879,True,renting_and_returning,lightweight,1,divvy_80fdd6d5c8332baa,public_rack,2022-10-03 10:47:03,name_within_150m,matched
gbfs,1806749757262611020,,Public Rack - Devon Ave & Central Ave,41.997463,-87.764063,True,renting_and_returning,lightweight,2,divvy_0c304793a80b5f80,public_rack,2023-05-05 23:18:31,name_within_150m,matched
gbfs,1806749757262611012,,Public Rack - Kinzua Ave & Devon Ave,41.9979207,-87.7653719,True,renting_and_returning,lightweight,3,divvy_1d17371af6d3ccb8,public_rack,2023-05-12 22:19:15,name_within_150m,matched
gbfs,1674190501540014956,,Public Rack - Milwaukee Ave & Addison St,41.94651,-87.735721,True,renting_and_returning,lightweight,3,divvy_10a3cc7109918bcc,public_rack,2022-06-14 19:50:00,name_within_150m,matched
gbfs,2213470267082405136,,Public Rack - Michigan Ave & Wacker Dr (North),41.88935706,-87.62397971,True,renting_and_returning,lightweight,4,divvy_29bb061d865b2a65,public_rack,2026-05-01 16:20:36.697000,name_within_150m,matched
gbfs,1674190664748772498,,Public Rack - Western Ave & 111th St - SW,41.69161,-87.681523,True,renting_and_returning,lightweight,2,divvy_02da01502e8c0d6d,public_rack,2022-09-13 22:53:01,name_within_150m,matched
gbfs,2248723319435878536,,North Ave Beach Public Rack - 2,41.921984,-87.629547,True,renting_and_returning,lightweight,4,divvy_a50b82140272408c,public_rack,2026-08-08 15:05:45.829000,name_within_150m,matched
gbfs,1806753647178082938,,Public Rack - Leader & Caldwell,41.991496,-87.754447,True,renting_and_returning,lightweight,2,divvy_e15569adf28f7a3c,public_rack,2023-05-05 16:35:08,name_within_150m,matched
gbfs,1674190325446355528,,Public Rack - Hamlin Ave & Chicago Ave,41.895201,-87.721541,True,renting_and_returning,lightweight,1,divvy_ca275970d0f484f4,public_rack,2022-06-16 05:37:43,name_within_150m,matched
gbfs,1674190381280930480,,Public Rack - Kedzie Ave & Argyle St,41.972097,-87.708572,True,renting_and_returning,lightweight,2,divvy_001518a0ad70529d,public_rack,2022-06-16 15:20:25,name_within_150m,matched
gbfs,2101023507744358682,,Sheffield/Newport Corral,41.9446132,-87.6542018,True,renting_and_returning,lightweight,120,divvy_7480c742a220924b,station,2025-07-02 15:23:12.512000,name_within_150m,matched
gbfs,1677249798059333674,,Public Rack - Lowe Ave & 119th St,41.677708,-87.638711,True,renting_and_returning,lightweight,1,divvy_e768ae861fdcceff,public_rack,2024-11-12 19:23:56.873000,name_within_150m,matched
gbfs,1674190630389034056,,Public Rack - Strohacker Park,41.79482,-87.732112,True,renting_and_returning,lightweight,2,divvy_923ccf0642b510de,public_rack,2022-09-29 10:57:46,name_within_150m,matched
gbfs,1677249845303973994,,Public Rack - Longwood Dr & 111th St,41.69163,-87.671782,True,renting_and_returning,lightweight,2,divvy_b2fb6919f72fd25a,public_rack,2022-11-28 09:17:06,name_within_150m,matched
gbfs,2248723317798294962,,North Ave Beach Public Rack - 1,41.922648,-87.629767,True,renting_and_returning,lightweight,6,divvy_8e5001dba70c0f39,public_rack,2026-08-07 05:47:46.696000,name_within_150m,matched
gbfs,1806749755937712544,,Public Rack - Devon Ave & Minnehaha Ave (west),41.997384,-87.763064,True,renting_and_returning,lightweight,2,divvy_4f1c04a0e6b7fdb1,public_rack,2024-07-14 19:32:56.060000,name_within_150m,matched
gbfs,1715823816849873466,,Public Rack - Throop St & 48t ST,41.806999,-87.657942,True,renting_and_returning,lightweight,1,divvy_69e3c28ded100bd7,public_rack,2023-05-21 18:59:19,name_within_150m,matched
gbfs,1683527950760754174,,Public Rack - Lawndale Ave & 63rd St,41.7787155,-87.7140552,True,renting_and_returning,lightweight,1,divvy_c0ceffa3f5edc633,public_rack,2022-06-03 17:15:57,name_within_150m,matched
gbfs,1806753665682850702,,Public Rack - Sayer & Northwest Hwy,41.99434,-87.802532,True,renting_and_returning,lightweight,2,divvy_e017e00d30fb1fcc,public_rack,2023-05-05 12:40:20,name_within_150m,matched
gbfs,1715823779704398766,,Public Rack - Brainerd Park,41.726942,-87.654896,True,renting_and_returning,lightweight,2,divvy_c21e0a870b3b7181,public_rack,2022-08-30 11:39:33,name_within_150m,matched
gbfs,1674190192302369106,,Public Rack - Baltimore Ave & 132nd St,41.655201,-87.546942,True,renting_and_returning,lightweight,1,divvy_7277c6c011f6d111,public_rack,2022-11-08 12:24:06,name_within_150m,matched
gbfs,1674190239547009456,,Public Rack - Christiana Ave & Archer Ave,41.81175,-87.707577,True,renting_and_returning,lightweight,1,divvy_488b0ea7c2490a09,public_rack,2022-09-06 13:41:23,name_within_150m,matched
gbfs,1806749748672676378,,Public Rack - Normandy Ave & Raven St,41.993871,-87.792536,True,renting_and_returning,lightweight,3,divvy_0b4033268457f0b6,public_rack,2023-05-11 07:24:54,name_within_150m,matched
gbfs,1677249815239202874,,Public Rack - Green St & 103rd St,41.70665,-87.643422,True,renting_and_returning,lightweight,1,divvy_84c1955cebc3142c,public_rack,2022-09-15 19:00:04,name_within_150m,matched
gbfs,1683527965884893196,,Public Rack - Vincennes Ave & 77th St,41.75702837,-87.56497151,True,renting_and_returning,lightweight,1,divvy_9d97ac695fef7438,public_rack,2022-07-16 01:59:08,name_within_150m,matched
gbfs,1674190638978968660,,Public Rack - Trumbull Ave & 111th St,41.691596,-87.707397,True,renting_and_returning,lightweight,1,divvy_192821285ad8908f,public_rack,2024-10-19 22:51:45.148000,name_within_150m,matched
gbfs,1806749722902872488,,Public Rack - Sayre Ave & 59th St,41.7846778,-87.7958126,True,renting_and_returning,lightweight,5,divvy_447e2d606a48e1b2,public_rack,2023-05-18 18:07:57,name_within_150m,matched
gbfs,1806753657092916062,,Public Rack - Neva & Foster,41.974849,-87.806023,True,renting_and_returning,lightweight,2,divvy_2adfab477fba2b38,public_rack,2023-05-04 22:11:07,name_within_150m,matched
gbfs,1695776941114034252,,Public Rack - Pulaski Rd & Polk St,41.8703637,-87.7252556,True,renting_and_returning,lightweight,1,divvy_71c10aa4f0d122cc,public_rack,2022-08-04 22:16:01,name_within_150m,matched
gbfs,1674190261021845960,,Public Rack - Commercial Ave & 89th St,41.733543,-87.551152,True,renting_and_returning,lightweight,1,divvy_a2d4e973bf443407,public_rack,2022-09-17 18:32:06,name_within_150m,matched
gbfs,2101023507274653736,,Clark/Newport Corral,41.9449411,-87.654611,True,renting_and_returning,lightweight,120,divvy_59ac823b003610d8,station,2025-07-02 15:35:01.554000,name_within_150m,matched
gbfs,1715846718385914740,,Public Rack - Lawndale Ave & 23rd St,41.849956,-87.716712,True,renting_and_returning,lightweight,2,divvy_b97d9b580af23fce,public_rack,2022-09-05 16:02:13,name_within_150m,matched
gbfs,1806749757262611014,,Public Rack - Leoti Ave & Central Ave (north),41.998262,-87.763663,True,renting_and_returning,lightweight,4,divvy_f876f84bd33355b5,public_rack,2024-06-05 16:33:50.145000,name_within_150m,matched
gbfs,1677249883958679720,,Public Rack - Torrence Ave & 103rd St,41.70843,-87.56026,True,renting_and_returning,lightweight,1,divvy_55ff87a4c7ac3e78,public_rack,2023-09-16 01:31:56,name_within_150m,matched
gbfs,1683527957294958598,,Public Rack - Paxton Ave & 79th St,41.75167773,-87.57045748,True,renting_and_returning,lightweight,1,divvy_ac3564064835b821,public_rack,2022-06-19 21:04:03,name_within_150m,matched
gbfs,1674190303971519002,,Public Rack - Exchange Ave & 131st St,41.65717,-87.552594,True,renting_and_returning,lightweight,1,divvy_74596ff0677799c9,public_rack,2024-05-04 19:50:10,name_within_150m,matched
gbfs,1806753669977818026,,Public Rack - Western & 83rd,41.74385,-87.682864,True,renting_and_returning,lightweight,2,divvy_88360a952da1af34,public_rack,2023-05-07 18:44:28,name_within_150m,matched
gbfs,1674190261021845962,,Public Rack - Corliss Ave & 103rd St,41.707622,-87.60355,True,renting_and_returning,lightweight,1,divvy_4394905bc1af61de,public_rack,2024-11-12 20:57:45.980000,name_within_150m,matched
gbfs,2233046220908390068,,Lake/Sangamon Corral,41.8854693,-87.6508941,True,renting_and_returning,lightweight,24,divvy_cacea7dda312888e,station,2026-06-24 08:48:48.048000,name_within_150m,matched
gbfs,1674190175122499894,,Public Rack - Austin Branch Chicago Public Library,41.889161,-87.765738,True,renting_and_returning,lightweight,2,divvy_7459b38f681141ad,public_rack,2022-09-10 11:20:31,name_within_150m,matched
gbfs,1674190643273935964,,Public Rack - Vincennes Ave & 95th Pl,41.720562,-87.650971,True,renting_and_returning,lightweight,1,divvy_5b1a92a156c5277f,public_rack,2023-07-26 22:53:06,name_within_150m,matched
gbfs,1674190505834982262,,Public Rack - Monticello Ave & Belmont Ave,41.939472,-87.718423,True,renting_and_returning,lightweight,2,divvy_5679190951e0a48e,public_rack,2022-06-14 15:12:50,name_within_150m,matched
gbfs,1674190372690995870,,Public Rack - Kedzie Ave & 54th St - SW,41.795222,-87.703719,True,renting_and_returning,lightweight,1,divvy_b8cbc0b895be3e62,public_rack,2022-09-21 18:27:25,name_within_150m,matched
gbfs,1674190535899753386,,Public Rack - Normal Ave & 72nd St,41.763584,-87.637213,True,renting_and_returning,lightweight,4,divvy_4d3c1608b58cb8b9,public_rack,2022-10-12 15:48:47,name_within_150m,matched
gbfs,1674190626094066752,,Public Rack - Stony Island & 95th St,41.72228,-87.584943,True,renting_and_returning,lightweight,1,divvy_53b6bb3972d6da51,public_rack,2022-10-06 09:31:48,name_within_150m,matched
gbfs,1806753665682850704,,Public Rack - Springfield & 71st,41.764196,-87.720111,True,renting_and_returning,lightweight,2,divvy_2740964f4a210e47,public_rack,2023-05-19 12:52:07,name_within_150m,matched
gbfs,1674190600324262932,,Public Rack - S Kostner Ave & W 18th Pl,41.8551905,-87.7345547,True,renting_and_returning,lightweight,1,divvy_fa36be54432922d2,public_rack,2022-08-03 11:55:03,name_within_150m,matched
gbfs,1695776946416509604,,Public Rack - Fullerton Ave & Lavergne Ave,41.92398,-87.75195,True,renting_and_returning,lightweight,1,divvy_414c794b0cb6bbce,public_rack,2022-07-06 18:05:45,name_within_150m,matched
gbfs,1674190621799099448,,Public Rack - Stewart Ave & 123rd St,41.670563,-87.632188,True,renting_and_returning,lightweight,5,divvy_a1df56278b72753a,public_rack,2022-09-22 22:56:31,name_within_150m,matched
gbfs,1806749727197839808,,Public Rack - Meade Ave & Archer Ave,41.79405,-87.774078,True,renting_and_returning,lightweight,2,divvy_3ea1818f8078bd43,public_rack,2023-05-17 17:02:15,name_within_150m,matched
gbfs,1674190166532565286,,Public Rack - Austin Ave & Roscoe St,41.942196,-87.776472,True,renting_and_returning,lightweight,5,divvy_51e95ef8b3d64750,public_rack,2022-06-15 21:41:26,name_within_150m,matched
gbfs,1715823786785102364,,Public Rack - Sangamon St & 87th St,41.73582,-87.646896,True,renting_and_returning,lightweight,1,divvy_01a9888da2eac1ed,public_rack,2024-05-17 21:05:54,name_within_150m,matched
gbfs,1674190334036290140,,Public Rack - Harvard Ave & 103rd St,41.706863,-87.631674,True,renting_and_returning,lightweight,1,divvy_902e3def0b0b65c8,public_rack,2022-12-12 15:56:59,name_within_150m,matched
gbfs,2213470275698570408,,Public Rack - Racine Ave & Armitage Ave,41.91814969,-87.65830299,True,renting_and_returning,lightweight,4,divvy_a46a842ea2b9a4bc,public_rack,2026-05-01 17:21:23.683000,name_within_150m,matched
gbfs,1448642188027369086,,Indiana Ave & 133rd St Public Rack,41.653564,-87.617054,True,renting_and_returning,lightweight,8,divvy_e3a7ce4d45b186d3,public_rack,2026-03-24 18:55:24.532000,name_within_150m,matched
gbfs,1674190647568903276,,Public Rack - Waller Ave & Chicago Ave,41.894681,-87.768156,True,renting_and_returning,lightweight,1,divvy_4888abd2c18b1c1c,public_rack,2022-10-06 01:01:19,name_within_150m,matched
gbfs,2225745976878708424,,Public Rack - Lee Street Beach,42.0362804,-87.6703326,False,renting_and_returning,lightweight,6,divvy_62d08a8605bf8d3d,public_rack,2026-06-04 19:38:25.017000,name_within_150m,matched
gbfs,1806753644208014096,,Public Rack - Horner & 85th,41.739304,-87.669085,True,renting_and_returning,lightweight,2,divvy_dd8faf79fc6d44c1,public_rack,2023-05-18 14:54:56,name_within_150m,matched
gbfs,1674190492950080348,,Public Rack - Michele Clark Magnet High School,41.872849,-87.753432,True,renting_and_returning,lightweight,2,divvy_e67489337b2d7c45,public_rack,2022-07-12 18:07:36,name_within_150m,matched
gbfs,1674190200892303714,,Public Rack - Bradley Park,41.718353,-87.564459,True,renting_and_returning,lightweight,1,divvy_cb3e45b2cf4d7ac7,public_rack,2024-09-09 08:12:16.340000,name_within_150m,matched
gbfs,1674190514424916872,,Public Rack - Mt Greenwood Library - South,41.692883,-87.701048,True,renting_and_returning,lightweight,2,divvy_e5bc6187649049df,public_rack,2023-01-19 19:51:53,name_within_150m,matched
gbfs,1674190334036290138,,Public Rack - Harriet E Sayre Public School,41.913547,-87.79876,True,renting_and_returning,lightweight,3,divvy_11140494a55e38ed,public_rack,2022-09-20 16:56:28,name_within_150m,matched
gbfs,1806749740082741754,,Public Rack - Lotus Ave & Lawrence Ave,41.9676535,-87.7636298,True,renting_and_returning,lightweight,2,divvy_a2d3c54984bfd3ba,public_rack,2023-05-04 13:47:42,name_within_150m,matched
gbfs,1695777008480252434,,Public Rack - Michigan Ave & 67th St,41.772068,-87.621686,True,renting_and_returning,lightweight,2,divvy_7937ee1ad911f259,public_rack,2023-06-01 16:26:27,name_within_150m,matched
gbfs,2213470262787437818,,Public Rack - Wacker Dr & Adams St,41.87941641,-87.63719315,True,renting_and_returning,lightweight,4,divvy_e5bded385fce4fa7,public_rack,2026-05-01 15:36:48.209000,name_within_150m,matched
gbfs,1806753644208014094,,Public Rack - Homan & 79th,41.749855,-87.707507,True,renting_and_returning,lightweight,2,divvy_c8d764ed5464ed97,public_rack,2023-05-07 04:13:05,name_within_150m,matched
gbfs,1677249823829137480,,Public Rack - Ada St & 79th St,41.750522,-87.657252,True,renting_and_returning,lightweight,2,divvy_ce9c6d3a09b6a8d1,public_rack,2022-11-19 00:38:15,name_within_150m,matched
gbfs,2204963866374302664,,Public Rack - Hoyne Ave & Walton St,41.898502,-87.67952,True,renting_and_returning,lightweight,4,divvy_4cbae7047d0c7b16,public_rack,2026-04-08 17:48:10.181000,name_within_150m,matched
gbfs,1674190235252042142,,Public Rack - Chappel Ave & 71st St,41.766366,-87.575287,True,renting_and_returning,lightweight,2,divvy_c94fe98a98761bdd,public_rack,2022-09-25 18:06:08,name_within_150m,matched
gbfs,1674190196597336410,,Public Rack - Bell Ave & 95th St,41.721188,-87.678786,True,renting_and_returning,lightweight,2,divvy_d3bee86d0f49f668,public_rack,2022-09-19 08:36:27,name_within_150m,matched
gbfs,1806753635618079450,,Public Rack - Central & Berteau,41.95689,-87.767329,True,renting_and_returning,lightweight,2,divvy_d9c80e2da505ae9e,public_rack,2023-05-03 06:42:39,name_within_150m,matched
gbfs,1677249858188875900,,Public Rack - Calumet Ave & Garfield Blvd,41.794886,-87.617415,True,renting_and_returning,lightweight,1,divvy_2a9d6112412b4935,public_rack,2022-10-14 14:38:22,name_within_150m,matched
gbfs,1674190424230603488,,Public Rack - Kostner Ave & Lake St,41.885708,-87.735424,True,renting_and_returning,lightweight,1,divvy_ea3612c675dc819d,public_rack,2022-11-04 23:25:40,name_within_150m,matched
gbfs,1677249866778810502,,Public Rack - Halsted St & 41st St,41.820147,-87.64568,True,renting_and_returning,lightweight,1,divvy_648d1abed7d523a1,public_rack,2022-09-12 09:55:42,name_within_150m,matched
gbfs,2101023511569621040,,Addison/Sheffield SW Corral,41.9469539,-87.6544123,True,renting_and_returning,lightweight,120,divvy_a3b62d54146d89ed,station,2025-07-02 17:47:44.780000,name_within_150m,matched
gbfs,1674190153647663366,,Public Rack - Al Raby School,41.886167,-87.714711,True,renting_and_returning,lightweight,3,divvy_369cbb156c86d24c,public_rack,2022-07-10 19:56:54,name_within_150m,matched
gbfs,1806753635618079452,,Public Rack - Central & Leland,41.965408,-87.767339,True,renting_and_returning,lightweight,2,divvy_54f817a90c9cbc5d,public_rack,2023-05-03 12:28:32,name_within_150m,matched
gbfs,1677249862483843202,,Public Rack - Wolcott Ave & 56th St,41.791198,-87.671949,True,renting_and_returning,lightweight,2,divvy_c25cbcca61bb4e53,public_rack,2024-05-20 08:31:36,name_within_150m,matched
gbfs,2233046220908390076,,Midway Corral,41.7868405,-87.738735,True,renting_and_returning,lightweight,24,divvy_7a1c75ed38ea7077,station,2026-06-23 17:18:45.795000,name_within_150m,matched
gbfs,2213470258492470514,,Public Rack - Damen Ave & Division St,41.90328073,-87.67622971,True,renting_and_returning,lightweight,4,divvy_8c1a5a181894bf05,public_rack,2026-05-01 18:41:08.828000,name_within_150m,matched
gbfs,1715823818359104470,,Public Rack - Loomis Blvd & 47th St,41.808746,-87.66026,True,renting_and_returning,lightweight,1,divvy_f002b99ba3a8f335,public_rack,2022-11-16 09:06:21,name_within_150m,matched
gbfs,1674190157942630668,,Public Rack - Albany Ave & 111th St - NW,41.691669,-87.698507,True,renting_and_returning,lightweight,1,divvy_065d85008baa654e,public_rack,2022-10-22 19:16:53,name_within_150m,matched
gbfs,1674190308266486308,,Public Rack - Greenwood Ave & Lake Park Ave,41.817372,-87.599576,True,renting_and_returning,lightweight,1,divvy_e4b82f33efec2538,public_rack,2022-09-07 16:21:42,name_within_150m,matched
gbfs,1806753639913046766,,Public Rack - Columbus & 79th,41.749218,-87.704409,True,renting_and_returning,lightweight,2,divvy_206abe74d6d430f9,public_rack,2023-05-04 08:54:22,name_within_150m,matched
gbfs,1806753661387883392,,Public Rack - Pulaski & Rosemont,41.995191,-87.728989,True,renting_and_returning,lightweight,2,divvy_3c30c619f1b6f2b7,public_rack,2023-05-13 08:20:17,name_within_150m,matched
gbfs,1806753639913046764,,Public Rack - Cicero & Rosemont,41.995567,-87.74864,True,renting_and_returning,lightweight,2,divvy_832d0044be522dbe,public_rack,2023-05-04 11:20:23,name_within_150m,matched
gbfs,1683527959350687752,,Public Rack - Saginaw Ave & 93rd St,41.726199,-87.559252,True,renting_and_returning,lightweight,1,divvy_554991c70138240d,public_rack,2022-06-17 14:00:48,name_within_150m,matched
gbfs,1677249875368745110,,Public Rack - Pullman Community Center,41.70428,-87.59313,True,renting_and_returning,lightweight,1,divvy_f328cfea2218f333,public_rack,2022-09-26 09:57:11,name_within_150m,matched
gbfs,1806753669977818016,,Public Rack - W. Talcott & N. Oriole,41.990637,-87.816938,True,renting_and_returning,lightweight,2,divvy_5ce02e628acfe3a6,public_rack,2023-05-07 17:15:54,name_within_150m,matched
gbfs,1806749718607905154,,Public Rack - Pulaski Rd & 83rd St,41.7413923,-87.7218231,True,renting_and_returning,lightweight,2,divvy_fca2bb147bade8df,public_rack,2023-05-06 19:20:47,name_within_150m,matched
gbfs,1674190544489687994,,Public Rack - Ozark Ave & Addison St,41.945075,-87.820037,True,renting_and_returning,lightweight,2,divvy_d8f019ea6d7c70ac,public_rack,2022-09-07 14:54:24,name_within_150m,matched
gbfs,1674190179417467196,,Public Rack - Avenue J & 106th St,41.70261,-87.533531,True,renting_and_returning,lightweight,1,divvy_1f1f7a9935bf6343,public_rack,2022-11-28 20:16:22,name_within_150m,matched
gbfs,1806753648502981404,,Public Rack - Kenton & Lawrence,41.967989,-87.743049,True,renting_and_returning,lightweight,2,divvy_b94ec54cfdf4b870,public_rack,2023-05-04 16:00:28,name_within_150m,matched
gbfs,1806749731492807126,,Public Rack - Cicero Ave & Belle Plaine Ave,41.955625,-87.747517,True,renting_and_returning,lightweight,4,divvy_14f634daaf5119b6,public_rack,2023-05-10 17:58:53,name_within_150m,matched
gbfs,1674190316856420920,,Public Rack - Halsted St & 94th St,41.723442,-87.643612,True,renting_and_returning,lightweight,1,divvy_0400acb698731c64,public_rack,2024-04-17 11:58:52,name_within_150m,matched
gbfs,1674190673338707104,,Public Rack - Western Blvd & 53rd St,41.796775,-87.683362,True,renting_and_returning,lightweight,1,divvy_09d2504cc98c6c12,public_rack,2023-05-26 14:47:43,name_within_150m,matched
gbfs,1806749722902872482,,Public Rack - Linder Ave & 64th Pl,41.775524,-87.757972,True,renting_and_returning,lightweight,4,divvy_03d762b3b0e22629,public_rack,2023-05-21 19:59:59,name_within_150m,matched
gbfs,1677249879663712418,,Public Rack - Pullman - Planet Fitness,41.69782,-87.59779,True,renting_and_returning,lightweight,1,divvy_34d9557f17a77c86,public_rack,2022-09-21 15:51:41,name_within_150m,matched
gbfs,1715823796884267962,,Public Rack - Lawndale & 63rd St,41.777732,-87.713878,True,renting_and_returning,lightweight,1,divvy_c85ad9fbb938735e,public_rack,2022-08-30 12:26:30,name_within_150m,matched
gbfs,1677249871073777808,,Public Rack - Wood St & 47th St,41.80864,-87.669974,True,renting_and_returning,lightweight,1,divvy_b387776365fe8100,public_rack,2022-09-18 10:53:23,name_within_150m,matched
gbfs,1674190578849426418,,Public Rack - Pulaski Rd & 40th St,41.81864,-87.72428,True,renting_and_returning,lightweight,2,divvy_2c231f0ae47af1bf,public_rack,2022-08-30 20:16:43,name_within_150m,matched
gbfs,1674190540194720688,,Public Rack - Oglesby Ave & 95th St,41.722484,-87.565738,True,renting_and_returning,lightweight,1,divvy_d4ce0abfcca68440,public_rack,2023-02-20 19:55:11,name_within_150m,matched
gbfs,1674190454295374622,,Public Rack - Loomis Blvd & 83rd St,41.743271,-87.658769,True,renting_and_returning,lightweight,1,divvy_11a91b1b0b39c387,public_rack,2022-10-01 11:50:10,name_within_150m,matched
gbfs,1674190248136944056,,Public Rack - Cicero Ave & Le Moyne St - midblock,41.906919,-87.74623,True,renting_and_returning,lightweight,1,divvy_1f617bc83b5498c0,public_rack,2022-06-14 19:27:53,name_within_150m,matched
gbfs,1695777003591137960,,Public Rack - King Dr & 71st St,41.765862,-87.614787,True,renting_and_returning,lightweight,2,divvy_b7c29f9c66275d27,public_rack,2022-07-11 15:01:20,name_within_150m,matched
gbfs,1695780091296484234,,Public Rack - Pulaski Rd & Flournoy St,41.8724252,-87.7253448,True,renting_and_returning,lightweight,1,divvy_935d70ee23d12f79,public_rack,2022-07-18 22:21:58,name_within_150m,matched
gbfs,1674190321151388226,,Public Rack - Hamilton Ave & 95th St,41.720832,-87.676382,True,renting_and_returning,lightweight,2,divvy_ac8dfb1213d58cdf,public_rack,2022-09-09 10:02:34,name_within_150m,matched
gbfs,1715823791080069664,,Public Rack - Fairfield Ave & 63rd St,41.77926,-87.692703,True,renting_and_returning,lightweight,1,divvy_19e232581b127f6a,public_rack,2022-09-03 01:55:08,name_within_150m,matched
gbfs,1674190428525570800,,Public Rack - Lake Park Ave & 44th St,41.814697,-87.598006,True,renting_and_returning,lightweight,1,divvy_8ec042c0fc129a57,public_rack,2023-06-19 12:39:31,name_within_150m,matched
gbfs,1674190673338707102,,Public Rack - Western Blvd & 49th St,41.80478,-87.683749,True,renting_and_returning,lightweight,1,divvy_eed910400d05cfcc,public_rack,2022-09-07 08:05:40,name_within_150m,matched
gbfs,1806753639913046778,,Public Rack - Ford City Mall,41.757154,-87.741409,True,renting_and_returning,lightweight,2,divvy_975c47e52e9a88c4,public_rack,2023-05-07 10:16:57,name_within_150m,matched
gbfs,1806749752967643706,,Public Rack - Olmstead Ave & Oliphant Ave,42.0023112,-87.8170946,True,renting_and_returning,lightweight,4,divvy_54b8780ccf5d3095,public_rack,2023-05-04 15:13:45,name_within_150m,matched
gbfs,1715846695858815334,,Public Rack - Kildare Ave & North Ave,41.909866,-87.73399,True,renting_and_returning,lightweight,1,divvy_89b5b2a44c9fddaf,public_rack,2022-09-16 23:35:13,name_within_150m,matched
gbfs,1674190402755766968,,Public Rack - Keeler Ave & 26th St,41.844058,-87.729873,True,renting_and_returning,lightweight,1,divvy_0a7d39ff03522f46,public_rack,2022-07-27 19:18:47,name_within_150m,matched
gbfs,1674190183712434504,,Public Rack - Avers Ave & Archer Ave,41.804487,-87.719584,True,renting_and_returning,lightweight,2,divvy_4eadc312fc50d3bc,public_rack,2022-09-10 12:19:01,name_within_150m,matched
gbfs,1806749731492807136,,Public Rack - Irving Park Rd & Leclaire Ave,41.953418,-87.754841,True,renting_and_returning,lightweight,2,divvy_194f92a5d2115f32,public_rack,2023-05-05 15:56:11,name_within_150m,matched
gbfs,1806749752967643710,,Public Rack - Northwest Hwy & Neva Ave,41.9958546,-87.8050971,True,renting_and_returning,lightweight,2,divvy_410fac76a6bc984a,public_rack,2023-05-10 10:48:24,name_within_150m,matched
gbfs,1674190278201715172,,Public Rack - Damen Ave & 47th St,41.808884,-87.67513,True,renting_and_returning,lightweight,1,divvy_35325647dc5aefc9,public_rack,2022-10-01 18:47:41,name_within_150m,matched
gbfs,1677249819534170180,,Public Rack - East End Ave & 87th St,41.737054,-87.583998,True,renting_and_returning,lightweight,1,divvy_33db856ad77706bd,public_rack,2022-09-10 10:12:46,name_within_150m,matched
gbfs,1677249832419072086,,Public Rack - Colfax Ave & 83rd St,41.744818,-87.561055,True,renting_and_returning,lightweight,2,divvy_0d857d9c6b8b7bde,public_rack,2022-09-25 23:38:06,name_within_150m,matched
gbfs,1674190531604786076,,Public Rack - Newcastle Ave & Belmont Ave,41.938022,-87.7961,True,renting_and_returning,lightweight,2,divvy_db8a4232d1da1d30,public_rack,2022-10-01 18:25:20,name_within_150m,matched
gbfs,1674190544489687988,,Public Rack - Oketo Ave & Belmont Ave,41.938117,-87.811862,True,renting_and_returning,lightweight,1,divvy_e22efd2affd2a288,public_rack,2022-09-09 16:22:26,name_within_150m,matched
gbfs,1436495109493626544,,Washington Blvd & Peoria St Public Rack,41.883043,-87.649931,True,renting_and_returning,lightweight,9,divvy_cefb8cc26f3f6776,public_rack,2026-04-09 14:12:27.943000,name_within_150m,matched
gbfs,1806753629998213750,,Public Rack - California & 71st,41.764618,-87.693452,True,renting_and_returning,lightweight,4,divvy_e14da63845d1a33a,public_rack,2023-05-05 15:00:53,name_within_150m,matched
gbfs,1806749727197839816,,Public Rack - Melvina Ave & Montrose Ave,41.9588498,-87.7819167,True,renting_and_returning,lightweight,6,divvy_cedb9a94cdd25b1b,public_rack,2023-05-04 18:33:45,name_within_150m,matched
gbfs,1677249836714039384,,Public Rack - Marquette Ave & 83rd St,41.74476,-87.558624,True,renting_and_returning,lightweight,1,divvy_3d69601a10ebb0ac,public_rack,2023-09-08 17:38:41,name_within_150m,matched
gbfs,1806749722902872494,,Public Rack - Normandy Ave & Archer Ave,41.7923026,-87.7887886,True,renting_and_returning,lightweight,2,divvy_43d281517241511f,public_rack,2023-05-11 16:25:37,name_within_150m,matched
gbfs,1806753665682850694,,Public Rack - S. Kilpatrick and W. 79th,41.7493,-87.73958,True,renting_and_returning,lightweight,4,divvy_97ae24d6a302fef2,public_rack,2023-05-06 15:19:43,name_within_150m,matched
gbfs,2213470262787437830,,Public Rack - Rush St & Ontario St,41.89310919,-87.62535276,True,renting_and_returning,lightweight,4,divvy_984bde0036fea21b,public_rack,2026-05-01 17:10:15.325000,name_within_150m,matched
gbfs,1806753657092916056,,Public Rack - Neenah & Dakin,41.951708,-87.790746,True,renting_and_returning,lightweight,2,divvy_767bba906e8a911a,public_rack,2023-05-11 00:01:26,name_within_150m,matched
gbfs,1674190299676551694,,Public Rack - Ewing Ave & 106th St NW,41.70287,-87.535861,True,renting_and_returning,lightweight,1,divvy_b47b7f038113556b,public_rack,2022-09-27 08:30:27,name_within_150m,matched
gbfs,1715823801179235270,,Public Rack - Pulaski Rd & 65th St,41.773551,-87.722805,True,renting_and_returning,lightweight,2,divvy_4399ab5cc9c00aed,public_rack,2022-08-29 17:19:29,name_within_150m,matched
gbfs,1715846692616110944,,Public Rack - Kedzie Ave & Chicago Ave,41.89556,-87.70641,True,renting_and_returning,lightweight,1,divvy_943a3ba8fbed79fd,public_rack,2022-08-29 23:24:36,name_within_150m,matched
gbfs,1677249823829137482,,Public Rack - Laflin St & 79th St,41.750326,-87.66168,True,renting_and_returning,lightweight,1,divvy_26322331f743fb78,public_rack,2023-04-16 23:43:16,name_within_150m,matched
gbfs,1674190621799099446,,Public Rack - State St & 47th st,41.809085,-87.627384,True,renting_and_returning,lightweight,2,divvy_1e93327846a983c2,public_rack,2023-05-25 17:52:38,name_within_150m,matched
gbfs,1674190497245047650,,Public Rack - Michigan Ave & 110th St,41.694364,-87.620715,True,renting_and_returning,lightweight,1,divvy_144131bbbaa58184,public_rack,2023-08-18 16:05:10,name_within_150m,matched
gbfs,1677249862483843200,,Public Rack - Wolcott Ave & 61st St,41.782378,-87.671719,True,renting_and_returning,lightweight,4,divvy_1656914f807d6e79,public_rack,2023-06-06 12:28:37,name_within_150m,matched
gbfs,1674190432820538104,,Public Rack - Lamon Ave & Archer Ave,41.79823,-87.744952,True,renting_and_returning,lightweight,1,divvy_e74fdd96202c1a27,public_rack,2023-06-29 21:52:31,name_within_150m,matched
gbfs,1674190175122499898,,Public Rack - Avenue J & 102nd St,41.709832,-87.534238,True,renting_and_returning,lightweight,2,divvy_b05d070a11e9a9b8,public_rack,2022-12-09 18:42:47,name_within_150m,matched
gbfs,1674190179417467202,,Public Rack - Avenue M & 132nd St,41.655692,-87.537595,True,renting_and_returning,lightweight,2,divvy_2a81b97db014905b,public_rack,2023-03-28 20:16:15,name_within_150m,matched
