station_key,station_id,station_name,station_lon,station_lat,station_first_trip_at,station_first_departure_at,station_first_arrival_at,station_last_trip_at,reported_online_at,reported_online_at_latest,in_chicago,station_type,endpoint_count,coarse_coordinate_endpoint_count,source_id_count,source_ids,name_variants,quality_flags,first_trip_id,first_trip_role,first_trip_archive,first_trip_member,coordinate_source,coordinate_observed_month,coordinate_source_archive,city_station_id,city_station_name,city_status,city_match_method,city_match_distance_meters,gbfs_station_id,gbfs_station_name,gbfs_status,gbfs_match_method,gbfs_match_distance_meters,gbfs_station_type,current_feed_match_status,opening_date_status,earlier_same_name_trip_at,service_date_review_reasons,feed_snapshot_date
divvy_398260d97b30a439,72,Wabash Ave (State St) & 16th St,,,2015-07-01 00:17:00,2015-07-01 07:00:00,2015-07-01 00:17:00,2015-12-31 18:39:00,,,,station,7769,0,1,72,Wabash Ave (State St) & 16th St,missing_coordinates,5943513,end,Divvy_Trips_2015_Q3Q4.zip,Divvy_Trips_2015_07.csv,missing,,,,,,,,,,,,,,no_confirmed_match,unverified_first_trip_proxy,,,2026-09-15
divvy_c6ae29dd59c42438,16,Paulina Ave (Wood St) & North Ave,,,2015-07-01 05:39:00,2015-07-01 05:39:00,2015-07-01 06:22:00,2015-12-31 10:13:00,,,,station,8468,0,1,16,Paulina Ave (Wood St) & North Ave,missing_coordinates,5943775,start,Divvy_Trips_2015_Q3Q4.zip,Divvy_Trips_2015_07.csv,missing,,,,,,,,,,,,,,no_confirmed_match,unverified_first_trip_proxy,,,2026-09-15
divvy_9f56d8676422c089,360,DIVVY Map Frame B/C Station,,,2018-01-06 12:49:20,2018-01-12 17:15:36,2018-01-06 12:49:20,2019-08-29 18:32:11,,,,operational,460,0,1,360,DIVVY Map Frame B/C Station,missing_coordinates | operational_station,17549871,end,Divvy_Trips_2018_Q1.zip,Divvy_Trips_2018_Q1.csv,missing,,,,,,,,,,,,,,no_confirmed_match,unverified_first_trip_proxy,,,2026-09-15
divvy_7de540a9e12f2dc1,512,BBB ~ Divvy Parts Testing,,,2018-02-12 12:03:47,2018-02-12 12:03:47,2018-02-13 11:37:58,2018-02-28 13:05:44,,,,operational,11,0,1,512,BBB ~ Divvy Parts Testing,missing_coordinates | operational_station,17702347,start,Divvy_Trips_2018_Q1.zip,Divvy_Trips_2018_Q1.csv,missing,,,,,,,,,,,,,,no_confirmed_match,unverified_first_trip_proxy,,,2026-09-15
divvy_5c5f64383e2b8add,363,TS ~ DIVVY PARTS TESTING,,,2018-02-28 12:40:57,2018-02-28 12:40:57,2019-05-19 10:39:03,2019-05-19 10:48:51,,,,operational,3,0,1,363,TS ~ DIVVY PARTS TESTING,fewer_than_10_endpoints | missing_coordinates | operational_station,17790072,start,Divvy_Trips_2018_Q1.zip,Divvy_Trips_2018_Q1.csv,missing,,,,,,,,,,,,,,no_confirmed_match,unverified_first_trip_proxy,,fewer_than_10_endpoints,2026-09-15
divvy_85d28b3e0993e7a0,361,DIVVY CASSETTE REPAIR MOBILE STATION,,,2018-04-23 12:29:53,2018-05-30 16:38:42,2018-04-23 12:29:53,2019-05-21 13:23:27,,,,operational,295,0,1,361,DIVVY CASSETTE REPAIR MOBILE STATION,ambiguous_historical_location | missing_coordinates | name_has_multiple_locations | operational_station,18156436,end,Divvy_Trips_2018_Q2.zip,Divvy_Trips_2018_Q2.csv,missing,,,,,,,,,,,,,,no_confirmed_match,unverified_first_trip_proxy,,name_has_multiple_locations,2026-09-15
divvy_13ba3ddc5a21f95c,639,Lakefront Trail & Wilson Ave,,,2018-09-18 15:15:55,2018-09-18 15:15:55,2018-09-18 18:26:46,2019-12-30 18:30:19,,,,station,12822,0,1,639,Lakefront Trail & Wilson Ave,ambiguous_historical_location | missing_coordinates | name_has_multiple_locations,20778176,start,Divvy_Trips_2018_Q3.zip,Divvy_Trips_2018_Q3.csv,missing,,,,,,,,,,,,,,needs_review,unverified_first_trip_proxy,,name_has_multiple_locations,2026-09-15
divvy_c4dc5049b2ecf2f8,647,Elizabeth St & 59th St,,,2018-12-04 17:02:53,2019-03-16 20:42:57,2018-12-04 17:02:53,2019-11-09 09:57:49,,,,station,21,0,1,647,Elizabeth St & 59th St,ambiguous_historical_location | missing_coordinates | name_has_multiple_locations,21604988,end,Divvy_Trips_2018_Q4.zip,Divvy_Trips_2018_Q4.csv,missing,,,,,,,,,,,,,,no_confirmed_match,unverified_first_trip_proxy,,name_has_multiple_locations,2026-09-15
divvy_376204c0bf32a0bf,1,Special Events,,,2019-05-21 14:01:05,2019-05-21 14:01:05,2019-05-21 14:10:20,2019-05-21 14:10:20,,,,station,2,0,1,1,Special Events,fewer_than_10_endpoints | missing_coordinates,22748777,start,Divvy_Trips_2019_Q2.zip,Divvy_Trips_2019_Q2.csv,missing,,,,,,,,,,,,,,no_confirmed_match,unverified_first_trip_proxy,,fewer_than_10_endpoints,2026-09-15
divvy_12f06a70d8a1749e,669,LBS - BBB La Magie,,,2019-06-17 13:54:49,2019-06-17 13:54:49,2019-06-17 13:57:19,2019-06-17 13:57:19,,,,station,2,0,1,669,LBS - BBB La Magie,fewer_than_10_endpoints | missing_coordinates,23207817,start,Divvy_Trips_2019_Q2.zip,Divvy_Trips_2019_Q2.csv,missing,,,,,,,,,,,,,,no_confirmed_match,unverified_first_trip_proxy,,fewer_than_10_endpoints,2026-09-15
divvy_a9152e50453e1383,,hubbard_test_lws,,,2020-07-30 12:49:05,2020-07-30 12:49:05,2020-07-30 13:15:58,2020-07-30 16:39:55,,,,operational,5,5,0,,hubbard_test_lws,coarse_trip_coordinates_not_used | fewer_than_10_endpoints | missing_coordinates | missing_source_id | operational_station,6127B828E30BFFB2,start,202007-divvy-tripdata.zip,202007-divvy-tripdata.csv,missing,,,,,,,,,,,,,,no_confirmed_match,unverified_first_trip_proxy,,fewer_than_10_endpoints,2026-09-15
divvy_8af1141e5eacd17d,20258.0,N Damen Ave & W Wabansia St,,,2021-01-12 21:21:08,2021-03-14 14:24:58,2021-01-12 21:21:08,2021-03-14 14:24:58,,,,station,5,5,1,20258.0,N Damen Ave & W Wabansia St,coarse_trip_coordinates_not_used | fewer_than_10_endpoints | missing_coordinates,9D0686B8392D6464,end,202101-divvy-tripdata.zip,202101-divvy-tripdata.csv,missing,,,,,,,,,,,,,,no_confirmed_match,unverified_first_trip_proxy,,fewer_than_10_endpoints,2026-09-15
divvy_ffe94a8c6fc0a71e,20248.0,N Hampden Ct & W Diversey Ave,,,2021-02-28 20:23:55,2021-03-08 18:11:59,2021-02-28 20:23:55,2021-03-08 18:11:59,,,,station,2,2,1,20248.0,N Hampden Ct & W Diversey Ave,coarse_trip_coordinates_not_used | fewer_than_10_endpoints | missing_coordinates,C4EE0425B5FCA31F,end,202102-divvy-tripdata.zip,202102-divvy-tripdata.csv,missing,,,,,,,,,,,,,,no_confirmed_match,unverified_first_trip_proxy,,fewer_than_10_endpoints,2026-09-15
divvy_6b65676ec16da8a9,20999,Lyft Driver Center Private Rack,,,2021-06-03 18:45:20,2021-06-04 06:51:24,2021-06-03 18:45:20,2021-06-04 06:51:24,,,,operational,2,2,1,20999,Lyft Driver Center Private Rack,coarse_trip_coordinates_not_used | fewer_than_10_endpoints | missing_coordinates | operational_station,51E0BE53097C8C8F,end,202106-divvy-tripdata.zip,202106-divvy-tripdata.csv,missing,,,,,,,,,,,,,,no_confirmed_match,unverified_first_trip_proxy,,fewer_than_10_endpoints,2026-09-15
divvy_58bb8feeba856f2f,15541.1.1,Buckingham Fountain,,,2021-07-01 01:24:36,2021-07-01 01:24:36,2021-07-01 01:42:57,2024-09-30 20:59:23.141,,,,station,23723,0,2,15541 | 15541.1.1,Buckingham Fountain | Buckingham Fountain (Temp),ambiguous_historical_location | missing_coordinates | multiple_source_ids | name_has_multiple_locations | scattered_gps_rejected,FCE0F62EB50CC3C0,start,202107-divvy-tripdata.zip,202107-divvy-tripdata.csv,missing,,,,,,,,,,,,,,no_confirmed_match,unverified_first_trip_proxy,2015-07-01 06:20:00,earlier_same_name_history | name_has_multiple_locations,2026-09-15
divvy_2037fd117f38a65e,TA1309000058,Lincoln Ave & Fullerton Ave,,,2021-10-01 00:04:49,2021-10-01 00:04:49,2021-10-01 00:20:06,2021-10-31 23:37:07,,,,station,4231,0,1,TA1309000058,Lincoln Ave & Fullerton Ave,ambiguous_historical_location | missing_coordinates | name_has_multiple_locations | scattered_gps_rejected,7170B900B4ADA046,start,202110-divvy-tripdata.zip,202110-divvy-tripdata.csv,missing,,,,,,,,,,,,,,needs_review,unverified_first_trip_proxy,2013-06-28 10:00:00,earlier_same_name_history | name_has_multiple_locations,2026-09-15
divvy_82828b0afdfe9c9a,TA1308000045,Wallace St & 35th St,,,2021-10-01 04:48:41,2021-10-01 04:48:41,2021-10-01 06:38:46,2021-12-31 15:17:27,,,,station,794,0,1,TA1308000045,Wallace St & 35th St,ambiguous_historical_location | missing_coordinates | name_has_multiple_locations | scattered_gps_rejected,7997546B8433D1E1,start,202110-divvy-tripdata.zip,202110-divvy-tripdata.csv,missing,,,,,,,,,,,,,,needs_review,unverified_first_trip_proxy,2013-09-13 19:58:00,earlier_same_name_history | name_has_multiple_locations,2026-09-15
divvy_dc4d882a82205c4f,444,N Shore Channel Trail & Argyle Ave,,,2021-11-19 16:45:17,2021-11-19 16:45:17,2021-11-19 18:43:18,2022-02-05 15:46:16,,,,station,21,21,1,444,N Shore Channel Trail & Argyle Ave,coarse_trip_coordinates_not_used | missing_coordinates,9600B307055B610C,start,202111-divvy-tripdata.zip,202111-divvy-tripdata.csv,missing,,,,,,,,,,,,,,no_confirmed_match,unverified_first_trip_proxy,,,2026-09-15
divvy_f3562b2c0b67f91b,20223,Ewing Ave & Burnham Greenway,,,2022-02-06 12:10:14,2022-02-06 12:10:14,,2022-02-11 16:18:25,,,,station,2,0,1,20223,Ewing Ave & Burnham Greenway,ambiguous_historical_location | fewer_than_10_endpoints | missing_coordinates | name_has_multiple_locations | scattered_gps_rejected,F13DC3D8FCD2E731,start,202202-divvy-tripdata.zip,202202-divvy-tripdata.csv,missing,,,,,,,,,,,,,,needs_review,unverified_first_trip_proxy,2020-09-24 13:11:04,earlier_same_name_history | name_has_multiple_locations | fewer_than_10_endpoints,2026-09-15
divvy_9a722008953e6cf7,785,Princeton Ave & 43rd St,,,2022-05-09 10:23:58,2022-05-10 16:35:40,2022-05-09 10:23:58,2022-08-13 22:43:50,,,,station,6,6,1,785,Princeton Ave & 43rd St,coarse_trip_coordinates_not_used | fewer_than_10_endpoints | missing_coordinates,67224DC5C79E69C4,end,202205-divvy-tripdata.zip,202205-divvy-tripdata.csv,missing,,,,,,,,,,,,,,no_confirmed_match,unverified_first_trip_proxy,,fewer_than_10_endpoints,2026-09-15
divvy_e9f9c42c1ff21fe6,518,Keystone Ave & North Ave,,,2022-05-09 11:02:03,2022-05-09 11:02:03,2022-05-09 12:53:30,2022-06-15 21:19:09,,,,station,97,97,1,518,Keystone Ave & North Ave,coarse_trip_coordinates_not_used | missing_coordinates,0C0AB52177821357,start,202205-divvy-tripdata.zip,202205-divvy-tripdata.csv,missing,,,,,,,,,,,,,,no_confirmed_match,unverified_first_trip_proxy,,,2026-09-15
divvy_4d482e15f8a41531,768,Hyde Park Blvd & 55th St,,,2022-05-09 11:12:32,2022-05-09 11:12:32,2022-05-09 13:12:04,2022-09-05 23:53:03,,,,station,479,479,1,768,Hyde Park Blvd & 55th St,coarse_trip_coordinates_not_used | missing_coordinates,407C9D10AC2C14EC,start,202205-divvy-tripdata.zip,202205-divvy-tripdata.csv,missing,,,,,,,,,,,,,,no_confirmed_match,unverified_first_trip_proxy,,,2026-09-15
divvy_e3078118ae284a1f,840,Marshfield Ave & 45th St,,,2022-05-09 11:31:47,2022-05-09 11:31:47,2022-05-17 16:02:42,2022-08-26 15:27:11,,,,station,19,19,1,840,Marshfield Ave & 45th St,coarse_trip_coordinates_not_used | missing_coordinates,DB88BA010AE89B2E,start,202205-divvy-tripdata.zip,202205-divvy-tripdata.csv,missing,,,,,,,,,,,,,,no_confirmed_match,unverified_first_trip_proxy,,,2026-09-15
divvy_9ae683442099c38e,743,May St & 63rd St,,,2022-05-09 11:35:30,2022-05-09 11:35:30,2022-06-03 07:59:41,2022-07-27 23:20:15,,,,station,4,4,1,743,May St & 63rd St,coarse_trip_coordinates_not_used | fewer_than_10_endpoints | missing_coordinates,2CACA878736D68BC,start,202205-divvy-tripdata.zip,202205-divvy-tripdata.csv,missing,,,,,,,,,,,,,,no_confirmed_match,unverified_first_trip_proxy,,fewer_than_10_endpoints,2026-09-15
divvy_3ed21b41c3ac3d11,767,Hyde Park Blvd & 53rd St,,,2022-05-09 11:39:31,2022-05-09 11:39:31,2022-05-09 16:48:31,2022-09-05 19:26:28,,,,station,290,290,1,767,Hyde Park Blvd & 53rd St,coarse_trip_coordinates_not_used | missing_coordinates,7D8C1DCCE9663158,start,202205-divvy-tripdata.zip,202205-divvy-tripdata.csv,missing,,,,,,,,,,,,,,no_confirmed_match,unverified_first_trip_proxy,,,2026-09-15
divvy_7a15b3d6503d85a4,499,Christiana Ave & Belmont Ave,,,2022-05-09 11:44:38,2022-05-09 17:27:38,2022-05-09 11:44:38,2022-06-14 09:49:38,,,,station,102,102,1,499,Christiana Ave & Belmont Ave,coarse_trip_coordinates_not_used | missing_coordinates,D6FCFD3075C6A186,end,202205-divvy-tripdata.zip,202205-divvy-tripdata.csv,missing,,,,,,,,,,,,,,no_confirmed_match,unverified_first_trip_proxy,,,2026-09-15
divvy_b7f74308be6af3bf,646,Cottage Grove Ave & 87th St,,,2022-05-09 11:53:49,2022-05-09 15:31:36,2022-05-09 11:53:49,2022-09-02 15:32:34,,,,station,36,36,1,646,Cottage Grove Ave & 87th St,coarse_trip_coordinates_not_used | missing_coordinates,6BBB699DD9F9E8C9,end,202205-divvy-tripdata.zip,202205-divvy-tripdata.csv,missing,,,,,,,,,,,,,,no_confirmed_match,unverified_first_trip_proxy,,,2026-09-15
divvy_22003f785a325b58,563,Central Ave & George St,,,2022-05-09 12:09:50,2022-05-09 13:05:47,2022-05-09 12:09:50,2022-06-14 12:03:13,,,,station,33,33,1,563,Central Ave & George St,coarse_trip_coordinates_not_used | missing_coordinates,7C73EA8914917A22,end,202205-divvy-tripdata.zip,202205-divvy-tripdata.csv,missing,,,,,,,,,,,,,,no_confirmed_match,unverified_first_trip_proxy,,,2026-09-15
divvy_59f0451b52629614,506,Lawndale Ave & Diversey Ave,,,2022-05-09 12:18:53,2022-05-09 12:33:09,2022-05-09 12:18:53,2022-06-14 06:59:37,,,,station,103,103,1,506,Lawndale Ave & Diversey Ave,coarse_trip_coordinates_not_used | missing_coordinates,7F811857D9805974,end,202205-divvy-tripdata.zip,202205-divvy-tripdata.csv,missing,,,,,,,,,,,,,,no_confirmed_match,unverified_first_trip_proxy,,,2026-09-15
divvy_2964788cfe60f4dd,641,Loomis St & 87th St,,,2022-05-09 12:21:41,2022-05-09 12:23:12,2022-05-09 12:21:41,2022-09-05 13:43:56,,,,station,81,81,1,641,Loomis St & 87th St,coarse_trip_coordinates_not_used | missing_coordinates,2D46E6FB515C4565,end,202205-divvy-tripdata.zip,202205-divvy-tripdata.csv,missing,,,,,,,,,,,,,,no_confirmed_match,unverified_first_trip_proxy,,,2026-09-15
divvy_27553b7bd50fd4d3,551,Cicero Ave & North Ave,,,2022-05-09 12:47:36,2022-05-09 12:47:36,2022-05-16 15:17:44,2022-06-13 00:42:22,,,,station,22,22,1,551,Cicero Ave & North Ave,coarse_trip_coordinates_not_used | missing_coordinates,FC87C4F240175630,start,202205-divvy-tripdata.zip,202205-divvy-tripdata.csv,missing,,,,,,,,,,,,,,no_confirmed_match,unverified_first_trip_proxy,,,2026-09-15
divvy_e3a741b858af29c1,814,Prairie Ave & 47th St - midblock,,,2022-05-09 13:12:39,2022-05-09 13:15:30,2022-05-09 13:12:39,2022-09-03 12:56:20,,,,station,76,76,1,814,Prairie Ave & 47th St - midblock,coarse_trip_coordinates_not_used | missing_coordinates,7B8AAE3FF122A5BE,end,202205-divvy-tripdata.zip,202205-divvy-tripdata.csv,missing,,,,,,,,,,,,,,no_confirmed_match,unverified_first_trip_proxy,,,2026-09-15
divvy_e19c4fac73705c43,566,Narragansett Ave & Fullerton Ave,,,2022-05-09 13:43:30,2022-05-09 16:02:27,2022-05-09 13:43:30,2022-06-11 19:58:35,,,,station,41,41,1,566,Narragansett Ave & Fullerton Ave,coarse_trip_coordinates_not_used | missing_coordinates,13B5855FBF2BCAE7,end,202205-divvy-tripdata.zip,202205-divvy-tripdata.csv,missing,,,,,,,,,,,,,,no_confirmed_match,unverified_first_trip_proxy,,,2026-09-15
divvy_d4eb7f085f4bbe5c,505,Milwaukee Ave & Haussen Ct,,,2022-05-09 13:46:12,2022-05-09 18:15:08,2022-05-09 13:46:12,2022-06-13 18:07:51,,,,station,101,101,1,505,Milwaukee Ave & Haussen Ct,coarse_trip_coordinates_not_used | missing_coordinates,BD6916A931E6237C,end,202205-divvy-tripdata.zip,202205-divvy-tripdata.csv,missing,,,,,,,,,,,,,,no_confirmed_match,unverified_first_trip_proxy,,,2026-09-15
divvy_15d34a6094367464,841,Damen Ave & 47th St,,,2022-05-09 13:49:36,2022-05-09 14:51:22,2022-05-09 13:49:36,2022-08-31 09:51:23,,,,station,33,33,1,841,Damen Ave & 47th St,coarse_trip_coordinates_not_used | missing_coordinates,CCE16FB5AB5A7486,end,202205-divvy-tripdata.zip,202205-divvy-tripdata.csv,missing,,,,,,,,,,,,,,no_confirmed_match,unverified_first_trip_proxy,,,2026-09-15
divvy_fce755c3891f068c,496,Kedvale Ave & Avondale Ave,,,2022-05-09 14:04:23,2022-05-09 15:57:15,2022-05-09 14:04:23,2022-06-13 23:27:34,,,,station,50,50,1,496,Kedvale Ave & Avondale Ave,coarse_trip_coordinates_not_used | missing_coordinates,62477F852D41DFED,end,202205-divvy-tripdata.zip,202205-divvy-tripdata.csv,missing,,,,,,,,,,,,,,no_confirmed_match,unverified_first_trip_proxy,,,2026-09-15
divvy_b36e6aaa70032be9,656,West Chatham Park,,,2022-05-09 14:07:31,2022-05-09 14:07:31,2022-05-10 18:36:41,2022-09-01 12:27:53,,,,station,4,4,1,656,West Chatham Park,coarse_trip_coordinates_not_used | fewer_than_10_endpoints | missing_coordinates,1EE7F6AF3FD88654,start,202205-divvy-tripdata.zip,202205-divvy-tripdata.csv,missing,,,,,,,,,,,,,,no_confirmed_match,unverified_first_trip_proxy,,fewer_than_10_endpoints,2026-09-15
divvy_561500a1a746adb8,650,Houston Ave & 91st St,,,2022-05-09 14:24:53,2022-05-09 14:44:52,2022-05-09 14:24:53,2022-08-25 19:52:05,,,,station,16,16,1,650,Houston Ave & 91st St,coarse_trip_coordinates_not_used | missing_coordinates,F62A54A42DF3BBA7,end,202205-divvy-tripdata.zip,202205-divvy-tripdata.csv,missing,,,,,,,,,,,,,,no_confirmed_match,unverified_first_trip_proxy,,,2026-09-15
divvy_7c8a1c4fce99a14a,544,Laramie Ave & Belmont Ave,,,2022-05-09 14:35:16,2022-05-09 15:47:49,2022-05-09 14:35:16,2022-06-10 16:43:58,,,,station,51,51,1,544,Laramie Ave & Belmont Ave,coarse_trip_coordinates_not_used | missing_coordinates,F57AC64C5C36AD40,end,202205-divvy-tripdata.zip,202205-divvy-tripdata.csv,missing,,,,,,,,,,,,,,no_confirmed_match,unverified_first_trip_proxy,,,2026-09-15
divvy_80bdb79e01f4ee3f,516,Kenton Ave & Palmer St,,,2022-05-09 14:59:49,2022-05-09 14:59:49,2022-05-09 19:37:56,2022-06-14 08:08:48,,,,station,205,205,1,516,Kenton Ave & Palmer St,coarse_trip_coordinates_not_used | missing_coordinates,90A9C2B767C4131D,start,202205-divvy-tripdata.zip,202205-divvy-tripdata.csv,missing,,,,,,,,,,,,,,no_confirmed_match,unverified_first_trip_proxy,,,2026-09-15
divvy_210e2b826c72ebb9,502,Milwaukee Ave & Addison St,,,2022-05-09 15:02:58,2022-05-09 15:28:41,2022-05-09 15:02:58,2022-06-13 12:23:31,,,,station,78,78,1,502,Milwaukee Ave & Addison St,coarse_trip_coordinates_not_used | missing_coordinates,7518AC1F62A28FB1,end,202205-divvy-tripdata.zip,202205-divvy-tripdata.csv,missing,,,,,,,,,,,,,,no_confirmed_match,unverified_first_trip_proxy,,,2026-09-15
divvy_b328af97e3918e7b,491,Kedzie Ave & Argyle St,,,2022-05-09 15:10:07,2022-05-09 15:10:07,2022-05-09 17:53:26,2022-06-13 20:01:04,,,,station,20,20,1,491,Kedzie Ave & Argyle St,coarse_trip_coordinates_not_used | missing_coordinates,AC58FAE6A1B9665D,start,202205-divvy-tripdata.zip,202205-divvy-tripdata.csv,missing,,,,,,,,,,,,,,no_confirmed_match,unverified_first_trip_proxy,,,2026-09-15
divvy_27545cb4ec02b467,500,Monticello Ave & Belmont Ave,,,2022-05-09 15:13:57,2022-05-09 17:07:15,2022-05-09 15:13:57,2022-06-13 17:41:41,,,,station,123,123,1,500,Monticello Ave & Belmont Ave,coarse_trip_coordinates_not_used | missing_coordinates,90A9C2B767C4131D,end,202205-divvy-tripdata.zip,202205-divvy-tripdata.csv,missing,,,,,,,,,,,,,,no_confirmed_match,unverified_first_trip_proxy,,,2026-09-15
divvy_c3352b2f05b1c76c,492,Hamlin Ave & Montrose Ave,,,2022-05-09 15:15:04,2022-05-09 15:15:04,2022-05-13 17:26:24,2022-06-13 22:45:31,,,,station,89,89,1,492,Hamlin Ave & Montrose Ave,coarse_trip_coordinates_not_used | missing_coordinates,4F340378F1E9E988,start,202205-divvy-tripdata.zip,202205-divvy-tripdata.csv,missing,,,,,,,,,,,,,,no_confirmed_match,unverified_first_trip_proxy,,,2026-09-15
divvy_bbd69fa771a6a8bf,567,Harvey Ave & North Ave,,,2022-05-09 15:25:36,2022-05-09 15:25:36,2022-05-10 15:46:13,2022-06-13 20:25:29,,,,station,16,16,1,567,Harvey Ave & North Ave,coarse_trip_coordinates_not_used | missing_coordinates,26CA3EEADE79B9A6,start,202205-divvy-tripdata.zip,202205-divvy-tripdata.csv,missing,,,,,,,,,,,,,,no_confirmed_match,unverified_first_trip_proxy,,,2026-09-15
divvy_6d8c8c43c48271ff,494,Avers Ave & Irving Park Rd,,,2022-05-09 15:32:13,2022-05-09 15:54:29,2022-05-09 15:32:13,2022-06-13 17:51:04,,,,station,45,45,1,494,Avers Ave & Irving Park Rd,coarse_trip_coordinates_not_used | missing_coordinates,93A203601CF081A4,end,202205-divvy-tripdata.zip,202205-divvy-tripdata.csv,missing,,,,,,,,,,,,,,no_confirmed_match,unverified_first_trip_proxy,,,2026-09-15
divvy_c00bf7d490409601,549,Laramie Ave & Fullerton Ave,,,2022-05-09 15:37:48,2022-05-09 19:45:54,2022-05-09 15:37:48,2022-06-19 18:21:20,,,,station,69,69,1,549,Laramie Ave & Fullerton Ave,coarse_trip_coordinates_not_used | missing_coordinates,9582E6FAE92221C3,end,202205-divvy-tripdata.zip,202205-divvy-tripdata.csv,missing,,,,,,,,,,,,,,no_confirmed_match,unverified_first_trip_proxy,,,2026-09-15
divvy_fa12d4b011d3916e,611,Mackinaw Ave & 108th St,,,2022-05-09 15:42:58,2022-05-27 17:44:28,2022-05-09 15:42:58,2022-08-10 15:32:00,,,,station,16,16,1,611,Mackinaw Ave & 108th St,coarse_trip_coordinates_not_used | missing_coordinates,A5317E5CDF639D85,end,202205-divvy-tripdata.zip,202205-divvy-tripdata.csv,missing,,,,,,,,,,,,,,no_confirmed_match,unverified_first_trip_proxy,,,2026-09-15
divvy_293a59f4e4c7bcf5,825,Kedzie Ave & 54th St - SW,,,2022-05-09 15:51:21,2022-05-09 15:51:21,2022-05-13 11:17:31,2022-09-05 15:10:56,,,,station,116,116,1,825,Kedzie Ave & 54th St - SW,coarse_trip_coordinates_not_used | missing_coordinates,E866144EAF95FE2A,start,202205-divvy-tripdata.zip,202205-divvy-tripdata.csv,missing,,,,,,,,,,,,,,no_confirmed_match,unverified_first_trip_proxy,,,2026-09-15
divvy_4abe3a9c4fc0db8e,629,Michigan Ave & 96th St,,,2022-05-09 15:52:11,2022-05-09 17:11:41,2022-05-09 15:52:11,2022-08-27 02:56:30,,,,station,8,8,1,629,Michigan Ave & 96th St,coarse_trip_coordinates_not_used | fewer_than_10_endpoints | missing_coordinates,FE8D2C3E4423E8D4,end,202205-divvy-tripdata.zip,202205-divvy-tripdata.csv,missing,,,,,,,,,,,,,,no_confirmed_match,unverified_first_trip_proxy,,fewer_than_10_endpoints,2026-09-15
divvy_20c1dafb3b46dac0,508,Pulaski Rd & Fullerton Ave,,,2022-05-09 16:04:12,2022-05-10 11:20:05,2022-05-09 16:04:12,2022-06-13 22:12:26,,,,station,153,153,1,508,Pulaski Rd & Fullerton Ave,coarse_trip_coordinates_not_used | missing_coordinates,6E449F736E323C1F,end,202205-divvy-tripdata.zip,202205-divvy-tripdata.csv,missing,,,,,,,,,,,,,,no_confirmed_match,unverified_first_trip_proxy,,,2026-09-15
divvy_2b2db97879316724,517,Pulaski Rd & Armitage Ave,,,2022-05-09 16:09:34,2022-05-09 16:17:20,2022-05-09 16:09:34,2022-06-14 02:04:47,,,,station,98,98,1,517,Pulaski Rd & Armitage Ave,coarse_trip_coordinates_not_used | missing_coordinates,9E3B9B5F45F294D9,end,202205-divvy-tripdata.zip,202205-divvy-tripdata.csv,missing,,,,,,,,,,,,,,no_confirmed_match,unverified_first_trip_proxy,,,2026-09-15
divvy_2c5b1ce89293da3e,776,Komensky Ave & 59th St,,,2022-05-09 16:12:39,2022-05-09 16:27:20,2022-05-09 16:12:39,2022-09-07 07:27:41,,,,station,71,71,1,776,Komensky Ave & 59th St,coarse_trip_coordinates_not_used | missing_coordinates,BEFA29E1308AFE37,end,202205-divvy-tripdata.zip,202205-divvy-tripdata.csv,missing,,,,,,,,,,,,,,no_confirmed_match,unverified_first_trip_proxy,,,2026-09-15
divvy_b74dc54b721812b9,509,Mozart Elementary School,,,2022-05-09 16:29:57,2022-05-09 21:32:24,2022-05-09 16:29:57,2022-06-14 07:38:28,,,,station,176,176,1,509,Mozart Elementary School,coarse_trip_coordinates_not_used | missing_coordinates,1D2FE41321654860,end,202205-divvy-tripdata.zip,202205-divvy-tripdata.csv,missing,,,,,,,,,,,,,,no_confirmed_match,unverified_first_trip_proxy,,,2026-09-15
divvy_99efd99bdb685fa7,668,Marquette Ave & 79th St,,,2022-05-09 16:33:01,2022-05-09 20:51:37,2022-05-09 16:33:01,2022-08-30 08:36:50,,,,station,71,71,1,668,Marquette Ave & 79th St,coarse_trip_coordinates_not_used | missing_coordinates,8D75B9ACD249004C,end,202205-divvy-tripdata.zip,202205-divvy-tripdata.csv,missing,,,,,,,,,,,,,,no_confirmed_match,unverified_first_trip_proxy,,,2026-09-15
divvy_c8f3dece36e44219,485,Sacramento Ave & Devon Ave,,,2022-05-09 16:38:25,2022-05-13 10:21:56,2022-05-09 16:38:25,2022-06-14 15:01:03,,,,station,40,40,1,485,Sacramento Ave & Devon Ave,coarse_trip_coordinates_not_used | missing_coordinates,7934B01470B104EF,end,202205-divvy-tripdata.zip,202205-divvy-tripdata.csv,missing,,,,,,,,,,,,,,no_confirmed_match,unverified_first_trip_proxy,,,2026-09-15
divvy_51f4bc12a94ff16c,682,111th St - Morgan Park Metra,,,2022-05-09 16:50:29,2022-05-09 16:50:29,2022-05-10 07:04:32,2022-09-04 16:53:44,,,,station,27,27,1,682,111th St - Morgan Park Metra,coarse_trip_coordinates_not_used | missing_coordinates,54932094E964F02A,start,202205-divvy-tripdata.zip,202205-divvy-tripdata.csv,missing,,,,,,,,,,,,,,no_confirmed_match,unverified_first_trip_proxy,,,2026-09-15
divvy_d2664eaa87314728,793,Central Ave & Corcoran Pl,,,2022-05-09 16:56:48,2022-05-09 16:56:48,2022-05-10 20:28:20,2022-09-04 22:17:52,,,,station,34,34,1,793,Central Ave & Corcoran Pl,coarse_trip_coordinates_not_used | missing_coordinates,6134A54252C70748,start,202205-divvy-tripdata.zip,202205-divvy-tripdata.csv,missing,,,,,,,,,,,,,,no_confirmed_match,unverified_first_trip_proxy,,,2026-09-15
divvy_b896d18be9cf593b,833,Pulaski Rd & 44th St,,,2022-05-09 17:10:41,2022-05-09 17:10:41,2022-05-10 05:52:35,2022-08-30 15:13:20,,,,station,271,271,1,833,Pulaski Rd & 44th St,coarse_trip_coordinates_not_used | missing_coordinates,8C3AC5BB0EF5D647,start,202205-divvy-tripdata.zip,202205-divvy-tripdata.csv,missing,,,,,,,,,,,,,,no_confirmed_match,unverified_first_trip_proxy,,,2026-09-15
divvy_2de1bdebd795b086,815,Forrestville Ave & 47th St,,,2022-05-09 17:19:47,2022-05-09 22:09:47,2022-05-09 17:19:47,2022-09-06 13:21:23,,,,station,22,22,1,815,Forrestville Ave & 47th St,coarse_trip_coordinates_not_used | missing_coordinates,45AE298EE38B4900,end,202205-divvy-tripdata.zip,202205-divvy-tripdata.csv,missing,,,,,,,,,,,,,,no_confirmed_match,unverified_first_trip_proxy,,,2026-09-15
divvy_379c246143620360,501,Milwaukee Ave & School St,,,2022-05-09 17:29:31,2022-05-09 18:56:50,2022-05-09 17:29:31,2022-06-10 08:43:36,,,,station,66,66,1,501,Milwaukee Ave & School St,coarse_trip_coordinates_not_used | missing_coordinates,0706228658630D3E,end,202205-divvy-tripdata.zip,202205-divvy-tripdata.csv,missing,,,,,,,,,,,,,,no_confirmed_match,unverified_first_trip_proxy,,,2026-09-15
divvy_c9239b3522afc6ab,621,Lafayette Ave & 95th St,,,2022-05-09 17:31:17,2022-05-09 17:31:17,2022-05-20 17:08:49,2022-09-06 11:14:07,,,,station,195,195,1,621,Lafayette Ave & 95th St,coarse_trip_coordinates_not_used | missing_coordinates,ABF061F037BBDC71,start,202205-divvy-tripdata.zip,202205-divvy-tripdata.csv,missing,,,,,,,,,,,,,,no_confirmed_match,unverified_first_trip_proxy,,,2026-09-15
divvy_09b26173e7bf74d8,763,Kildare Ave & 63rd St,,,2022-05-09 17:47:31,2022-05-09 17:47:31,2022-07-02 11:54:34,2022-09-08 21:50:38,,,,station,15,15,1,763,Kildare Ave & 63rd St,coarse_trip_coordinates_not_used | missing_coordinates,92FEB91BE2037557,start,202205-divvy-tripdata.zip,202205-divvy-tripdata.csv,missing,,,,,,,,,,,,,,no_confirmed_match,unverified_first_trip_proxy,,,2026-09-15
divvy_4b01365b388d22c0,751,Kimbark Ave & 67th St,,,2022-05-09 17:49:38,2022-05-09 22:13:30,2022-05-09 17:49:38,2022-09-11 06:04:23,,,,station,141,141,1,751,Kimbark Ave & 67th St,coarse_trip_coordinates_not_used | missing_coordinates,A66B3A94FF7E3F56,end,202205-divvy-tripdata.zip,202205-divvy-tripdata.csv,missing,,,,,,,,,,,,,,no_confirmed_match,unverified_first_trip_proxy,,,2026-09-15
divvy_1198da90e45b34b6,578,Oleander Ave & Addison St,,,2022-05-09 18:22:03,2022-05-10 18:25:47,2022-05-09 18:22:03,2022-08-20 15:40:03,,,,station,13,13,1,578,Oleander Ave & Addison St,coarse_trip_coordinates_not_used | missing_coordinates,000474DC9D6DBAED,end,202205-divvy-tripdata.zip,202205-divvy-tripdata.csv,missing,,,,,,,,,,,,,,no_confirmed_match,unverified_first_trip_proxy,,,2026-09-15
divvy_aa5b6133c85a7b5a,698,Bell Ave & 95th St,,,2022-05-09 18:32:54,2022-05-09 19:18:55,2022-05-09 18:32:54,2022-09-05 15:28:22,,,,station,39,39,1,698,Bell Ave & 95th St,coarse_trip_coordinates_not_used | missing_coordinates,51B7734A25E420CD,end,202205-divvy-tripdata.zip,202205-divvy-tripdata.csv,missing,,,,,,,,,,,,,,no_confirmed_match,unverified_first_trip_proxy,,,2026-09-15
divvy_8fc0d4b08c681adf,497,Lowell Ave & Elston Ave,,,2022-05-09 18:52:15,2022-05-09 22:44:51,2022-05-09 18:52:15,2022-06-14 18:57:14,,,,station,97,97,1,497,Lowell Ave & Elston Ave,coarse_trip_coordinates_not_used | missing_coordinates,CECFE91E9E8A935B,end,202205-divvy-tripdata.zip,202205-divvy-tripdata.csv,missing,,,,,,,,,,,,,,no_confirmed_match,unverified_first_trip_proxy,,,2026-09-15
divvy_839e2fef7bedf497,803,Newland Ave & Diversey Ave,,,2022-05-09 19:14:00,2022-05-10 16:19:05,2022-05-09 19:14:00,2022-08-26 18:56:21,,,,station,14,14,1,803,Newland Ave & Diversey Ave,coarse_trip_coordinates_not_used | missing_coordinates,200C376FD134B1BE,end,202205-divvy-tripdata.zip,202205-divvy-tripdata.csv,missing,,,,,,,,,,,,,,no_confirmed_match,unverified_first_trip_proxy,,,2026-09-15
divvy_93a2181f01abfe25,489,Spaulding Ave & Bryn Mawr Ave,,,2022-05-09 19:24:13,2022-05-10 16:22:33,2022-05-09 19:24:13,2022-06-13 07:12:05,,,,station,33,33,1,489,Spaulding Ave & Bryn Mawr Ave,coarse_trip_coordinates_not_used | missing_coordinates,41850F66B8E55BEB,end,202205-divvy-tripdata.zip,202205-divvy-tripdata.csv,missing,,,,,,,,,,,,,,no_confirmed_match,unverified_first_trip_proxy,,,2026-09-15
divvy_8fe48bc20c0ea251,536,Keeler Ave & 26th St,,,2022-05-09 19:32:40,,2022-05-09 19:32:40,2022-05-11 18:47:32,,,,station,2,2,1,536,Keeler Ave & 26th St,coarse_trip_coordinates_not_used | fewer_than_10_endpoints | missing_coordinates,D4D65AB5F0B6C228,end,202205-divvy-tripdata.zip,202205-divvy-tripdata.csv,missing,,,,,,,,,,,,,,no_confirmed_match,unverified_first_trip_proxy,,fewer_than_10_endpoints,2026-09-15
divvy_aa95fcb020960e5f,545,Linder Ave & Belmont Ave,,,2022-05-09 19:56:09,2022-05-09 20:01:52,2022-05-09 19:56:09,2022-06-13 23:59:43,,,,station,15,15,1,545,Linder Ave & Belmont Ave,coarse_trip_coordinates_not_used | missing_coordinates,5790CCEB2A9C68A1,end,202205-divvy-tripdata.zip,202205-divvy-tripdata.csv,missing,,,,,,,,,,,,,,no_confirmed_match,unverified_first_trip_proxy,,,2026-09-15
divvy_4d3132ed8fe19ecb,805,Neva Ave & Grand Ave,,,2022-05-09 20:04:46,2022-05-09 22:03:29,2022-05-09 20:04:46,2022-09-03 10:59:56,,,,station,80,80,1,805,Neva Ave & Grand Ave,coarse_trip_coordinates_not_used | missing_coordinates,35223F1DB46571A9,end,202205-divvy-tripdata.zip,202205-divvy-tripdata.csv,missing,,,,,,,,,,,,,,no_confirmed_match,unverified_first_trip_proxy,,,2026-09-15
divvy_2031c07582f7c618,510,Spaulding Ave & North Ave,,,2022-05-09 21:07:49,2022-05-09 21:20:12,2022-05-09 21:07:49,2022-06-13 16:16:31,,,,station,79,79,1,510,Spaulding Ave & North Ave,coarse_trip_coordinates_not_used | missing_coordinates,8DB0D43910FE7206,end,202205-divvy-tripdata.zip,202205-divvy-tripdata.csv,missing,,,,,,,,,,,,,,no_confirmed_match,unverified_first_trip_proxy,,,2026-09-15
divvy_917d7c8477918261,486,California Ave & Devon Ave - NW,,,2022-05-09 21:13:18,2022-05-15 16:58:39,2022-05-09 21:13:18,2022-06-15 12:07:08,,,,station,23,23,1,486,California Ave & Devon Ave - NW,coarse_trip_coordinates_not_used | missing_coordinates,DB756AE145974920,end,202205-divvy-tripdata.zip,202205-divvy-tripdata.csv,missing,,,,,,,,,,,,,,no_confirmed_match,unverified_first_trip_proxy,,,2026-09-15
divvy_2e7eff56f40f396e,738,63rd & Western Ave - south corner,,,2022-05-09 21:37:24,2022-05-09 21:37:24,2022-05-13 00:25:35,2022-09-05 19:16:13,,,,station,21,21,1,738,63rd & Western Ave - south corner,coarse_trip_coordinates_not_used | missing_coordinates,4F64FC6BCCBAAB17,start,202205-divvy-tripdata.zip,202205-divvy-tripdata.csv,missing,,,,,,,,,,,,,,no_confirmed_match,unverified_first_trip_proxy,,,2026-09-15
divvy_44bf3f1d6d7a584f,821,Western Blvd & 49th St,,,2022-05-09 21:46:29,2022-05-09 22:05:00,2022-05-09 21:46:29,2022-09-05 16:07:33,,,,station,319,319,1,821,Western Blvd & 49th St,coarse_trip_coordinates_not_used | missing_coordinates,4F64FC6BCCBAAB17,end,202205-divvy-tripdata.zip,202205-divvy-tripdata.csv,missing,,,,,,,,,,,,,,no_confirmed_match,unverified_first_trip_proxy,,,2026-09-15
divvy_83d024ada3922d7f,693,Walden Pkwy & 103rd St,,,2022-05-09 21:47:55,2022-05-09 21:47:55,2022-05-10 15:17:07,2022-09-04 10:48:13,,,,station,131,131,1,693,Walden Pkwy & 103rd St,coarse_trip_coordinates_not_used | missing_coordinates,7CFD50FDE9CBFC23,start,202205-divvy-tripdata.zip,202205-divvy-tripdata.csv,missing,,,,,,,,,,,,,,no_confirmed_match,unverified_first_trip_proxy,,,2026-09-15
divvy_18f2191dc5143ac0,480,Rockwell Ave & Touhy Ave,,,2022-05-09 21:59:01,2022-05-15 19:04:02,2022-05-09 21:59:01,2022-06-13 18:07:36,,,,station,38,38,1,480,Rockwell Ave & Touhy Ave,coarse_trip_coordinates_not_used | missing_coordinates,389DF8D2566C80C9,end,202205-divvy-tripdata.zip,202205-divvy-tripdata.csv,missing,,,,,,,,,,,,,,no_confirmed_match,unverified_first_trip_proxy,,,2026-09-15
divvy_e8a47aadac424eb7,507,Hamlin Ave & Fullerton Ave,,,2022-05-09 23:32:57,2022-05-10 06:26:08,2022-05-09 23:32:57,2022-06-14 16:39:11,,,,station,163,163,1,507,Hamlin Ave & Fullerton Ave,coarse_trip_coordinates_not_used | missing_coordinates,1388F890856CE96F,end,202205-divvy-tripdata.zip,202205-divvy-tripdata.csv,missing,,,,,,,,,,,,,,no_confirmed_match,unverified_first_trip_proxy,,,2026-09-15
divvy_7510ab4a1f705a01,483,Western Ave & Jarvis Ave,,,2022-05-09 23:51:50,2022-05-10 00:16:05,2022-05-09 23:51:50,2022-06-13 23:17:36,,,,station,106,106,1,483,Western Ave & Jarvis Ave,coarse_trip_coordinates_not_used | missing_coordinates,CA1E4BA36880A47F,end,202205-divvy-tripdata.zip,202205-divvy-tripdata.csv,missing,,,,,,,,,,,,,,no_confirmed_match,unverified_first_trip_proxy,,,2026-09-15
divvy_7b1b79e916758a5e,694,Wood St & 103rd St,,,2022-05-09 23:53:02,2022-05-10 20:28:35,2022-05-09 23:53:02,2022-08-30 12:47:48,,,,station,59,59,1,694,Wood St & 103rd St,coarse_trip_coordinates_not_used | missing_coordinates,CD9D565AA9014F6B,end,202205-divvy-tripdata.zip,202205-divvy-tripdata.csv,missing,,,,,,,,,,,,,,no_confirmed_match,unverified_first_trip_proxy,,,2026-09-15
divvy_0babd7dc5017b35d,479,California Ave & Touhy Ave - NW,,,2022-05-10 00:18:08,2022-05-10 07:59:13,2022-05-10 00:18:08,2022-06-14 11:39:48,,,,station,30,30,1,479,California Ave & Touhy Ave - NW,coarse_trip_coordinates_not_used | missing_coordinates,EB90B7788C85F725,end,202205-divvy-tripdata.zip,202205-divvy-tripdata.csv,missing,,,,,,,,,,,,,,no_confirmed_match,unverified_first_trip_proxy,,,2026-09-15
divvy_bd6646ba8f122088,539,Eli Whitney Public School,,,2022-05-10 00:50:13,2022-05-11 15:44:25,2022-05-10 00:50:13,2022-06-13 08:42:25,,,,station,24,24,1,539,Eli Whitney Public School,coarse_trip_coordinates_not_used | missing_coordinates,C6FB05C7A4F627B8,end,202205-divvy-tripdata.zip,202205-divvy-tripdata.csv,missing,,,,,,,,,,,,,,no_confirmed_match,unverified_first_trip_proxy,,,2026-09-15
divvy_db6bd4f1a49b071d,766,Harold Washington Park,,,2022-05-10 01:44:13,2022-05-10 01:44:13,2022-05-14 16:30:08,2022-09-05 17:55:54,,,,station,168,168,1,766,Harold Washington Park,coarse_trip_coordinates_not_used | missing_coordinates,AE486515540D80F7,start,202205-divvy-tripdata.zip,202205-divvy-tripdata.csv,missing,,,,,,,,,,,,,,no_confirmed_match,unverified_first_trip_proxy,,,2026-09-15
divvy_462204c25a607dd6,482,Chase Ave & Touhy Ave - NE,,,2022-05-10 07:49:27,2022-05-10 07:49:27,2022-05-16 14:49:41,2022-05-30 08:22:54,,,,station,7,7,1,482,Chase Ave & Touhy Ave - NE,coarse_trip_coordinates_not_used | fewer_than_10_endpoints | missing_coordinates,819F3E97678412B0,start,202205-divvy-tripdata.zip,202205-divvy-tripdata.csv,missing,,,,,,,,,,,,,,no_confirmed_match,unverified_first_trip_proxy,,fewer_than_10_endpoints,2026-09-15
divvy_d399f2d95b31bd9d,665,83rd St (Avalon Park) Metra,,,2022-05-10 08:39:21,2022-05-10 20:08:13,2022-05-10 08:39:21,2022-06-14 17:35:29,,,,station,5,5,1,665,83rd St (Avalon Park) Metra,coarse_trip_coordinates_not_used | fewer_than_10_endpoints | missing_coordinates,4DE2886EDDA173B2,end,202205-divvy-tripdata.zip,202205-divvy-tripdata.csv,missing,,,,,,,,,,,,,,no_confirmed_match,unverified_first_trip_proxy,,fewer_than_10_endpoints,2026-09-15
divvy_85942d7120ae445a,662,Cottage Grove & 86th St,,,2022-05-10 08:55:11,2022-05-10 09:00:24,2022-05-10 08:55:11,2022-08-28 14:52:24,,,,station,43,43,1,662,Cottage Grove & 86th St,coarse_trip_coordinates_not_used | missing_coordinates,E4550E09278D0DAF,end,202205-divvy-tripdata.zip,202205-divvy-tripdata.csv,missing,,,,,,,,,,,,,,no_confirmed_match,unverified_first_trip_proxy,,,2026-09-15
divvy_b433eaa530f9236c,490,Kimball Ave & Carmen Ave,,,2022-05-10 08:58:51,2022-05-10 20:20:21,2022-05-10 08:58:51,2022-06-14 07:49:18,,,,station,37,37,1,490,Kimball Ave & Carmen Ave,coarse_trip_coordinates_not_used | missing_coordinates,90B193316514D22D,end,202205-divvy-tripdata.zip,202205-divvy-tripdata.csv,missing,,,,,,,,,,,,,,no_confirmed_match,unverified_first_trip_proxy,,,2026-09-15
divvy_e9a148d1764aae8c,822,Talman Ave & 51st St - midblock,,,2022-05-10 10:21:24,2022-05-10 10:21:24,2022-05-10 10:58:42,2022-09-06 17:25:15,,,,station,88,88,1,822,Talman Ave & 51st St - midblock,coarse_trip_coordinates_not_used | missing_coordinates,28F5E83386B1B894,start,202205-divvy-tripdata.zip,202205-divvy-tripdata.csv,missing,,,,,,,,,,,,,,no_confirmed_match,unverified_first_trip_proxy,,,2026-09-15
divvy_59270058f122e461,568,Central Ave & North Ave,,,2022-05-10 10:26:55,2022-05-12 16:50:32,2022-05-10 10:26:55,2022-06-06 18:58:31,,,,station,12,12,1,568,Central Ave & North Ave,coarse_trip_coordinates_not_used | missing_coordinates,E86A15B153938438,end,202205-divvy-tripdata.zip,202205-divvy-tripdata.csv,missing,,,,,,,,,,,,,,no_confirmed_match,unverified_first_trip_proxy,,,2026-09-15
divvy_4e49d5d15c136541,534,California Ave & Ogden Ave,,,2022-05-10 11:40:47,2022-05-10 11:43:46,2022-05-10 11:40:47,2022-06-05 15:37:33,,,,station,10,10,1,534,California Ave & Ogden Ave,coarse_trip_coordinates_not_used | missing_coordinates,D8698E82F6C0D6AA,end,202205-divvy-tripdata.zip,202205-divvy-tripdata.csv,missing,,,,,,,,,,,,,,no_confirmed_match,unverified_first_trip_proxy,,,2026-09-15
divvy_e6f04a0a162273e9,855,Washtenaw Ave & Superior St,,,2022-05-10 11:52:49,2022-05-10 17:06:40,2022-05-10 11:52:49,2022-09-06 22:10:38,,,,station,390,390,1,855,Washtenaw Ave & Superior St,coarse_trip_coordinates_not_used | missing_coordinates,13E73139D8A25326,end,202205-divvy-tripdata.zip,202205-divvy-tripdata.csv,missing,,,,,,,,,,,,,,no_confirmed_match,unverified_first_trip_proxy,,,2026-09-15
divvy_1c54cd095d7eaa99,560,Austin Ave & Roscoe St,,,2022-05-10 14:02:07,2022-05-11 08:47:32,2022-05-10 14:02:07,2022-06-13 14:04:46,,,,station,13,13,1,560,Austin Ave & Roscoe St,coarse_trip_coordinates_not_used | missing_coordinates,A0A66C0B03DF14AA,end,202205-divvy-tripdata.zip,202205-divvy-tripdata.csv,missing,,,,,,,,,,,,,,no_confirmed_match,unverified_first_trip_proxy,,,2026-09-15
divvy_65c2d2de6e690c7b,565,Austin Ave & Wrightwood Ave,,,2022-05-10 14:43:11,2022-05-10 14:43:11,2022-05-14 13:46:18,2022-06-12 19:39:29,,,,station,27,27,1,565,Austin Ave & Wrightwood Ave,coarse_trip_coordinates_not_used | missing_coordinates,95FB359FF06BBB21,start,202205-divvy-tripdata.zip,202205-divvy-tripdata.csv,missing,,,,,,,,,,,,,,no_confirmed_match,unverified_first_trip_proxy,,,2026-09-15
divvy_386c9fcc5d111d7d,741,The Montessori School of Englewood,,,2022-05-10 14:50:59,,2022-05-10 14:50:59,2022-05-10 14:50:59,,,,station,1,1,1,741,The Montessori School of Englewood,coarse_trip_coordinates_not_used | fewer_than_10_endpoints | missing_coordinates,60E8B4A38CE09229,end,202205-divvy-tripdata.zip,202205-divvy-tripdata.csv,missing,,,,,,,,,,,,,,no_confirmed_match,unverified_first_trip_proxy,,fewer_than_10_endpoints,2026-09-15
divvy_19fed19876e77c3f,775,Kedzie Ave & 58th St,,,2022-05-10 14:51:52,2022-05-10 14:57:56,2022-05-10 14:51:52,2022-08-31 14:10:22,,,,station,90,90,1,775,Kedzie Ave & 58th St,coarse_trip_coordinates_not_used | missing_coordinates,D03990E0478A9736,end,202205-divvy-tripdata.zip,202205-divvy-tripdata.csv,missing,,,,,,,,,,,,,,no_confirmed_match,unverified_first_trip_proxy,,,2026-09-15
divvy_637f91a7d4a4902e,760,Kedzie Ave & 64th St - SW,,,2022-05-10 15:04:47,2022-05-10 15:04:47,2022-05-12 19:54:11,2022-09-16 10:43:25,,,,station,39,39,1,760,Kedzie Ave & 64th St - SW,coarse_trip_coordinates_not_used | missing_coordinates,414F21EA6DBE9343,start,202205-divvy-tripdata.zip,202205-divvy-tripdata.csv,missing,,,,,,,,,,,,,,no_confirmed_match,unverified_first_trip_proxy,,,2026-09-15
divvy_202621d7827fa184,596,Cottage Grove Ave & 111th St,,,2022-05-10 15:32:58,2022-05-10 17:07:53,2022-05-10 15:32:58,2022-09-02 16:26:46,,,,station,59,59,1,596,Cottage Grove Ave & 111th St,coarse_trip_coordinates_not_used | missing_coordinates,3ED7FE9C70B3A0C8,end,202205-divvy-tripdata.zip,202205-divvy-tripdata.csv,missing,,,,,,,,,,,,,,no_confirmed_match,unverified_first_trip_proxy,,,2026-09-15
divvy_301412533e26d4a5,835,Pulaski Rd & 41st,,,2022-05-10 15:51:29,2022-05-11 20:22:04,2022-05-10 15:51:29,2022-08-30 20:01:58,,,,station,28,28,1,835,Pulaski Rd & 41st,coarse_trip_coordinates_not_used | missing_coordinates,FE63D6CD2A2FE3A0,end,202205-divvy-tripdata.zip,202205-divvy-tripdata.csv,missing,,,,,,,,,,,,,,no_confirmed_match,unverified_first_trip_proxy,,,2026-09-15
divvy_9bb2267f86936467,702,Western Ave & 92nd Pl,,,2022-05-10 16:29:42,2022-05-13 15:19:48,2022-05-10 16:29:42,2022-09-04 23:48:47,,,,station,86,86,1,702,Western Ave & 92nd Pl,coarse_trip_coordinates_not_used | missing_coordinates,A70D06AD489A801C,end,202205-divvy-tripdata.zip,202205-divvy-tripdata.csv,missing,,,,,,,,,,,,,,no_confirmed_match,unverified_first_trip_proxy,,,2026-09-15
divvy_0a10af880217dd76,550,Laramie Ave & Grand Ave,,,2022-05-10 17:20:20,2022-05-10 17:24:41,2022-05-10 17:20:20,2022-06-14 08:13:30,,,,station,33,33,1,550,Laramie Ave & Grand Ave,coarse_trip_coordinates_not_used | missing_coordinates,2A2AF9008E18D94B,end,202205-divvy-tripdata.zip,202205-divvy-tripdata.csv,missing,,,,,,,,,,,,,,no_confirmed_match,unverified_first_trip_proxy,,,2026-09-15
divvy_3c7ee4c92f020bf4,634,Oglesby Ave & 95th St,,,2022-05-10 17:25:03,2022-05-10 18:31:16,2022-05-10 17:25:03,2022-08-08 19:43:17,,,,station,12,12,1,634,Oglesby Ave & 95th St,coarse_trip_coordinates_not_used | missing_coordinates,7CC2E1CDBA2875D4,end,202205-divvy-tripdata.zip,202205-divvy-tripdata.csv,missing,,,,,,,,,,,,,,no_confirmed_match,unverified_first_trip_proxy,,,2026-09-15
divvy_f757a0c473e97bfc,543,Cicero Ave & Roscoe St,,,2022-05-10 17:50:22,2022-05-11 08:40:11,2022-05-10 17:50:22,2022-06-07 20:24:03,,,,station,35,35,1,543,Cicero Ave & Roscoe St,coarse_trip_coordinates_not_used | missing_coordinates,A8402F32F6BB3CB8,end,202205-divvy-tripdata.zip,202205-divvy-tripdata.csv,missing,,,,,,,,,,,,,,no_confirmed_match,unverified_first_trip_proxy,,,2026-09-15
divvy_717ee9594a783628,559,Menard Ave & Dakin St - midblock,,,2022-05-10 18:02:05,2022-05-13 16:28:22,2022-05-10 18:02:05,2022-06-14 16:46:54,,,,station,27,27,1,559,Menard Ave & Dakin St - midblock,coarse_trip_coordinates_not_used | missing_coordinates,BC5E5AEB8246B75D,end,202205-divvy-tripdata.zip,202205-divvy-tripdata.csv,missing,,,,,,,,,,,,,,no_confirmed_match,unverified_first_trip_proxy,,,2026-09-15
divvy_813706e11ee0101d,639,Ewing Ave & 99th St,,,2022-05-10 20:14:56,2022-05-11 05:04:31,2022-05-10 20:14:56,2022-05-11 05:04:31,,,,station,2,2,1,639,Ewing Ave & 99th St,coarse_trip_coordinates_not_used | fewer_than_10_endpoints | missing_coordinates,A0300C0ACD1CB5F8,end,202205-divvy-tripdata.zip,202205-divvy-tripdata.csv,missing,,,,,,,,,,,,,,no_confirmed_match,unverified_first_trip_proxy,,fewer_than_10_endpoints,2026-09-15
divvy_f1034288bb3f78cd,664,Cottage Grove & 84th St,,,2022-05-10 20:24:48,2022-05-10 20:50:27,2022-05-10 20:24:48,2022-06-23 19:01:13,,,,station,5,5,1,664,Cottage Grove & 84th St,coarse_trip_coordinates_not_used | fewer_than_10_endpoints | missing_coordinates,CE135955ABAEF3C2,end,202205-divvy-tripdata.zip,202205-divvy-tripdata.csv,missing,,,,,,,,,,,,,,no_confirmed_match,unverified_first_trip_proxy,,fewer_than_10_endpoints,2026-09-15
divvy_b8c74cd8f858eaac,562,Menard Ave & Belmont Ave,,,2022-05-11 00:32:42,2022-05-11 00:32:42,2022-05-14 19:33:37,2022-06-01 20:37:36,,,,station,8,8,1,562,Menard Ave & Belmont Ave,coarse_trip_coordinates_not_used | fewer_than_10_endpoints | missing_coordinates,15AA67123246A0B3,start,202205-divvy-tripdata.zip,202205-divvy-tripdata.csv,missing,,,,,,,,,,,,,,no_confirmed_match,unverified_first_trip_proxy,,fewer_than_10_endpoints,2026-09-15
divvy_3ef72defb5b227fb,700,Bennett Ave & 96th St,,,2022-05-11 01:29:36,2022-08-01 23:46:37,2022-05-11 01:29:36,2022-08-01 23:46:37,,,,station,3,3,1,700,Bennett Ave & 96th St,coarse_trip_coordinates_not_used | fewer_than_10_endpoints | missing_coordinates,720EA5D6409B25CF,end,202205-divvy-tripdata.zip,202205-divvy-tripdata.csv,missing,,,,,,,,,,,,,,no_confirmed_match,unverified_first_trip_proxy,,fewer_than_10_endpoints,2026-09-15
divvy_14e8c9a33d092634,513,Spaulding Ave & Evergreen Ave,,,2022-05-11 02:38:48,2022-05-11 08:20:49,2022-05-11 02:38:48,2022-06-14 18:30:12,,,,station,112,112,1,513,Spaulding Ave & Evergreen Ave,coarse_trip_coordinates_not_used | missing_coordinates,3D4667CD55F1B522,end,202205-divvy-tripdata.zip,202205-divvy-tripdata.csv,missing,,,,,,,,,,,,,,no_confirmed_match,unverified_first_trip_proxy,,,2026-09-15
divvy_1c87f3f9c31dd01e,620,Ada St & 95th St,,,2022-05-11 03:09:05,2022-05-11 23:11:09,2022-05-11 03:09:05,2022-05-11 23:11:09,,,,station,2,2,1,620,Ada St & 95th St,coarse_trip_coordinates_not_used | fewer_than_10_endpoints | missing_coordinates,E4E32A0BA9109F7D,end,202205-divvy-tripdata.zip,202205-divvy-tripdata.csv,missing,,,,,,,,,,,,,,no_confirmed_match,unverified_first_trip_proxy,,fewer_than_10_endpoints,2026-09-15
divvy_23d013dc678915f8,852,Kildare Ave & Washignton Blvd,,,2022-05-11 06:45:01,2022-05-11 06:45:01,2022-05-18 13:39:37,2022-09-05 23:10:57,,,,station,7,7,1,852,Kildare Ave & Washignton Blvd,coarse_trip_coordinates_not_used | fewer_than_10_endpoints | missing_coordinates,B81587EE8A5D6096,start,202205-divvy-tripdata.zip,202205-divvy-tripdata.csv,missing,,,,,,,,,,,,,,no_confirmed_match,unverified_first_trip_proxy,,fewer_than_10_endpoints,2026-09-15
divvy_c22b0780b33fb37e,555,Latrobe Ave & Lake St,,,2022-05-11 08:17:59,2022-05-14 09:33:51,2022-05-11 08:17:59,2022-06-11 22:33:31,,,,station,20,20,1,555,Latrobe Ave & Lake St,coarse_trip_coordinates_not_used | missing_coordinates,A7DD08CE08234029,end,202205-divvy-tripdata.zip,202205-divvy-tripdata.csv,missing,,,,,,,,,,,,,,no_confirmed_match,unverified_first_trip_proxy,,,2026-09-15
divvy_e724714396377423,832,Christiana Ave & Archer Ave,,,2022-05-11 08:27:33,2022-05-11 08:27:33,2022-05-16 13:08:47,2022-09-07 20:39:40,,,,station,164,164,1,832,Christiana Ave & Archer Ave,coarse_trip_coordinates_not_used | missing_coordinates,DD53E0E9C8F6A86D,start,202205-divvy-tripdata.zip,202205-divvy-tripdata.csv,missing,,,,,,,,,,,,,,no_confirmed_match,unverified_first_trip_proxy,,,2026-09-15
divvy_7c162f5c0234247c,827,Strohacker Park,,,2022-05-11 08:32:07,2022-05-11 14:48:07,2022-05-11 08:32:07,2022-09-04 15:28:28,,,,station,17,17,1,827,Strohacker Park,coarse_trip_coordinates_not_used | missing_coordinates,3CF9D76B4E4FCFA3,end,202205-divvy-tripdata.zip,202205-divvy-tripdata.csv,missing,,,,,,,,,,,,,,no_confirmed_match,unverified_first_trip_proxy,,,2026-09-15
divvy_94fa57cc365c66ac,569,Menard Ave & Grand Ave,,,2022-05-11 10:38:03,2022-05-11 11:12:50,2022-05-11 10:38:03,2022-06-15 22:31:10,,,,station,22,22,1,569,Menard Ave & Grand Ave,coarse_trip_coordinates_not_used | missing_coordinates,3B4F51843205AF25,end,202205-divvy-tripdata.zip,202205-divvy-tripdata.csv,missing,,,,,,,,,,,,,,no_confirmed_match,unverified_first_trip_proxy,,,2026-09-15
divvy_2a95c4e7ea9c94d3,759,Springfield Ave & 63rd St,,,2022-05-11 13:41:09,2022-05-16 20:59:21,2022-05-11 13:41:09,2022-09-06 18:44:34,,,,station,42,42,1,759,Springfield Ave & 63rd St,coarse_trip_coordinates_not_used | missing_coordinates,1E9BC705A76612E7,end,202205-divvy-tripdata.zip,202205-divvy-tripdata.csv,missing,,,,,,,,,,,,,,no_confirmed_match,unverified_first_trip_proxy,,,2026-09-15
divvy_44fc4c2fb760bf0a,829,Pulaski Rd & 51st Rd,,,2022-05-11 14:09:52,2022-05-11 14:39:05,2022-05-11 14:09:52,2022-09-05 05:09:55,,,,station,115,115,1,829,Pulaski Rd & 51st Rd,coarse_trip_coordinates_not_used | missing_coordinates,B23E89DB64FC72F5,end,202205-divvy-tripdata.zip,202205-divvy-tripdata.csv,missing,,,,,,,,,,,,,,no_confirmed_match,unverified_first_trip_proxy,,,2026-09-15
divvy_9b87ecab292eb3d4,819,Robert Fulton Elementary School,,,2022-05-11 14:15:35,2022-05-11 14:15:35,2022-05-11 23:27:44,2022-09-06 15:30:13,,,,station,135,135,1,819,Robert Fulton Elementary School,coarse_trip_coordinates_not_used | missing_coordinates,F274589997368921,start,202205-divvy-tripdata.zip,202205-divvy-tripdata.csv,missing,,,,,,,,,,,,,,no_confirmed_match,unverified_first_trip_proxy,,,2026-09-15
divvy_5f8be8f979806a37,520,Karlov Ave & Kamerling Ave,,,2022-05-11 14:34:33,2022-05-11 18:19:15,2022-05-11 14:34:33,2022-06-14 02:47:32,,,,station,39,39,1,520,Karlov Ave & Kamerling Ave,coarse_trip_coordinates_not_used | missing_coordinates,38DABA4953537A05,end,202205-divvy-tripdata.zip,202205-divvy-tripdata.csv,missing,,,,,,,,,,,,,,no_confirmed_match,unverified_first_trip_proxy,,,2026-09-15
divvy_78adf50f211ae233,799,Newcastle Ave & Belden Ave,,,2022-05-11 14:49:15,2022-05-12 20:03:42,2022-05-11 14:49:15,2022-08-18 14:14:23,,,,station,142,142,1,799,Newcastle Ave & Belden Ave,coarse_trip_coordinates_not_used | missing_coordinates,A18F9E4D37A03A9F,end,202205-divvy-tripdata.zip,202205-divvy-tripdata.csv,missing,,,,,,,,,,,,,,no_confirmed_match,unverified_first_trip_proxy,,,2026-09-15
divvy_9ed34fe54e2fec62,830,Pulaski & 52nd,,,2022-05-11 15:04:51,2022-05-12 13:14:21,2022-05-11 15:04:51,2022-09-05 15:35:19,,,,station,74,74,1,830,Pulaski & 52nd,coarse_trip_coordinates_not_used | missing_coordinates,8E73AF06C28FD50C,end,202205-divvy-tripdata.zip,202205-divvy-tripdata.csv,missing,,,,,,,,,,,,,,no_confirmed_match,unverified_first_trip_proxy,,,2026-09-15
divvy_72c0eabea019317a,481,Chase Ave & Touhy Ave - NW,,,2022-05-11 15:16:23,2022-05-11 15:16:23,2022-05-13 20:20:43,2022-06-10 12:39:57,,,,station,8,8,1,481,Chase Ave & Touhy Ave - NW,coarse_trip_coordinates_not_used | fewer_than_10_endpoints | missing_coordinates,BB4CBB4F4DABA3BB,start,202205-divvy-tripdata.zip,202205-divvy-tripdata.csv,missing,,,,,,,,,,,,,,no_confirmed_match,unverified_first_trip_proxy,,fewer_than_10_endpoints,2026-09-15
divvy_c49e7dd96aa86f2e,823,Kedzie Ave & 54th St - SE,,,2022-05-11 15:55:30,2022-05-11 16:07:06,2022-05-11 15:55:30,2022-08-29 19:39:21,,,,station,102,102,1,823,Kedzie Ave & 54th St - SE,coarse_trip_coordinates_not_used | missing_coordinates,FA041C22C852CB6C,end,202205-divvy-tripdata.zip,202205-divvy-tripdata.csv,missing,,,,,,,,,,,,,,no_confirmed_match,unverified_first_trip_proxy,,,2026-09-15
divvy_ef945c9d967a18ed,484,Sacramento Ave & Greenleaf Ave,,,2022-05-11 16:18:39,2022-05-12 11:03:34,2022-05-11 16:18:39,2022-06-03 15:21:12,,,,station,23,23,1,484,Sacramento Ave & Greenleaf Ave,coarse_trip_coordinates_not_used | missing_coordinates,5A0D3092E8BF3CEE,end,202205-divvy-tripdata.zip,202205-divvy-tripdata.csv,missing,,,,,,,,,,,,,,no_confirmed_match,unverified_first_trip_proxy,,,2026-09-15
divvy_bacfe8f1a1373c04,847,Brandon Ave & 91st St,,,2022-05-11 18:46:52,2022-05-11 20:03:18,2022-05-11 18:46:52,2022-09-02 09:58:05,,,,station,97,97,1,847,Brandon Ave & 91st St,coarse_trip_coordinates_not_used | missing_coordinates,359059D4A9594A92,end,202205-divvy-tripdata.zip,202205-divvy-tripdata.csv,missing,,,,,,,,,,,,,,no_confirmed_match,unverified_first_trip_proxy,,,2026-09-15
divvy_c4fe11247e815b44,782,Linder Ave & Archer Ave,,,2022-05-11 18:53:53,,2022-05-11 18:53:53,2022-05-11 18:53:53,,,,station,1,1,1,782,Linder Ave & Archer Ave,coarse_trip_coordinates_not_used | fewer_than_10_endpoints | missing_coordinates,738FC28E5E0401B7,end,202205-divvy-tripdata.zip,202205-divvy-tripdata.csv,missing,,,,,,,,,,,,,,no_confirmed_match,unverified_first_trip_proxy,,fewer_than_10_endpoints,2026-09-15
divvy_74032c67313858e8,561,Melvina Ave & Belmont Ave,,,2022-05-11 20:10:53,2022-05-14 20:51:08,2022-05-11 20:10:53,2022-06-10 15:04:36,,,,station,9,9,1,561,Melvina Ave & Belmont Ave,coarse_trip_coordinates_not_used | fewer_than_10_endpoints | missing_coordinates,84BDA7633817D97F,end,202205-divvy-tripdata.zip,202205-divvy-tripdata.csv,missing,,,,,,,,,,,,,,no_confirmed_match,unverified_first_trip_proxy,,fewer_than_10_endpoints,2026-09-15
divvy_d5e617bb38b1329d,519,Kostner Ave & North Ave,,,2022-05-11 20:25:15,2022-05-11 21:21:44,2022-05-11 20:25:15,2022-06-14 13:59:16,,,,station,23,23,1,519,Kostner Ave & North Ave,coarse_trip_coordinates_not_used | missing_coordinates,03D712302B7EC878,end,202205-divvy-tripdata.zip,202205-divvy-tripdata.csv,missing,,,,,,,,,,,,,,no_confirmed_match,unverified_first_trip_proxy,,,2026-09-15
divvy_6d3c43ef08f1f901,800,Harriet E Sayre Public School,,,2022-05-11 20:45:31,2022-05-16 10:39:38,2022-05-11 20:45:31,2022-08-28 13:33:36,,,,station,25,25,1,800,Harriet E Sayre Public School,coarse_trip_coordinates_not_used | missing_coordinates,59D841AE7F1A52E0,end,202205-divvy-tripdata.zip,202205-divvy-tripdata.csv,missing,,,,,,,,,,,,,,no_confirmed_match,unverified_first_trip_proxy,,,2026-09-15
divvy_17cb73ed488181df,784,Brighton Park Branch Chicago Library,,,2022-05-12 01:49:09,2022-05-12 01:49:09,2022-05-13 19:02:33,2022-09-01 00:42:22,,,,station,20,20,1,784,Brighton Park Branch Chicago Library,coarse_trip_coordinates_not_used | missing_coordinates,60C908E91E1250EE,start,202205-divvy-tripdata.zip,202205-divvy-tripdata.csv,missing,,,,,,,,,,,,,,no_confirmed_match,unverified_first_trip_proxy,,,2026-09-15
divvy_12aa79f30d949684,739,63rd & Western Ave - north corner,,,2022-05-12 09:49:52,2022-05-13 09:10:43,2022-05-12 09:49:52,2022-09-01 18:11:26,,,,station,29,29,1,739,63rd & Western Ave - north corner,coarse_trip_coordinates_not_used | missing_coordinates,05961866895A10D2,end,202205-divvy-tripdata.zip,202205-divvy-tripdata.csv,missing,,,,,,,,,,,,,,no_confirmed_match,unverified_first_trip_proxy,,,2026-09-15
divvy_4556df26188d0d17,495,Keystone Ave & Irving Park Rd,,,2022-05-12 15:18:26,2022-05-13 16:03:23,2022-05-12 15:18:26,2022-06-13 14:21:10,,,,station,50,50,1,495,Keystone Ave & Irving Park Rd,coarse_trip_coordinates_not_used | missing_coordinates,3A4B4ACD1283270F,end,202205-divvy-tripdata.zip,202205-divvy-tripdata.csv,missing,,,,,,,,,,,,,,no_confirmed_match,unverified_first_trip_proxy,,,2026-09-15
divvy_f62876a4fcfe8169,764,Kedvale Ave & 63rd St,,,2022-05-12 16:24:56,2022-05-14 09:37:59,2022-05-12 16:24:56,2022-08-27 20:38:10,,,,station,20,20,1,764,Kedvale Ave & 63rd St,coarse_trip_coordinates_not_used | missing_coordinates,89E1AA7B64F0C21F,end,202205-divvy-tripdata.zip,202205-divvy-tripdata.csv,missing,,,,,,,,,,,,,,no_confirmed_match,unverified_first_trip_proxy,,,2026-09-15
divvy_f35ac2263b57a8f8,757,Kedzie Ave & 63rd St,,,2022-05-12 17:55:35,2022-05-12 17:57:29,2022-05-12 17:55:35,2022-09-05 14:56:11,,,,station,75,75,1,757,Kedzie Ave & 63rd St,coarse_trip_coordinates_not_used | missing_coordinates,15C00A2DE9954D81,end,202205-divvy-tripdata.zip,202205-divvy-tripdata.csv,missing,,,,,,,,,,,,,,no_confirmed_match,unverified_first_trip_proxy,,,2026-09-15
divvy_f5674d2c12ecb48d,526,Legler Regional Library,,,2022-05-12 18:07:40,2022-05-15 01:38:06,2022-05-12 18:07:40,2022-05-15 01:38:06,,,,station,2,2,1,526,Legler Regional Library,coarse_trip_coordinates_not_used | fewer_than_10_endpoints | missing_coordinates,4BD94C4C987D37C6,end,202205-divvy-tripdata.zip,202205-divvy-tripdata.csv,missing,,,,,,,,,,,,,,no_confirmed_match,unverified_first_trip_proxy,,fewer_than_10_endpoints,2026-09-15
divvy_ba43e2bb1e63fdf2,535,Zapata Academy,,,2022-05-12 18:41:17,2022-05-13 03:32:46,2022-05-12 18:41:17,2022-06-14 17:03:47,,,,station,6,6,1,535,Zapata Academy,coarse_trip_coordinates_not_used | fewer_than_10_endpoints | missing_coordinates,B0855B18E270E253,end,202205-divvy-tripdata.zip,202205-divvy-tripdata.csv,missing,,,,,,,,,,,,,,no_confirmed_match,unverified_first_trip_proxy,,fewer_than_10_endpoints,2026-09-15
divvy_0a49c3e54a7d8a8a,719,Ashland Ave & 76th St,,,2022-05-12 20:12:23,2022-05-12 20:18:05,2022-05-12 20:12:23,2022-09-04 16:23:43,,,,station,15,15,1,719,Ashland Ave & 76th St,coarse_trip_coordinates_not_used | missing_coordinates,BEF7A89D467629DB,end,202205-divvy-tripdata.zip,202205-divvy-tripdata.csv,missing,,,,,,,,,,,,,,no_confirmed_match,unverified_first_trip_proxy,,,2026-09-15
divvy_1d4727ec9d32326f,831,Kolin Ave & Archer Ave,,,2022-05-12 20:51:09,2022-05-12 23:50:21,2022-05-12 20:51:09,2022-09-01 15:27:18,,,,station,40,40,1,831,Kolin Ave & Archer Ave,coarse_trip_coordinates_not_used | missing_coordinates,B10A58C197791D5F,end,202205-divvy-tripdata.zip,202205-divvy-tripdata.csv,missing,,,,,,,,,,,,,,no_confirmed_match,unverified_first_trip_proxy,,,2026-09-15
divvy_ba4221a0c4c839af,762,Kenneth Ave & 63rd St,,,2022-05-12 22:43:24,2022-05-12 22:43:24,2022-05-12 22:43:38,2022-08-30 09:51:15,,,,station,18,18,1,762,Kenneth Ave & 63rd St,coarse_trip_coordinates_not_used | missing_coordinates,FA36824F7D171825,start,202205-divvy-tripdata.zip,202205-divvy-tripdata.csv,missing,,,,,,,,,,,,,,no_confirmed_match,unverified_first_trip_proxy,,,2026-09-15
divvy_8844feca24dfb4b4,843,Ashland Ave & 45th St,,,2022-05-12 23:31:51,2022-05-17 16:01:12,2022-05-12 23:31:51,2022-08-30 08:54:33,,,,station,15,15,1,843,Ashland Ave & 45th St,coarse_trip_coordinates_not_used | missing_coordinates,6B4F8881FB1869BA,end,202205-divvy-tripdata.zip,202205-divvy-tripdata.csv,missing,,,,,,,,,,,,,,no_confirmed_match,unverified_first_trip_proxy,,,2026-09-15
divvy_daf6fca067cd48cc,816,State St & 47th st,,,2022-05-13 08:53:24,2022-05-13 12:11:05,2022-05-13 08:53:24,2022-07-30 04:52:57,,,,station,11,11,1,816,State St & 47th st,coarse_trip_coordinates_not_used | missing_coordinates,887473614B596095,end,202205-divvy-tripdata.zip,202205-divvy-tripdata.csv,missing,,,,,,,,,,,,,,no_confirmed_match,unverified_first_trip_proxy,,,2026-09-15
divvy_a1e735989fb216e1,789,Central Ave & Congress Pkwy,,,2022-05-13 10:00:53,2022-07-11 18:50:29,2022-05-13 10:00:53,2022-08-27 12:03:11,,,,station,11,11,1,789,Central Ave & Congress Pkwy,coarse_trip_coordinates_not_used | missing_coordinates,98F37D7CA9338271,end,202205-divvy-tripdata.zip,202205-divvy-tripdata.csv,missing,,,,,,,,,,,,,,no_confirmed_match,unverified_first_trip_proxy,,,2026-09-15
divvy_77f4577a5886415d,770,Throop St & 58th St,,,2022-05-13 10:44:52,2022-05-13 10:44:52,2022-05-13 13:26:39,2022-07-14 13:02:47,,,,station,11,11,1,770,Throop St & 58th St,coarse_trip_coordinates_not_used | missing_coordinates,67266FB34D4CC0AE,start,202205-divvy-tripdata.zip,202205-divvy-tripdata.csv,missing,,,,,,,,,,,,,,no_confirmed_match,unverified_first_trip_proxy,,,2026-09-15
divvy_c9734305f9a672c3,599,Avenue J & 112th St,,,2022-05-13 10:46:45,2022-05-13 10:47:35,2022-05-13 10:46:45,2022-08-13 22:12:53,,,,station,8,8,1,599,Avenue J & 112th St,coarse_trip_coordinates_not_used | fewer_than_10_endpoints | missing_coordinates,0BF21E0B327A1E89,end,202205-divvy-tripdata.zip,202205-divvy-tripdata.csv,missing,,,,,,,,,,,,,,no_confirmed_match,unverified_first_trip_proxy,,fewer_than_10_endpoints,2026-09-15
divvy_428b308150122a9d,552,Cicero Ave & Cortland St - midblock,,,2022-05-13 10:55:00,2022-05-13 11:12:31,2022-05-13 10:55:00,2022-06-13 12:47:43,,,,station,14,14,1,552,Cicero Ave & Cortland St - midblock,coarse_trip_coordinates_not_used | missing_coordinates,0BA6CA3684E71BE1,end,202205-divvy-tripdata.zip,202205-divvy-tripdata.csv,missing,,,,,,,,,,,,,,no_confirmed_match,unverified_first_trip_proxy,,,2026-09-15
divvy_08e6b4e4ea5f252d,673,Avenue M & 132nd St,,,2022-05-13 11:26:27,2022-05-13 11:27:25,2022-05-13 11:26:27,2022-08-06 12:12:31,,,,station,4,4,1,673,Avenue M & 132nd St,coarse_trip_coordinates_not_used | fewer_than_10_endpoints | missing_coordinates,DB20B0C53CFE91C7,end,202205-divvy-tripdata.zip,202205-divvy-tripdata.csv,missing,,,,,,,,,,,,,,no_confirmed_match,unverified_first_trip_proxy,,fewer_than_10_endpoints,2026-09-15
divvy_bc2ed391edd72e79,704,Honore St & 87th St - SE,,,2022-05-13 12:34:34,2022-05-13 18:26:33,2022-05-13 12:34:34,2022-07-14 12:53:10,,,,station,3,3,1,704,Honore St & 87th St - SE,coarse_trip_coordinates_not_used | fewer_than_10_endpoints | missing_coordinates,108F77BEB0FA5A9D,end,202205-divvy-tripdata.zip,202205-divvy-tripdata.csv,missing,,,,,,,,,,,,,,no_confirmed_match,unverified_first_trip_proxy,,fewer_than_10_endpoints,2026-09-15
divvy_a9fb54887bf40b1e,824,Avers Ave & Archer Ave,,,2022-05-13 13:17:08,2022-05-13 14:12:12,2022-05-13 13:17:08,2022-09-02 13:09:21,,,,station,63,63,1,824,Avers Ave & Archer Ave,coarse_trip_coordinates_not_used | missing_coordinates,B961CC36B8BEF1F7,end,202205-divvy-tripdata.zip,202205-divvy-tripdata.csv,missing,,,,,,,,,,,,,,no_confirmed_match,unverified_first_trip_proxy,,,2026-09-15
divvy_328c7b84d5e3b6d4,690,Western Ave & 106th St - East,,,2022-05-13 13:56:00,2022-05-14 18:23:42,2022-05-13 13:56:00,2022-08-30 20:36:06,,,,station,31,31,1,690,Western Ave & 106th St - East,coarse_trip_coordinates_not_used | missing_coordinates,B507F83DD5E487DF,end,202205-divvy-tripdata.zip,202205-divvy-tripdata.csv,missing,,,,,,,,,,,,,,no_confirmed_match,unverified_first_trip_proxy,,,2026-09-15
divvy_1d99796530289e35,630,Michigan Ave & 102nd St,,,2022-05-13 14:40:06,2022-05-25 14:29:24,2022-05-13 14:40:06,2022-08-18 07:33:24,,,,station,4,4,1,630,Michigan Ave & 102nd St,coarse_trip_coordinates_not_used | fewer_than_10_endpoints | missing_coordinates,E455010F3373BC3B,end,202205-divvy-tripdata.zip,202205-divvy-tripdata.csv,missing,,,,,,,,,,,,,,no_confirmed_match,unverified_first_trip_proxy,,fewer_than_10_endpoints,2026-09-15
divvy_87938e2ac9f2bb47,787,Lake Park Ave & 44th St,,,2022-05-13 16:35:21,2022-06-15 19:56:05,2022-05-13 16:35:21,2022-08-14 21:33:01,,,,station,5,5,1,787,Lake Park Ave & 44th St,coarse_trip_coordinates_not_used | fewer_than_10_endpoints | missing_coordinates,3A467F2610FDA453,end,202205-divvy-tripdata.zip,202205-divvy-tripdata.csv,missing,,,,,,,,,,,,,,no_confirmed_match,unverified_first_trip_proxy,,fewer_than_10_endpoints,2026-09-15
divvy_be629925b87d8fca,749,Evans Ave & 63rd St,,,2022-05-13 16:56:27,2022-05-13 19:08:39,2022-05-13 16:56:27,2022-09-05 15:35:35,,,,station,11,11,1,749,Evans Ave & 63rd St,coarse_trip_coordinates_not_used | missing_coordinates,F78D348236145005,end,202205-divvy-tripdata.zip,202205-divvy-tripdata.csv,missing,,,,,,,,,,,,,,no_confirmed_match,unverified_first_trip_proxy,,,2026-09-15
divvy_c0a21e501d671f39,571,Austin Blvd & North Ave,,,2022-05-13 19:22:21,2022-05-13 19:22:21,2022-05-19 17:23:22,2022-05-28 22:46:27,,,,station,9,9,1,571,Austin Blvd & North Ave,coarse_trip_coordinates_not_used | fewer_than_10_endpoints | missing_coordinates,3FCD0FAA5D4E3B63,start,202205-divvy-tripdata.zip,202205-divvy-tripdata.csv,missing,,,,,,,,,,,,,,no_confirmed_match,unverified_first_trip_proxy,,fewer_than_10_endpoints,2026-09-15
divvy_a6e5aebc4b7085a2,735,Stony Is Ave & 73rd St,,,2022-05-13 20:01:25,2022-05-13 22:45:08,2022-05-13 20:01:25,2022-08-26 14:09:38,,,,station,18,18,1,735,Stony Is Ave & 73rd St,coarse_trip_coordinates_not_used | missing_coordinates,BF7C64D9DAF82678,end,202205-divvy-tripdata.zip,202205-divvy-tripdata.csv,missing,,,,,,,,,,,,,,no_confirmed_match,unverified_first_trip_proxy,,,2026-09-15
divvy_d1b24c4106e58b3c,542,Chopin Park,,,2022-05-13 20:51:53,2022-05-14 18:21:12,2022-05-13 20:51:53,2022-06-04 14:48:50,,,,station,8,8,1,542,Chopin Park,coarse_trip_coordinates_not_used | fewer_than_10_endpoints | missing_coordinates,3AE1728888F50840,end,202205-divvy-tripdata.zip,202205-divvy-tripdata.csv,missing,,,,,,,,,,,,,,no_confirmed_match,unverified_first_trip_proxy,,fewer_than_10_endpoints,2026-09-15
divvy_28f64ad17408465c,809,Newcastle Ave & Belmont Ave,,,2022-05-13 20:55:39,2022-05-14 11:03:10,2022-05-13 20:55:39,2022-08-25 14:03:59,,,,station,15,15,1,809,Newcastle Ave & Belmont Ave,coarse_trip_coordinates_not_used | missing_coordinates,0080921357DED5BD,end,202205-divvy-tripdata.zip,202205-divvy-tripdata.csv,missing,,,,,,,,,,,,,,no_confirmed_match,unverified_first_trip_proxy,,,2026-09-15
divvy_a87ae7e9134ced27,710,Lafayette Ave & 87th St - NW,,,2022-05-13 21:14:47,2022-05-20 07:43:38,2022-05-13 21:14:47,2022-08-27 11:45:29,,,,station,15,15,1,710,Lafayette Ave & 87th St - NW,coarse_trip_coordinates_not_used | missing_coordinates,31F36D32DFA352DC,end,202205-divvy-tripdata.zip,202205-divvy-tripdata.csv,missing,,,,,,,,,,,,,,no_confirmed_match,unverified_first_trip_proxy,,,2026-09-15
divvy_1ffa346cae180ac2,515,Hamlin Ave & Chicago Ave,,,2022-05-13 21:40:55,2022-05-20 15:57:36,2022-05-13 21:40:55,2022-06-12 20:27:46,,,,station,21,21,1,515,Hamlin Ave & Chicago Ave,coarse_trip_coordinates_not_used | missing_coordinates,8CDC3D2EFE4F34BC,end,202205-divvy-tripdata.zip,202205-divvy-tripdata.csv,missing,,,,,,,,,,,,,,no_confirmed_match,unverified_first_trip_proxy,,,2026-09-15
divvy_9b13ab6cea95a5bd,808,Rutherford Ave & Belmont Ave,,,2022-05-14 01:19:04,2022-05-14 01:19:04,2022-05-21 22:30:57,2022-08-30 13:29:25,,,,station,21,21,1,808,Rutherford Ave & Belmont Ave,coarse_trip_coordinates_not_used | missing_coordinates,EFF7E7B9D8D34C97,start,202205-divvy-tripdata.zip,202205-divvy-tripdata.csv,missing,,,,,,,,,,,,,,no_confirmed_match,unverified_first_trip_proxy,,,2026-09-15
divvy_dbc7b03334d36a71,503,Jonathan Y Scammon Public School,,,2022-05-14 07:50:59,2022-05-14 13:02:18,2022-05-14 07:50:59,2022-06-14 00:51:21,,,,station,47,47,1,503,Jonathan Y Scammon Public School,coarse_trip_coordinates_not_used | missing_coordinates,EF70166B1762515B,end,202205-divvy-tripdata.zip,202205-divvy-tripdata.csv,missing,,,,,,,,,,,,,,no_confirmed_match,unverified_first_trip_proxy,,,2026-09-15
divvy_99e72970003cb6cc,796,Waller Ave & Chicago Ave,,,2022-05-14 08:00:54,2022-05-22 16:44:14,2022-05-14 08:00:54,2022-08-02 18:17:17,,,,station,20,20,1,796,Waller Ave & Chicago Ave,coarse_trip_coordinates_not_used | missing_coordinates,04D296CF0DD8219A,end,202205-divvy-tripdata.zip,202205-divvy-tripdata.csv,missing,,,,,,,,,,,,,,no_confirmed_match,unverified_first_trip_proxy,,,2026-09-15
divvy_09953b64058a6fe2,804,Newcastle Ave & Wellington Ave,,,2022-05-14 11:53:14,2022-05-16 15:57:29,2022-05-14 11:53:14,2022-08-12 08:36:08,,,,station,4,4,1,804,Newcastle Ave & Wellington Ave,coarse_trip_coordinates_not_used | fewer_than_10_endpoints | missing_coordinates,252F1945E83B935D,end,202205-divvy-tripdata.zip,202205-divvy-tripdata.csv,missing,,,,,,,,,,,,,,no_confirmed_match,unverified_first_trip_proxy,,fewer_than_10_endpoints,2026-09-15
divvy_725954c5fe792c7b,498,Avondale Ave & Addison St,,,2022-05-14 14:11:09,2022-05-14 22:46:42,2022-05-14 14:11:09,2022-06-14 18:28:39,,,,station,10,10,1,498,Avondale Ave & Addison St,coarse_trip_coordinates_not_used | missing_coordinates,536219DF89E63CC6,end,202205-divvy-tripdata.zip,202205-divvy-tripdata.csv,missing,,,,,,,,,,,,,,no_confirmed_match,unverified_first_trip_proxy,,,2026-09-15
divvy_12c0a635483b87d9,780,Lamon Ave & Archer Ave,,,2022-05-14 14:49:54,2022-05-14 14:49:54,,2022-05-14 14:49:54,,,,station,1,1,1,780,Lamon Ave & Archer Ave,coarse_trip_coordinates_not_used | fewer_than_10_endpoints | missing_coordinates,C5FC7BB64D8CDFD7,start,202205-divvy-tripdata.zip,202205-divvy-tripdata.csv,missing,,,,,,,,,,,,,,no_confirmed_match,unverified_first_trip_proxy,,fewer_than_10_endpoints,2026-09-15
divvy_3ea041a3e6c9c8a5,616,Vincennes Ave & 99th St,,,2022-05-14 15:45:11,2022-05-14 15:49:59,2022-05-14 15:45:11,2022-07-01 16:03:49,,,,station,4,4,1,616,Vincennes Ave & 99th St,coarse_trip_coordinates_not_used | fewer_than_10_endpoints | missing_coordinates,BD0F32913E467207,end,202205-divvy-tripdata.zip,202205-divvy-tripdata.csv,missing,,,,,,,,,,,,,,no_confirmed_match,unverified_first_trip_proxy,,fewer_than_10_endpoints,2026-09-15
divvy_08170e3da89c9408,801,N Narragansett Ave & Grand Ave,,,2022-05-14 16:41:29,2022-05-14 16:53:41,2022-05-14 16:41:29,2022-09-05 07:49:55,,,,station,81,81,1,801,N Narragansett Ave & Grand Ave,coarse_trip_coordinates_not_used | missing_coordinates,B6BEC094704083D7,end,202205-divvy-tripdata.zip,202205-divvy-tripdata.csv,missing,,,,,,,,,,,,,,no_confirmed_match,unverified_first_trip_proxy,,,2026-09-15
divvy_a0333f045309a960,798,Menard Ave & Agusta Blvd,,,2022-05-14 17:11:49,2022-05-14 18:15:57,2022-05-14 17:11:49,2022-09-02 20:09:13,,,,station,20,20,1,798,Menard Ave & Agusta Blvd,coarse_trip_coordinates_not_used | missing_coordinates,CE7244A4738B4E12,end,202205-divvy-tripdata.zip,202205-divvy-tripdata.csv,missing,,,,,,,,,,,,,,no_confirmed_match,unverified_first_trip_proxy,,,2026-09-15
divvy_35014afc6fc408b7,548,Cicero Ave & Altgeld St,,,2022-05-14 18:32:47,2022-05-14 20:39:45,2022-05-14 18:32:47,2022-06-10 19:46:09,,,,station,16,16,1,548,Cicero Ave & Altgeld St,coarse_trip_coordinates_not_used | missing_coordinates,F498E87BDCF51925,end,202205-divvy-tripdata.zip,202205-divvy-tripdata.csv,missing,,,,,,,,,,,,,,no_confirmed_match,unverified_first_trip_proxy,,,2026-09-15
divvy_418eb5b9382bcf63,750,Harper Ave & 63rd St,,,2022-05-16 09:02:16,2022-05-16 09:45:32,2022-05-16 09:02:16,2022-08-31 23:15:35,,,,station,23,23,1,750,Harper Ave & 63rd St,coarse_trip_coordinates_not_used | missing_coordinates,083ECDA1872F40E0,end,202205-divvy-tripdata.zip,202205-divvy-tripdata.csv,missing,,,,,,,,,,,,,,no_confirmed_match,unverified_first_trip_proxy,,,2026-09-15
divvy_4ea9c76d0b7c81e7,522,Lawndale Ave & Polk St,,,2022-05-16 09:33:29,2022-05-16 12:37:32,2022-05-16 09:33:29,2022-05-16 12:37:32,,,,station,2,2,1,522,Lawndale Ave & Polk St,coarse_trip_coordinates_not_used | fewer_than_10_endpoints | missing_coordinates,8BA544522568BE7A,end,202205-divvy-tripdata.zip,202205-divvy-tripdata.csv,missing,,,,,,,,,,,,,,no_confirmed_match,unverified_first_trip_proxy,,fewer_than_10_endpoints,2026-09-15
divvy_0ee2b1fe248b0e79,752,Kimbark Ave & 63rd St,,,2022-05-16 18:00:17,2022-05-16 19:43:51,2022-05-16 18:00:17,2022-06-01 08:06:10,,,,station,12,12,1,752,Kimbark Ave & 63rd St,coarse_trip_coordinates_not_used | missing_coordinates,02D4D49E779D5B60,end,202205-divvy-tripdata.zip,202205-divvy-tripdata.csv,missing,,,,,,,,,,,,,,no_confirmed_match,unverified_first_trip_proxy,,,2026-09-15
divvy_b0725b5bb00b96b5,487,California Ave & Devon Ave - NE,,,2022-05-16 21:16:11,2022-05-17 14:08:39,2022-05-16 21:16:11,2022-06-12 15:01:24,,,,station,54,54,1,487,California Ave & Devon Ave - NE,coarse_trip_coordinates_not_used | missing_coordinates,1022886437732C67,end,202205-divvy-tripdata.zip,202205-divvy-tripdata.csv,missing,,,,,,,,,,,,,,no_confirmed_match,unverified_first_trip_proxy,,,2026-09-15
divvy_08041fe5e7b96763,670,Champlain Ave & 134th St,,,2022-05-17 08:39:10,2022-05-18 17:30:25,2022-05-17 08:39:10,2022-06-28 13:12:50,,,,station,8,8,1,670,Champlain Ave & 134th St,coarse_trip_coordinates_not_used | fewer_than_10_endpoints | missing_coordinates,F66AC6E7A123FCBF,end,202205-divvy-tripdata.zip,202205-divvy-tripdata.csv,missing,,,,,,,,,,,,,,no_confirmed_match,unverified_first_trip_proxy,,fewer_than_10_endpoints,2026-09-15
divvy_90bf916391893fe3,691,Western Ave & 105th St,,,2022-05-17 09:51:30,2022-05-17 09:59:31,2022-05-17 09:51:30,2022-08-27 18:17:21,,,,station,28,28,1,691,Western Ave & 105th St,coarse_trip_coordinates_not_used | missing_coordinates,02FD80AA866024A4,end,202205-divvy-tripdata.zip,202205-divvy-tripdata.csv,missing,,,,,,,,,,,,,,no_confirmed_match,unverified_first_trip_proxy,,,2026-09-15
divvy_5595bfb8f246fff5,675,Sawyer Ave & 111th St,,,2022-05-17 11:06:11,2022-05-17 12:07:13,2022-05-17 11:06:11,2022-09-10 08:44:07,,,,station,13,13,1,675,Sawyer Ave & 111th St,coarse_trip_coordinates_not_used | missing_coordinates,86EDECC40AE0797A,end,202205-divvy-tripdata.zip,202205-divvy-tripdata.csv,missing,,,,,,,,,,,,,,no_confirmed_match,unverified_first_trip_proxy,,,2026-09-15
divvy_c9baacf0c8120173,678,Albany Ave & 111th St - NW,,,2022-05-17 12:32:51,2022-05-17 23:59:29,2022-05-17 12:32:51,2022-08-07 02:27:50,,,,station,10,10,1,678,Albany Ave & 111th St - NW,coarse_trip_coordinates_not_used | missing_coordinates,A06529BF122F0720,end,202205-divvy-tripdata.zip,202205-divvy-tripdata.csv,missing,,,,,,,,,,,,,,no_confirmed_match,unverified_first_trip_proxy,,,2026-09-15
divvy_26af597fea398902,858,Christiana Ave & Bryn Mawr Ave,,,2022-05-17 15:44:18,2022-05-17 17:23:17,2022-05-17 15:44:18,2022-06-09 16:37:05,,,,station,4,4,1,858,Christiana Ave & Bryn Mawr Ave,coarse_trip_coordinates_not_used | fewer_than_10_endpoints | missing_coordinates,EFEBD27F08D036F5,end,202205-divvy-tripdata.zip,202205-divvy-tripdata.csv,missing,,,,,,,,,,,,,,no_confirmed_match,unverified_first_trip_proxy,,fewer_than_10_endpoints,2026-09-15
divvy_71a5948348553122,531,Penn Elementary School / KIPP Ascend Middle School,,,2022-05-17 15:50:23,2022-05-27 12:18:18,2022-05-17 15:50:23,2022-06-03 21:38:13,,,,station,3,3,1,531,Penn Elementary School / KIPP Ascend Middle School,coarse_trip_coordinates_not_used | fewer_than_10_endpoints | missing_coordinates,22AB2B855D6012AA,end,202205-divvy-tripdata.zip,202205-divvy-tripdata.csv,missing,,,,,,,,,,,,,,no_confirmed_match,unverified_first_trip_proxy,,fewer_than_10_endpoints,2026-09-15
divvy_aac8f354600c195a,867,Grand Ave & North Ave,,,2022-05-17 16:16:29,2022-05-17 16:16:29,2022-05-19 13:03:13,2022-06-08 00:35:34,,,,station,25,25,1,867,Grand Ave & North Ave,coarse_trip_coordinates_not_used | missing_coordinates,AA136D57D4546D94,start,202205-divvy-tripdata.zip,202205-divvy-tripdata.csv,missing,,,,,,,,,,,,,,no_confirmed_match,unverified_first_trip_proxy,,,2026-09-15
divvy_f6ab9553a2eccb1a,897,Homewood Ave & Monterey Ave,,,2022-05-18 07:02:34,2022-05-18 18:15:56,2022-05-18 07:02:34,2022-09-06 07:05:48,,,,station,95,95,1,897,Homewood Ave & Monterey Ave,coarse_trip_coordinates_not_used | missing_coordinates,E5FBAD795302B87E,end,202205-divvy-tripdata.zip,202205-divvy-tripdata.csv,missing,,,,,,,,,,,,,,no_confirmed_match,unverified_first_trip_proxy,,,2026-09-15
divvy_67037ddfbba28508,661,Langley Ave & 79th St,,,2022-05-18 12:44:40,2022-05-19 01:25:21,2022-05-18 12:44:40,2022-09-03 21:06:22,,,,station,58,58,1,661,Langley Ave & 79th St,coarse_trip_coordinates_not_used | missing_coordinates,AC8D704E6784D3DB,end,202205-divvy-tripdata.zip,202205-divvy-tripdata.csv,missing,,,,,,,,,,,,,,no_confirmed_match,unverified_first_trip_proxy,,,2026-09-15
divvy_76f99c01d84f25b3,666,Stony Island Ave & 86th St,,,2022-05-18 13:24:02,2022-05-18 14:16:13,2022-05-18 13:24:02,2022-08-01 12:17:17,,,,station,12,12,1,666,Stony Island Ave & 86th St,coarse_trip_coordinates_not_used | missing_coordinates,A722639B49925B7B,end,202205-divvy-tripdata.zip,202205-divvy-tripdata.csv,missing,,,,,,,,,,,,,,no_confirmed_match,unverified_first_trip_proxy,,,2026-09-15
divvy_bcc687d875f82b5a,742,Ashland Ave & 71st St,,,2022-05-18 15:29:53,2022-05-18 16:05:20,2022-05-18 15:29:53,2022-08-15 08:10:56,,,,station,14,14,1,742,Ashland Ave & 71st St,coarse_trip_coordinates_not_used | missing_coordinates,157B66CCC5C8E3D4,end,202205-divvy-tripdata.zip,202205-divvy-tripdata.csv,missing,,,,,,,,,,,,,,no_confirmed_match,unverified_first_trip_proxy,,,2026-09-15
divvy_e5a80379253bd53d,564,Austin Ave & Wellington Ave - midblock,,,2022-05-18 16:01:17,2022-05-20 15:14:26,2022-05-18 16:01:17,2022-06-08 16:32:28,,,,station,12,12,1,564,Austin Ave & Wellington Ave - midblock,coarse_trip_coordinates_not_used | missing_coordinates,BC91F278E649CD3F,end,202205-divvy-tripdata.zip,202205-divvy-tripdata.csv,missing,,,,,,,,,,,,,,no_confirmed_match,unverified_first_trip_proxy,,,2026-09-15
divvy_eadb1cf43e211863,865,Kilbourn Ave & Fullerton Ave,,,2022-05-18 16:40:05,2022-05-18 20:53:45,2022-05-18 16:40:05,2022-06-13 10:36:47,,,,station,18,18,1,865,Kilbourn Ave & Fullerton Ave,coarse_trip_coordinates_not_used | missing_coordinates,D3EDE6BA1B9BAA56,end,202205-divvy-tripdata.zip,202205-divvy-tripdata.csv,missing,,,,,,,,,,,,,,no_confirmed_match,unverified_first_trip_proxy,,,2026-09-15
divvy_4f56ee7bef37a0c7,885,Ada St & 79th St,,,2022-05-18 17:10:37,2022-05-18 17:10:37,2022-06-26 18:21:12,2022-08-21 21:57:11,,,,station,15,15,1,885,Ada St & 79th St,coarse_trip_coordinates_not_used | missing_coordinates,4B8A569EC5AF444F,start,202205-divvy-tripdata.zip,202205-divvy-tripdata.csv,missing,,,,,,,,,,,,,,no_confirmed_match,unverified_first_trip_proxy,,,2026-09-15
divvy_9c48636d71ad8e9e,862,Milwaukee Ave & Waveland Ave,,,2022-05-18 18:57:43,2022-05-19 07:55:34,2022-05-18 18:57:43,2022-05-24 08:49:47,,,,station,11,11,1,862,Milwaukee Ave & Waveland Ave,coarse_trip_coordinates_not_used | missing_coordinates,BC5F146D3B7475AE,end,202205-divvy-tripdata.zip,202205-divvy-tripdata.csv,missing,,,,,,,,,,,,,,no_confirmed_match,unverified_first_trip_proxy,,,2026-09-15
divvy_3646237c2b5c3270,866,Kostner Ave & Armitage Ave,,,2022-05-18 19:29:28,2022-05-18 19:29:28,2022-05-19 14:47:03,2022-09-10 15:06:19,,,,station,568,568,1,866,Kostner Ave & Armitage Ave,coarse_trip_coordinates_not_used | missing_coordinates,F69237ED0E1B157E,start,202205-divvy-tripdata.zip,202205-divvy-tripdata.csv,missing,,,,,,,,,,,,,,no_confirmed_match,unverified_first_trip_proxy,,,2026-09-15
divvy_3e300150f544bc1c,877,Racine Ave & 109th Pl,,,2022-05-18 19:41:18,2022-05-18 19:56:34,2022-05-18 19:41:18,2022-09-08 15:10:08,,,,station,169,169,1,877,Racine Ave & 109th Pl,coarse_trip_coordinates_not_used | missing_coordinates,05BA0FAEB3AB1B61,end,202205-divvy-tripdata.zip,202205-divvy-tripdata.csv,missing,,,,,,,,,,,,,,no_confirmed_match,unverified_first_trip_proxy,,,2026-09-15
divvy_094c58a668049292,493,St Louis Ave & Berteau Ave,,,2022-05-18 21:37:28,2022-05-20 12:14:16,2022-05-18 21:37:28,2022-06-17 08:56:32,,,,station,19,19,1,493,St Louis Ave & Berteau Ave,coarse_trip_coordinates_not_used | missing_coordinates,90CB5CF4F52CBF2B,end,202205-divvy-tripdata.zip,202205-divvy-tripdata.csv,missing,,,,,,,,,,,,,,no_confirmed_match,unverified_first_trip_proxy,,,2026-09-15
divvy_69272d8ef04ac47f,919,Pullman - Walmart,,,2022-05-18 22:25:22,2022-05-20 15:03:45,2022-05-18 22:25:22,2022-08-31 15:02:49,,,,station,81,81,1,919,Pullman - Walmart,coarse_trip_coordinates_not_used | missing_coordinates,D9B7147299A6F99C,end,202205-divvy-tripdata.zip,202205-divvy-tripdata.csv,missing,,,,,,,,,,,,,,no_confirmed_match,unverified_first_trip_proxy,,,2026-09-15
divvy_17dfb2c2d94bf46b,902,Hoyne Ave & 110th Pl,,,2022-05-19 08:09:03,2022-05-19 15:05:14,2022-05-19 08:09:03,2022-09-06 08:09:47,,,,station,43,43,1,902,Hoyne Ave & 110th Pl,coarse_trip_coordinates_not_used | missing_coordinates,7A958D5FEE5188E4,end,202205-divvy-tripdata.zip,202205-divvy-tripdata.csv,missing,,,,,,,,,,,,,,no_confirmed_match,unverified_first_trip_proxy,,,2026-09-15
divvy_a0a5e8abf839ecf4,905,Yates Blvd & Exchange Ave,,,2022-05-19 12:44:42,2022-05-19 12:44:42,2022-05-21 08:46:55,2022-09-05 14:22:25,,,,station,33,33,1,905,Yates Blvd & Exchange Ave,coarse_trip_coordinates_not_used | missing_coordinates,40A07E51C9BA7EA0,start,202205-divvy-tripdata.zip,202205-divvy-tripdata.csv,missing,,,,,,,,,,,,,,no_confirmed_match,unverified_first_trip_proxy,,,2026-09-15
divvy_f69714cc67ce501b,863,Karlov Ave & Milwaukee Ave,,,2022-05-19 14:19:58,2022-05-19 14:21:11,2022-05-19 14:19:58,2022-06-06 20:00:49,,,,station,7,7,1,863,Karlov Ave & Milwaukee Ave,coarse_trip_coordinates_not_used | fewer_than_10_endpoints | missing_coordinates,DFD6929C237636F9,end,202205-divvy-tripdata.zip,202205-divvy-tripdata.csv,missing,,,,,,,,,,,,,,no_confirmed_match,unverified_first_trip_proxy,,fewer_than_10_endpoints,2026-09-15
divvy_8c7072aa22b564fd,718,Claremont Ave & 71st St,,,2022-05-19 16:52:29,2022-05-20 01:19:51,2022-05-19 16:52:29,2022-09-06 11:56:39,,,,station,54,54,1,718,Claremont Ave & 71st St,coarse_trip_coordinates_not_used | missing_coordinates,D0C29E8B5257B212,end,202205-divvy-tripdata.zip,202205-divvy-tripdata.csv,missing,,,,,,,,,,,,,,no_confirmed_match,unverified_first_trip_proxy,,,2026-09-15
divvy_31d6da1cc7bb7ab4,839,Kedzie Ave & Pershing Rd,,,2022-05-19 17:42:33,2022-05-25 08:53:27,2022-05-19 17:42:33,2022-09-14 11:06:35,,,,station,38,38,1,839,Kedzie Ave & Pershing Rd,coarse_trip_coordinates_not_used | missing_coordinates,F002445358C3627E,end,202205-divvy-tripdata.zip,202205-divvy-tripdata.csv,missing,,,,,,,,,,,,,,no_confirmed_match,unverified_first_trip_proxy,,,2026-09-15
divvy_28d4ba55467493f9,677,Rockwell & 111th St,,,2022-05-19 17:55:13,2022-05-19 20:21:37,2022-05-19 17:55:13,2022-09-06 06:59:42,,,,station,38,38,1,677,Rockwell & 111th St,coarse_trip_coordinates_not_used | missing_coordinates,CECE1E5CF8DC7FF6,end,202205-divvy-tripdata.zip,202205-divvy-tripdata.csv,missing,,,,,,,,,,,,,,no_confirmed_match,unverified_first_trip_proxy,,,2026-09-15
divvy_dfbe95f0d23b41b4,913,532 E 43rd St,,,2022-05-19 18:19:11,2022-05-19 18:19:11,2022-05-23 21:35:41,2022-09-05 18:45:36,,,,station,67,67,1,913,532 E 43rd St,coarse_trip_coordinates_not_used | missing_coordinates,93743716A1C3CC9E,start,202205-divvy-tripdata.zip,202205-divvy-tripdata.csv,missing,,,,,,,,,,,,,,no_confirmed_match,unverified_first_trip_proxy,,,2026-09-15
divvy_dbc4bff8e18a7d30,774,Christiana Ave & 55th St,,,2022-05-19 18:33:06,2022-05-19 18:42:29,2022-05-19 18:33:06,2022-09-02 16:29:00,,,,station,46,46,1,774,Christiana Ave & 55th St,coarse_trip_coordinates_not_used | missing_coordinates,2A431DDE5F87F894,end,202205-divvy-tripdata.zip,202205-divvy-tripdata.csv,missing,,,,,,,,,,,,,,no_confirmed_match,unverified_first_trip_proxy,,,2026-09-15
divvy_542141b7e3300fbb,756,Albany Ave & 63rd St,,,2022-05-19 18:43:38,2022-05-19 18:43:38,2022-05-19 18:45:06,2022-08-30 08:09:38,,,,station,54,54,1,756,Albany Ave & 63rd St,coarse_trip_coordinates_not_used | missing_coordinates,D7282F980A43C72B,start,202205-divvy-tripdata.zip,202205-divvy-tripdata.csv,missing,,,,,,,,,,,,,,no_confirmed_match,unverified_first_trip_proxy,,,2026-09-15
divvy_ef235952bd74bb6c,864,Kedvale Ave & Addison St,,,2022-05-20 13:56:35,2022-05-22 08:39:50,2022-05-20 13:56:35,2022-06-08 19:08:14,,,,station,9,9,1,864,Kedvale Ave & Addison St,coarse_trip_coordinates_not_used | fewer_than_10_endpoints | missing_coordinates,493846361746F83A,end,202205-divvy-tripdata.zip,202205-divvy-tripdata.csv,missing,,,,,,,,,,,,,,no_confirmed_match,unverified_first_trip_proxy,,fewer_than_10_endpoints,2026-09-15
divvy_d3852113a1c46d7c,747,Keef Ave & South Chicago Ave,,,2022-05-20 16:22:50,2022-05-20 16:22:50,,2022-05-20 16:22:50,,,,station,1,1,1,747,Keef Ave & South Chicago Ave,coarse_trip_coordinates_not_used | fewer_than_10_endpoints | missing_coordinates,AAFD6067832D6010,start,202205-divvy-tripdata.zip,202205-divvy-tripdata.csv,missing,,,,,,,,,,,,,,no_confirmed_match,unverified_first_trip_proxy,,fewer_than_10_endpoints,2026-09-15
divvy_77fc4905aeb7e80c,524,Central Park Ave & Fillmore St,,,2022-05-20 18:40:08,2022-05-20 21:18:17,2022-05-20 18:40:08,2022-05-20 21:18:17,,,,station,2,2,1,524,Central Park Ave & Fillmore St,coarse_trip_coordinates_not_used | fewer_than_10_endpoints | missing_coordinates,76DFAC63A3943504,end,202205-divvy-tripdata.zip,202205-divvy-tripdata.csv,missing,,,,,,,,,,,,,,no_confirmed_match,unverified_first_trip_proxy,,fewer_than_10_endpoints,2026-09-15
divvy_d2f41f063b4038c8,601,Morgan St & 103rd St,,,2022-05-20 18:53:18,2022-05-20 19:07:57,2022-05-20 18:53:18,2022-07-30 22:18:59,,,,station,6,6,1,601,Morgan St & 103rd St,coarse_trip_coordinates_not_used | fewer_than_10_endpoints | missing_coordinates,B8B44D05C926341B,end,202205-divvy-tripdata.zip,202205-divvy-tripdata.csv,missing,,,,,,,,,,,,,,no_confirmed_match,unverified_first_trip_proxy,,fewer_than_10_endpoints,2026-09-15
divvy_ac9199fb6d436aaa,642,Justine St & 87th St,,,2022-05-20 21:38:00,2022-05-26 03:37:35,2022-05-20 21:38:00,2022-09-05 15:58:57,,,,station,20,20,1,642,Justine St & 87th St,coarse_trip_coordinates_not_used | missing_coordinates,114BFC5F3284F540,end,202205-divvy-tripdata.zip,202205-divvy-tripdata.csv,missing,,,,,,,,,,,,,,no_confirmed_match,unverified_first_trip_proxy,,,2026-09-15
divvy_ed4294eb5cb72881,553,Lorel Ave & Chicago Ave,,,2022-05-21 15:04:12,2022-05-21 15:13:11,2022-05-21 15:04:12,2022-06-15 12:28:52,,,,station,6,6,1,553,Lorel Ave & Chicago Ave,coarse_trip_coordinates_not_used | fewer_than_10_endpoints | missing_coordinates,38CD083EECBC8D50,end,202205-divvy-tripdata.zip,202205-divvy-tripdata.csv,missing,,,,,,,,,,,,,,no_confirmed_match,unverified_first_trip_proxy,,fewer_than_10_endpoints,2026-09-15
divvy_0719728012e579f8,648,Cottage Grove Ave & 91st St,,,2022-05-21 20:42:50,2022-05-21 23:16:04,2022-05-21 20:42:50,2022-07-18 11:17:37,,,,station,8,8,1,648,Cottage Grove Ave & 91st St,coarse_trip_coordinates_not_used | fewer_than_10_endpoints | missing_coordinates,37927716839A1E9F,end,202205-divvy-tripdata.zip,202205-divvy-tripdata.csv,missing,,,,,,,,,,,,,,no_confirmed_match,unverified_first_trip_proxy,,fewer_than_10_endpoints,2026-09-15
divvy_a14789cc470012f4,861,Sawyer Ave & Lawrence Ave,,,2022-05-22 02:21:39,2022-05-24 17:00:16,2022-05-22 02:21:39,2022-06-11 19:15:32,,,,station,30,30,1,861,Sawyer Ave & Lawrence Ave,coarse_trip_coordinates_not_used | missing_coordinates,3A034157190D584F,end,202205-divvy-tripdata.zip,202205-divvy-tripdata.csv,missing,,,,,,,,,,,,,,no_confirmed_match,unverified_first_trip_proxy,,,2026-09-15
divvy_b7600835f071ee25,914,Martin Luther King Dr & 44th St,,,2022-05-22 07:02:38,2022-05-22 07:02:38,2022-06-25 17:27:45,2022-08-22 15:45:26,,,,station,17,17,1,914,Martin Luther King Dr & 44th St,coarse_trip_coordinates_not_used | missing_coordinates,1E13414FFD2A2D6F,start,202205-divvy-tripdata.zip,202205-divvy-tripdata.csv,missing,,,,,,,,,,,,,,no_confirmed_match,unverified_first_trip_proxy,,,2026-09-15
divvy_b23e3a7979a0da04,623,Halsted St & 102nd St,,,2022-05-22 08:56:22,2022-05-27 08:53:34,2022-05-22 08:56:22,2022-06-23 00:20:21,,,,station,5,5,1,623,Halsted St & 102nd St,coarse_trip_coordinates_not_used | fewer_than_10_endpoints | missing_coordinates,396B330C9EBDD804,end,202205-divvy-tripdata.zip,202205-divvy-tripdata.csv,missing,,,,,,,,,,,,,,no_confirmed_match,unverified_first_trip_proxy,,fewer_than_10_endpoints,2026-09-15
divvy_76868834d8432fe2,645,Tuley (Murray) Park,,,2022-05-22 09:46:35,2022-05-22 09:57:13,2022-05-22 09:46:35,2022-07-16 00:04:41,,,,station,4,4,1,645,Tuley (Murray) Park,coarse_trip_coordinates_not_used | fewer_than_10_endpoints | missing_coordinates,2CD3583583A8850B,end,202205-divvy-tripdata.zip,202205-divvy-tripdata.csv,missing,,,,,,,,,,,,,,no_confirmed_match,unverified_first_trip_proxy,,fewer_than_10_endpoints,2026-09-15
divvy_2801e07307946683,679,Western Ave & 111th St - SW,,,2022-05-22 12:49:14,2022-06-09 23:04:53,2022-05-22 12:49:14,2022-08-30 12:44:54,,,,station,26,26,1,679,Western Ave & 111th St - SW,coarse_trip_coordinates_not_used | missing_coordinates,F57867F607AEA069,end,202205-divvy-tripdata.zip,202205-divvy-tripdata.csv,missing,,,,,,,,,,,,,,no_confirmed_match,unverified_first_trip_proxy,,,2026-09-15
divvy_a6471d0ffb3848b0,783,California Ave & Pershing Rd,,,2022-05-22 15:59:05,2022-05-26 20:51:24,2022-05-22 15:59:05,2022-08-28 14:29:49,,,,station,20,20,1,783,California Ave & Pershing Rd,coarse_trip_coordinates_not_used | missing_coordinates,CC1AC7C144FE0719,end,202205-divvy-tripdata.zip,202205-divvy-tripdata.csv,missing,,,,,,,,,,,,,,no_confirmed_match,unverified_first_trip_proxy,,,2026-09-15
divvy_365c773060903c61,696,Hamilton Ave & 95th St,,,2022-05-22 16:58:05,2022-05-25 20:45:02,2022-05-22 16:58:05,2022-09-03 12:06:31,,,,station,23,23,1,696,Hamilton Ave & 95th St,coarse_trip_coordinates_not_used | missing_coordinates,06378779BDF40643,end,202205-divvy-tripdata.zip,202205-divvy-tripdata.csv,missing,,,,,,,,,,,,,,no_confirmed_match,unverified_first_trip_proxy,,,2026-09-15
divvy_d4759d34a776edee,572,Hiawatha Park,,,2022-05-22 17:18:40,2022-05-28 21:30:16,2022-05-22 17:18:40,2022-09-03 20:54:30,,,,station,31,31,1,572,Hiawatha Park,coarse_trip_coordinates_not_used | missing_coordinates,16F1BB06290D9757,end,202205-divvy-tripdata.zip,202205-divvy-tripdata.csv,missing,,,,,,,,,,,,,,no_confirmed_match,unverified_first_trip_proxy,,,2026-09-15
divvy_1111b37911813317,907,Calumet Ave & Garfield Blvd,,,2022-05-22 17:26:40,2022-05-22 20:56:55,2022-05-22 17:26:40,2022-09-05 07:51:03,,,,station,27,27,1,907,Calumet Ave & Garfield Blvd,coarse_trip_coordinates_not_used | missing_coordinates,E0B7DB4CFDF1703D,end,202205-divvy-tripdata.zip,202205-divvy-tripdata.csv,missing,,,,,,,,,,,,,,no_confirmed_match,unverified_first_trip_proxy,,,2026-09-15
divvy_bf8d6bf2f21471e0,842,Ashland Ave & 46th St,,,2022-05-22 19:36:54,2022-05-24 18:13:29,2022-05-22 19:36:54,2022-08-11 11:12:20,,,,station,12,12,1,842,Ashland Ave & 46th St,coarse_trip_coordinates_not_used | missing_coordinates,0F1F38CBBE608E2D,end,202205-divvy-tripdata.zip,202205-divvy-tripdata.csv,missing,,,,,,,,,,,,,,no_confirmed_match,unverified_first_trip_proxy,,,2026-09-15
divvy_6ce18ae95f6dd7f6,570,McVicker Ave & Grand Ave,,,2022-05-22 23:52:39,2022-05-23 08:24:01,2022-05-22 23:52:39,2022-06-05 16:14:04,,,,station,12,12,1,570,McVicker Ave & Grand Ave,coarse_trip_coordinates_not_used | missing_coordinates,26FA147B997AA889,end,202205-divvy-tripdata.zip,202205-divvy-tripdata.csv,missing,,,,,,,,,,,,,,no_confirmed_match,unverified_first_trip_proxy,,,2026-09-15
divvy_7bef43bc27bdbeec,845,Ashland Ave & 45th St - midblock south,,,2022-05-23 06:52:32,2022-05-24 12:03:08,2022-05-23 06:52:32,2022-08-24 18:34:01,,,,station,16,16,1,845,Ashland Ave & 45th St - midblock south,coarse_trip_coordinates_not_used | missing_coordinates,41CDF87339878862,end,202205-divvy-tripdata.zip,202205-divvy-tripdata.csv,missing,,,,,,,,,,,,,,no_confirmed_match,unverified_first_trip_proxy,,,2026-09-15
divvy_2d258e028ab870a5,730,Cottage Grove Ave & 75th St,,,2022-05-23 12:07:19,2022-05-23 12:12:15,2022-05-23 12:07:19,2022-08-27 18:33:57,,,,station,16,16,1,730,Cottage Grove Ave & 75th St,coarse_trip_coordinates_not_used | missing_coordinates,7E057BC2CA60E61A,end,202205-divvy-tripdata.zip,202205-divvy-tripdata.csv,missing,,,,,,,,,,,,,,no_confirmed_match,unverified_first_trip_proxy,,,2026-09-15
divvy_e85e5596d270a452,817,Lowe Park,,,2022-05-23 15:25:51,2022-05-24 12:30:11,2022-05-23 15:25:51,2022-06-27 14:06:47,,,,station,4,4,1,817,Lowe Park,coarse_trip_coordinates_not_used | fewer_than_10_endpoints | missing_coordinates,B032F47026B4E4C6,end,202205-divvy-tripdata.zip,202205-divvy-tripdata.csv,missing,,,,,,,,,,,,,,no_confirmed_match,unverified_first_trip_proxy,,fewer_than_10_endpoints,2026-09-15
divvy_29fcc098d7c9d297,791,Mason Ave & Roosevelt Rd,,,2022-05-23 16:06:43,2022-05-28 21:55:29,2022-05-23 16:06:43,2022-07-19 20:26:59,,,,station,20,20,1,791,Mason Ave & Roosevelt Rd,coarse_trip_coordinates_not_used | missing_coordinates,3C2C3C1C34911F75,end,202205-divvy-tripdata.zip,202205-divvy-tripdata.csv,missing,,,,,,,,,,,,,,no_confirmed_match,unverified_first_trip_proxy,,,2026-09-15
divvy_eb5bfd5cd94bf369,826,Harding Ave & 47th St,,,2022-05-23 17:51:44,2022-05-24 18:00:38,2022-05-23 17:51:44,2022-09-08 11:06:46,,,,station,22,22,1,826,Harding Ave & 47th St,coarse_trip_coordinates_not_used | missing_coordinates,A795785392F6F8C6,end,202205-divvy-tripdata.zip,202205-divvy-tripdata.csv,missing,,,,,,,,,,,,,,no_confirmed_match,unverified_first_trip_proxy,,,2026-09-15
divvy_b074e1e79740f872,737,Chappel Ave & 71st St,,,2022-05-23 19:58:55,2022-06-28 23:03:39,2022-05-23 19:58:55,2022-09-04 09:48:49,,,,station,13,13,1,737,Chappel Ave & 71st St,coarse_trip_coordinates_not_used | missing_coordinates,E76C518D7A4F316E,end,202205-divvy-tripdata.zip,202205-divvy-tripdata.csv,missing,,,,,,,,,,,,,,no_confirmed_match,unverified_first_trip_proxy,,,2026-09-15
divvy_e185a69e2914cedc,607,Michigan Ave & 110th St,,,2022-05-24 00:00:54,2022-05-25 14:21:26,2022-05-24 00:00:54,2022-09-01 19:28:32,,,,station,10,10,1,607,Michigan Ave & 110th St,coarse_trip_coordinates_not_used | missing_coordinates,345D6037179503AB,end,202205-divvy-tripdata.zip,202205-divvy-tripdata.csv,missing,,,,,,,,,,,,,,no_confirmed_match,unverified_first_trip_proxy,,,2026-09-15
divvy_20ff510236f24aa8,857,Sawyer Ave & Bryn Mawr Ave - SE,,,2022-05-24 03:53:57,2022-05-24 04:17:21,2022-05-24 03:53:57,2022-06-03 10:20:49,,,,station,14,14,1,857,Sawyer Ave & Bryn Mawr Ave - SE,coarse_trip_coordinates_not_used | missing_coordinates,28F6FFEC8153FF51,end,202205-divvy-tripdata.zip,202205-divvy-tripdata.csv,missing,,,,,,,,,,,,,,no_confirmed_match,unverified_first_trip_proxy,,,2026-09-15
divvy_52b381c0f9d26aa9,587,Parnell Ave & 119th St,,,2022-05-24 11:37:50,2022-05-29 23:07:49,2022-05-24 11:37:50,2022-08-18 21:20:52,,,,station,10,10,1,587,Parnell Ave & 119th St,coarse_trip_coordinates_not_used | missing_coordinates,E7C095C4A339B042,end,202205-divvy-tripdata.zip,202205-divvy-tripdata.csv,missing,,,,,,,,,,,,,,no_confirmed_match,unverified_first_trip_proxy,,,2026-09-15
divvy_5df187090acd9fe9,765,West Lawn Park,,,2022-05-24 18:19:52,2022-07-12 20:22:30,2022-05-24 18:19:52,2022-08-29 12:33:00,,,,station,4,4,1,765,West Lawn Park,coarse_trip_coordinates_not_used | fewer_than_10_endpoints | missing_coordinates,4F261C53E139E69F,end,202205-divvy-tripdata.zip,202205-divvy-tripdata.csv,missing,,,,,,,,,,,,,,no_confirmed_match,unverified_first_trip_proxy,,fewer_than_10_endpoints,2026-09-15
divvy_07b4a9ff17a63d8c,920,Pullman - Ross Dress for Less,,,2022-05-24 20:25:28,2022-06-13 12:37:39,2022-05-24 20:25:28,2022-08-29 20:49:41,,,,station,17,17,1,920,Pullman - Ross Dress for Less,coarse_trip_coordinates_not_used | missing_coordinates,DAFB040756679529,end,202205-divvy-tripdata.zip,202205-divvy-tripdata.csv,missing,,,,,,,,,,,,,,no_confirmed_match,unverified_first_trip_proxy,,,2026-09-15
divvy_b7986f78d349afca,699,Cottage Grove Ave & 98th St,,,2022-05-24 22:35:11,2022-05-26 18:02:51,2022-05-24 22:35:11,2022-09-09 20:25:18,,,,station,35,35,1,699,Cottage Grove Ave & 98th St,coarse_trip_coordinates_not_used | missing_coordinates,E530D09968CFAE11,end,202205-divvy-tripdata.zip,202205-divvy-tripdata.csv,missing,,,,,,,,,,,,,,no_confirmed_match,unverified_first_trip_proxy,,,2026-09-15
divvy_cd1a33b3fabe4963,772,Kedzie Ave & 61st Pl,,,2022-05-25 13:19:08,2022-05-26 14:44:30,2022-05-25 13:19:08,2022-09-07 15:13:49,,,,station,144,144,1,772,Kedzie Ave & 61st Pl,coarse_trip_coordinates_not_used | missing_coordinates,498A4F6FA5334FA0,end,202205-divvy-tripdata.zip,202205-divvy-tripdata.csv,missing,,,,,,,,,,,,,,no_confirmed_match,unverified_first_trip_proxy,,,2026-09-15
divvy_8d30b19a035e1b37,574,Canty Elementary School,,,2022-05-25 14:41:19,2022-06-23 22:53:00,2022-05-25 14:41:19,2022-08-25 21:21:03,,,,station,7,7,1,574,Canty Elementary School,coarse_trip_coordinates_not_used | fewer_than_10_endpoints | missing_coordinates,792AB5D335E1C023,end,202205-divvy-tripdata.zip,202205-divvy-tripdata.csv,missing,,,,,,,,,,,,,,no_confirmed_match,unverified_first_trip_proxy,,fewer_than_10_endpoints,2026-09-15
divvy_a6d319dc23f2aba4,658,King Dr & 83rd St,,,2022-05-25 16:27:03,2022-05-29 15:46:28,2022-05-25 16:27:03,2022-08-24 14:24:30,,,,station,6,6,1,658,King Dr & 83rd St,coarse_trip_coordinates_not_used | fewer_than_10_endpoints | missing_coordinates,3D37D8DF467F7CE5,end,202205-divvy-tripdata.zip,202205-divvy-tripdata.csv,missing,,,,,,,,,,,,,,no_confirmed_match,unverified_first_trip_proxy,,fewer_than_10_endpoints,2026-09-15
divvy_4984cea838b3aa7f,878,Green St & 103rd St,,,2022-05-25 16:30:02,2022-05-25 16:37:33,2022-05-25 16:30:02,2022-08-21 04:35:04,,,,station,13,13,1,878,Green St & 103rd St,coarse_trip_coordinates_not_used | missing_coordinates,0AAEFF6BE9A7826C,end,202205-divvy-tripdata.zip,202205-divvy-tripdata.csv,missing,,,,,,,,,,,,,,no_confirmed_match,unverified_first_trip_proxy,,,2026-09-15
divvy_115bd927499b5bed,685,Kedzie & 103rd St - East,,,2022-05-25 19:15:20,2022-05-25 19:27:29,2022-05-25 19:15:20,2022-09-04 11:07:48,,,,station,6,6,1,685,Kedzie & 103rd St - East,coarse_trip_coordinates_not_used | fewer_than_10_endpoints | missing_coordinates,1F20A49EF3A5744E,end,202205-divvy-tripdata.zip,202205-divvy-tripdata.csv,missing,,,,,,,,,,,,,,no_confirmed_match,unverified_first_trip_proxy,,fewer_than_10_endpoints,2026-09-15
divvy_80b9ce56f0feb4de,859,Spaulding Ave & Foster Ave,,,2022-05-26 08:41:38,2022-05-27 16:07:05,2022-05-26 08:41:38,2022-06-14 16:11:49,,,,station,10,10,1,859,Spaulding Ave & Foster Ave,coarse_trip_coordinates_not_used | missing_coordinates,DF90065DBC4447B8,end,202205-divvy-tripdata.zip,202205-divvy-tripdata.csv,missing,,,,,,,,,,,,,,no_confirmed_match,unverified_first_trip_proxy,,,2026-09-15
divvy_9ca673f62bc8d30d,849,Oglesby Ave & 105th St,,,2022-05-26 10:51:21,2022-05-26 10:51:21,,2022-08-27 07:10:38,,,,station,2,2,1,849,Oglesby Ave & 105th St,coarse_trip_coordinates_not_used | fewer_than_10_endpoints | missing_coordinates,06E1A00EF84884F5,start,202205-divvy-tripdata.zip,202205-divvy-tripdata.csv,missing,,,,,,,,,,,,,,no_confirmed_match,unverified_first_trip_proxy,,fewer_than_10_endpoints,2026-09-15
divvy_5dc21c0d58c18ed2,613,Ewing Ave & 105th St,,,2022-05-26 10:56:43,2022-06-02 10:25:44,2022-05-26 10:56:43,2022-09-06 10:54:46,,,,station,12,12,1,613,Ewing Ave & 105th St,coarse_trip_coordinates_not_used | missing_coordinates,C1842111D4456F3C,end,202205-divvy-tripdata.zip,202205-divvy-tripdata.csv,missing,,,,,,,,,,,,,,no_confirmed_match,unverified_first_trip_proxy,,,2026-09-15
divvy_41fd100916268a80,657,Wentworth Ave & 79th St,,,2022-05-26 12:00:32,2022-05-26 17:56:10,2022-05-26 12:00:32,2022-07-13 12:27:00,,,,station,4,4,1,657,Wentworth Ave & 79th St,coarse_trip_coordinates_not_used | fewer_than_10_endpoints | missing_coordinates,37F329B087E3FC02,end,202205-divvy-tripdata.zip,202205-divvy-tripdata.csv,missing,,,,,,,,,,,,,,no_confirmed_match,unverified_first_trip_proxy,,fewer_than_10_endpoints,2026-09-15
divvy_89f45c7dbce45623,853,Keeler Ave & Madison St,,,2022-05-26 15:45:45,2022-05-26 18:59:21,2022-05-26 15:45:45,2022-08-19 19:34:32,,,,station,18,18,1,853,Keeler Ave & Madison St,coarse_trip_coordinates_not_used | missing_coordinates,2FEFCFB240A524F6,end,202205-divvy-tripdata.zip,202205-divvy-tripdata.csv,missing,,,,,,,,,,,,,,no_confirmed_match,unverified_first_trip_proxy,,,2026-09-15
divvy_937be43a218d8b1a,686,Kedzie & 103rd St - West,,,2022-05-26 16:58:20,2022-05-26 17:07:50,2022-05-26 16:58:20,2022-09-03 16:08:13,,,,station,8,8,1,686,Kedzie & 103rd St - West,coarse_trip_coordinates_not_used | fewer_than_10_endpoints | missing_coordinates,3E65C8E63D4F9FEA,end,202205-divvy-tripdata.zip,202205-divvy-tripdata.csv,missing,,,,,,,,,,,,,,no_confirmed_match,unverified_first_trip_proxy,,fewer_than_10_endpoints,2026-09-15
divvy_8b0f0a7e484cb310,692,Western Ave & 104th St - East,,,2022-05-27 17:11:13,2022-06-04 21:18:22,2022-05-27 17:11:13,2022-09-04 21:02:23,,,,station,21,21,1,692,Western Ave & 104th St - East,coarse_trip_coordinates_not_used | missing_coordinates,601C3C8DD61E41A4,end,202205-divvy-tripdata.zip,202205-divvy-tripdata.csv,missing,,,,,,,,,,,,,,no_confirmed_match,unverified_first_trip_proxy,,,2026-09-15
divvy_ae70d855460e1cca,755,Kedzie Ave & 64th St - SE,,,2022-05-27 17:15:31,2022-06-06 16:29:38,2022-05-27 17:15:31,2022-08-22 13:04:55,,,,station,9,9,1,755,Kedzie Ave & 64th St - SE,coarse_trip_coordinates_not_used | fewer_than_10_endpoints | missing_coordinates,136CF202889C1CC5,end,202205-divvy-tripdata.zip,202205-divvy-tripdata.csv,missing,,,,,,,,,,,,,,no_confirmed_match,unverified_first_trip_proxy,,fewer_than_10_endpoints,2026-09-15
divvy_25bfbd5ce0ba6726,720,Racine Ave & 76th,,,2022-05-28 14:42:31,2022-05-28 19:41:07,2022-05-28 14:42:31,2022-09-05 19:59:57,,,,station,32,32,1,720,Racine Ave & 76th,coarse_trip_coordinates_not_used | missing_coordinates,68FB344BE4BBFF13,end,202205-divvy-tripdata.zip,202205-divvy-tripdata.csv,missing,,,,,,,,,,,,,,no_confirmed_match,unverified_first_trip_proxy,,,2026-09-15
divvy_a7519890ca04d9ad,844,Bishop St & 46th St,,,2022-05-28 17:51:27,2022-05-28 21:47:24,2022-05-28 17:51:27,2022-09-03 19:02:41,,,,station,23,23,1,844,Bishop St & 46th St,coarse_trip_coordinates_not_used | missing_coordinates,40BB12B11C6728C4,end,202205-divvy-tripdata.zip,202205-divvy-tripdata.csv,missing,,,,,,,,,,,,,,no_confirmed_match,unverified_first_trip_proxy,,,2026-09-15
divvy_8f38f2b81237e9f9,916,Wood St & 47th St,,,2022-05-28 21:49:43,2022-05-28 21:54:11,2022-05-28 21:49:43,2022-09-08 21:05:13,,,,station,108,108,1,916,Wood St & 47th St,coarse_trip_coordinates_not_used | missing_coordinates,0C7830C5C96F3096,end,202205-divvy-tripdata.zip,202205-divvy-tripdata.csv,missing,,,,,,,,,,,,,,no_confirmed_match,unverified_first_trip_proxy,,,2026-09-15
divvy_356a2155bc610e60,900,Western Ave & 118th St,,,2022-05-28 23:11:08,2022-05-31 11:04:22,2022-05-28 23:11:08,2022-09-05 06:36:29,,,,station,34,34,1,900,Western Ave & 118th St,coarse_trip_coordinates_not_used | missing_coordinates,D1968E11A1D8A348,end,202205-divvy-tripdata.zip,202205-divvy-tripdata.csv,missing,,,,,,,,,,,,,,no_confirmed_match,unverified_first_trip_proxy,,,2026-09-15
divvy_a6a084f7ea2f2c02,794,Austin Branch Chicago Public Library,,,2022-05-29 15:16:47,2022-05-29 16:29:08,2022-05-29 15:16:47,2022-09-01 15:12:16,,,,station,15,15,1,794,Austin Branch Chicago Public Library,coarse_trip_coordinates_not_used | missing_coordinates,920294A4AF601E16,end,202205-divvy-tripdata.zip,202205-divvy-tripdata.csv,missing,,,,,,,,,,,,,,no_confirmed_match,unverified_first_trip_proxy,,,2026-09-15
divvy_413f04bee65a9dbf,606,Perry Ave & 108th Pl,,,2022-05-29 16:01:59,2022-05-29 16:02:41,2022-05-29 16:01:59,2022-07-14 02:42:04,,,,station,16,16,1,606,Perry Ave & 108th Pl,coarse_trip_coordinates_not_used | missing_coordinates,79BB4B615480B0B6,end,202205-divvy-tripdata.zip,202205-divvy-tripdata.csv,missing,,,,,,,,,,,,,,no_confirmed_match,unverified_first_trip_proxy,,,2026-09-15
divvy_9287ea655b194549,605,Parnell Ave & 103rd St,,,2022-05-29 16:19:16,2022-05-29 16:50:39,2022-05-29 16:19:16,2022-08-19 20:56:28,,,,station,6,6,1,605,Parnell Ave & 103rd St,coarse_trip_coordinates_not_used | fewer_than_10_endpoints | missing_coordinates,8D8DAE3A03DBBA15,end,202205-divvy-tripdata.zip,202205-divvy-tripdata.csv,missing,,,,,,,,,,,,,,no_confirmed_match,unverified_first_trip_proxy,,fewer_than_10_endpoints,2026-09-15
divvy_bac0e78c3edf05ec,713,Damen Ave & 84th St,,,2022-05-29 21:04:15,2022-06-11 01:19:31,2022-05-29 21:04:15,2022-06-11 01:19:31,,,,station,2,2,1,713,Damen Ave & 84th St,coarse_trip_coordinates_not_used | fewer_than_10_endpoints | missing_coordinates,FFC0C27F24E73CE6,end,202205-divvy-tripdata.zip,202205-divvy-tripdata.csv,missing,,,,,,,,,,,,,,no_confirmed_match,unverified_first_trip_proxy,,fewer_than_10_endpoints,2026-09-15
divvy_4829948ec98f488a,697,Longwood Dr & 95th St,,,2022-05-30 07:54:27,2022-05-31 15:13:22,2022-05-30 07:54:27,2022-08-28 14:43:25,,,,station,9,9,1,697,Longwood Dr & 95th St,coarse_trip_coordinates_not_used | fewer_than_10_endpoints | missing_coordinates,EB8F7BA1BD2526C6,end,202205-divvy-tripdata.zip,202205-divvy-tripdata.csv,missing,,,,,,,,,,,,,,no_confirmed_match,unverified_first_trip_proxy,,fewer_than_10_endpoints,2026-09-15
divvy_5a14e2a7b323073f,554,Cicero Ave & Le Moyne St - midblock,,,2022-05-30 18:55:13,2022-05-30 19:41:45,2022-05-30 18:55:13,2022-06-11 23:16:24,,,,station,5,5,1,554,Cicero Ave & Le Moyne St - midblock,coarse_trip_coordinates_not_used | fewer_than_10_endpoints | missing_coordinates,E890006DF95F3DD7,end,202205-divvy-tripdata.zip,202205-divvy-tripdata.csv,missing,,,,,,,,,,,,,,no_confirmed_match,unverified_first_trip_proxy,,fewer_than_10_endpoints,2026-09-15
divvy_71fb779764e12cd3,921,Pullman - Planet Fitness,,,2022-05-30 21:10:11,2022-05-30 22:07:52,2022-05-30 21:10:11,2022-08-26 18:58:36,,,,station,8,8,1,921,Pullman - Planet Fitness,coarse_trip_coordinates_not_used | fewer_than_10_endpoints | missing_coordinates,8A7794C9BD7FC74F,end,202205-divvy-tripdata.zip,202205-divvy-tripdata.csv,missing,,,,,,,,,,,,,,no_confirmed_match,unverified_first_trip_proxy,,fewer_than_10_endpoints,2026-09-15
divvy_a8fc1ddb14a36ff4,640,Morgan St & 87th St,,,2022-05-31 13:54:53,2022-05-31 13:55:21,2022-05-31 13:54:53,2022-08-20 17:51:25,,,,station,14,14,1,640,Morgan St & 87th St,coarse_trip_coordinates_not_used | missing_coordinates,B39092FBFC433B6B,end,202205-divvy-tripdata.zip,202205-divvy-tripdata.csv,missing,,,,,,,,,,,,,,no_confirmed_match,unverified_first_trip_proxy,,,2026-09-15
divvy_058f29dc47aae6fe,541,Laramie Ave & Warwick Ave,,,2022-05-31 14:47:54,2022-06-05 13:00:51,2022-05-31 14:47:54,2022-06-14 07:15:02,,,,station,7,7,1,541,Laramie Ave & Warwick Ave,coarse_trip_coordinates_not_used | fewer_than_10_endpoints | missing_coordinates,CE379E05328ABDE8,end,202205-divvy-tripdata.zip,202205-divvy-tripdata.csv,missing,,,,,,,,,,,,,,no_confirmed_match,unverified_first_trip_proxy,,fewer_than_10_endpoints,2026-09-15
divvy_1e9d7946d61b3e44,890,Colfax Ave & 83rd St,,,2022-05-31 14:49:09,2022-06-01 21:54:58,2022-05-31 14:49:09,2022-08-31 08:06:07,,,,station,8,8,1,890,Colfax Ave & 83rd St,coarse_trip_coordinates_not_used | fewer_than_10_endpoints | missing_coordinates,DCAF43F700A1F7BC,end,202205-divvy-tripdata.zip,202205-divvy-tripdata.csv,missing,,,,,,,,,,,,,,no_confirmed_match,unverified_first_trip_proxy,,fewer_than_10_endpoints,2026-09-15
divvy_7ea379b1edc64271,478,California Ave & Touhy Ave - SW,,,2022-06-01 09:41:39,2022-06-01 11:32:49,2022-06-01 09:41:39,2022-06-01 11:32:49,,,,station,2,2,1,478,California Ave & Touhy Ave - SW,coarse_trip_coordinates_not_used | fewer_than_10_endpoints | missing_coordinates,3FEC8B216D2A8C2E,end,202206-divvy-tripdata.zip,202206-divvy-tripdata.csv,missing,,,,,,,,,,,,,,no_confirmed_match,unverified_first_trip_proxy,,fewer_than_10_endpoints,2026-09-15
divvy_a706b717f3d9e428,722,Racine Ave & 74th St,,,2022-06-01 11:11:25,2022-06-06 08:30:30,2022-06-01 11:11:25,2022-09-04 16:24:36,,,,station,31,31,1,722,Racine Ave & 74th St,coarse_trip_coordinates_not_used | missing_coordinates,636F145B2573458D,end,202206-divvy-tripdata.zip,202206-divvy-tripdata.csv,missing,,,,,,,,,,,,,,no_confirmed_match,unverified_first_trip_proxy,,,2026-09-15
divvy_9bb5c5d437e91e20,838,Piotrowski Park,,,2022-06-01 16:19:58,2022-06-11 12:51:55,2022-06-01 16:19:58,2022-09-02 15:24:49,,,,station,7,7,1,838,Piotrowski Park,coarse_trip_coordinates_not_used | fewer_than_10_endpoints | missing_coordinates,17BEF31FAB338DE1,end,202206-divvy-tripdata.zip,202206-divvy-tripdata.csv,missing,,,,,,,,,,,,,,no_confirmed_match,unverified_first_trip_proxy,,fewer_than_10_endpoints,2026-09-15
divvy_21498048d0954121,736,Jeffrey Blvd & 71st St,,,2022-06-01 18:47:44,2022-06-01 19:57:01,2022-06-01 18:47:44,2022-09-04 12:59:49,,,,station,57,57,1,736,Jeffrey Blvd & 71st St,coarse_trip_coordinates_not_used | missing_coordinates,FD07DF320D7B9610,end,202206-divvy-tripdata.zip,202206-divvy-tripdata.csv,missing,,,,,,,,,,,,,,no_confirmed_match,unverified_first_trip_proxy,,,2026-09-15
divvy_b1ce9c0c2624d5b9,609,Calumet Ave & 103rd St,,,2022-06-02 08:55:50,2022-06-02 09:04:54,2022-06-02 08:55:50,2022-09-05 19:40:32,,,,station,7,7,1,609,Calumet Ave & 103rd St,coarse_trip_coordinates_not_used | fewer_than_10_endpoints | missing_coordinates,9CB1783C5BF2477E,end,202206-divvy-tripdata.zip,202206-divvy-tripdata.csv,missing,,,,,,,,,,,,,,no_confirmed_match,unverified_first_trip_proxy,,fewer_than_10_endpoints,2026-09-15
divvy_c959636118a3ce63,593,Wallace St & 112 St,,,2022-06-02 11:28:07,2022-06-03 18:49:08,2022-06-02 11:28:07,2022-06-29 14:14:38,,,,station,8,8,1,593,Wallace St & 112 St,coarse_trip_coordinates_not_used | fewer_than_10_endpoints | missing_coordinates,2D9FEE0745D4C68A,end,202206-divvy-tripdata.zip,202206-divvy-tripdata.csv,missing,,,,,,,,,,,,,,no_confirmed_match,unverified_first_trip_proxy,,fewer_than_10_endpoints,2026-09-15
divvy_51cc950b84bd4526,511,Sacramento Blvd & Division St,,,2022-06-02 14:40:38,2022-06-04 20:08:49,2022-06-02 14:40:38,2022-06-04 20:08:49,,,,station,2,2,1,511,Sacramento Blvd & Division St,coarse_trip_coordinates_not_used | fewer_than_10_endpoints | missing_coordinates,5601B8A5F9E78287,end,202206-divvy-tripdata.zip,202206-divvy-tripdata.csv,missing,,,,,,,,,,,,,,no_confirmed_match,unverified_first_trip_proxy,,fewer_than_10_endpoints,2026-09-15
divvy_509c7f7c9fd6da80,577,Ozark Ave & Addison St,,,2022-06-02 19:47:08,2022-06-10 19:54:35,2022-06-02 19:47:08,2022-08-08 19:50:49,,,,station,12,12,1,577,Ozark Ave & Addison St,coarse_trip_coordinates_not_used | missing_coordinates,F6BB51204418AD92,end,202206-divvy-tripdata.zip,202206-divvy-tripdata.csv,missing,,,,,,,,,,,,,,no_confirmed_match,unverified_first_trip_proxy,,,2026-09-15
divvy_5a924775a34dc286,899,Longwood Dr & 111th St,,,2022-06-02 20:28:23,2022-06-02 20:34:06,2022-06-02 20:28:23,2022-08-31 17:38:21,,,,station,16,16,1,899,Longwood Dr & 111th St,coarse_trip_coordinates_not_used | missing_coordinates,4B6491E4EBFC8A7C,end,202206-divvy-tripdata.zip,202206-divvy-tripdata.csv,missing,,,,,,,,,,,,,,no_confirmed_match,unverified_first_trip_proxy,,,2026-09-15
divvy_2ac1b947b29b2173,744,Halsted St & 64th St,,,2022-06-02 20:40:03,2022-08-05 12:41:17,2022-06-02 20:40:03,2022-09-01 14:28:40,,,,station,9,9,1,744,Halsted St & 64th St,coarse_trip_coordinates_not_used | fewer_than_10_endpoints | missing_coordinates,DBF4707562A4937E,end,202206-divvy-tripdata.zip,202206-divvy-tripdata.csv,missing,,,,,,,,,,,,,,no_confirmed_match,unverified_first_trip_proxy,,fewer_than_10_endpoints,2026-09-15
divvy_5ef87b52bf4eda52,681,Western Ave & 111th St - NW,,,2022-06-02 21:30:04,2022-06-02 21:30:04,2022-06-05 11:55:58,2022-08-31 17:24:47,,,,station,41,41,1,681,Western Ave & 111th St - NW,coarse_trip_coordinates_not_used | missing_coordinates,12A1F27D9AD5A42D,start,202206-divvy-tripdata.zip,202206-divvy-tripdata.csv,missing,,,,,,,,,,,,,,no_confirmed_match,unverified_first_trip_proxy,,,2026-09-15
divvy_4b10ca70474c9039,540,Whippie St & 26th St,,,2022-06-02 22:32:13,2022-06-02 22:32:32,2022-06-02 22:32:13,2022-06-02 22:32:32,,,,station,2,2,1,540,Whippie St & 26th St,coarse_trip_coordinates_not_used | fewer_than_10_endpoints | missing_coordinates,2F4B8E6A67F4CC4F,end,202206-divvy-tripdata.zip,202206-divvy-tripdata.csv,missing,,,,,,,,,,,,,,no_confirmed_match,unverified_first_trip_proxy,,fewer_than_10_endpoints,2026-09-15
divvy_8c920a14bb94d366,898,Western Ave & 111th St - SE,,,2022-06-02 23:18:35,2022-06-02 23:18:35,2022-06-11 10:47:20,2022-08-28 21:40:08,,,,station,15,15,1,898,Western Ave & 111th St - SE,coarse_trip_coordinates_not_used | missing_coordinates,6FDDD67BAC30D48D,start,202206-divvy-tripdata.zip,202206-divvy-tripdata.csv,missing,,,,,,,,,,,,,,no_confirmed_match,unverified_first_trip_proxy,,,2026-09-15
divvy_a20566581d2b72be,795,Menard Ave & Madison St,,,2022-06-03 08:02:09,2022-06-03 08:02:09,2022-06-19 19:49:22,2022-08-29 11:14:14,,,,station,10,10,1,795,Menard Ave & Madison St,coarse_trip_coordinates_not_used | missing_coordinates,12A489B20A1E0BBA,start,202206-divvy-tripdata.zip,202206-divvy-tripdata.csv,missing,,,,,,,,,,,,,,no_confirmed_match,unverified_first_trip_proxy,,,2026-09-15
divvy_17210b2e0bc7c4d5,846,Buffalo Ave & 89th St,,,2022-06-03 08:10:16,2022-06-26 00:52:32,2022-06-03 08:10:16,2022-07-30 07:29:32,,,,station,11,11,1,846,Buffalo Ave & 89th St,coarse_trip_coordinates_not_used | missing_coordinates,E48FB0BA52616DCD,end,202206-divvy-tripdata.zip,202206-divvy-tripdata.csv,missing,,,,,,,,,,,,,,no_confirmed_match,unverified_first_trip_proxy,,,2026-09-15
divvy_d3c84926411a077a,628,Abbott Park,,,2022-06-03 08:56:05,2022-07-07 10:14:27,2022-06-03 08:56:05,2022-09-05 19:50:55,,,,station,34,34,1,628,Abbott Park,coarse_trip_coordinates_not_used | missing_coordinates,6221E0DB507D9991,end,202206-divvy-tripdata.zip,202206-divvy-tripdata.csv,missing,,,,,,,,,,,,,,no_confirmed_match,unverified_first_trip_proxy,,,2026-09-15
divvy_b212af9755a3791e,575,Pittsburgh Ave & Irving Park,,,2022-06-03 12:22:01,2022-06-03 12:54:15,2022-06-03 12:22:01,2022-09-04 10:33:12,,,,station,12,12,1,575,Pittsburgh Ave & Irving Park,coarse_trip_coordinates_not_used | missing_coordinates,6E60054429FB75D2,end,202206-divvy-tripdata.zip,202206-divvy-tripdata.csv,missing,,,,,,,,,,,,,,no_confirmed_match,unverified_first_trip_proxy,,,2026-09-15
divvy_05d2b449c593874f,637,Ewing Ave & 96th St,,,2022-06-03 13:40:45,2022-06-03 16:07:46,2022-06-03 13:40:45,2022-09-06 15:00:56,,,,station,12,12,1,637,Ewing Ave & 96th St,coarse_trip_coordinates_not_used | missing_coordinates,38B3F6DEEDDC1787,end,202206-divvy-tripdata.zip,202206-divvy-tripdata.csv,missing,,,,,,,,,,,,,,no_confirmed_match,unverified_first_trip_proxy,,,2026-09-15
divvy_12edf9ecfbd090e7,584,Baltimore Ave & 132nd St,,,2022-06-03 17:33:30,2022-06-03 17:51:08,2022-06-03 17:33:30,2022-07-03 12:21:40,,,,station,6,6,1,584,Baltimore Ave & 132nd St,coarse_trip_coordinates_not_used | fewer_than_10_endpoints | missing_coordinates,C9D03D6A69FBF442,end,202206-divvy-tripdata.zip,202206-divvy-tripdata.csv,missing,,,,,,,,,,,,,,no_confirmed_match,unverified_first_trip_proxy,,fewer_than_10_endpoints,2026-09-15
divvy_2f50a8ef49e2d1cf,663,Cottage Grove & 85th St,,,2022-06-03 18:10:24,2022-06-03 18:24:31,2022-06-03 18:10:24,2022-08-19 18:59:06,,,,station,12,12,1,663,Cottage Grove & 85th St,coarse_trip_coordinates_not_used | missing_coordinates,2FE193714791C48A,end,202206-divvy-tripdata.zip,202206-divvy-tripdata.csv,missing,,,,,,,,,,,,,,no_confirmed_match,unverified_first_trip_proxy,,,2026-09-15
divvy_890bee207d1df731,788,Greenwood Ave & Lake Park Ave,,,2022-06-03 19:31:08,2022-06-03 19:31:08,2022-06-11 11:51:07,2022-08-31 17:48:27,,,,station,47,47,1,788,Greenwood Ave & Lake Park Ave,coarse_trip_coordinates_not_used | missing_coordinates,285B5B27CF59655C,start,202206-divvy-tripdata.zip,202206-divvy-tripdata.csv,missing,,,,,,,,,,,,,,no_confirmed_match,unverified_first_trip_proxy,,,2026-09-15
divvy_1e46cf5d6b77ca30,951,Public Rack - Woodlawn Ave & 63rd St - NE,,,2022-06-04 12:29:38,2022-06-04 19:40:25,2022-06-04 12:29:38,2022-09-06 13:04:36,,,,public_rack,265,265,1,951,Public Rack - Woodlawn Ave & 63rd St - NE,coarse_trip_coordinates_not_used | missing_coordinates,1024B6EBB6EE640A,end,202206-divvy-tripdata.zip,202206-divvy-tripdata.csv,missing,,,,,,,,,,,,,,no_confirmed_match,unverified_first_trip_proxy,,,2026-09-15
divvy_91010250039448d1,925,Bensley Ave & 103rd St,,,2022-06-05 02:05:25,2022-06-06 14:08:15,2022-06-05 02:05:25,2022-08-01 14:33:59,,,,station,3,3,1,925,Bensley Ave & 103rd St,coarse_trip_coordinates_not_used | fewer_than_10_endpoints | missing_coordinates,5203655148BB05A0,end,202206-divvy-tripdata.zip,202206-divvy-tripdata.csv,missing,,,,,,,,,,,,,,no_confirmed_match,unverified_first_trip_proxy,,fewer_than_10_endpoints,2026-09-15
divvy_c8192e7d56fcb315,896,Troy & 111th St,,,2022-06-05 04:13:07,2022-06-10 11:26:40,2022-06-05 04:13:07,2022-06-10 11:26:40,,,,station,2,2,1,896,Troy & 111th St,coarse_trip_coordinates_not_used | fewer_than_10_endpoints | missing_coordinates,FDB593F4C7B02E48,end,202206-divvy-tripdata.zip,202206-divvy-tripdata.csv,missing,,,,,,,,,,,,,,no_confirmed_match,unverified_first_trip_proxy,,fewer_than_10_endpoints,2026-09-15
divvy_28dff3b4cdbe4eab,521,Al Raby School,,,2022-06-05 05:41:03,2022-06-05 08:44:11,2022-06-05 05:41:03,2022-06-13 15:21:28,,,,station,4,4,1,521,Al Raby School,coarse_trip_coordinates_not_used | fewer_than_10_endpoints | missing_coordinates,AF6072283F66A0EA,end,202206-divvy-tripdata.zip,202206-divvy-tripdata.csv,missing,,,,,,,,,,,,,,no_confirmed_match,unverified_first_trip_proxy,,fewer_than_10_endpoints,2026-09-15
divvy_f4ce60ec29fedd48,954,Public Rack - Prairie Ave & Garfield Blvd,,,2022-06-05 11:20:36,2022-06-05 15:26:36,2022-06-05 11:20:36,2022-08-31 06:15:54,,,,public_rack,35,35,1,954,Public Rack - Prairie Ave & Garfield Blvd,coarse_trip_coordinates_not_used | missing_coordinates,AF9C0D5812BC2735,end,202206-divvy-tripdata.zip,202206-divvy-tripdata.csv,missing,,,,,,,,,,,,,,no_confirmed_match,unverified_first_trip_proxy,,,2026-09-15
divvy_ff86216e408bc46c,687,Mt Greenwood Library - South,,,2022-06-05 14:54:57,2022-06-16 20:58:57,2022-06-05 14:54:57,2022-09-02 19:25:44,,,,station,18,18,1,687,Mt Greenwood Library - South,coarse_trip_coordinates_not_used | missing_coordinates,66EF48758DBBCE9E,end,202206-divvy-tripdata.zip,202206-divvy-tripdata.csv,missing,,,,,,,,,,,,,,no_confirmed_match,unverified_first_trip_proxy,,,2026-09-15
divvy_53285851b1234f80,635,Avenue J & 102nd St,,,2022-06-05 15:07:17,2022-06-05 15:12:38,2022-06-05 15:07:17,2022-06-05 15:12:38,,,,station,2,2,1,635,Avenue J & 102nd St,coarse_trip_coordinates_not_used | fewer_than_10_endpoints | missing_coordinates,15A439B492CF2F7A,end,202206-divvy-tripdata.zip,202206-divvy-tripdata.csv,missing,,,,,,,,,,,,,,no_confirmed_match,unverified_first_trip_proxy,,fewer_than_10_endpoints,2026-09-15
divvy_8ae329ef1b3a8ace,533,Avers Ave & Ogden Ave,,,2022-06-05 15:07:58,2022-06-06 18:18:48,2022-06-05 15:07:58,2022-06-06 18:18:48,,,,station,2,2,1,533,Avers Ave & Ogden Ave,coarse_trip_coordinates_not_used | fewer_than_10_endpoints | missing_coordinates,4540EC8CE326F5E5,end,202206-divvy-tripdata.zip,202206-divvy-tripdata.csv,missing,,,,,,,,,,,,,,no_confirmed_match,unverified_first_trip_proxy,,fewer_than_10_endpoints,2026-09-15
divvy_ddb8cb7c991f0517,689,Albany Ave & 103rd St,,,2022-06-05 17:52:22,2022-06-05 17:52:22,2022-06-27 14:07:37,2022-08-13 06:36:19,,,,station,7,7,1,689,Albany Ave & 103rd St,coarse_trip_coordinates_not_used | fewer_than_10_endpoints | missing_coordinates,4086492304705B9C,start,202206-divvy-tripdata.zip,202206-divvy-tripdata.csv,missing,,,,,,,,,,,,,,no_confirmed_match,unverified_first_trip_proxy,,fewer_than_10_endpoints,2026-09-15
divvy_284805b6a1426085,558,Michele Clark Magnet High School,,,2022-06-07 10:44:33,,2022-06-07 10:44:33,2022-06-07 10:44:43,,,,station,2,2,1,558,Michele Clark Magnet High School,coarse_trip_coordinates_not_used | fewer_than_10_endpoints | missing_coordinates,9ADA53B28696FD7B,end,202206-divvy-tripdata.zip,202206-divvy-tripdata.csv,missing,,,,,,,,,,,,,,no_confirmed_match,unverified_first_trip_proxy,,fewer_than_10_endpoints,2026-09-15
divvy_086d22f819707513,655,Sangamon St & 79th St,,,2022-06-07 14:36:17,2022-06-28 23:39:03,2022-06-07 14:36:17,2022-08-15 07:54:48,,,,station,10,10,1,655,Sangamon St & 79th St,coarse_trip_coordinates_not_used | missing_coordinates,A44334B5984C427F,end,202206-divvy-tripdata.zip,202206-divvy-tripdata.csv,missing,,,,,,,,,,,,,,no_confirmed_match,unverified_first_trip_proxy,,,2026-09-15
divvy_8e3c003a60b916c6,746,Martin Luther King Dr & 69th St,,,2022-06-07 16:54:12,2022-06-11 17:07:11,2022-06-07 16:54:12,2022-08-29 18:55:15,,,,station,8,8,1,746,Martin Luther King Dr & 69th St,coarse_trip_coordinates_not_used | fewer_than_10_endpoints | missing_coordinates,7E06948D6C97CAFE,end,202206-divvy-tripdata.zip,202206-divvy-tripdata.csv,missing,,,,,,,,,,,,,,no_confirmed_match,unverified_first_trip_proxy,,fewer_than_10_endpoints,2026-09-15
divvy_2f0c38c114b271c9,950,Public Rack - Woodlawn Ave & 63rd St - SE,,,2022-06-08 09:49:31,2022-06-08 12:23:11,2022-06-08 09:49:31,2022-09-06 16:34:42,,,,public_rack,78,78,1,950,Public Rack - Woodlawn Ave & 63rd St - SE,coarse_trip_coordinates_not_used | missing_coordinates,F30B47686806E4AF,end,202206-divvy-tripdata.zip,202206-divvy-tripdata.csv,missing,,,,,,,,,,,,,,no_confirmed_match,unverified_first_trip_proxy,,,2026-09-15
divvy_dc2c57bb6f02fc10,684,Mt Greenwood Library - North,,,2022-06-08 17:31:13,2022-06-24 17:30:36,2022-06-08 17:31:13,2022-08-16 12:12:57,,,,station,6,6,1,684,Mt Greenwood Library - North,coarse_trip_coordinates_not_used | fewer_than_10_endpoints | missing_coordinates,1196086BD1B7B9CC,end,202206-divvy-tripdata.zip,202206-divvy-tripdata.csv,missing,,,,,,,,,,,,,,no_confirmed_match,unverified_first_trip_proxy,,fewer_than_10_endpoints,2026-09-15
divvy_a24a721e2be40eb9,880,Maryland Ave & 87th ST,,,2022-06-09 10:33:14,2022-06-09 10:35:37,2022-06-09 10:33:14,2022-08-17 11:34:35,,,,station,8,8,1,880,Maryland Ave & 87th ST,coarse_trip_coordinates_not_used | fewer_than_10_endpoints | missing_coordinates,127151072922C092,end,202206-divvy-tripdata.zip,202206-divvy-tripdata.csv,missing,,,,,,,,,,,,,,no_confirmed_match,unverified_first_trip_proxy,,fewer_than_10_endpoints,2026-09-15
divvy_59b4b8dfba3c6b9e,927,Michigan Ave & 119th St,,,2022-06-09 13:34:35,2022-06-11 08:29:51,2022-06-09 13:34:35,2022-08-02 22:24:01,,,,station,6,6,1,927,Michigan Ave & 119th St,coarse_trip_coordinates_not_used | fewer_than_10_endpoints | missing_coordinates,6E2F78EFC296DB45,end,202206-divvy-tripdata.zip,202206-divvy-tripdata.csv,missing,,,,,,,,,,,,,,no_confirmed_match,unverified_first_trip_proxy,,fewer_than_10_endpoints,2026-09-15
divvy_30bb785fbd10e81a,603,Harvard Ave & 103rd St,,,2022-06-09 23:19:01,2022-06-19 10:18:42,2022-06-09 23:19:01,2022-08-10 13:39:00,,,,station,14,14,1,603,Harvard Ave & 103rd St,coarse_trip_coordinates_not_used | missing_coordinates,1F3B961F5F5F8804,end,202206-divvy-tripdata.zip,202206-divvy-tripdata.csv,missing,,,,,,,,,,,,,,no_confirmed_match,unverified_first_trip_proxy,,,2026-09-15
divvy_c1a841692a65b635,828,Archer Park,,,2022-06-10 05:19:43,2022-06-14 23:33:50,2022-06-10 05:19:43,2022-08-18 13:57:37,,,,station,22,22,1,828,Archer Park,coarse_trip_coordinates_not_used | missing_coordinates,E5037957F266C093,end,202206-divvy-tripdata.zip,202206-divvy-tripdata.csv,missing,,,,,,,,,,,,,,no_confirmed_match,unverified_first_trip_proxy,,,2026-09-15
divvy_fed6354772df759b,911,Emerald Ave & 43rd St,,,2022-06-10 08:20:21,2022-06-10 08:20:21,2022-06-16 09:54:33,2022-08-15 15:17:03,,,,station,21,21,1,911,Emerald Ave & 43rd St,coarse_trip_coordinates_not_used | missing_coordinates,F8F48F33EE99B355,start,202206-divvy-tripdata.zip,202206-divvy-tripdata.csv,missing,,,,,,,,,,,,,,no_confirmed_match,unverified_first_trip_proxy,,,2026-09-15
divvy_43cbee64fbd92623,834,Pulaski Rd & 40th St,,,2022-06-10 14:55:47,2022-06-10 15:06:11,2022-06-10 14:55:47,2022-09-05 05:26:24,,,,station,12,12,1,834,Pulaski Rd & 40th St,coarse_trip_coordinates_not_used | missing_coordinates,23C2838B796A5423,end,202206-divvy-tripdata.zip,202206-divvy-tripdata.csv,missing,,,,,,,,,,,,,,no_confirmed_match,unverified_first_trip_proxy,,,2026-09-15
divvy_546c9f8154c10085,703,Marshfield Ave & 87th St,,,2022-06-11 13:29:38,2022-06-15 19:33:58,2022-06-11 13:29:38,2022-08-23 12:46:02,,,,station,9,9,1,703,Marshfield Ave & 87th St,coarse_trip_coordinates_not_used | fewer_than_10_endpoints | missing_coordinates,6150BCB8E3829F25,end,202206-divvy-tripdata.zip,202206-divvy-tripdata.csv,missing,,,,,,,,,,,,,,no_confirmed_match,unverified_first_trip_proxy,,fewer_than_10_endpoints,2026-09-15
divvy_82e3aa1239337760,706,Winchester Ave & 87th St,,,2022-06-11 18:01:54,2022-06-19 18:05:38,2022-06-11 18:01:54,2022-09-04 17:32:01,,,,station,15,15,1,706,Winchester Ave & 87th St,coarse_trip_coordinates_not_used | missing_coordinates,A07BE3DFC4A8ABB0,end,202206-divvy-tripdata.zip,202206-divvy-tripdata.csv,missing,,,,,,,,,,,,,,no_confirmed_match,unverified_first_trip_proxy,,,2026-09-15
divvy_3129f5acc22264f0,854,Sacramento Blvd & Washington Blvd,,,2022-06-11 19:02:28,2022-06-15 22:41:06,2022-06-11 19:02:28,2022-08-24 17:49:47,,,,station,12,12,1,854,Sacramento Blvd & Washington Blvd,coarse_trip_coordinates_not_used | missing_coordinates,10FB8FA2C058FB64,end,202206-divvy-tripdata.zip,202206-divvy-tripdata.csv,missing,,,,,,,,,,,,,,no_confirmed_match,unverified_first_trip_proxy,,,2026-09-15
divvy_4f16021bc21b53e9,695,Western Ave & 100th St,,,2022-06-11 20:35:12,2022-06-12 02:41:30,2022-06-11 20:35:12,2022-08-31 21:28:37,,,,station,41,41,1,695,Western Ave & 100th St,coarse_trip_coordinates_not_used | missing_coordinates,A566E198840B2785,end,202206-divvy-tripdata.zip,202206-divvy-tripdata.csv,missing,,,,,,,,,,,,,,no_confirmed_match,unverified_first_trip_proxy,,,2026-09-15
divvy_0577d2ed0eea242a,748,Park Manor Elementary School,,,2022-06-12 08:50:26,2022-08-30 05:20:33,2022-06-12 08:50:26,2022-08-30 05:22:32,,,,station,5,5,1,748,Park Manor Elementary School,coarse_trip_coordinates_not_used | fewer_than_10_endpoints | missing_coordinates,12B1ADCC78A0579A,end,202206-divvy-tripdata.zip,202206-divvy-tripdata.csv,missing,,,,,,,,,,,,,,no_confirmed_match,unverified_first_trip_proxy,,fewer_than_10_endpoints,2026-09-15
divvy_12499e17dd4d2070,758,Washtenaw Ave & 63rd St,,,2022-06-12 16:57:27,2022-06-14 16:50:43,2022-06-12 16:57:27,2022-09-02 11:49:04,,,,station,24,24,1,758,Washtenaw Ave & 63rd St,coarse_trip_coordinates_not_used | missing_coordinates,1AF9CAE52DAE7536,end,202206-divvy-tripdata.zip,202206-divvy-tripdata.csv,missing,,,,,,,,,,,,,,no_confirmed_match,unverified_first_trip_proxy,,,2026-09-15
divvy_a37cb9496e2f0d77,651,Commercial Ave & 89th St,,,2022-06-12 19:35:29,2022-06-15 18:27:20,2022-06-12 19:35:29,2022-09-03 13:04:50,,,,station,23,23,1,651,Commercial Ave & 89th St,coarse_trip_coordinates_not_used | missing_coordinates,D541428EBC4EF764,end,202206-divvy-tripdata.zip,202206-divvy-tripdata.csv,missing,,,,,,,,,,,,,,no_confirmed_match,unverified_first_trip_proxy,,,2026-09-15
divvy_5f6ac69a53d0b9eb,626,Halsted St & 95th St - SW,,,2022-06-12 20:06:46,2022-06-27 22:25:07,2022-06-12 20:06:46,2022-09-02 13:15:25,,,,station,10,10,1,626,Halsted St & 95th St - SW,coarse_trip_coordinates_not_used | missing_coordinates,CB0F8D1752A13165,end,202206-divvy-tripdata.zip,202206-divvy-tripdata.csv,missing,,,,,,,,,,,,,,no_confirmed_match,unverified_first_trip_proxy,,,2026-09-15
divvy_972e49d2be9eb36e,802,N Sayre Ave & W Belden Ave,,,2022-06-12 23:49:14,2022-06-15 23:06:39,2022-06-12 23:49:14,2022-08-09 16:23:28,,,,station,9,9,1,802,N Sayre Ave & W Belden Ave,coarse_trip_coordinates_not_used | fewer_than_10_endpoints | missing_coordinates,90C7D31016822473,end,202206-divvy-tripdata.zip,202206-divvy-tripdata.csv,missing,,,,,,,,,,,,,,no_confirmed_match,unverified_first_trip_proxy,,fewer_than_10_endpoints,2026-09-15
divvy_0d813d658505f5b0,638,Ewing Ave & Indianapolis Ave,,,2022-06-13 02:07:28,2022-06-14 14:49:36,2022-06-13 02:07:28,2022-06-23 15:28:03,,,,station,5,5,1,638,Ewing Ave & Indianapolis Ave,coarse_trip_coordinates_not_used | fewer_than_10_endpoints | missing_coordinates,EA4659C08F4F1DA0,end,202206-divvy-tripdata.zip,202206-divvy-tripdata.csv,missing,,,,,,,,,,,,,,no_confirmed_match,unverified_first_trip_proxy,,fewer_than_10_endpoints,2026-09-15
divvy_98f468c57512be05,672,Buffalo Ave & 133rd St,,,2022-06-13 05:01:21,2022-06-13 05:01:21,2022-08-06 12:16:31,2022-08-06 12:17:32,,,,station,3,3,1,672,Buffalo Ave & 133rd St,coarse_trip_coordinates_not_used | fewer_than_10_endpoints | missing_coordinates,6D7C86A3F1D27DFC,start,202206-divvy-tripdata.zip,202206-divvy-tripdata.csv,missing,,,,,,,,,,,,,,no_confirmed_match,unverified_first_trip_proxy,,fewer_than_10_endpoints,2026-09-15
divvy_67e6cbd6e4c57085,882,Drexel Ave & 87th St,,,2022-06-13 12:00:36,2022-07-10 11:57:01,2022-06-13 12:00:36,2022-08-03 11:21:14,,,,station,5,5,1,882,Drexel Ave & 87th St,coarse_trip_coordinates_not_used | fewer_than_10_endpoints | missing_coordinates,1DBB1C7D4861622C,end,202206-divvy-tripdata.zip,202206-divvy-tripdata.csv,missing,,,,,,,,,,,,,,no_confirmed_match,unverified_first_trip_proxy,,fewer_than_10_endpoints,2026-09-15
divvy_aac3421f91906f1a,909,Wolcott Ave & 61st St,,,2022-06-13 12:42:54,2022-06-13 14:36:29,2022-06-13 12:42:54,2022-06-13 14:36:29,,,,station,2,2,1,909,Wolcott Ave & 61st St,coarse_trip_coordinates_not_used | fewer_than_10_endpoints | missing_coordinates,1D8B129ACD49D99B,end,202206-divvy-tripdata.zip,202206-divvy-tripdata.csv,missing,,,,,,,,,,,,,,no_confirmed_match,unverified_first_trip_proxy,,fewer_than_10_endpoints,2026-09-15
divvy_75aebe02278dd90a,807,New England Ave & Grace St,,,2022-06-13 16:00:05,2022-06-14 18:14:21,2022-06-13 16:00:05,2022-09-01 18:03:41,,,,station,6,6,1,807,New England Ave & Grace St,coarse_trip_coordinates_not_used | fewer_than_10_endpoints | missing_coordinates,48B4954B308F12CD,end,202206-divvy-tripdata.zip,202206-divvy-tripdata.csv,missing,,,,,,,,,,,,,,no_confirmed_match,unverified_first_trip_proxy,,fewer_than_10_endpoints,2026-09-15
divvy_151bbecaeff28309,614,Mackinaw Ave & 106th St,,,2022-06-15 01:13:49,2022-06-15 01:14:21,2022-06-15 01:13:49,2022-08-27 09:34:05,,,,station,11,11,1,614,Mackinaw Ave & 106th St,coarse_trip_coordinates_not_used | missing_coordinates,70742836223C574D,end,202206-divvy-tripdata.zip,202206-divvy-tripdata.csv,missing,,,,,,,,,,,,,,no_confirmed_match,unverified_first_trip_proxy,,,2026-09-15
divvy_0546097a6c51f226,811,Nordica Ave & Addison St,,,2022-06-15 10:58:14,2022-06-18 12:14:27,2022-06-15 10:58:14,2022-08-31 18:05:36,,,,station,9,9,1,811,Nordica Ave & Addison St,coarse_trip_coordinates_not_used | fewer_than_10_endpoints | missing_coordinates,61567337CE855225,end,202206-divvy-tripdata.zip,202206-divvy-tripdata.csv,missing,,,,,,,,,,,,,,no_confirmed_match,unverified_first_trip_proxy,,fewer_than_10_endpoints,2026-09-15
divvy_0cd718f52d58b152,879,Cottage Grove Ave & 89th Pl,,,2022-06-15 13:15:03,2022-06-15 14:24:25,2022-06-15 13:15:03,2022-09-01 05:29:18,,,,station,6,6,1,879,Cottage Grove Ave & 89th Pl,coarse_trip_coordinates_not_used | fewer_than_10_endpoints | missing_coordinates,BE6291EABAE6F036,end,202206-divvy-tripdata.zip,202206-divvy-tripdata.csv,missing,,,,,,,,,,,,,,no_confirmed_match,unverified_first_trip_proxy,,fewer_than_10_endpoints,2026-09-15
divvy_8c679a720926cf48,881,Greenwood Ave & 87th St,,,2022-06-16 09:14:26,2022-06-16 19:27:08,2022-06-16 09:14:26,2022-06-16 19:27:08,,,,station,2,2,1,881,Greenwood Ave & 87th St,coarse_trip_coordinates_not_used | fewer_than_10_endpoints | missing_coordinates,EBDA11B968E21D21,end,202206-divvy-tripdata.zip,202206-divvy-tripdata.csv,missing,,,,,,,,,,,,,,no_confirmed_match,unverified_first_trip_proxy,,fewer_than_10_endpoints,2026-09-15
divvy_d9fd13d54d0419e4,303,Public Rack - Kildare Ave & Division St,,,2022-06-16 12:24:45,2022-06-20 13:04:48,2022-06-16 12:24:45,2023-02-07 10:06:26,,,,public_rack,161,161,1,303,Public Rack - Kildare Ave & Division St,coarse_trip_coordinates_not_used | missing_coordinates,0F934DC442BF692A,end,202206-divvy-tripdata.zip,202206-divvy-tripdata.csv,missing,,,,,,,,,,,,,,no_confirmed_match,unverified_first_trip_proxy,,,2026-09-15
divvy_960faf503fa89b31,600,Ewing Ave & 112th St,,,2022-06-18 20:06:38,2022-07-12 13:38:02,2022-06-18 20:06:38,2022-07-22 11:05:25,,,,station,7,7,1,600,Ewing Ave & 112th St,coarse_trip_coordinates_not_used | fewer_than_10_endpoints | missing_coordinates,6DD7A1870039FD7E,end,202206-divvy-tripdata.zip,202206-divvy-tripdata.csv,missing,,,,,,,,,,,,,,no_confirmed_match,unverified_first_trip_proxy,,fewer_than_10_endpoints,2026-09-15
divvy_4a1bfe8488faf41f,873,Harvard Ave & 119th St,,,2022-06-18 23:05:12,2022-06-19 14:12:41,2022-06-18 23:05:12,2022-08-22 10:51:09,,,,station,6,6,1,873,Harvard Ave & 119th St,coarse_trip_coordinates_not_used | fewer_than_10_endpoints | missing_coordinates,18500117A56E5FCA,end,202206-divvy-tripdata.zip,202206-divvy-tripdata.csv,missing,,,,,,,,,,,,,,no_confirmed_match,unverified_first_trip_proxy,,fewer_than_10_endpoints,2026-09-15
divvy_db77b458da598127,674,Homan Ave & 111th St,,,2022-06-18 23:35:41,2022-07-03 03:10:32,2022-06-18 23:35:41,2022-09-01 22:58:24,,,,station,17,17,1,674,Homan Ave & 111th St,coarse_trip_coordinates_not_used | missing_coordinates,D74018B4DF462380,end,202206-divvy-tripdata.zip,202206-divvy-tripdata.csv,missing,,,,,,,,,,,,,,no_confirmed_match,unverified_first_trip_proxy,,,2026-09-15
divvy_8ac7c435ee3bb6a4,615,Avenue J & 106th St,,,2022-06-19 13:37:13,2022-06-19 13:38:13,2022-06-19 13:37:13,2022-08-14 18:39:04,,,,station,12,12,1,615,Avenue J & 106th St,coarse_trip_coordinates_not_used | missing_coordinates,F38DC24603F5B0BC,end,202206-divvy-tripdata.zip,202206-divvy-tripdata.csv,missing,,,,,,,,,,,,,,no_confirmed_match,unverified_first_trip_proxy,,,2026-09-15
divvy_f033815e92577c50,915,Laflin St & 51st St,,,2022-06-19 13:51:30,2022-06-19 16:32:13,2022-06-19 13:51:30,2022-08-26 21:05:28,,,,station,11,11,1,915,Laflin St & 51st St,coarse_trip_coordinates_not_used | missing_coordinates,2DF83AD0E0514509,end,202206-divvy-tripdata.zip,202206-divvy-tripdata.csv,missing,,,,,,,,,,,,,,no_confirmed_match,unverified_first_trip_proxy,,,2026-09-15
divvy_63953e67d613fa5a,701,Stony Island & 95th St,,,2022-06-19 14:02:26,2022-06-19 14:50:04,2022-06-19 14:02:26,2022-06-19 14:50:04,,,,station,2,2,1,701,Stony Island & 95th St,coarse_trip_coordinates_not_used | fewer_than_10_endpoints | missing_coordinates,37A267008F35135F,end,202206-divvy-tripdata.zip,202206-divvy-tripdata.csv,missing,,,,,,,,,,,,,,no_confirmed_match,unverified_first_trip_proxy,,fewer_than_10_endpoints,2026-09-15
divvy_d3641cb69963e705,511,Public Rack - Sacramento Blvd & Division St,,,2022-06-19 18:02:30,2022-06-19 18:22:16,2022-06-19 18:02:30,2023-05-05 22:18:53,,,,public_rack,18,18,1,511,Public Rack - Sacramento Blvd & Division St,coarse_trip_coordinates_not_used | missing_coordinates,1BF533C2E490564E,end,202206-divvy-tripdata.zip,202206-divvy-tripdata.csv,missing,,,,,,,,,,,,,,no_confirmed_match,unverified_first_trip_proxy,,,2026-09-15
divvy_bf488453309969fb,904,Walden Pkwy & 99th St,,,2022-06-20 15:43:44,2022-06-22 08:24:33,2022-06-20 15:43:44,2022-09-04 18:56:24,,,,station,31,31,1,904,Walden Pkwy & 99th St,coarse_trip_coordinates_not_used | missing_coordinates,2FF9FDE916D2D255,end,202206-divvy-tripdata.zip,202206-divvy-tripdata.csv,missing,,,,,,,,,,,,,,no_confirmed_match,unverified_first_trip_proxy,,,2026-09-15
divvy_f52b06883588e86d,573,Panama Ave & Forest Preserve Ave,,,2022-06-20 17:02:42,2022-07-20 12:24:48,2022-06-20 17:02:42,2022-07-20 12:24:48,,,,station,2,2,1,573,Panama Ave & Forest Preserve Ave,coarse_trip_coordinates_not_used | fewer_than_10_endpoints | missing_coordinates,699ED7FE9E324191,end,202206-divvy-tripdata.zip,202206-divvy-tripdata.csv,missing,,,,,,,,,,,,,,no_confirmed_match,unverified_first_trip_proxy,,fewer_than_10_endpoints,2026-09-15
divvy_fc150f587f58fcd8,779,Keeler Ave & 55th St,,,2022-06-20 17:25:43,2022-06-27 08:44:49,2022-06-20 17:25:43,2022-09-08 18:03:07,,,,station,6,6,1,779,Keeler Ave & 55th St,coarse_trip_coordinates_not_used | fewer_than_10_endpoints | missing_coordinates,3935CA60095A806F,end,202206-divvy-tripdata.zip,202206-divvy-tripdata.csv,missing,,,,,,,,,,,,,,no_confirmed_match,unverified_first_trip_proxy,,fewer_than_10_endpoints,2026-09-15
divvy_a7e006f0a6c93384,576,Plainfield Ave & Irving Park Rd,,,2022-06-20 20:51:24,2022-07-04 22:20:10,2022-06-20 20:51:24,2022-08-10 10:22:32,,,,station,5,5,1,576,Plainfield Ave & Irving Park Rd,coarse_trip_coordinates_not_used | fewer_than_10_endpoints | missing_coordinates,9141DC205BDF7CE4,end,202206-divvy-tripdata.zip,202206-divvy-tripdata.csv,missing,,,,,,,,,,,,,,no_confirmed_match,unverified_first_trip_proxy,,fewer_than_10_endpoints,2026-09-15
divvy_3552ad7ec8f64350,786,Emerald Ave & 45th St,,,2022-06-21 14:56:11,2022-06-23 18:49:41,2022-06-21 14:56:11,2022-08-15 15:19:26,,,,station,8,8,1,786,Emerald Ave & 45th St,coarse_trip_coordinates_not_used | fewer_than_10_endpoints | missing_coordinates,083C619DEE12AF51,end,202206-divvy-tripdata.zip,202206-divvy-tripdata.csv,missing,,,,,,,,,,,,,,no_confirmed_match,unverified_first_trip_proxy,,fewer_than_10_endpoints,2026-09-15
divvy_51d7589e52a7ffec,564,Public Rack - Austin Ave & Wellington Ave - midblock,,,2022-06-21 18:40:25,2022-06-22 18:43:57,2022-06-21 18:40:25,2022-08-30 14:55:06,,,,public_rack,11,11,1,564,Public Rack - Austin Ave & Wellington Ave - midblock,coarse_trip_coordinates_not_used | missing_coordinates,CD120461DD2BEC23,end,202206-divvy-tripdata.zip,202206-divvy-tripdata.csv,missing,,,,,,,,,,,,,,no_confirmed_match,unverified_first_trip_proxy,,,2026-09-15
divvy_78a035b79a9f9206,632,Torrence Ave & 98th St,,,2022-06-21 20:13:27,,2022-06-21 20:13:27,2022-06-21 20:13:27,,,,station,1,1,1,632,Torrence Ave & 98th St,coarse_trip_coordinates_not_used | fewer_than_10_endpoints | missing_coordinates,9B272D7EC770F2C3,end,202206-divvy-tripdata.zip,202206-divvy-tripdata.csv,missing,,,,,,,,,,,,,,no_confirmed_match,unverified_first_trip_proxy,,fewer_than_10_endpoints,2026-09-15
divvy_64c167c96037ce3e,589,Lafayette Ave & 119th St,,,2022-06-23 17:23:06,2022-07-12 08:07:14,2022-06-23 17:23:06,2022-08-23 13:22:15,,,,station,8,8,1,589,Lafayette Ave & 119th St,coarse_trip_coordinates_not_used | fewer_than_10_endpoints | missing_coordinates,7BFA6BFC3D2EA780,end,202206-divvy-tripdata.zip,202206-divvy-tripdata.csv,missing,,,,,,,,,,,,,,no_confirmed_match,unverified_first_trip_proxy,,fewer_than_10_endpoints,2026-09-15
divvy_c10cd25c0ca742b6,636,Ewing Ave & 101st St,,,2022-06-25 15:51:27,2022-06-25 16:11:13,2022-06-25 15:51:27,2022-08-28 14:29:43,,,,station,7,7,1,636,Ewing Ave & 101st St,coarse_trip_coordinates_not_used | fewer_than_10_endpoints | missing_coordinates,A75EE6445E847091,end,202206-divvy-tripdata.zip,202206-divvy-tripdata.csv,missing,,,,,,,,,,,,,,no_confirmed_match,unverified_first_trip_proxy,,fewer_than_10_endpoints,2026-09-15
divvy_27cd2ebf43580100,792,Menard Ave & Adams Blvd,,,2022-06-25 16:19:09,2022-07-18 18:27:47,2022-06-25 16:19:09,2022-07-18 18:28:47,,,,station,5,5,1,792,Menard Ave & Adams Blvd,coarse_trip_coordinates_not_used | fewer_than_10_endpoints | missing_coordinates,564AF9F63FCBAC85,end,202206-divvy-tripdata.zip,202206-divvy-tripdata.csv,missing,,,,,,,,,,,,,,no_confirmed_match,unverified_first_trip_proxy,,fewer_than_10_endpoints,2026-09-15
divvy_8f623785476932a4,617,Morgan St & 95th St,,,2022-06-25 16:25:18,2022-06-26 04:09:20,2022-06-25 16:25:18,2022-09-06 12:31:37,,,,station,34,34,1,617,Morgan St & 95th St,coarse_trip_coordinates_not_used | missing_coordinates,055E0D34AB41589A,end,202206-divvy-tripdata.zip,202206-divvy-tripdata.csv,missing,,,,,,,,,,,,,,no_confirmed_match,unverified_first_trip_proxy,,,2026-09-15
divvy_c35dbb0ccaa064dd,773,"Senka ""Edward Duke"" Park",,,2022-06-26 17:47:24,2022-07-21 15:35:21,2022-06-26 17:47:24,2022-09-06 07:32:16,,,,station,6,6,1,773,"Senka ""Edward Duke"" Park",coarse_trip_coordinates_not_used | fewer_than_10_endpoints | missing_coordinates,2DEFAD6850F2BC52,end,202206-divvy-tripdata.zip,202206-divvy-tripdata.csv,missing,,,,,,,,,,,,,,no_confirmed_match,unverified_first_trip_proxy,,fewer_than_10_endpoints,2026-09-15
divvy_dffa9d795243276a,732,James Madison School,,,2022-06-26 18:54:39,,2022-06-26 18:54:39,2022-06-26 18:54:39,,,,station,1,1,1,732,James Madison School,coarse_trip_coordinates_not_used | fewer_than_10_endpoints | missing_coordinates,903954D79E35B626,end,202206-divvy-tripdata.zip,202206-divvy-tripdata.csv,missing,,,,,,,,,,,,,,no_confirmed_match,unverified_first_trip_proxy,,fewer_than_10_endpoints,2026-09-15
divvy_bade0774597c446a,889,Ingleside Ave & 79th St,,,2022-06-27 18:56:57,2022-06-28 13:41:09,2022-06-27 18:56:57,2022-09-02 03:36:07,,,,station,15,15,1,889,Ingleside Ave & 79th St,coarse_trip_coordinates_not_used | missing_coordinates,64BFE7CE94F5608B,end,202206-divvy-tripdata.zip,202206-divvy-tripdata.csv,missing,,,,,,,,,,,,,,no_confirmed_match,unverified_first_trip_proxy,,,2026-09-15
divvy_9871d557912852ea,723,May St & 78th St,,,2022-06-27 19:36:31,2022-07-19 16:50:26,2022-06-27 19:36:31,2022-07-19 16:50:26,,,,station,2,2,1,723,May St & 78th St,coarse_trip_coordinates_not_used | fewer_than_10_endpoints | missing_coordinates,F302E3BBD354C78D,end,202206-divvy-tripdata.zip,202206-divvy-tripdata.csv,missing,,,,,,,,,,,,,,no_confirmed_match,unverified_first_trip_proxy,,fewer_than_10_endpoints,2026-09-15
divvy_8750436a10053e59,868,Kildare Ave & Division Ave,,,2022-06-28 23:31:04,2022-08-06 06:40:36,2022-06-28 23:31:04,2022-09-04 22:12:13,,,,station,8,8,1,868,Kildare Ave & Division Ave,coarse_trip_coordinates_not_used | fewer_than_10_endpoints | missing_coordinates,315566D4F399BDC8,end,202206-divvy-tripdata.zip,202206-divvy-tripdata.csv,missing,,,,,,,,,,,,,,no_confirmed_match,unverified_first_trip_proxy,,fewer_than_10_endpoints,2026-09-15
divvy_b53b1dbb82470a46,711,Lafayette Ave & 87th St - SW,,,2022-06-29 05:17:13,2022-06-29 18:55:58,2022-06-29 05:17:13,2022-08-23 07:05:38,,,,station,23,23,1,711,Lafayette Ave & 87th St - SW,coarse_trip_coordinates_not_used | missing_coordinates,B4EF159FC0BAACDB,end,202206-divvy-tripdata.zip,202206-divvy-tripdata.csv,missing,,,,,,,,,,,,,,no_confirmed_match,unverified_first_trip_proxy,,,2026-09-15
divvy_3e9cd0c7489ae360,676,Trumbull Ave & 111th St,,,2022-06-29 18:42:57,2022-07-05 19:31:59,2022-06-29 18:42:57,2022-08-27 19:08:46,,,,station,13,13,1,676,Trumbull Ave & 111th St,coarse_trip_coordinates_not_used | missing_coordinates,E8E2AB8CBDDB5056,end,202206-divvy-tripdata.zip,202206-divvy-tripdata.csv,missing,,,,,,,,,,,,,,no_confirmed_match,unverified_first_trip_proxy,,,2026-09-15
divvy_a3ee71df2f00513b,903,Western Ave & 106th St - West,,,2022-07-01 08:46:59,2022-07-01 08:56:28,2022-07-01 08:46:59,2022-09-02 18:07:53,,,,station,4,4,1,903,Western Ave & 106th St - West,coarse_trip_coordinates_not_used | fewer_than_10_endpoints | missing_coordinates,B7C3B3FEF5877D1D,end,202207-divvy-tripdata.zip,202207-divvy-tripdata.csv,missing,,,,,,,,,,,,,,no_confirmed_match,unverified_first_trip_proxy,,fewer_than_10_endpoints,2026-09-15
divvy_d4a4ebc4acec3d83,625,Lowe Ave & 98th St,,,2022-07-02 20:50:09,2022-07-15 21:01:27,2022-07-02 20:50:09,2022-09-09 12:45:22,,,,station,4,4,1,625,Lowe Ave & 98th St,coarse_trip_coordinates_not_used | fewer_than_10_endpoints | missing_coordinates,5C04FC9AEEE4A3E4,end,202207-divvy-tripdata.zip,202207-divvy-tripdata.csv,missing,,,,,,,,,,,,,,no_confirmed_match,unverified_first_trip_proxy,,fewer_than_10_endpoints,2026-09-15
divvy_53827faa4db9a6e5,604,Wentworth Ave & 103rd St,,,2022-07-03 14:54:28,2022-07-03 14:57:41,2022-07-03 14:54:28,2022-08-28 15:36:31,,,,station,14,14,1,604,Wentworth Ave & 103rd St,coarse_trip_coordinates_not_used | missing_coordinates,4BB1A3E165A9B9BA,end,202207-divvy-tripdata.zip,202207-divvy-tripdata.csv,missing,,,,,,,,,,,,,,no_confirmed_match,unverified_first_trip_proxy,,,2026-09-15
divvy_1dbecebdaaf3b411,724,Halsted St & 76th St,,,2022-07-03 17:26:51,2022-07-03 17:30:37,2022-07-03 17:26:51,2022-08-27 00:09:14,,,,station,28,28,1,724,Halsted St & 76th St,coarse_trip_coordinates_not_used | missing_coordinates,73A8DD91CFAA5B1E,end,202207-divvy-tripdata.zip,202207-divvy-tripdata.csv,missing,,,,,,,,,,,,,,no_confirmed_match,unverified_first_trip_proxy,,,2026-09-15
divvy_b0d5401225742435,590,Ada St & 117th St,,,2022-07-06 16:03:02,2022-07-06 20:57:35,2022-07-06 16:03:02,2022-07-31 23:59:58,,,,station,4,4,1,590,Ada St & 117th St,coarse_trip_coordinates_not_used | fewer_than_10_endpoints | missing_coordinates,DEB498EB94F654A3,end,202207-divvy-tripdata.zip,202207-divvy-tripdata.csv,missing,,,,,,,,,,,,,,no_confirmed_match,unverified_first_trip_proxy,,fewer_than_10_endpoints,2026-09-15
divvy_1bb714132ce8e469,820,Western Blvd & 53rd St,,,2022-07-06 22:33:49,2022-07-06 22:46:04,2022-07-06 22:33:49,2022-08-25 16:57:12,,,,station,3,3,1,820,Western Blvd & 53rd St,coarse_trip_coordinates_not_used | fewer_than_10_endpoints | missing_coordinates,C8F086AA80BEF0DB,end,202207-divvy-tripdata.zip,202207-divvy-tripdata.csv,missing,,,,,,,,,,,,,,no_confirmed_match,unverified_first_trip_proxy,,fewer_than_10_endpoints,2026-09-15
divvy_866fe024a44c8000,912,Halsted St & 41st St,,,2022-07-07 12:52:59,2022-07-07 13:16:35,2022-07-07 12:52:59,2022-08-01 17:06:35,,,,station,6,6,1,912,Halsted St & 41st St,coarse_trip_coordinates_not_used | fewer_than_10_endpoints | missing_coordinates,DA2BDDCE7A69DC19,end,202207-divvy-tripdata.zip,202207-divvy-tripdata.csv,missing,,,,,,,,,,,,,,no_confirmed_match,unverified_first_trip_proxy,,fewer_than_10_endpoints,2026-09-15
divvy_b42a0b3bcfc149f2,918,Pullman Community Center,,,2022-07-07 14:05:51,2022-08-24 21:57:52,2022-07-07 14:05:51,2022-08-28 10:39:02,,,,station,4,4,1,918,Pullman Community Center,coarse_trip_coordinates_not_used | fewer_than_10_endpoints | missing_coordinates,A577A4634A699C02,end,202207-divvy-tripdata.zip,202207-divvy-tripdata.csv,missing,,,,,,,,,,,,,,no_confirmed_match,unverified_first_trip_proxy,,fewer_than_10_endpoints,2026-09-15
divvy_efdfce01ed735a48,618,Vincennes Ave & 95th Pl,,,2022-07-09 18:29:36,2022-07-13 08:11:58,2022-07-09 18:29:36,2022-07-13 08:11:58,,,,station,3,3,1,618,Vincennes Ave & 95th Pl,coarse_trip_coordinates_not_used | fewer_than_10_endpoints | missing_coordinates,ADC7A857F746AA1A,end,202207-divvy-tripdata.zip,202207-divvy-tripdata.csv,missing,,,,,,,,,,,,,,no_confirmed_match,unverified_first_trip_proxy,,fewer_than_10_endpoints,2026-09-15
divvy_976ef75a722ad89f,895,Christiana Ave & 111th St,,,2022-07-09 19:39:24,2022-07-09 21:09:48,2022-07-09 19:39:24,2022-07-09 21:10:02,,,,station,4,4,1,895,Christiana Ave & 111th St,coarse_trip_coordinates_not_used | fewer_than_10_endpoints | missing_coordinates,757B7E51F991CDC4,end,202207-divvy-tripdata.zip,202207-divvy-tripdata.csv,missing,,,,,,,,,,,,,,no_confirmed_match,unverified_first_trip_proxy,,fewer_than_10_endpoints,2026-09-15
divvy_f8c1370ccc3e9660,588,Yale Ave & 119th St,,,2022-07-10 23:45:49,2022-07-12 14:22:38,2022-07-10 23:45:49,2022-08-15 22:59:55,,,,station,4,4,1,588,Yale Ave & 119th St,coarse_trip_coordinates_not_used | fewer_than_10_endpoints | missing_coordinates,F092D52C65328C99,end,202207-divvy-tripdata.zip,202207-divvy-tripdata.csv,missing,,,,,,,,,,,,,,no_confirmed_match,unverified_first_trip_proxy,,fewer_than_10_endpoints,2026-09-15
divvy_9ba6e5e70e0f6ccc,891,Marquette Ave & 83rd St,,,2022-07-11 05:18:34,2022-07-15 11:01:35,2022-07-11 05:18:34,2022-07-15 11:01:35,,,,station,2,2,1,891,Marquette Ave & 83rd St,coarse_trip_coordinates_not_used | fewer_than_10_endpoints | missing_coordinates,9D95E814A97F7A2A,end,202207-divvy-tripdata.zip,202207-divvy-tripdata.csv,missing,,,,,,,,,,,,,,no_confirmed_match,unverified_first_trip_proxy,,fewer_than_10_endpoints,2026-09-15
divvy_912873e980adcf4e,653,Loomis Blvd & 83rd St,,,2022-07-11 13:25:23,2022-07-25 23:46:20,2022-07-11 13:25:23,2022-07-25 23:46:20,,,,station,2,2,1,653,Loomis Blvd & 83rd St,coarse_trip_coordinates_not_used | fewer_than_10_endpoints | missing_coordinates,6A606B8D85D62A4D,end,202207-divvy-tripdata.zip,202207-divvy-tripdata.csv,missing,,,,,,,,,,,,,,no_confirmed_match,unverified_first_trip_proxy,,fewer_than_10_endpoints,2026-09-15
divvy_861215c1425db9ba,901,Hale Ave & 111th St,,,2022-07-11 16:59:02,2022-07-11 16:59:02,,2022-07-18 20:35:56,,,,station,2,2,1,901,Hale Ave & 111th St,coarse_trip_coordinates_not_used | fewer_than_10_endpoints | missing_coordinates,B47441B05B2B8374,start,202207-divvy-tripdata.zip,202207-divvy-tripdata.csv,missing,,,,,,,,,,,,,,no_confirmed_match,unverified_first_trip_proxy,,fewer_than_10_endpoints,2026-09-15
divvy_1e1006bee70eab46,870,Corliss Ave & 133rd St,,,2022-07-12 02:59:43,2022-08-02 19:00:19,2022-07-12 02:59:43,2022-08-02 19:00:19,,,,station,2,2,1,870,Corliss Ave & 133rd St,coarse_trip_coordinates_not_used | fewer_than_10_endpoints | missing_coordinates,E1DD6398B9430592,end,202207-divvy-tripdata.zip,202207-divvy-tripdata.csv,missing,,,,,,,,,,,,,,no_confirmed_match,unverified_first_trip_proxy,,fewer_than_10_endpoints,2026-09-15
divvy_034daf30361bbfe8,627,Halsted St & 95th St - SE,,,2022-07-13 08:16:20,2022-07-27 16:11:34,2022-07-13 08:16:20,2022-09-02 13:14:35,,,,station,9,9,1,627,Halsted St & 95th St - SE,coarse_trip_coordinates_not_used | fewer_than_10_endpoints | missing_coordinates,B05F490CABAD4455,end,202207-divvy-tripdata.zip,202207-divvy-tripdata.csv,missing,,,,,,,,,,,,,,no_confirmed_match,unverified_first_trip_proxy,,fewer_than_10_endpoints,2026-09-15
divvy_44837bef6a109206,908,Normal Blvd & 61st Pl,,,2022-07-13 12:31:59,,2022-07-13 12:31:59,2022-07-13 12:31:59,,,,station,1,1,1,908,Normal Blvd & 61st Pl,coarse_trip_coordinates_not_used | fewer_than_10_endpoints | missing_coordinates,968E3C972C8BF1F0,end,202207-divvy-tripdata.zip,202207-divvy-tripdata.csv,missing,,,,,,,,,,,,,,no_confirmed_match,unverified_first_trip_proxy,,fewer_than_10_endpoints,2026-09-15
divvy_dcbabc915a71ceca,924,Torrence Ave & 103rd St,,,2022-07-17 02:40:08,2022-07-17 02:53:51,2022-07-17 02:40:08,2022-07-17 02:53:51,,,,station,2,2,1,924,Torrence Ave & 103rd St,coarse_trip_coordinates_not_used | fewer_than_10_endpoints | missing_coordinates,A444A720252AF769,end,202207-divvy-tripdata.zip,202207-divvy-tripdata.csv,missing,,,,,,,,,,,,,,no_confirmed_match,unverified_first_trip_proxy,,fewer_than_10_endpoints,2026-09-15
divvy_03d096a8c2c4351b,709,Halsted St & 94th St,,,2022-07-17 16:20:01,2022-07-26 08:34:07,2022-07-17 16:20:01,2022-08-29 21:52:03,,,,station,11,11,1,709,Halsted St & 94th St,coarse_trip_coordinates_not_used | missing_coordinates,7011AB3EC56A9156,end,202207-divvy-tripdata.zip,202207-divvy-tripdata.csv,missing,,,,,,,,,,,,,,no_confirmed_match,unverified_first_trip_proxy,,,2026-09-15
divvy_0922ef104ee0fdd7,649,Cottage Grove Ave & 92nd St,,,2022-07-17 19:47:02,2022-07-19 10:05:59,2022-07-17 19:47:02,2022-07-26 16:21:53,,,,station,4,4,1,649,Cottage Grove Ave & 92nd St,coarse_trip_coordinates_not_used | fewer_than_10_endpoints | missing_coordinates,6E84A96C3C6026A0,end,202207-divvy-tripdata.zip,202207-divvy-tripdata.csv,missing,,,,,,,,,,,,,,no_confirmed_match,unverified_first_trip_proxy,,fewer_than_10_endpoints,2026-09-15
divvy_9faa7834dc10a536,579,Oketo Ave & Belmont Ave,,,2022-07-18 13:50:07,2022-07-22 14:47:35,2022-07-18 13:50:07,2022-09-04 00:52:50,,,,station,20,20,1,579,Oketo Ave & Belmont Ave,coarse_trip_coordinates_not_used | missing_coordinates,0B8AB9450FBBA42E,end,202207-divvy-tripdata.zip,202207-divvy-tripdata.csv,missing,,,,,,,,,,,,,,no_confirmed_match,unverified_first_trip_proxy,,,2026-09-15
divvy_f3966a4d731788ca,850,Orville T Bright School,,,2022-07-19 13:54:09,2022-09-05 02:53:36,2022-07-19 13:54:09,2022-09-05 02:54:54,,,,station,4,4,1,850,Orville T Bright School,coarse_trip_coordinates_not_used | fewer_than_10_endpoints | missing_coordinates,D0AA87266FBAA969,end,202207-divvy-tripdata.zip,202207-divvy-tripdata.csv,missing,,,,,,,,,,,,,,no_confirmed_match,unverified_first_trip_proxy,,fewer_than_10_endpoints,2026-09-15
divvy_960ba28a65a0d997,624,Parnell Ave & 98th St,,,2022-07-19 20:46:49,2022-08-16 16:29:44,2022-07-19 20:46:49,2022-08-26 10:27:33,,,,station,5,5,1,624,Parnell Ave & 98th St,coarse_trip_coordinates_not_used | fewer_than_10_endpoints | missing_coordinates,43CD0698F251B57C,end,202207-divvy-tripdata.zip,202207-divvy-tripdata.csv,missing,,,,,,,,,,,,,,no_confirmed_match,unverified_first_trip_proxy,,fewer_than_10_endpoints,2026-09-15
divvy_83299cff5fdf4799,917,Ada St & 119th St,,,2022-07-19 21:36:15,2022-07-20 20:38:51,2022-07-19 21:36:15,2022-08-02 15:13:16,,,,station,5,5,1,917,Ada St & 119th St,coarse_trip_coordinates_not_used | fewer_than_10_endpoints | missing_coordinates,1B6B1CCC1BE68B9D,end,202207-divvy-tripdata.zip,202207-divvy-tripdata.csv,missing,,,,,,,,,,,,,,no_confirmed_match,unverified_first_trip_proxy,,fewer_than_10_endpoints,2026-09-15
divvy_2431a1774f1badae,922,10101 S Stony Island Ave,,,2022-07-20 15:58:05,2022-08-13 19:58:36,2022-07-20 15:58:05,2022-08-30 09:45:49,,,,station,7,7,1,922,10101 S Stony Island Ave,coarse_trip_coordinates_not_used | fewer_than_10_endpoints | missing_coordinates,C100F1A78E2A5A65,end,202207-divvy-tripdata.zip,202207-divvy-tripdata.csv,missing,,,,,,,,,,,,,,no_confirmed_match,unverified_first_trip_proxy,,fewer_than_10_endpoints,2026-09-15
divvy_b4ad2cea5ed98e58,887,Halsted St & 80th St,,,2022-07-20 18:15:38,2022-07-20 18:16:12,2022-07-20 18:15:38,2022-08-26 20:21:58,,,,station,20,20,1,887,Halsted St & 80th St,coarse_trip_coordinates_not_used | missing_coordinates,CCAA955164AB4ACB,end,202207-divvy-tripdata.zip,202207-divvy-tripdata.csv,missing,,,,,,,,,,,,,,no_confirmed_match,unverified_first_trip_proxy,,,2026-09-15
divvy_869a97c37279fb2a,818,Back of the Yards Park,,,2022-07-21 04:05:27,2022-07-24 19:16:37,2022-07-21 04:05:27,2022-08-16 18:20:37,,,,station,4,4,1,818,Back of the Yards Park,coarse_trip_coordinates_not_used | fewer_than_10_endpoints | missing_coordinates,E5A09FE1BFD772DF,end,202207-divvy-tripdata.zip,202207-divvy-tripdata.csv,missing,,,,,,,,,,,,,,no_confirmed_match,unverified_first_trip_proxy,,fewer_than_10_endpoints,2026-09-15
divvy_fb85d3827882e691,659,Rhodes Ave & 79th St,,,2022-07-23 16:42:02,2022-07-23 16:48:26,2022-07-23 16:42:02,2022-08-26 18:37:45,,,,station,7,7,1,659,Rhodes Ave & 79th St,coarse_trip_coordinates_not_used | fewer_than_10_endpoints | missing_coordinates,F51760B67D8DE60A,end,202207-divvy-tripdata.zip,202207-divvy-tripdata.csv,missing,,,,,,,,,,,,,,no_confirmed_match,unverified_first_trip_proxy,,fewer_than_10_endpoints,2026-09-15
divvy_1a93ae238d7d86c8,591,Eggleston Ave & 114th St,,,2022-07-23 20:11:57,2022-07-26 07:51:45,2022-07-23 20:11:57,2022-07-26 07:52:48,,,,station,4,4,1,591,Eggleston Ave & 114th St,coarse_trip_coordinates_not_used | fewer_than_10_endpoints | missing_coordinates,58B7BA914011365E,end,202207-divvy-tripdata.zip,202207-divvy-tripdata.csv,missing,,,,,,,,,,,,,,no_confirmed_match,unverified_first_trip_proxy,,fewer_than_10_endpoints,2026-09-15
divvy_32857c57e5388587,643,Vincennes Ave & 87th St,,,2022-07-24 14:09:04,2022-07-25 11:57:02,2022-07-24 14:09:04,2022-07-27 00:04:24,,,,station,4,4,1,643,Vincennes Ave & 87th St,coarse_trip_coordinates_not_used | fewer_than_10_endpoints | missing_coordinates,55DDF265A7321AA8,end,202207-divvy-tripdata.zip,202207-divvy-tripdata.csv,missing,,,,,,,,,,,,,,no_confirmed_match,unverified_first_trip_proxy,,fewer_than_10_endpoints,2026-09-15
divvy_f1d57fb0fb73b320,717,Mackinaw Ave & 85th St,,,2022-07-27 16:13:44,2022-07-27 17:54:51,2022-07-27 16:13:44,2022-09-05 18:27:30,,,,station,3,3,1,717,Mackinaw Ave & 85th St,coarse_trip_coordinates_not_used | fewer_than_10_endpoints | missing_coordinates,157BE05F1CF0C1C9,end,202207-divvy-tripdata.zip,202207-divvy-tripdata.csv,missing,,,,,,,,,,,,,,no_confirmed_match,unverified_first_trip_proxy,,fewer_than_10_endpoints,2026-09-15
divvy_03cf4ec96e74355c,602,Percy Julian HS,,,2022-07-28 12:22:05,2022-08-11 15:56:11,2022-07-28 12:22:05,2022-08-11 15:56:11,,,,station,2,2,1,602,Percy Julian HS,coarse_trip_coordinates_not_used | fewer_than_10_endpoints | missing_coordinates,ED4DB5B700B03206,end,202207-divvy-tripdata.zip,202207-divvy-tripdata.csv,missing,,,,,,,,,,,,,,no_confirmed_match,unverified_first_trip_proxy,,fewer_than_10_endpoints,2026-09-15
divvy_402caed43983eb90,734,South Shore High School,,,2022-07-30 15:11:47,2022-08-02 17:55:15,2022-07-30 15:11:47,2022-08-02 17:55:15,,,,station,2,2,1,734,South Shore High School,coarse_trip_coordinates_not_used | fewer_than_10_endpoints | missing_coordinates,F60E894064A0DE63,end,202207-divvy-tripdata.zip,202207-divvy-tripdata.csv,missing,,,,,,,,,,,,,,no_confirmed_match,unverified_first_trip_proxy,,fewer_than_10_endpoints,2026-09-15
divvy_3e3a7f6f929e1c9d,740,William Rainey Harper High School,,,2022-07-31 17:58:12,2022-09-06 12:22:33,2022-07-31 17:58:12,2022-09-06 12:22:33,,,,station,3,3,1,740,William Rainey Harper High School,coarse_trip_coordinates_not_used | fewer_than_10_endpoints | missing_coordinates,5E9E2B604184494F,end,202207-divvy-tripdata.zip,202207-divvy-tripdata.csv,missing,,,,,,,,,,,,,,no_confirmed_match,unverified_first_trip_proxy,,fewer_than_10_endpoints,2026-09-15
divvy_7eafed6fb7825166,871,Ellis Ave & 132nd Pl,,,2022-07-31 21:07:59,2022-08-01 15:46:23,2022-07-31 21:07:59,2022-08-21 13:40:55,,,,station,10,10,1,871,Ellis Ave & 132nd Pl,coarse_trip_coordinates_not_used | missing_coordinates,74EC0BA5162131AC,end,202207-divvy-tripdata.zip,202207-divvy-tripdata.csv,missing,,,,,,,,,,,,,,no_confirmed_match,unverified_first_trip_proxy,,,2026-09-15
divvy_3a30b044cbb739a8,733,East End Ave & 75th St,,,2022-08-05 16:24:17,2022-08-06 14:23:39,2022-08-05 16:24:17,2022-08-06 14:23:39,,,,station,2,2,1,733,East End Ave & 75th St,coarse_trip_coordinates_not_used | fewer_than_10_endpoints | missing_coordinates,EB34D98F40334552,end,202208-divvy-tripdata.zip,202208-divvy-tripdata.csv,missing,,,,,,,,,,,,,,no_confirmed_match,unverified_first_trip_proxy,,fewer_than_10_endpoints,2026-09-15
divvy_daace4876b57f3f7,652,Muskegon Ave & 89th St,,,2022-08-09 16:29:29,2022-08-13 15:41:33,2022-08-09 16:29:29,2022-08-27 09:38:42,,,,station,10,10,1,652,Muskegon Ave & 89th St,coarse_trip_coordinates_not_used | missing_coordinates,229A15D85553710D,end,202208-divvy-tripdata.zip,202208-divvy-tripdata.csv,missing,,,,,,,,,,,,,,no_confirmed_match,unverified_first_trip_proxy,,,2026-09-15
divvy_eb76615d16660e84,2059 Hastings Warehouse Station,NewHastings,,,2022-08-10 03:24:45,2022-08-10 03:24:45,,2022-08-31 19:16:07,,,,operational,38,0,1,2059 Hastings Warehouse Station,NewHastings,ambiguous_historical_location | missing_coordinates | name_has_multiple_locations | operational_station | scattered_gps_rejected,3426970A19302E17,start,202208-divvy-tripdata.zip,202208-divvy-tripdata.csv,missing,,,,,,,,,,,,,,no_confirmed_match,unverified_first_trip_proxy,2022-05-26 15:41:30,earlier_same_name_history | name_has_multiple_locations,2026-09-15
divvy_ef8e26ea6900d213,667,Jeffery Blvd & 83rd St,,,2022-08-11 19:36:08,2022-08-11 21:45:17,2022-08-11 19:36:08,2022-09-01 22:54:57,,,,station,6,6,1,667,Jeffery Blvd & 83rd St,coarse_trip_coordinates_not_used | fewer_than_10_endpoints | missing_coordinates,B346B35ACD017580,end,202208-divvy-tripdata.zip,202208-divvy-tripdata.csv,missing,,,,,,,,,,,,,,no_confirmed_match,unverified_first_trip_proxy,,fewer_than_10_endpoints,2026-09-15
divvy_24634088f4809b75,731,Paul Revere Elementary School,,,2022-08-12 17:51:19,,2022-08-12 17:51:19,2022-08-12 17:51:19,,,,station,1,1,1,731,Paul Revere Elementary School,coarse_trip_coordinates_not_used | fewer_than_10_endpoints | missing_coordinates,2CEDDD8E37DEB4F6,end,202208-divvy-tripdata.zip,202208-divvy-tripdata.csv,missing,,,,,,,,,,,,,,no_confirmed_match,unverified_first_trip_proxy,,fewer_than_10_endpoints,2026-09-15
divvy_4c0d11e39fd94acc,608,Lawrence Ave & 103rd St,,,2022-08-15 00:01:50,2022-08-21 22:20:53,2022-08-15 00:01:50,2022-08-31 13:53:42,,,,station,7,7,1,608,Lawrence Ave & 103rd St,coarse_trip_coordinates_not_used | fewer_than_10_endpoints | missing_coordinates,E0D9D6ECFCB366D9,end,202208-divvy-tripdata.zip,202208-divvy-tripdata.csv,missing,,,,,,,,,,,,,,no_confirmed_match,unverified_first_trip_proxy,,fewer_than_10_endpoints,2026-09-15
divvy_71744a39671df174,610,Langley Ave & 105th Pl,,,2022-08-15 01:09:29,2022-08-16 12:05:56,2022-08-15 01:09:29,2022-08-17 23:15:39,,,,station,8,8,1,610,Langley Ave & 105th Pl,coarse_trip_coordinates_not_used | fewer_than_10_endpoints | missing_coordinates,29346A35708278CF,end,202208-divvy-tripdata.zip,202208-divvy-tripdata.csv,missing,,,,,,,,,,,,,,no_confirmed_match,unverified_first_trip_proxy,,fewer_than_10_endpoints,2026-09-15
divvy_16591b71d7c2e661,848,Corliss Ave & 103rd St,,,2022-08-16 08:26:55,2022-08-17 08:46:19,2022-08-16 08:26:55,2022-08-17 08:46:19,,,,station,2,2,1,848,Corliss Ave & 103rd St,coarse_trip_coordinates_not_used | fewer_than_10_endpoints | missing_coordinates,8EAD6F8C91C89FBA,end,202208-divvy-tripdata.zip,202208-divvy-tripdata.csv,missing,,,,,,,,,,,,,,no_confirmed_match,unverified_first_trip_proxy,,fewer_than_10_endpoints,2026-09-15
divvy_676bade745a49497,654,Racine Ave & 83rd St,,,2022-08-17 23:51:24,2022-08-18 20:39:54,2022-08-17 23:51:24,2022-08-18 20:39:54,,,,station,2,2,1,654,Racine Ave & 83rd St,coarse_trip_coordinates_not_used | fewer_than_10_endpoints | missing_coordinates,7C9D4768E0129610,end,202208-divvy-tripdata.zip,202208-divvy-tripdata.csv,missing,,,,,,,,,,,,,,no_confirmed_match,unverified_first_trip_proxy,,fewer_than_10_endpoints,2026-09-15
divvy_ef994b11a2ac4fcb,790,Central Ave & Adams St,,,2022-08-21 14:56:46,,2022-08-21 14:56:46,2022-08-21 14:56:46,,,,station,1,1,1,790,Central Ave & Adams St,coarse_trip_coordinates_not_used | fewer_than_10_endpoints | missing_coordinates,C3AD4EF3401E2A67,end,202208-divvy-tripdata.zip,202208-divvy-tripdata.csv,missing,,,,,,,,,,,,,,no_confirmed_match,unverified_first_trip_proxy,,fewer_than_10_endpoints,2026-09-15
divvy_30865d72225d4b74,886,Laflin St & 79th St,,,2022-08-24 13:23:29,2022-08-24 23:54:56,2022-08-24 13:23:29,2022-08-28 04:13:34,,,,station,3,3,1,886,Laflin St & 79th St,coarse_trip_coordinates_not_used | fewer_than_10_endpoints | missing_coordinates,C6D5A102D8D638FB,end,202208-divvy-tripdata.zip,202208-divvy-tripdata.csv,missing,,,,,,,,,,,,,,no_confirmed_match,unverified_first_trip_proxy,,fewer_than_10_endpoints,2026-09-15
divvy_ef183a0d333d21b4,715,Damen Ave & 80th St,,,2022-08-24 14:03:13,2022-08-24 15:47:57,2022-08-24 14:03:13,2022-08-24 16:30:23,,,,station,3,3,1,715,Damen Ave & 80th St,coarse_trip_coordinates_not_used | fewer_than_10_endpoints | missing_coordinates,9CB62A1B1F01940F,end,202208-divvy-tripdata.zip,202208-divvy-tripdata.csv,missing,,,,,,,,,,,,,,no_confirmed_match,unverified_first_trip_proxy,,fewer_than_10_endpoints,2026-09-15
divvy_ef4e9502c9f0e87a,683,Western Ave & 116th St,,,2022-08-24 20:06:38,2022-08-25 19:03:03,2022-08-24 20:06:38,2022-09-01 12:15:01,,,,station,8,8,1,683,Western Ave & 116th St,coarse_trip_coordinates_not_used | fewer_than_10_endpoints | missing_coordinates,1C283104FE989682,end,202208-divvy-tripdata.zip,202208-divvy-tripdata.csv,missing,,,,,,,,,,,,,,no_confirmed_match,unverified_first_trip_proxy,,fewer_than_10_endpoints,2026-09-15
divvy_9b8cf8b086101f6e,1032,Public Rack - Kedvale Ave & 63rd St,,,2022-08-29 20:14:23,2022-09-02 08:15:08,2022-08-29 20:14:23,2022-09-02 08:15:08,,,,public_rack,2,2,1,1032,Public Rack - Kedvale Ave & 63rd St,coarse_trip_coordinates_not_used | fewer_than_10_endpoints | missing_coordinates,FC163AE9B8263221,end,202208-divvy-tripdata.zip,202208-divvy-tripdata.csv,missing,,,,,,,,,,,,,,no_confirmed_match,unverified_first_trip_proxy,,fewer_than_10_endpoints,2026-09-15
divvy_3b40af771c65f494,1038,Public Rack - Kedzie Ave &amp; 62nd Pl,,,2022-08-30 13:03:51,2022-08-30 13:03:51,,2022-09-02 10:05:22,,,,public_rack,2,2,1,1038,Public Rack - Kedzie Ave &amp; 62nd Pl,coarse_trip_coordinates_not_used | fewer_than_10_endpoints | missing_coordinates,CC3D19CE53D4C8E4,start,202208-divvy-tripdata.zip,202208-divvy-tripdata.csv,missing,,,,,,,,,,,,,,no_confirmed_match,unverified_first_trip_proxy,,fewer_than_10_endpoints,2026-09-15
divvy_aa06900e7ef89db9,1039,Public Rack - Kedzie Ave & 61st Pl,,,2022-08-30 17:22:39,2022-08-30 17:22:39,2022-08-31 15:08:28,2022-09-06 07:34:19,,,,public_rack,9,9,1,1039,Public Rack - Kedzie Ave & 61st Pl,coarse_trip_coordinates_not_used | fewer_than_10_endpoints | missing_coordinates,5C0281725D3B133C,start,202208-divvy-tripdata.zip,202208-divvy-tripdata.csv,missing,,,,,,,,,,,,,,no_confirmed_match,unverified_first_trip_proxy,,fewer_than_10_endpoints,2026-09-15
divvy_97c6120466b97e5d,835,Pubic Rack - Pulaski Rd & 41st,,,2022-09-02 16:10:05,2022-09-02 16:48:40,2022-09-02 16:10:05,2022-12-17 22:42:28,,,,station,38,38,1,835,Pubic Rack - Pulaski Rd & 41st,coarse_trip_coordinates_not_used | missing_coordinates,679B20DE9688269F,end,202209-divvy-tripdata.zip,202209-divvy-publictripdata.csv,missing,,,,,,,,,,,,,,no_confirmed_match,unverified_first_trip_proxy,,,2026-09-15
divvy_5751929fbf103557,689,City Rack - Albany Ave & 103rd St,,,2022-09-05 06:34:46,2022-09-05 15:12:35,2022-09-05 06:34:46,2022-09-05 15:12:35,,,,station,2,2,1,689,City Rack - Albany Ave & 103rd St,coarse_trip_coordinates_not_used | fewer_than_10_endpoints | missing_coordinates,3C145D3022C5DC91,end,202209-divvy-tripdata.zip,202209-divvy-publictripdata.csv,missing,,,,,,,,,,,,,,no_confirmed_match,unverified_first_trip_proxy,,fewer_than_10_endpoints,2026-09-15
divvy_63ff630b4a136482,1033,Public Rack - Pulaski Rd &amp; 65th St,,,2022-09-05 21:11:31,2022-09-05 21:11:31,,2022-09-05 21:11:31,,,,public_rack,1,1,1,1033,Public Rack - Pulaski Rd &amp; 65th St,coarse_trip_coordinates_not_used | fewer_than_10_endpoints | missing_coordinates,DAC3FA8B0E055550,start,202209-divvy-tripdata.zip,202209-divvy-publictripdata.csv,missing,,,,,,,,,,,,,,no_confirmed_match,unverified_first_trip_proxy,,fewer_than_10_endpoints,2026-09-15
divvy_ebbd3f0ddf8b2019,876,Throop St & 109th Pl,,,2022-09-06 00:28:29,,2022-09-06 00:28:29,2022-09-06 00:28:29,,,,station,1,1,1,876,Throop St & 109th Pl,coarse_trip_coordinates_not_used | fewer_than_10_endpoints | missing_coordinates,8F76E9BBD3623BC7,end,202209-divvy-tripdata.zip,202209-divvy-publictripdata.csv,missing,,,,,,,,,,,,,,no_confirmed_match,unverified_first_trip_proxy,,fewer_than_10_endpoints,2026-09-15
divvy_7cdcbe55caa754ca,390,Public Rack - California Ave & Marquette Rd,,,2023-02-01 15:30:56,2023-02-13 18:53:11,2023-02-01 15:30:56,2023-05-05 17:31:58,,,,public_rack,52,52,1,390,Public Rack - California Ave & Marquette Rd,coarse_trip_coordinates_not_used | missing_coordinates,7A0B7FEE86864BD4,end,202302-divvy-tripdata.zip,202302-divvy-tripdata.csv,missing,,,,,,,,,,,,,,no_confirmed_match,unverified_first_trip_proxy,,,2026-09-15
divvy_8ae9d0bedf077495,335.0,Public Rack - Komensky Ave & 31st St,,,2023-02-07 07:07:18,2023-02-07 13:40:10,2023-02-07 07:07:18,2023-05-19 07:13:04,,,,public_rack,88,88,1,335.0,Public Rack - Komensky Ave & 31st St,coarse_trip_coordinates_not_used | missing_coordinates,C8B0ECAF75A07E2A,end,202302-divvy-tripdata.zip,202302-divvy-tripdata.csv,missing,,,,,,,,,,,,,,no_confirmed_match,unverified_first_trip_proxy,,,2026-09-15
divvy_93dbe0a4ed71d91c,KA1504000149,Damen Ave & Foster Ave,,,2024-08-01 00:51:38.581,2024-08-01 07:49:41.063,2024-08-01 00:51:38.581,2024-10-31 22:51:57.693,,,,station,1015,0,1,KA1504000149,Damen Ave & Foster Ave,ambiguous_historical_location | missing_coordinates | name_has_multiple_locations | scattered_gps_rejected,C4DD8FF0B2FDB356,end,202408-divvy-tripdata.zip,202408-divvy-tripdata.csv,missing,,,,,,,,,,,,,,needs_review,unverified_first_trip_proxy,2015-05-14 07:15:00,earlier_same_name_history | name_has_multiple_locations,2026-09-15
divvy_46e15a040c709d2c,CHI02095,Green St & Chicago Ave,,,2025-10-01 07:43:15.974,2025-10-01 07:43:15.974,2025-10-01 15:28:44.961,2025-10-31 22:25:18.564,,,,station,980,0,1,CHI02095,Green St & Chicago Ave,ambiguous_historical_location | missing_coordinates | name_has_multiple_locations | scattered_gps_rejected,1A40530E37661F96,start,202510-divvy-tripdata.zip,202510-divvy-tripdata.csv,missing,,,,,,,,,,,,,,needs_review,unverified_first_trip_proxy,2025-08-13 10:09:30.704,earlier_same_name_history | name_has_multiple_locations,2026-09-15
