old_station_key,old_station_name,old_station_type,old_first_trip_at,old_lat,old_lon,new_station_key,new_station_name,new_first_trip_at,new_lat,new_lon,new_in_chicago,new_station_type,shared_valid_endpoints,disposition
divvy_0003e450084568ed,Public Rack - California Ave & Devon Ave - NW,public_rack,2022-06-17 17:26:31,42.0,-87.7,divvy_92d7eb45b6e971c6,Public Rack - California Ave & Devon Ave - NW,2022-06-17 17:26:31,41.998481,-87.69985,True,public_rack,179,reassigned_or_rekeyed
divvy_000893e119ee6e3b,Public Rack - Central & Leland,public_rack,2023-05-03 12:28:32,41.97,-87.77,divvy_54f817a90c9cbc5d,Public Rack - Central & Leland,2023-05-03 12:28:32,41.965408,-87.767339,True,public_rack,7,reassigned_or_rekeyed
divvy_001518a0ad70529d,Public Rack - Kedzie Ave & Argyle St,public_rack,2023-06-01 09:25:40,41.972097,-87.708572,divvy_001518a0ad70529d,Public Rack - Kedzie Ave & Argyle St,2022-06-16 15:20:25,41.972097,-87.708572,True,public_rack,2094,same_key
divvy_0065cada1dd5c8df,East End Ave & 75th St,station,2022-08-05 16:24:17,41.76,-87.58,divvy_3a30b044cbb739a8,East End Ave & 75th St,2022-08-05 16:24:17,,,,station,2,retained_unlocated
divvy_007efe791c1db782,Public Rack - Sayer & Northwest Hwy,public_rack,2023-06-08 20:44:18,41.99434,-87.802532,divvy_e017e00d30fb1fcc,Public Rack - Sayer & Northwest Hwy,2023-05-05 12:40:20,41.99434,-87.802532,True,public_rack,117,reassigned_or_rekeyed
divvy_00955847188c5e1e,Oketo Ave & Belmont Ave,station,2022-07-18 13:50:07,41.94,-87.81,divvy_9faa7834dc10a536,Oketo Ave & Belmont Ave,2022-07-18 13:50:07,,,,station,20,retained_unlocated
divvy_009745746cbfc555,Public Rack - Ashland Ave & 45th St S,public_rack,2023-05-31 19:53:31,41.811169,-87.66474,divvy_009745746cbfc555,Public Rack - Ashland Ave & 45th St S,2022-09-06 15:32:14,41.811169,-87.66474,True,public_rack,16,same_key
divvy_009a15c69f41cf6b,Orleans St & Hubbard St,station,2018-09-18 18:33:36,41.890028,-87.636618,divvy_009a15c69f41cf6b,Orleans St & Hubbard St,2018-09-18 18:33:36,41.890028,-87.636618,True,station,138174,same_key
divvy_00a444fc3144e653,Lincoln Park Conservatory,station,2019-08-15 12:41:14,41.92393131136619,-87.63582453131676,divvy_00a444fc3144e653,Lincoln Park Conservatory,2019-08-15 12:41:14,41.92393131136619,-87.63582453131676,True,station,181780,same_key
divvy_00a61f9d83cb6e05,Lamon Ave & Chicago Ave,station,2023-06-02 15:08:28,41.8950179,-87.7484986,divvy_00a61f9d83cb6e05,Lamon Ave & Chicago Ave,2021-09-15 06:56:22,41.8950179,-87.7484986,True,station,626,same_key
divvy_00dc8c8fd2ae00f6,Vincennes Ave & 75th St,station,2016-06-25 18:57:00,41.763462,-87.637297,divvy_00dc8c8fd2ae00f6,Normal Ave & 72nd St,2016-06-25 18:57:00,41.763462,-87.637297,True,station,219,same_key
divvy_00ddce44b58b41a8,California Ave & 41st St,station,2024-05-08 14:59:31,41.81867,-87.69441,divvy_00ddce44b58b41a8,California Ave & 41st St,2024-05-08 14:59:31,41.81867,-87.69441,True,station,1079,same_key
divvy_00e958f515707e02,Public Rack - Karlov Ave & 26th St,public_rack,2022-06-30 19:07:33,41.84,-87.73,divvy_9187a6acbf304e75,Public Rack - Karlov Ave & 26th St,2022-06-30 19:07:33,41.844287,-87.727078,True,public_rack,17,reassigned_or_rekeyed
divvy_0127216fb32fb859,Public Rack - Avers Ave & Irving Park Rd,public_rack,2022-06-14 10:03:55,41.95,-87.72,divvy_5d95fbd2b453507c,Public Rack - Avers Ave & Irving Park Rd,2022-06-14 10:03:55,41.953789,-87.724161,True,public_rack,340,reassigned_or_rekeyed
divvy_012d183afcb3fa41,Public Rack - 63rd St and Nagle Ave,public_rack,2023-05-14 19:15:26,41.78,-87.78,divvy_3ecc18fa23d8996c,Public Rack - 63rd St and Nagle Ave,2023-05-14 19:15:26,41.7776014,-87.7822158,True,public_rack,6,reassigned_or_rekeyed
divvy_013e7fb19f2f9243,Malcolm X College,station,2018-08-28 12:43:58,41.877618,-87.673895,divvy_013e7fb19f2f9243,Malcolm X College,2018-08-28 12:43:58,41.877618,-87.673895,True,station,27939,same_key
divvy_016a50b7ecd77873,Public Rack - Ewing Ave & 106th St,public_rack,2022-07-12 15:34:58,41.7,-87.54,divvy_3f25b552c532b936,Public Rack - Ewing Ave & 106th St,2022-07-12 15:34:58,41.7024928,-87.5351313,True,public_rack,17,reassigned_or_rekeyed
divvy_0171410429d3027b,Damen Ave & Foster Ave,station,2024-09-01 10:11:26.791000,41.974891,-87.684216,divvy_0171410429d3027b,Damen Ave & Foster Ave,2024-09-01 10:11:26.791000,41.974891,-87.684216,True,station,658,same_key
divvy_01a9888da2eac1ed,Public Rack - Sangamon St & 87th St,public_rack,2024-05-17 21:05:54,41.73582,-87.646896,divvy_01a9888da2eac1ed,Public Rack - Sangamon St & 87th St,2024-05-17 21:05:54,41.73582,-87.646896,True,public_rack,12,same_key
divvy_01d864b0f896f693,Pulaski Rd & Eddy St,station,2015-05-13 17:16:00,41.94563644,-87.72773681,divvy_01d864b0f896f693,Pulaski Rd & Eddy St,2015-05-13 17:16:00,41.94563644,-87.72773681,True,station,4315,same_key
divvy_01fd68361e3a54ae,Avenue O & 118th St,station,2020-09-29 19:03:43,41.68100145911039,-87.5379312226869,divvy_01fd68361e3a54ae,Avenue O & 118th St,2020-09-29 19:03:43,41.68100145911039,-87.5379312226869,True,station,1084,same_key
divvy_0206b51f6951aec5,Public Rack - Fullerton Ave & Narragansett Ave,public_rack,2023-06-03 07:00:30,41.923739,-87.785835,divvy_42bd6b2905501d39,Public Rack - Fullerton Ave & Narragansett Ave,2022-07-07 08:55:38,41.923739,-87.785835,True,public_rack,298,reassigned_or_rekeyed
divvy_0234fcafbf474687,Public Rack - Milwaukee Ave & School St,public_rack,2022-06-16 17:53:50,41.94,-87.73,divvy_97e78fb71b5c8584,Public Rack - Milwaukee Ave & School St,2022-06-16 17:53:50,41.940648,-87.726087,True,public_rack,378,reassigned_or_rekeyed
divvy_0251e093b5721d58,Major Ave & Bloomingdale Ave,station,2023-06-06 09:51:07,41.9125923,-87.7686995,divvy_0251e093b5721d58,Major Ave & Bloomingdale Ave,2021-09-01 15:35:30,41.9125923,-87.7686995,True,station,310,same_key
divvy_025a78b61d7fff00,Western Blvd & 53rd St,station,2022-07-06 22:33:49,41.8,-87.68,divvy_1bb714132ce8e469,Western Blvd & 53rd St,2022-07-06 22:33:49,,,,station,3,retained_unlocated
divvy_0289a21aa3564b81,Weekend Night Parking Area A,station,2024-07-19 16:04:30.623000,41.94629,-87.65568,divvy_0289a21aa3564b81,Weekend Night Parking Area A,2024-07-19 16:04:30.623000,41.94629,-87.65568,True,station,1164,same_key
divvy_02a5de11723ce1f4,Kilbourn Ave & Milwaukee Ave,station,2021-06-01 14:54:43,41.94707089418471,-87.74000823497772,divvy_02a5de11723ce1f4,Kilbourn Ave & Milwaukee Ave,2021-06-01 14:54:43,41.94707089418471,-87.74000823497772,True,station,4258,same_key
divvy_02c0082767e94112,Public Rack - Kedzie Ave & 64th St - SW,public_rack,2022-09-08 17:01:42,41.78,-87.7,divvy_5e851259a6b48fff,Public Rack - Kedzie Ave & 64th St - SW,2022-09-08 17:01:42,41.777031,-87.703223,True,public_rack,25,reassigned_or_rekeyed
divvy_02da01502e8c0d6d,Public Rack - Western Ave & 111th St - SW,public_rack,2023-05-26 13:10:25,41.69161,-87.681523,divvy_02da01502e8c0d6d,Public Rack - Western Ave & 111th St - SW,2022-09-13 22:53:01,41.69161,-87.681523,True,public_rack,38,same_key
divvy_0336b377241f6d97,Public Rack - Ozman & Talcott,public_rack,2023-05-18 21:26:35,41.99,-87.82,divvy_f4b10a8d242c302c,Public Rack - Ozman & Talcott,2023-05-18 21:26:35,41.993028,-87.821659,True,public_rack,2,reassigned_or_rekeyed
divvy_0353c0eca2b5d00b,Public Rack - Milwaukee Ave & Waveland Ave,public_rack,2022-07-05 17:35:44,41.95,-87.74,divvy_235a80005a4e9b86,Public Rack - Milwaukee Ave & Waveland Ave,2022-07-05 17:35:44,41.947472,-87.737875,True,public_rack,12,reassigned_or_rekeyed
divvy_035ba70fe125eb9e,Stewart Ave & 123rd St,station,2024-09-19 09:01:00.798000,41.6706,-87.63244,divvy_035ba70fe125eb9e,Stewart Ave & 123rd St,2022-05-18 15:51:49,41.6706,-87.63244,True,station,322,same_key
divvy_0379b2b1e0e919ca,St Louis Ave & Norman Bobbins Ave,station,2021-09-22 07:47:53,41.79,-87.71,divvy_eae7cd7466ca9cdd,St Louis Ave & Norman Bobbins Ave,2021-09-22 07:47:53,41.794422,-87.71137,True,station,502,reassigned_or_rekeyed
divvy_03a9a0ced9df3b5e,Western Ave & 81st St,station,2024-05-29 12:06:23,41.746426,-87.683123,divvy_03a9a0ced9df3b5e,Western Ave & 81st St,2024-05-29 12:06:23,41.746426,-87.683123,True,station,116,same_key
divvy_03affcaf3c1c689b,Public Rack - Western Blvd & 49th St,public_rack,2022-09-07 08:05:40,41.8,-87.68,divvy_eed910400d05cfcc,Public Rack - Western Blvd & 49th St,2022-09-07 08:05:40,41.80478,-87.683749,True,public_rack,376,reassigned_or_rekeyed
divvy_03c391f2d13cdc2e,Eggleston Ave & 115th St,station,2022-08-10 14:35:39,41.69,-87.63,divvy_170a93938a2d0353,Eggleston Ave & 115th St,2022-08-07 22:32:28,41.68507,-87.63361,True,station,2,reassigned_or_rekeyed
divvy_03d0d9bedcd95204,LaSalle St & Washington St Corral S,station,2025-04-28 15:16:27.367000,41.88267,-87.63249,divvy_03d0d9bedcd95204,LaSalle St & Washington St Corral S,2025-04-28 15:16:27.367000,41.88267,-87.63249,True,station,18,same_key
divvy_03d762b3b0e22629,Public Rack - Linder Ave & 64th Pl,public_rack,2023-05-21 19:59:59,41.775524,-87.757972,divvy_03d762b3b0e22629,Public Rack - Linder Ave & 64th Pl,2023-05-21 19:59:59,41.775524,-87.757972,True,public_rack,107,same_key
divvy_03d78e274a357f9e,Public Rack - Karlov Ave & Lawrence Ave,public_rack,2023-06-09 10:00:05,41.9683053,-87.7300646,divvy_03d78e274a357f9e,Public Rack - Karlov Ave & Lawrence Ave,2023-05-11 20:15:28,41.9683053,-87.7300646,True,public_rack,171,same_key
divvy_03db49e6e8437282,Racine Ave & 115th St,station,2024-11-12 19:13:03.607000,41.68476,-87.65196,divvy_03db49e6e8437282,Racine Ave & 115th St,2024-11-12 19:13:03.607000,41.68476,-87.65196,True,station,193,same_key
divvy_03dd7ff9321cf180,Public Rack - Wentworth Ave & 79th St,public_rack,2022-09-24 03:33:15,41.750712,-87.629949,divvy_03dd7ff9321cf180,Public Rack - Wentworth Ave & 79th St,2022-09-24 03:33:15,41.750712,-87.629949,True,public_rack,31,same_key
divvy_03e3302229c7d325,Public Rack - Western Ave & 98th St,public_rack,2023-08-27 13:11:34,41.71525,-87.681698,divvy_03e3302229c7d325,Public Rack - Western Ave & 98th St,2022-07-29 12:51:15,41.71525,-87.681698,True,public_rack,11,same_key
divvy_03f05618b7fd836d,Public Rack - Central Ave & Corcoran Pl,public_rack,2023-06-08 17:12:18,41.887342,-87.765041,divvy_03f05618b7fd836d,Public Rack - Central Ave & Corcoran Pl,2022-09-08 09:23:32,41.887342,-87.765041,True,public_rack,104,same_key
divvy_03f48dcc24e1b309,Public Rack - Racine Ave & 74th St,public_rack,2022-09-16 16:37:54,41.76,-87.65,divvy_120759cedc0d26da,Public Rack - Racine Ave & 74th St,2022-09-16 16:37:54,41.759439,-87.654146,True,public_rack,11,reassigned_or_rekeyed
divvy_03f5869951ffad2e,Cottage Grove & 85th St,station,2022-08-19 18:59:06,41.74,-87.61,divvy_2f50a8ef49e2d1cf,Cottage Grove & 85th St,2022-06-03 18:10:24,,,,station,1,retained_unlocated
divvy_0400acb698731c64,Public Rack - Halsted St & 94th St,public_rack,2024-04-17 11:58:52,41.723442,-87.643612,divvy_0400acb698731c64,Public Rack - Halsted St & 94th St,2024-04-17 11:58:52,41.723442,-87.643612,True,public_rack,15,same_key
divvy_040a87f46d79ffb8,McCormick Place,station,2013-06-28 10:12:00,41.8513751729,-87.6188346489,divvy_040a87f46d79ffb8,McCormick Place,2013-06-28 10:12:00,41.8513751729,-87.6188346489,True,station,155671,same_key
divvy_041420c89454ad95,Franklin St & Adams St Corral,station,2025-04-28 15:11:04.880000,41.87942,-87.63558,divvy_041420c89454ad95,Franklin St & Adams St Corral,2025-04-28 15:11:04.880000,41.87942,-87.63558,True,station,3986,same_key
divvy_041542425d64daac,Michigan Ave & 8th St,station,2017-06-14 11:11:56,41.872773,-87.623981,divvy_041542425d64daac,Michigan Ave & 8th St,2017-06-14 11:11:56,41.872773,-87.623981,True,station,295434,same_key
divvy_041626d8da2a47f5,Public Rack - Trader Joe's Clybourn Ave,public_rack,2026-05-03 12:00:02.666000,41.91467859,-87.6549158,divvy_041626d8da2a47f5,Public Rack - Trader Joe's Clybourn Ave,2026-05-03 12:00:02.666000,41.91467859,-87.6549158,True,public_rack,1062,same_key
divvy_043275bfbd3e5845,Walden Pkwy & 99th St,station,2022-06-20 15:43:44,41.71,-87.67,divvy_bf488453309969fb,Walden Pkwy & 99th St,2022-06-20 15:43:44,,,,station,31,retained_unlocated
divvy_043da64067a1be30,Artesian Ave & 55th St,station,2023-06-01 08:11:05,41.79402,-87.68577,divvy_043da64067a1be30,Artesian Ave & 55th St,2021-10-06 17:25:01,41.79402,-87.68577,True,station,938,same_key
divvy_0449069ed674df3e,Wells St & Hubbard St,station,2014-01-01 16:16:00,41.889906,-87.634266,divvy_0449069ed674df3e,Wells St & Hubbard St,2014-01-01 16:16:00,41.889906,-87.634266,True,station,444939,same_key
divvy_0456020600c496f6,Pubic Rack - Pulaski Rd & 41st,station,2022-05-10 15:51:29,41.82,-87.72,divvy_301412533e26d4a5,Pulaski Rd & 41st,2022-05-10 15:51:29,,,,station,28,retained_unlocated
divvy_0456020600c496f6,Pubic Rack - Pulaski Rd & 41st,station,2022-05-10 15:51:29,41.82,-87.72,divvy_97c6120466b97e5d,Pubic Rack - Pulaski Rd & 41st,2022-09-02 16:10:05,,,,station,38,retained_unlocated
divvy_047fd4b975128cce,Lincoln Ave & Dickens Ave,station,2025-08-27 16:14:08.427000,41.92012,-87.6416,divvy_047fd4b975128cce,Lincoln Ave & Dickens Ave,2025-08-27 16:14:08.427000,41.92012,-87.6416,True,station,14601,same_key
divvy_04818ac08de514bf,Public Rack - Melvina Ave & Montrose Ave,public_rack,2023-05-04 18:33:45,41.96,-87.78,divvy_cedb9a94cdd25b1b,Public Rack - Melvina Ave & Montrose Ave,2023-05-04 18:33:45,41.9588498,-87.7819167,True,public_rack,7,reassigned_or_rekeyed
divvy_048a095825a52140,Public Rack - Parnell Ave & 119th St,public_rack,2023-05-23 08:23:52,41.67711,-87.635677,divvy_048a095825a52140,Public Rack - Parnell Ave & 119th St,2023-05-23 08:23:52,41.67711,-87.635677,True,public_rack,5,same_key
divvy_04c3139c278db9c5,Public Rack - Grand Ave & North Ave,public_rack,2023-09-17 02:44:42,41.909614,-87.734722,divvy_04c3139c278db9c5,Public Rack - Grand Ave & North Ave,2022-06-15 17:35:30,41.909614,-87.734722,True,public_rack,15,same_key
divvy_04cfcffd429d15ea,Central Ave & Congress Pkwy,station,2022-05-13 10:00:53,41.87,-87.76,divvy_a1e735989fb216e1,Central Ave & Congress Pkwy,2022-05-13 10:00:53,,,,station,11,retained_unlocated
divvy_04e91541b2d392b5,Pulaski Rd & 21st St,station,2023-06-01 00:14:36,41.853452,-87.724541,divvy_04e91541b2d392b5,Pulaski Rd & 21st St,2021-07-26 14:51:40,41.853452,-87.724541,True,station,307,same_key
divvy_05349ee41984a2ff,Narragansett Ave & School St,station,2021-08-08 13:54:46,41.94,-87.79,divvy_2b22d80a4e93174d,Narragansett Ave & School St,2021-08-08 13:54:46,41.94012,-87.78648,True,station,987,reassigned_or_rekeyed
divvy_053e57a9fa2a2ad8,Augusta Blvd & Laramie Ave,station,2023-06-04 16:11:11,41.8986607,-87.7554551,divvy_053e57a9fa2a2ad8,Augusta Blvd & Laramie Ave,2021-11-05 12:18:20,41.8986607,-87.7554551,True,station,370,same_key
divvy_054bcfe62a6805dd,California Ave & Touhy Ave,station,2024-03-29 17:22:55,42.0120368,-87.7004371,divvy_054bcfe62a6805dd,California Ave & Touhy Ave,2024-03-29 17:22:55,42.0120368,-87.7004371,True,station,1646,same_key
divvy_05869cc712b7654e,Public Rack - Wood St & 103rd St,public_rack,2023-07-12 08:10:01,41.706498,-87.667091,divvy_05869cc712b7654e,Public Rack - Wood St & 103rd St,2022-09-06 22:58:01,41.706498,-87.667091,True,public_rack,66,same_key
divvy_058951b1167402f9,Cicero Ave & Flournoy St,station,2016-06-16 19:32:00,41.872131,-87.746619,divvy_058951b1167402f9,Cicero Ave & Flournoy St,2016-06-16 19:32:00,41.872131,-87.746619,True,station,1217,same_key
divvy_058d773680a2947a,Ashland Ave & Wellington Ave,station,2013-06-28 13:24:00,41.936083,-87.669807,divvy_058d773680a2947a,Ashland Ave & Wellington Ave,2013-06-28 13:24:00,41.936083,-87.669807,True,station,135153,same_key
divvy_0591119d1926abab,Public Rack - Wentworth Park,public_rack,2023-08-01 19:34:07,41.78878,-87.77964,divvy_0591119d1926abab,Public Rack - Wentworth Park,2023-08-01 19:34:07,41.78878,-87.77964,True,public_rack,73,same_key
divvy_05a0a1489979b71f,Columbus Ave & 83rd Pl,station,2024-01-02 18:39:02,41.741346,-87.713696,divvy_05a0a1489979b71f,Columbus Ave & 83rd Pl,2024-01-02 18:39:02,41.741346,-87.713696,True,station,168,same_key
divvy_05ac5d6d477ca71e,Public Rack - Clark St & Oak St,public_rack,2026-05-02 08:04:50.884000,41.90107054,-87.63147893,divvy_05ac5d6d477ca71e,Public Rack - Clark St & Oak St,2026-05-02 08:04:50.884000,41.90107054,-87.63147893,True,public_rack,480,same_key
divvy_05b76e1e5584f662,Public Rack - Lawrence Ave & 103rd St,public_rack,2022-11-03 16:11:00,41.71,-87.61,divvy_e3a8f24aacd1e774,Public Rack - Lawrence Ave & 103rd St,2022-11-03 16:11:00,41.707665,-87.608695,True,public_rack,1,reassigned_or_rekeyed
divvy_05f48067a71e6bb1,Franklin St & Madison St,station,2025-10-01 15:19:38.543000,41.88139,-87.63542,divvy_05f48067a71e6bb1,Franklin St & Madison St,2025-10-01 15:19:38.543000,41.88139,-87.63542,True,station,4853,same_key
divvy_0637a7420d42d76b,Public Rack - Loomis St & 87th St,public_rack,2022-09-09 23:22:38,41.74,-87.66,divvy_a8084ac266e4008c,Public Rack - Loomis St & 87th St,2022-09-09 23:22:38,41.735465,-87.657585,True,public_rack,215,reassigned_or_rekeyed
divvy_064765d877f527e2,Halsted St & Roosevelt Rd,station,2015-07-01 00:33:00,41.867324,-87.648625,divvy_064765d877f527e2,Halsted St & Roosevelt Rd,2015-07-01 00:33:00,41.867324,-87.648625,True,station,131376,same_key
divvy_06488722e25e4b8d,Tripp Ave & 31st St,station,2021-07-26 14:19:47,41.84,-87.73,divvy_13af66fefdf12adb,Tripp Ave & 31st St,2021-07-26 14:19:47,41.836966,-87.730502,True,station,439,reassigned_or_rekeyed
divvy_06599b86e3d16598,Stetson Ave & South Water St,station,2013-09-04 10:25:00,41.886835,-87.62232,divvy_06599b86e3d16598,Stetson Ave & South Water St,2013-09-04 10:25:00,41.886835,-87.62232,True,station,286675,same_key
divvy_065d85008baa654e,Public Rack - Albany Ave & 111th St - NW,public_rack,2023-08-01 23:07:13,41.691669,-87.698507,divvy_065d85008baa654e,Public Rack - Albany Ave & 111th St - NW,2022-10-22 19:16:53,41.691669,-87.698507,True,public_rack,10,same_key
divvy_067fa29bf7e9ecc2,Wabash Ave & Cermak Rd,station,2013-06-27 16:34:00,41.852619,-87.626488,divvy_067fa29bf7e9ecc2,Wabash Ave & Cermak Rd,2013-06-27 16:34:00,41.852619,-87.626488,True,station,84042,same_key
divvy_0683434bb031af00,Avenue J & 102nd St,station,2022-06-05 15:07:17,41.71,-87.53,divvy_53285851b1234f80,Avenue J & 102nd St,2022-06-05 15:07:17,,,,station,2,retained_unlocated
divvy_06b3a82450d3d01f,Eberhart Ave & 91st St,station,2021-02-28 17:20:13,41.729425278020955,-87.60952949523924,divvy_06b3a82450d3d01f,Eberhart Ave & 91st St,2021-02-28 17:20:13,41.729425278020955,-87.60952949523924,True,station,70,same_key
divvy_06c3d3501b621ac0,Laramie Ave & Gladys Ave,station,2016-06-16 19:39:00,41.875806,-87.755285,divvy_06c3d3501b621ac0,Laramie Ave & Gladys Ave,2016-06-16 19:39:00,41.875806,-87.755285,True,station,1273,same_key
divvy_06d00f4e55202b76,Public Rack - Parkside & 63rd,public_rack,2023-05-16 00:21:41,41.78,-87.76,divvy_ccf59dcb208c828d,Public Rack - Parkside & 63rd,2023-05-16 00:21:41,41.778132,-87.763036,True,public_rack,3,reassigned_or_rekeyed
divvy_06d33242a59cbf36,Central Park Ave & Ardmore Ave,station,2024-04-19 16:43:52,41.9866081,-87.7187674,divvy_06d33242a59cbf36,Central Park Ave & Ardmore Ave,2024-04-19 16:43:52,41.9866081,-87.7187674,True,station,2299,same_key
divvy_06dab634b4694ed2,Public Rack - Pulaski Rd & Lake St,public_rack,2023-05-27 15:36:36,41.885577,-87.72606,divvy_06dab634b4694ed2,Public Rack - Pulaski Rd & Lake St,2022-07-10 22:53:39,41.885577,-87.72606,True,public_rack,124,same_key
divvy_06df72d9a04adaaf,Public Rack - Canfield & Victoria,public_rack,2023-06-01 06:41:14,41.985067,-87.823171,divvy_06df72d9a04adaaf,Public Rack - Canfield & Victoria,2023-05-10 12:16:36,41.985067,-87.823171,True,public_rack,71,same_key
divvy_072eb2379eef08f5,Public Rack - 532 E 43rd St,public_rack,2023-06-22 14:03:49,41.816847,-87.613294,divvy_072eb2379eef08f5,Public Rack - 532 E 43rd St,2022-09-07 13:53:31,41.816847,-87.613294,True,public_rack,201,same_key
divvy_0745660ba32b73cb,Public Rack - Minnehaha Ave & Devon Ave,public_rack,2023-06-05 10:59:25,41.997456,-87.7619125,divvy_0745660ba32b73cb,Public Rack - Minnehaha Ave & Devon Ave,2023-05-04 10:12:00,41.997456,-87.7619125,True,public_rack,55,same_key
divvy_0765b01a8ba13f0e,Public Rack - Oakley Ave & 50th Pl,public_rack,2024-08-07 11:53:01.392000,41.80193,-87.680903,divvy_0765b01a8ba13f0e,Public Rack - Oakley Ave & 50th Pl,2022-09-02 18:44:03,41.80193,-87.680903,True,public_rack,5,same_key
divvy_076d23e0c631e325,Christiana Ave & 55th St,station,2022-05-19 18:33:06,41.79,-87.71,divvy_dbc4bff8e18a7d30,Christiana Ave & 55th St,2022-05-19 18:33:06,,,,station,46,retained_unlocated
divvy_077c6acdc5ea2747,Racine Ave & Garfield Blvd,station,2016-06-21 12:15:00,41.794228,-87.655073,divvy_077c6acdc5ea2747,Racine Ave & Garfield Blvd,2016-06-21 12:15:00,41.794228,-87.655073,True,station,2943,same_key
divvy_0798826276ca9261,Torrence Ave & 98th St,station,2022-06-21 20:13:27,41.72,-87.56,divvy_78a035b79a9f9206,Torrence Ave & 98th St,2022-06-21 20:13:27,,,,station,1,retained_unlocated
divvy_07a57dcacd100510,Archer (Damen) Ave & 37th St,station,2019-01-05 02:44:39,41.826712,-87.683144,divvy_07a57dcacd100510,Archer (Damen) Ave & 37th St,2019-01-05 02:44:39,41.826712,-87.683144,True,station,8538,same_key
divvy_07a80da359a53316,Public Rack - Ewing Ave & 105th St,public_rack,2022-09-13 15:33:48,41.7,-87.54,divvy_c72d522de316778d,Public Rack - Ewing Ave & 105th St,2022-09-13 15:33:48,41.704373,-87.53544,True,public_rack,6,reassigned_or_rekeyed
divvy_07c654b536046a81,Greenwood Ave & Lake Park Ave,station,2022-06-03 19:31:08,41.82,-87.6,divvy_890bee207d1df731,Greenwood Ave & Lake Park Ave,2022-06-03 19:31:08,,,,station,47,retained_unlocated
divvy_07c8490d4ea6d2f1,Lincoln Ave & Balmoral Ave,station,2023-06-01 07:49:04,41.979461,-87.693013,divvy_07c8490d4ea6d2f1,Lincoln Ave & Balmoral Ave,2021-10-29 12:55:28,41.979461,-87.693013,True,station,5372,same_key
divvy_07d097af40b1001f,Franklin St & Illinois St,station,2019-08-14 11:36:46,41.89102331025185,-87.63547986745834,divvy_07d097af40b1001f,Franklin St & Illinois St,2019-08-14 11:36:46,41.89102331025185,-87.63547986745834,True,station,189955,same_key
divvy_07f22ce63f088628,Sacramento Blvd & Franklin Blvd,station,2020-01-01 14:31:36,41.89046879243862,-87.70260751247406,divvy_07f22ce63f088628,Sacramento Blvd & Franklin Blvd,2020-01-01 14:31:36,41.89046879243862,-87.70260751247406,True,station,5708,same_key
divvy_0800f22ada43fba0,Paulina St & Flournoy St,station,2020-01-01 18:51:30,41.873061087897916,-87.66913488507271,divvy_0800f22ada43fba0,Paulina St & Flournoy St,2020-01-01 18:51:30,41.873061087897916,-87.66913488507271,True,station,112559,same_key
divvy_0801d985de2b8626,Public Rack - Pulaski & 52nd,public_rack,2022-09-20 20:42:17,41.8,-87.72,divvy_0bbb366f206c9637,Public Rack - Pulaski & 52nd,2022-09-20 20:42:17,41.797244,-87.723377,True,public_rack,39,reassigned_or_rekeyed
divvy_0853ae305963e389,Central Park Ave & Ogden Ave,station,2015-04-29 17:44:00,41.854063503874464,-87.71511733531952,divvy_0853ae305963e389,Central Park Ave & Ogden Ave,2015-04-29 17:44:00,41.854063503874464,-87.71511733531952,True,station,10807,same_key
divvy_0866820a3bb2ec24,Lincoln Ave & Eastwood Ave,station,2013-06-27 16:15:00,41.96583,-87.68651,divvy_0866820a3bb2ec24,Lincoln Ave & Eastwood Ave,2013-06-27 16:15:00,41.96583,-87.68651,True,station,4698,same_key
divvy_0885a9c4d97d1f00,Public Rack - Eberhart Ave & 61st St,public_rack,2023-07-24 22:27:08,41.783745,-87.612919,divvy_0885a9c4d97d1f00,Public Rack - Eberhart Ave & 61st St,2022-06-09 15:13:44,41.783745,-87.612919,True,public_rack,116,same_key
divvy_089cd3205fdcba3b,Public Rack - S. New England/ W. 65th,public_rack,2023-06-12 00:26:07,41.77391,-87.79348,divvy_089cd3205fdcba3b,Public Rack - S. New England/ W. 65th,2023-05-15 22:13:45,41.77391,-87.79348,True,public_rack,97,same_key
divvy_08b7421d7b0ae3e8,Public Rack - 63rd & Western Ave S,public_rack,2023-06-29 18:23:19,41.779196,-87.683589,divvy_08b7421d7b0ae3e8,Public Rack - 63rd & Western Ave S,2022-09-29 14:06:48,41.779196,-87.683589,True,public_rack,11,same_key
divvy_08bad78bc469f7cb,Central Ave & Parker Ave,station,2021-07-31 00:48:21,41.93,-87.77,divvy_72a7b00f7de714c1,Central Ave & Parker Ave,2021-07-31 00:48:21,41.93018,-87.76612,True,station,1119,reassigned_or_rekeyed
divvy_08bf3eb17fa2c85c,Public Rack - Western & 79th,public_rack,2023-05-10 17:44:51,41.750806,-87.682722,divvy_08bf3eb17fa2c85c,Public Rack - Western & 79th,2023-05-10 17:44:51,41.750806,-87.682722,True,public_rack,97,same_key
divvy_08ddaa35e3891431,Harlem & Irving Park,station,2023-06-01 05:12:20,41.9532568,-87.8071434,divvy_7ea11f3c148b8f5c,Harlem & Irving Park,2021-09-08 14:06:34,41.9532568,-87.8071434,True,station,756,reassigned_or_rekeyed
divvy_08ee29e412e51910,Public Rack - Kildare Ave & Division Ave,public_rack,2022-10-11 12:18:29,41.9,-87.73,divvy_4d82ba366f25b701,Public Rack - Kildare Ave & Division Ave,2022-10-11 12:18:29,41.902405,-87.732699,True,public_rack,4,reassigned_or_rekeyed
divvy_08fbe216513ac89b,Cottage Grove Ave & 107th St,station,2026-05-01 14:58:56.205000,41.70015,-87.60793,divvy_08fbe216513ac89b,Cottage Grove Ave & 107th St,2026-05-01 14:58:56.205000,41.70015,-87.60793,True,station,57,same_key
divvy_0908e04ce5c9f931,Public Rack - Talman Ave & 51st St,public_rack,2022-09-27 16:13:37,41.800908,-87.690802,divvy_0908e04ce5c9f931,Public Rack - Talman Ave & 51st St,2022-09-27 16:13:37,41.800908,-87.690802,True,public_rack,110,same_key
divvy_091e81906bea63d1,Public Rack - Northwest Hwy & Overhill Ave,public_rack,2023-07-05 01:59:01,42.0114922,-87.8126378,divvy_091e81906bea63d1,Public Rack - Northwest Hwy & Overhill Ave,2023-07-05 01:59:01,42.0114922,-87.8126378,True,public_rack,11,same_key
divvy_0933098978ccd9a0,Maryland Ave & 104th St,station,2023-06-01 19:22:44,41.705588,-87.602938,divvy_0e3d33a1b7974cf8,Maryland Ave & 104th St,2021-06-02 11:53:34,41.705588,-87.602938,True,station,102,reassigned_or_rekeyed
divvy_0940a48e3251f054,Lincoln Ave & Diversey Pkwy,station,2013-07-29 19:43:00,41.932225,-87.658617,divvy_0940a48e3251f054,Lincoln Ave & Diversey Pkwy,2013-07-29 19:43:00,41.932225,-87.658617,True,station,264231,same_key
divvy_095b4298189f1b1c,Greenview Ave & Jarvis Ave,station,2016-07-07 14:19:46,42.015962,-87.66857,divvy_095b4298189f1b1c,Greenview Ave & Jarvis Ave,2016-07-07 14:19:46,42.015962,-87.66857,True,station,56796,same_key
divvy_096493670b199b5e,Kildare Ave & Chicago Ave,station,2021-09-26 13:34:31,41.9,-87.73,divvy_8cde84db75e60c69,Kildare Ave & Chicago Ave,2021-09-26 13:34:31,41.8954357,-87.7334818,True,station,168,reassigned_or_rekeyed
divvy_09726a055105652d,Hampden Ct & Diversey Pkwy,station,2013-06-29 12:52:00,41.93247,-87.64242,divvy_09726a055105652d,Hampden Ct & Diversey Pkwy,2013-06-29 12:52:00,41.93247,-87.64242,True,station,197853,same_key
divvy_0972b139a3548d22,Public Rack - Independence Blvd & Roosevelt,public_rack,2023-05-31 17:16:34,41.8662123,-87.7184969,divvy_0972b139a3548d22,Public Rack - Independence Blvd & Roosevelt,2022-09-28 19:27:45,41.8662123,-87.7184969,True,public_rack,92,same_key
divvy_099195645a2c82c7,Spaulding Ave & 63rd St,station,2023-05-11 19:10:12,41.77913208333334,-87.70562675,divvy_099195645a2c82c7,Spaulding Ave & 63rd St,2021-10-19 13:40:17,41.77913208333334,-87.70562675,True,station,37,same_key
divvy_09b6dfb53fb5fc81,Eggleston Ave & 111th St,station,2025-04-18 20:57:38.564000,41.69254,-87.63374,divvy_09b6dfb53fb5fc81,Eggleston Ave & 111th St,2025-04-18 20:57:38.564000,41.69254,-87.63374,True,station,162,same_key
divvy_09d2504cc98c6c12,Public Rack - Western Blvd & 53rd St,public_rack,2023-05-26 14:47:43,41.796775,-87.683362,divvy_09d2504cc98c6c12,Public Rack - Western Blvd & 53rd St,2023-05-26 14:47:43,41.796775,-87.683362,True,public_rack,17,same_key
divvy_09e716060f2065e5,Public Rack - Prairie Ave & Garfield Blvd S,public_rack,2023-04-11 19:05:22,41.79,-87.62,divvy_a8f19336b0d65881,Public Rack - Prairie Ave & Garfield Blvd S,2023-04-11 19:05:22,41.794344,-87.619062,True,public_rack,3,reassigned_or_rekeyed
divvy_09ffdf1d0a3356eb,Public Rack - Pulaski Rd & Armitage Ave,public_rack,2022-06-15 12:55:30,41.92,-87.73,divvy_15780747d10b4857,Public Rack - Pulaski Rd & Armitage Ave,2022-06-15 12:55:30,41.91702,-87.727096,True,public_rack,741,reassigned_or_rekeyed
divvy_0a13bf93532ce7f2,Cottage Grove Ave & 43rd St,station,2013-09-12 17:28:00,41.816499,-87.606582,divvy_0a13bf93532ce7f2,Cottage Grove Ave & 43rd St,2013-09-12 17:28:00,41.816499,-87.606582,True,station,19979,same_key
divvy_0a21ae5c17b35bf8,Clark St & Jarvis Ave,station,2016-07-08 19:22:58,42.015963,-87.675005,divvy_0a21ae5c17b35bf8,Clark St & Jarvis Ave,2016-07-08 19:22:58,42.015963,-87.675005,True,station,21941,same_key
divvy_0a32acf924f8e321,Public Rack - Natoma Ave & 61st St,public_rack,2023-05-14 19:06:44,41.780936,-87.787643,divvy_0a32acf924f8e321,Public Rack - Natoma Ave & 61st St,2023-05-14 19:06:44,41.780936,-87.787643,True,public_rack,174,same_key
divvy_0a49ade1fd00a21b,Normal Ave & Archer Ave,station,2013-08-16 14:56:00,41.849527,-87.640591,divvy_0a49ade1fd00a21b,Normal Ave & Archer Ave,2013-08-16 14:56:00,41.849527,-87.640591,True,station,29968,same_key
divvy_0a49d62474977f28,Public Rack - Ewing Ave & 96th St S,public_rack,2023-06-04 17:03:58,41.720634,-87.53517,divvy_0a49d62474977f28,Public Rack - Ewing Ave & 96th St S,2022-10-04 19:36:11,41.720634,-87.53517,True,public_rack,8,same_key
divvy_0a4ba56ff3c26ecb,Sacramento Blvd & Franklin Blvd,station,2015-05-15 16:53:00,41.889727,-87.70103,divvy_0a4ba56ff3c26ecb,Sacramento Blvd & Franklin Blvd,2015-05-15 16:53:00,41.889727,-87.70103,True,station,3851,same_key
divvy_0a53794bd18ab532,Public Rack - Mozart Elementary School,public_rack,2022-06-14 18:45:22,41.92,-87.72,divvy_544aa0969bf1765a,Public Rack - Mozart Elementary School,2022-06-14 18:45:22,41.921325,-87.722375,True,public_rack,386,reassigned_or_rekeyed
divvy_0a54d94b6fda0f7b,Public Rack - Rutherford & 53rd,public_rack,2023-06-02 02:41:50,41.795118,-87.790519,divvy_0a54d94b6fda0f7b,Public Rack - Rutherford & 53rd,2023-05-20 16:59:04,41.795118,-87.790519,True,public_rack,18,same_key
divvy_0a5c5ac8591037a5,Public Rack - Central Ave & Congress Pkwy,public_rack,2022-12-03 18:17:26,41.87,-87.76,divvy_5322b7e22d7df6d8,Public Rack - Central Ave & Congress Pkwy,2022-12-03 18:17:26,41.87369,-87.764746,True,public_rack,3,reassigned_or_rekeyed
divvy_0a7d39ff03522f46,Public Rack - Keeler Ave & 26th St,public_rack,2023-05-24 19:03:51,41.844058,-87.729873,divvy_0a7d39ff03522f46,Public Rack - Keeler Ave & 26th St,2022-07-27 19:18:47,41.844058,-87.729873,True,public_rack,23,same_key
divvy_0a7dbb3c893e659a,Kedzie Ave & Armitage Ave,station,2025-09-12 11:00:17.894000,41.91759,-87.70685,divvy_0a7dbb3c893e659a,Kedzie Ave & Armitage Ave,2025-09-12 11:00:17.894000,41.91759,-87.70685,True,station,7234,same_key
divvy_0a99728861d7a387,Bennett Ave & 96th St,station,2022-05-11 01:29:36,41.72,-87.58,divvy_3ef72defb5b227fb,Bennett Ave & 96th St,2022-05-11 01:29:36,,,,station,3,retained_unlocated
divvy_0aa996b0f722f1f9,Public Rack - Michigan Ave & 113th St,public_rack,2022-10-03 10:47:03,41.688872,-87.620879,divvy_80fdd6d5c8332baa,Public Rack - Michigan Ave & 113th St,2022-10-03 10:47:03,41.688872,-87.620879,True,public_rack,17,reassigned_or_rekeyed
divvy_0ad59c1505e2f7ef,Prospect Sq & 91st St,station,2020-08-14 19:38:18,41.7282338,-87.6675239,divvy_0ad59c1505e2f7ef,Prospect Sq & 91st St,2020-08-14 19:38:18,41.7282338,-87.6675239,True,station,2700,same_key
divvy_0aeb149126fec5ef,Sedgwick St & Schiller St,station,2013-08-20 18:05:00,41.907626,-87.638566,divvy_0aeb149126fec5ef,Sedgwick St & Schiller St,2013-08-20 18:05:00,41.907626,-87.638566,True,station,95317,same_key
divvy_0af15cdf62e8e41c,Western Ave & 100th St,station,2022-06-11 20:35:12,41.71,-87.68,divvy_4f16021bc21b53e9,Western Ave & 100th St,2022-06-11 20:35:12,,,,station,41,retained_unlocated
divvy_0b0354b4f529f508,Kilpatrick Ave & Parker Ave,station,2023-06-01 06:45:28,41.93074,-87.74407,divvy_0b0354b4f529f508,Kilpatrick Ave & Parker Ave,2021-07-28 12:54:37,41.93074,-87.74407,True,station,1654,same_key
divvy_0b056a24b152e51f,Public Rack - Baker Ave & 863rd Pl,public_rack,2024-04-15 09:33:25,41.743346,-87.550582,divvy_0b056a24b152e51f,Public Rack - Baker Ave & 863rd Pl,2023-03-14 17:46:57,41.743346,-87.550582,True,public_rack,5,same_key
divvy_0b06f15c501542d7,Long Ave & Belmont Ave,station,2021-07-27 21:37:39,41.94,-87.76,divvy_e67e9f2846fa44e4,Long Ave & Belmont Ave,2021-07-27 21:37:39,41.93833,-87.76166,True,station,1150,reassigned_or_rekeyed
divvy_0b30c3fd815b3777,Clark St & Eddy St,station,2025-09-11 16:36:05.112000,41.94628,-87.65627,divvy_0b30c3fd815b3777,Clark St & Eddy St,2025-09-11 16:36:05.112000,41.94628,-87.65627,True,station,17896,same_key
divvy_0b3265d80abed27e,Public Rack - Springfield Ave & 63rd St,public_rack,2023-06-02 16:17:53,41.778582,-87.718925,divvy_0b3265d80abed27e,Public Rack - Springfield Ave & 63rd St,2022-09-08 06:53:34,41.778582,-87.718925,True,public_rack,10,same_key
divvy_0b39260d8d2c457b,Ada St & 119th St,station,2022-07-19 21:36:15,41.68,-87.65,divvy_83299cff5fdf4799,Ada St & 119th St,2022-07-19 21:36:15,,,,station,4,retained_unlocated
divvy_0b3ce68bfeb47274,Sheffield Ave & Fullerton Ave,station,2013-06-27 19:35:00,41.9256163,-87.6536574,divvy_0b3ce68bfeb47274,Sheffield Ave & Fullerton Ave,2013-06-27 19:35:00,41.9256163,-87.6536574,True,station,446548,same_key
divvy_0b4033268457f0b6,Public Rack - Normandy Ave & Raven St,public_rack,2023-06-02 16:36:06,41.993871,-87.792536,divvy_0b4033268457f0b6,Public Rack - Normandy Ave & Raven St,2023-05-11 07:24:54,41.993871,-87.792536,True,public_rack,8,same_key
divvy_0b5fd7f0f8bc22a2,Public Rack - Austin Ave & Wellington Ave - midblock,public_rack,2022-06-22 18:43:57,41.93,-87.78,divvy_51d7589e52a7ffec,Public Rack - Austin Ave & Wellington Ave - midblock,2022-06-21 18:40:25,,,,public_rack,1,retained_unlocated
divvy_0b777131ce6f86c6,Hoyne Ave & 110th Pl,station,2022-05-19 08:09:03,41.69,-87.67,divvy_17dfb2c2d94bf46b,Hoyne Ave & 110th Pl,2022-05-19 08:09:03,,,,station,43,retained_unlocated
divvy_0b820ed8483b5192,Kostner Ave & Lake St,station,2016-06-15 18:35:00,41.885928,-87.73541,divvy_0b820ed8483b5192,Kostner Ave & Lake St,2016-06-15 18:35:00,41.885928,-87.73541,True,station,1507,same_key
divvy_0b8917b35226261a,Public Rack - Oleander Ave & Addison St,public_rack,2022-10-07 08:31:20,41.94,-87.82,divvy_8eebccbcf7d9ec76,Public Rack - Oleander Ave & Addison St,2022-10-07 08:31:20,41.944983,-87.815865,True,public_rack,2,reassigned_or_rekeyed
divvy_0b930af46774edeb,Public Rack - King Dr & 71st St,public_rack,2022-07-11 15:01:20,41.77,-87.61,divvy_b7c29f9c66275d27,Public Rack - King Dr & 71st St,2022-07-11 15:01:20,41.765862,-87.614787,True,public_rack,9,reassigned_or_rekeyed
divvy_0b9cec479397ec25,N Damen Ave & W Wabansia St,station,2021-01-12 21:21:08,41.91,-87.68,divvy_8af1141e5eacd17d,N Damen Ave & W Wabansia St,2021-01-12 21:21:08,,,,station,5,retained_unlocated
divvy_0ba2cf245e7f644a,Paulina St & Cortland St,station,2025-09-22 16:49:06.701000,41.91626,-87.67019,divvy_0ba2cf245e7f644a,Paulina St & Cortland St,2025-09-22 16:49:06.701000,41.91626,-87.67019,True,station,8281,same_key
divvy_0bac96deb58afc4b,Kedzie Ave & Redfield Dr,station,2023-09-23 17:19:31,41.76523,-87.70316,divvy_0bac96deb58afc4b,Kedzie Ave & Redfield Dr,2023-09-23 17:19:31,41.76523,-87.70316,True,station,628,same_key
divvy_0badcf424ea3dab1,Elizabeth St & 92nd St,station,2020-08-14 16:41:50,41.726798963701185,-87.65429019927979,divvy_0badcf424ea3dab1,Elizabeth St & 92nd St,2020-08-14 16:41:50,41.726798963701185,-87.65429019927979,True,station,1599,same_key
divvy_0bbb366f206c9637,Public Rack - Pulaski & 52nd,public_rack,2023-06-06 10:29:46,41.797244,-87.723377,divvy_0bbb366f206c9637,Public Rack - Pulaski & 52nd,2022-09-20 20:42:17,41.797244,-87.723377,True,public_rack,40,same_key
divvy_0bc200861dd8a6e2,Lawndale Ave & Diversey Ave,station,2022-05-09 12:18:53,41.93,-87.72,divvy_59f0451b52629614,Lawndale Ave & Diversey Ave,2022-05-09 12:18:53,,,,station,103,retained_unlocated
divvy_0bc3680f95a8cacd,Western Ave & 116th St,station,2022-08-24 20:06:38,41.68,-87.68,divvy_ef4e9502c9f0e87a,Western Ave & 116th St,2022-08-24 20:06:38,,,,station,8,retained_unlocated
divvy_0c0b5aa742ac9997,Public Rack - Christiana Ave & 55th St,public_rack,2022-11-29 03:49:09,41.79,-87.71,divvy_e40dfbea96cbf21e,Public Rack - Christiana Ave & 55th St,2022-11-29 03:49:09,41.793307,-87.707702,True,public_rack,6,reassigned_or_rekeyed
divvy_0c1ea255ae96ab19,Komensky Ave & 31st St,station,2021-08-11 18:36:46,41.84,-87.73,divvy_10a7235788ac81c9,Komensky Ave & 31st St,2021-08-11 18:36:46,41.8367,-87.72564,True,station,875,reassigned_or_rekeyed
divvy_0c304793a80b5f80,Public Rack - Devon Ave & Central Ave,public_rack,2023-06-23 12:18:08,41.997463,-87.764063,divvy_0c304793a80b5f80,Public Rack - Devon Ave & Central Ave,2023-05-05 23:18:31,41.997463,-87.764063,True,public_rack,33,same_key
divvy_0c3c8645e911cfeb,Public Rack - Southport Ave & Fullteron Ave,public_rack,2026-05-01 17:53:24.043000,41.92509658,-87.66323499,divvy_0c3c8645e911cfeb,Public Rack - Southport Ave & Fullteron Ave,2026-05-01 17:53:24.043000,41.92509658,-87.66323499,True,public_rack,1073,same_key
divvy_0c513191e09ac855,Public Rack - Midway Orange Line,public_rack,2022-09-10 10:00:36,41.79,-87.74,divvy_2c4b904a76138cc7,Public Rack - Midway Orange Line,2022-09-10 10:00:36,41.785894,-87.738031,True,public_rack,179,reassigned_or_rekeyed
divvy_0c582a5da21e4706,McClurg Ct & Illinois St,station,2013-06-28 07:13:00,41.890359,-87.617532,divvy_0c582a5da21e4706,McClurg Ct & Illinois St,2013-06-28 07:13:00,41.890359,-87.617532,True,station,329335,same_key
divvy_0c6f274da5422603,Public Rack - Jensen Park,public_rack,2022-06-05 08:47:47,41.96,-87.72,divvy_28a274f2256b6639,Public Rack - Jensen Park,2022-06-05 08:47:47,41.964864,-87.720774,True,public_rack,225,reassigned_or_rekeyed
divvy_0c83183e253af950,Public Rack - Longwood Dr & 95th St,public_rack,2022-10-17 18:53:20,41.720921,-87.669585,divvy_0c83183e253af950,Public Rack - Longwood Dr & 95th St,2022-10-17 18:53:20,41.720921,-87.669585,True,public_rack,43,same_key
divvy_0ca268041b2939bf,Broadway & Wilson Ave,station,2013-09-18 12:49:00,41.965221,-87.658139,divvy_0ca268041b2939bf,Broadway & Wilson Ave,2013-09-18 12:49:00,41.965221,-87.658139,True,station,200812,same_key
divvy_0ce759deb89592fc,Public Rack - Kedzie Ave & 54th St - SW,public_rack,2022-09-21 18:27:25,41.8,-87.7,divvy_b8cbc0b895be3e62,Public Rack - Kedzie Ave & 54th St - SW,2022-09-21 18:27:25,41.795222,-87.703719,True,public_rack,23,reassigned_or_rekeyed
divvy_0cfdc9cb6a4a4f95,Winthrop Ave & Sheridan Rd,station,2026-05-09 11:45:39.375000,41.99814,-87.65885,divvy_0cfdc9cb6a4a4f95,Winthrop Ave & Sheridan Rd,2026-05-09 11:45:39.375000,41.99814,-87.65885,True,station,1830,same_key
divvy_0d111808b53ae7f5,Kildare & Cermak,station,2022-03-03 16:21:09,41.85,-87.73,divvy_958363f26fd84b22,Kildare & Cermak,2022-03-03 16:21:09,41.851414,-87.73215,True,station,267,reassigned_or_rekeyed
divvy_0d11a3bc3e8b2c3d,Public Rack - Longwood Dr & 111th St,public_rack,2022-11-28 09:17:06,41.69,-87.67,divvy_b2fb6919f72fd25a,Public Rack - Longwood Dr & 111th St,2022-11-28 09:17:06,41.69163,-87.671782,True,public_rack,20,reassigned_or_rekeyed
divvy_0d2a8d53f133fa36,Public Rack - Prairie Ave & 47th St,public_rack,2022-09-09 13:59:08,41.809497,-87.618997,divvy_e04914f2c72b412a,Public Rack - Prairie Ave & 47th St,2022-09-09 13:59:08,41.809497,-87.618997,True,public_rack,635,reassigned_or_rekeyed
divvy_0d2d306abe58f536,Halsted St & 95th St - SW,station,2022-06-12 20:06:46,41.72,-87.64,divvy_5f6ac69a53d0b9eb,Halsted St & 95th St - SW,2022-06-12 20:06:46,,,,station,10,retained_unlocated
divvy_0d3129d71f7095e6,Public Rack - Kingston Ave & 75th St,public_rack,2022-06-16 22:30:11,41.76,-87.56,divvy_c6772c37046857a7,Public Rack - Kingston Ave & 75th St,2022-06-16 22:30:11,41.758905,-87.562188,True,public_rack,10,reassigned_or_rekeyed
divvy_0d47b5a6f206d62b,Sawyer Ave & Lawrence Ave,station,2022-05-22 02:21:39,41.97,-87.71,divvy_a14789cc470012f4,Sawyer Ave & Lawrence Ave,2022-05-22 02:21:39,,,,station,30,retained_unlocated
divvy_0d5432c18b33a307,Public Rack - Western Ave & 104th St - West,public_rack,2023-06-11 20:21:04,41.703952,-87.681953,divvy_1463b55cc80eeab0,Public Rack - Western Ave & 104th St - West,2022-09-22 17:34:17,41.703952,-87.681953,True,public_rack,27,reassigned_or_rekeyed
divvy_0d660176ac84028b,Lawndale Ave & 30th St,station,2021-08-12 15:12:25,41.84,-87.72,divvy_d48d1e4cb7fd3647,Lawndale Ave & 30th St,2021-08-12 15:12:25,41.8389124,-87.7168955,True,station,702,reassigned_or_rekeyed
divvy_0d6c54b5feb429d1,St. Clair St & Erie St 2,station,2025-12-16 14:54:28.696000,41.89445,-87.62268,divvy_0d6c54b5feb429d1,St. Clair St & Erie St 2,2025-12-16 14:54:28.696000,41.89445,-87.62268,True,station,17874,same_key
divvy_0d76f11555b53743,California Ave & Augusta Blvd,station,2015-04-30 18:35:00,41.89935755,-87.69643947,divvy_0d76f11555b53743,California Ave & Augusta Blvd,2015-04-30 18:35:00,41.89935755,-87.69643947,True,station,1049,same_key
divvy_0d857d9c6b8b7bde,Public Rack - Colfax Ave & 83rd St,public_rack,2023-05-30 14:44:28,41.744818,-87.561055,divvy_0d857d9c6b8b7bde,Public Rack - Colfax Ave & 83rd St,2022-09-25 23:38:06,41.744818,-87.561055,True,public_rack,33,same_key
divvy_0dbc35a4a99e160b,West Lawn Park,station,2022-05-24 18:19:52,41.77,-87.73,divvy_5df187090acd9fe9,West Lawn Park,2022-05-24 18:19:52,,,,station,4,retained_unlocated
divvy_0dd22f164293e829,Western Ave & 111th St - SW,station,2022-05-22 12:49:14,41.69,-87.68,divvy_2801e07307946683,Western Ave & 111th St - SW,2022-05-22 12:49:14,,,,station,26,retained_unlocated
divvy_0ddcf1a03b21f396,Public Rack - Melvina Ave & Belmont Ave,public_rack,2022-06-17 18:56:27,41.94,-87.78,divvy_5e71aa922e963540,Public Rack - Melvina Ave & Belmont Ave,2022-06-17 18:56:27,41.9384207,-87.7813896,True,public_rack,114,reassigned_or_rekeyed
divvy_0e1af0424d6b2f08,Plainfield & Irving Park,station,2023-06-01 16:39:12,41.952037,-87.833283,divvy_0e1af0424d6b2f08,Plainfield & Irving Park,2021-08-13 20:43:52,41.952037,-87.833283,True,station,113,same_key
divvy_0e1cc2fa312d2db5,Southport Ave & Clybourn Ave,station,2013-09-25 12:29:00,41.9207449,-87.6636913,divvy_0e1cc2fa312d2db5,Southport Ave & Clybourn Ave,2013-09-25 12:29:00,41.9207449,-87.6636913,True,station,181846,same_key
divvy_0e3f2684ba77f531,Wrigley Events Parking Area,station,2024-07-15 16:26:29.526000,41.9472,-87.65395,divvy_0e3f2684ba77f531,Wrigley Events Parking Area,2024-07-15 16:26:29.526000,41.9472,-87.65395,True,station,1209,same_key
divvy_0e4138e16489730f,Public Rack - Western Ave & 107th Pl,public_rack,2023-07-03 20:51:20,41.698022,-87.681175,divvy_0e4138e16489730f,Public Rack - Western Ave & 107th Pl,2022-07-19 19:03:24,41.698022,-87.681175,True,public_rack,17,same_key
divvy_0e6562d5781e5474,Kenneth Ave & 63rd St,station,2022-05-12 22:43:24,41.78,-87.73,divvy_ba4221a0c4c839af,Kenneth Ave & 63rd St,2022-05-12 22:43:24,,,,station,18,retained_unlocated
divvy_0e7832d38857fc5a,Public Rack - Cottage Grove & 85th St,public_rack,2022-10-01 12:54:14,41.74,-87.6,divvy_4e6cc01082dfb703,Public Rack - Cottage Grove & 85th St,2022-10-01 12:54:14,41.740086,-87.604743,True,public_rack,8,reassigned_or_rekeyed
divvy_0e8f513ba3de846a,Public Rack - Cottage Grove & 84th St,public_rack,2023-01-12 14:12:30,41.74,-87.6,divvy_6a83a07d4f45a8e2,Public Rack - Cottage Grove & 84th St,2023-01-12 14:12:30,41.741957,-87.604839,True,public_rack,1,reassigned_or_rekeyed
divvy_0e9022bcba11bb0f,Public Rack - Milwaukee Ave & Warner Ave,public_rack,2023-06-03 20:23:18,41.9562591,-87.7507656,divvy_0e9022bcba11bb0f,Public Rack - Milwaukee Ave & Warner Ave,2023-06-03 20:23:18,41.9562591,-87.7507656,True,public_rack,132,same_key
divvy_0e9ce9b4986ba484,Damen Ave & Charleston St,station,2013-06-29 17:29:00,41.920082,-87.677855,divvy_0e9ce9b4986ba484,Damen Ave & Charleston St,2013-06-29 17:29:00,41.920082,-87.677855,True,station,129069,same_key
divvy_0e9e0aa97263dfea,Green St & Chicago Ave,station,2025-08-13 10:09:30.704000,41.89621,-87.64902,divvy_0e9e0aa97263dfea,Green St & Chicago Ave,2025-08-13 10:09:30.704000,41.89621,-87.64902,True,station,1342,same_key
divvy_0e9e4f7985e1e9c8,Milwaukee Ave & Armitage Ave,station,2025-09-19 15:48:38.351000,41.91771,-87.68864,divvy_0e9e4f7985e1e9c8,Milwaukee Ave & Armitage Ave,2025-09-19 15:48:38.351000,41.91771,-87.68864,True,station,10718,same_key
divvy_0e9eaf52b09ca11f,Central Park Ave & Fillmore St,station,2022-05-20 21:18:17,41.87,-87.71,divvy_77fc4905aeb7e80c,Central Park Ave & Fillmore St,2022-05-20 18:40:08,,,,station,1,retained_unlocated
divvy_0ea252da702edbf1,Halsted St & 35th St,station,2013-06-28 10:04:00,41.830661,-87.647172,divvy_0ea252da702edbf1,Halsted St & 35th St,2013-06-28 10:04:00,41.830661,-87.647172,True,station,51199,same_key
divvy_0ea94cfc2290d1dd,Stony Island Ave & 82nd St,station,2016-08-03 21:13:05,41.746559,-87.586005,divvy_0ea94cfc2290d1dd,Stony Island Ave & 82nd St,2016-08-03 21:13:05,41.746559,-87.586005,True,station,2336,same_key
divvy_0eaa6cd30cb2ae0d,Public Rack - Clark St & Diversey Pkwy (North 1),public_rack,2026-05-01 16:44:06.500000,41.93318983,-87.6452992,divvy_0eaa6cd30cb2ae0d,Public Rack - Clark St & Diversey Pkwy (North 1),2026-05-01 16:44:06.500000,41.93318983,-87.6452992,True,public_rack,1060,same_key
divvy_0ed6e19e673389a3,Clark St & Waveland Ave,station,2013-06-29 22:33:00,41.94893,-87.65775,divvy_0ed6e19e673389a3,Clark St & Waveland Ave,2013-06-29 22:33:00,41.94893,-87.65775,True,station,11026,same_key
divvy_0ed97513219842dc,Public Rack - Wallace St & 112 St,public_rack,2023-01-13 15:14:25,41.69,-87.64,divvy_a64d3c61fa5fc52a,Public Rack - Wallace St & 112 St,2023-01-13 15:14:25,41.690092,-87.637636,True,public_rack,1,reassigned_or_rekeyed
divvy_0ee5c00670465c8d,Rockwell St & 57th St,station,2021-10-03 09:22:49,41.79031,-87.68888,divvy_533964160429eaff,Rockwell St & 57th St,2021-10-03 09:22:49,41.79031,-87.68888,True,station,1359,reassigned_or_rekeyed
divvy_0ee821a7c247a5e1,Public Rack - Corliss Ave & 133rd St,public_rack,2022-12-15 21:44:07,41.65,-87.6,divvy_53916c9be589a831,Public Rack - Corliss Ave & 133rd St,2022-12-15 21:44:07,41.653138,-87.601057,True,public_rack,1,reassigned_or_rekeyed
divvy_0ef0b9f4f187b632,Public Rack - Halsted St & 113th St,public_rack,2022-07-25 15:12:15,41.69,-87.64,divvy_864a0a2559051d61,Public Rack - Halsted St & 113th St,2022-07-25 15:12:15,41.68851,-87.642512,True,public_rack,3,reassigned_or_rekeyed
divvy_0f1f927aa46a1a6e,Wood St & Milwaukee Ave,station,2025-09-03 15:56:06.418000,41.90629,-87.67151,divvy_0f1f927aa46a1a6e,Wood St & Milwaukee Ave,2025-09-03 15:56:06.418000,41.90629,-87.67151,True,station,8514,same_key
divvy_0f2ea6a1bf00943e,Public Rack - Rush St & Oak St,public_rack,2026-05-01 16:37:14.798000,41.90069176,-87.62768428,divvy_0f2ea6a1bf00943e,Public Rack - Rush St & Oak St,2026-05-01 16:37:14.798000,41.90069176,-87.62768428,True,public_rack,3343,same_key
divvy_0f30d75e74085641,Public Rack - Devon Ave & Kinzua Ave,public_rack,2023-06-21 17:39:42,41.997467875,-87.764668345,divvy_0f30d75e74085641,Public Rack - Devon Ave & Kinzua Ave,2023-06-21 17:39:42,41.997467875,-87.764668345,True,public_rack,18,same_key
divvy_0f3a188e25c110d7,Damen Ave & 87th St,station,2023-11-14 09:02:06,41.736044,-87.672861,divvy_0f3a188e25c110d7,Damen Ave & 87th St,2023-11-14 09:02:06,41.736044,-87.672861,True,station,511,same_key
divvy_0f3dec4c70eae296,Aberdeen St & Madison St,station,2013-06-29 12:53:00,41.881487,-87.654752,divvy_0f3dec4c70eae296,Aberdeen St & Madison St,2013-06-29 12:53:00,41.881487,-87.654752,True,station,33336,same_key
divvy_0f43092ffc71e89e,Public Rack - Homan Ave & 111th St,public_rack,2022-09-09 22:25:00,41.69,-87.71,divvy_902a594467c096d8,Public Rack - Homan Ave & 111th St,2022-09-09 22:25:00,41.691578,-87.705842,True,public_rack,3,reassigned_or_rekeyed
divvy_0f56ce0454387bb6,Public Rack - Hamlin Ave & Madison St,public_rack,2022-08-16 15:44:29,41.880833,-87.720797,divvy_0f56ce0454387bb6,Public Rack - Hamlin Ave & Madison St,2022-08-16 15:44:29,41.880833,-87.720797,True,public_rack,95,same_key
divvy_0f5c3fdd62dcba8b,Eli Whitney Public School,station,2022-05-10 00:50:13,41.84,-87.73,divvy_bd6646ba8f122088,Eli Whitney Public School,2022-05-10 00:50:13,,,,station,24,retained_unlocated
divvy_0f5dd0bd0cf39b9b,Public Rack - Christiana Ave & Lawrence Ave,public_rack,2022-06-14 19:20:51,41.97,-87.71,divvy_d7572d3760391195,Public Rack - Christiana Ave & Lawrence Ave,2022-06-14 19:20:51,41.968355179,-87.712761641,True,public_rack,208,reassigned_or_rekeyed
divvy_0f798b0ffe160ef0,Public Rack - Cicero Ave & Le Moyne St - midblock,public_rack,2022-06-14 19:27:53,41.91,-87.75,divvy_1f617bc83b5498c0,Public Rack - Cicero Ave & Le Moyne St - midblock,2022-06-14 19:27:53,41.906919,-87.74623,True,public_rack,21,reassigned_or_rekeyed
divvy_0f7a006e8d0d3db2,Wood St & Taylor St,station,2013-09-22 09:55:00,41.869154,-87.671045,divvy_0f7a006e8d0d3db2,Wood St & Taylor St,2013-09-22 09:55:00,41.869154,-87.671045,True,station,73234,same_key
divvy_0f8bc08ca6350718,Public Rack - Peterson Ave & Drake Ave,public_rack,2022-08-03 21:43:32,41.99,-87.72,divvy_2b3dc2794e8a71fb,Public Rack - Peterson Ave & Drake Ave,2022-08-03 21:43:32,41.990119,-87.717337,True,public_rack,9,reassigned_or_rekeyed
divvy_0f97e371f205f78d,Michigan Ave & 18th St,station,2013-07-15 18:03:00,41.857926,-87.624336,divvy_0f97e371f205f78d,Michigan Ave & 18th St,2013-07-15 18:03:00,41.857926,-87.624336,True,station,233737,same_key
divvy_0fa1568ec6348eb5,Public Rack - Austin Blvd & North Ave,public_rack,2022-06-20 21:45:03,41.91,-87.78,divvy_80f09f68e98d13d3,Public Rack - Austin Blvd & North Ave,2022-06-20 21:45:03,41.909281,-87.775613,True,public_rack,37,reassigned_or_rekeyed
divvy_0fb47ab015b9aab8,Drake Ave & Addison St,station,2015-05-13 14:13:00,41.947326,-87.717582,divvy_0fb47ab015b9aab8,Drake Ave & Addison St,2015-05-13 14:13:00,41.947326,-87.717582,True,station,33222,same_key
divvy_0fddc29e7fbd21f6,Mayfield Ave & Roosevelt Rd,station,2024-04-20 16:19:22,41.86569,-87.77176,divvy_0fddc29e7fbd21f6,Mayfield Ave & Roosevelt Rd,2024-04-20 16:19:22,41.86569,-87.77176,True,station,402,same_key
divvy_10083e32c0acaae7,Western Ave & Ardmore Ave,station,2021-11-21 16:04:58,41.99,-87.69,divvy_e542a8f333641748,Western Ave & Ardmore Ave,2021-11-21 16:04:58,41.98662,-87.68968,True,station,598,reassigned_or_rekeyed
divvy_100d65c2228165b9,Public Rack - Bryn Mawr Ave & Spaulding Ave,public_rack,2023-05-14 09:31:50,41.98,-87.71,divvy_4159987e20dd02c1,Public Rack - Bryn Mawr Ave & Spaulding Ave,2023-05-14 09:31:50,41.9830926,-87.7115845,True,public_rack,2,reassigned_or_rekeyed
divvy_1040c801f42aba2c,S Michigan Ave & E 118th St,station,2020-11-13 19:36:48,41.679804,-87.620843,divvy_1040c801f42aba2c,S Michigan Ave & E 118th St,2020-11-13 19:36:48,41.679804,-87.620843,True,station,221,same_key
divvy_104d50d159991a13,2112 W Peterson Ave,station,2015-05-13 11:18:00,41.991178,-87.683593,divvy_104d50d159991a13,2112 W Peterson Ave,2015-05-13 11:18:00,41.991178,-87.683593,True,station,16716,same_key
divvy_108eec0354ff4a76,Damen Ave & 59th St,station,2017-03-27 16:23:23,41.785861065132,-87.67414391040802,divvy_108eec0354ff4a76,Damen Ave & 59th St,2017-03-27 16:23:23,41.785861065132,-87.67414391040802,True,station,2035,same_key
divvy_10a3cc7109918bcc,Public Rack - Milwaukee Ave & Addison St,public_rack,2023-06-02 07:44:40,41.94651,-87.735721,divvy_10a3cc7109918bcc,Public Rack - Milwaukee Ave & Addison St,2022-06-14 19:50:00,41.94651,-87.735721,True,public_rack,310,same_key
divvy_10a7235788ac81c9,Komensky Ave & 31st St,station,2023-06-01 03:57:23,41.8367,-87.72564,divvy_10a7235788ac81c9,Komensky Ave & 31st St,2021-08-11 18:36:46,41.8367,-87.72564,True,station,1570,same_key
divvy_10c904bfd11c3aa3,Western Ave & Fillmore St,station,2018-10-13 17:10:06,41.868563,-87.686234,divvy_10c904bfd11c3aa3,Western Ave & Fillmore St,2018-10-13 17:10:06,41.868563,-87.686234,True,station,60781,same_key
divvy_10cbad75a1fa0b1d,Public Rack - Osceola Ave & Touhy Ave,public_rack,2023-05-11 10:05:16,42.01,-87.81,divvy_f4221aecc3be6952,Public Rack - Osceola Ave & Touhy Ave,2023-05-11 10:05:16,42.0119181,-87.8126378,True,public_rack,1,reassigned_or_rekeyed
divvy_10ceb656dff3bcd9,Public Rack - Karlov Ave & Milwaukee Ave,public_rack,2023-06-02 07:42:24,41.942702,-87.730011,divvy_10ceb656dff3bcd9,Public Rack - Karlov Ave & Milwaukee Ave,2022-06-14 12:32:19,41.942702,-87.730011,True,public_rack,674,same_key
divvy_10d60b26d44c2aed,Stony Island Ave & 63rd St,station,2023-02-10 16:36:25,41.78,-87.59,divvy_65b0ef3f749e46d4,Stony Island Ave & 63rd St,2023-02-10 16:36:25,41.780506,-87.586853,True,station,143,reassigned_or_rekeyed
divvy_10d635590ab184f6,University Ave & 65th St,station,2024-07-05 18:58:58.734000,41.77694,-87.59842,divvy_10d635590ab184f6,University Ave & 65th St,2024-07-05 18:58:58.734000,41.77694,-87.59842,True,station,2718,same_key
divvy_10db673d8dcbc8de,Dearborn St & Adams St Corral,station,2025-04-30 09:01:27.762000,41.87939,-87.62988,divvy_10db673d8dcbc8de,Dearborn St & Adams St Corral,2025-04-30 09:01:27.762000,41.87939,-87.62988,True,station,1862,same_key
divvy_10ed9a0610d3afd8,Monticello Ave & Lawrence Ave,station,2023-09-19 16:40:36,41.9682,-87.71953,divvy_10ed9a0610d3afd8,Monticello Ave & Lawrence Ave,2023-09-19 16:40:36,41.9682,-87.71953,True,station,6011,same_key
divvy_10f0174da2b87e22,Public Rack - Houston Ave & 131st St,public_rack,2022-12-10 15:58:04,41.66,-87.55,divvy_8ad20e38ad99a05d,Public Rack - Houston Ave & 131st St,2022-12-10 15:58:04,41.656961,-87.548521,True,public_rack,14,reassigned_or_rekeyed
divvy_10f4d79b50cd8236,LaSalle St & Illinois St,station,2013-06-29 13:21:00,41.890762,-87.631697,divvy_10f4d79b50cd8236,LaSalle St & Illinois St,2013-06-29 13:21:00,41.890762,-87.631697,True,station,548754,same_key
divvy_110632d6bcf2f208,Public Rack - Milwaukee Ave & Addison St,public_rack,2022-06-14 19:50:00,41.95,-87.74,divvy_10a3cc7109918bcc,Public Rack - Milwaukee Ave & Addison St,2022-06-14 19:50:00,41.94651,-87.735721,True,public_rack,257,reassigned_or_rekeyed
divvy_1109b32bc3194543,Winchester Ave & 87th St,station,2022-06-11 18:01:54,41.74,-87.67,divvy_82e3aa1239337760,Winchester Ave & 87th St,2022-06-11 18:01:54,,,,station,15,retained_unlocated
divvy_11140494a55e38ed,Public Rack - Harriet E Sayre Public School,public_rack,2023-06-10 03:47:14,41.913547,-87.79876,divvy_11140494a55e38ed,Public Rack - Harriet E Sayre Public School,2022-09-20 16:56:28,41.913547,-87.79876,True,public_rack,42,same_key
divvy_112941592be8d8f9,Damen Ave & Evergreen Ave,station,2025-10-17 14:28:54.082000,41.90605,-87.67758,divvy_112941592be8d8f9,Damen Ave & Evergreen Ave,2025-10-17 14:28:54.082000,41.90605,-87.67758,True,station,4810,same_key
divvy_113a50404831fe03,Public Rack - Vincennes Ave & 99th St,public_rack,2023-09-13 19:31:18,41.712937,-87.653984,divvy_113a50404831fe03,Public Rack - Vincennes Ave & 99th St,2023-02-08 08:12:45,41.712937,-87.653984,True,public_rack,9,same_key
divvy_114b9174145d7607,Public Rack - California Ave & Touhy Ave - SW,public_rack,2023-08-09 18:19:10,42.011867,-87.700407,divvy_114b9174145d7607,Public Rack - California Ave & Touhy Ave - SW,2022-07-31 19:46:11,42.011867,-87.700407,True,public_rack,87,same_key
divvy_114e3c91900115ea,Public Rack - May St & 87th St,public_rack,2024-07-03 12:48:44.382000,41.73556,-87.651701,divvy_114e3c91900115ea,Public Rack - May St & 87th St,2022-08-30 08:41:57,41.73556,-87.651701,True,public_rack,10,same_key
divvy_11628518a63c16d2,Kedzie Ave & Palmer Ct,station,2013-10-09 18:06:00,41.921525,-87.707322,divvy_11628518a63c16d2,Kedzie Ave & Palmer Ct,2013-10-09 18:06:00,41.921525,-87.707322,True,station,106853,same_key
divvy_1170b1606afb27c7,Public Rack - Harding Ave & 47th St,public_rack,2022-09-17 11:46:11,41.81,-87.72,divvy_df24e711748c7901,Public Rack - Harding Ave & 47th St,2022-09-17 11:46:11,41.807749,-87.722579,True,public_rack,12,reassigned_or_rekeyed
divvy_11823eb6f54b8583,Campbell Ave & North Ave,station,2013-07-27 13:00:00,41.910535,-87.689556,divvy_11823eb6f54b8583,Campbell Ave & North Ave,2013-07-27 13:00:00,41.910535,-87.689556,True,station,121378,same_key
divvy_1193a47a73edaee2,Public Rack - Champlain Ave & 134th St,public_rack,2022-09-30 19:44:28,41.66,-87.61,divvy_56b0b9887a00238c,Public Rack - Champlain Ave & 134th St,2022-09-30 19:44:28,41.657379,-87.606444,True,public_rack,1,reassigned_or_rekeyed
divvy_119d8f529408db4f,Shedd Aquarium,station,2015-04-24 14:24:00,41.86722595682,-87.6153553902,divvy_119d8f529408db4f,Shedd Aquarium,2015-04-24 14:24:00,41.86722595682,-87.6153553902,True,station,550430,same_key
divvy_11a91b1b0b39c387,Public Rack - Loomis Blvd & 83rd St,public_rack,2023-06-07 14:44:16,41.743271,-87.658769,divvy_11a91b1b0b39c387,Public Rack - Loomis Blvd & 83rd St,2022-10-01 11:50:10,41.743271,-87.658769,True,public_rack,8,same_key
divvy_11d6cd545fc5c2e6,Western Ave & Berteau Ave,station,2023-06-01 00:41:13,41.95774,-87.688273,divvy_11d6cd545fc5c2e6,Western Ave & Berteau Ave,2022-06-10 21:05:32,41.95774,-87.688273,True,station,9006,same_key
divvy_11e708adbde9fc1c,Albany Ave & 16th St,station,2023-06-06 04:59:08,41.85932,-87.70302,divvy_11e708adbde9fc1c,Albany Ave & 16th St,2022-02-24 13:19:03,41.85932,-87.70302,True,station,907,same_key
divvy_11f7e5f8f85972fe,Jonathan Y Scammon Public School,station,2022-05-14 07:50:59,41.94,-87.73,divvy_dbc7b03334d36a71,Jonathan Y Scammon Public School,2022-05-14 07:50:59,,,,station,47,retained_unlocated
divvy_120759cedc0d26da,Public Rack - Racine Ave & 74th St,public_rack,2023-06-03 12:03:33,41.759439,-87.654146,divvy_120759cedc0d26da,Public Rack - Racine Ave & 74th St,2022-09-16 16:37:54,41.759439,-87.654146,True,public_rack,125,same_key
divvy_12126770577e9a31,Public Rack - Keystone Ave & North Ave,public_rack,2022-06-14 20:40:01,41.91,-87.73,divvy_b9d50df3d8833b42,Public Rack - Keystone Ave & North Ave,2022-06-14 20:40:01,41.909623,-87.727951,True,public_rack,360,reassigned_or_rekeyed
divvy_121637524f962eaa,Public Rack - Kolin Ave & Archer Ave,public_rack,2022-09-29 14:18:45,41.8,-87.73,divvy_69a8f1d8d7bc793b,Public Rack - Kolin Ave & Archer Ave,2022-09-29 14:18:45,41.800514,-87.731802,True,public_rack,16,reassigned_or_rekeyed
divvy_1229b0bf812626a7,Public Rack - Harlem & Summerdale,public_rack,2023-05-03 08:35:35,41.98,-87.81,divvy_2308d98a911dbf17,Public Rack - Harlem & Summerdale,2023-05-03 08:35:35,41.977814,-87.80681,True,public_rack,6,reassigned_or_rekeyed
divvy_12425d9eb525407e,Public Rack - Abbott Park,public_rack,2023-06-10 18:33:07,41.721696,-87.622278,divvy_12425d9eb525407e,Public Rack - Abbott Park,2022-09-18 00:11:03,41.721696,-87.622278,True,public_rack,42,same_key
divvy_1248c1fb3c41e0e4,State St & Kinzie St,station,2013-06-28 16:27:00,41.889375466631684,-87.62707650661469,divvy_1248c1fb3c41e0e4,State St & Kinzie St,2013-06-28 16:27:00,41.889375466631684,-87.62707650661469,True,station,462623,same_key
divvy_125dda4fdd5b8036,Western Ave & Roscoe St,station,2015-05-04 15:56:00,41.943034,-87.687288,divvy_125dda4fdd5b8036,Western Ave & Roscoe St,2015-05-04 15:56:00,41.943034,-87.687288,True,station,62777,same_key
divvy_125eaf7d95913c78,Public Rack - N Narragansett Ave & Grand Ave,public_rack,2023-06-06 14:51:25,41.9225804,-87.7849799,divvy_125eaf7d95913c78,Public Rack - N Narragansett Ave & Grand Ave,2022-09-07 16:40:20,41.9225804,-87.7849799,True,public_rack,119,same_key
divvy_12b6f2841cca016c,Ashland Ave & Grand Ave,station,2013-09-12 16:13:00,41.891072,-87.666611,divvy_12b6f2841cca016c,Ashland Ave & Grand Ave,2013-09-12 16:13:00,41.891072,-87.666611,True,station,119891,same_key
divvy_12b7ee501f131f36,Dorchester Ave & 53rd St,station,2025-11-14 13:13:04.332000,41.79943,-87.59227,divvy_12b7ee501f131f36,Dorchester Ave & 53rd St,2025-11-14 13:13:04.332000,41.79943,-87.59227,True,station,8093,same_key
divvy_12f821fb1fdc000a,Lincoln Ave & Roscoe St,station,2013-08-20 16:41:00,41.9433502470174,-87.67066776752472,divvy_12f821fb1fdc000a,Lincoln Ave & Roscoe St,2013-08-20 16:41:00,41.9433502470174,-87.67066776752472,True,station,233972,same_key
divvy_1302d74de7df83ef,Public Rack - Racine Ave & Nelson St,public_rack,2026-04-08 18:54:15.466000,41.93726,-87.658981,divvy_1302d74de7df83ef,Public Rack - Racine Ave & Nelson St,2026-04-08 18:54:15.466000,41.93726,-87.658981,True,public_rack,2767,same_key
divvy_131049acf409fa2e,Perry St & 119th St,station,2026-06-05 17:15:42.994000,41.67785,-87.62519,divvy_131049acf409fa2e,Perry St & 119th St,2026-06-05 17:15:42.994000,41.67785,-87.62519,True,station,20,same_key
divvy_131833a69740ad7a,Leavitt St & Addison St,station,2015-05-13 17:15:00,41.946655,-87.683359,divvy_131833a69740ad7a,Leavitt St & Addison St,2015-05-13 17:15:00,41.946655,-87.683359,True,station,54302,same_key
divvy_13259f414bcc917b,Wood St & Chicago Ave,station,2018-09-27 15:33:31,41.895634,-87.672069,divvy_13259f414bcc917b,Wood St & Chicago Ave,2018-09-27 15:33:31,41.895634,-87.672069,True,station,104421,same_key
divvy_1346ca82ab16e74f,Pulaski Rd & 21st St,station,2021-07-26 14:51:40,41.85,-87.72,divvy_04e91541b2d392b5,Pulaski Rd & 21st St,2021-07-26 14:51:40,41.853452,-87.724541,True,station,938,reassigned_or_rekeyed
divvy_1367bd1e624286c1,Navy Pier,station,2016-01-01 00:26:00,41.892278,-87.612043,divvy_1367bd1e624286c1,Navy Pier,2016-01-01 00:26:00,41.892278,-87.612043,True,station,1566848,same_key
divvy_13726e6c266022f1,Kostner Ave & Devon Ave,station,2024-04-10 11:13:12,41.997032,-87.73837,divvy_13726e6c266022f1,Kostner Ave & Devon Ave,2024-04-10 11:13:12,41.997032,-87.73837,True,station,1399,same_key
divvy_137bbbaa2a4ecbe1,North Ave Public Rack - 4,public_rack,2026-07-23 17:32:48.226000,41.9188083,-87.6287089,divvy_137bbbaa2a4ecbe1,North Ave Public Rack - 4,2026-07-23 17:32:48.226000,41.9188083,-87.6287089,True,public_rack,136,same_key
divvy_13af66fefdf12adb,Tripp Ave & 31st St,station,2023-05-16 17:54:16,41.836966,-87.730502,divvy_13af66fefdf12adb,Tripp Ave & 31st St,2021-07-26 14:19:47,41.836966,-87.730502,True,station,372,same_key
divvy_13f9b0615b14525e,Public Rack - Wood St & 47th St,public_rack,2022-09-18 10:53:23,41.80932,-87.66998699999999,divvy_b387776365fe8100,Public Rack - Wood St & 47th St,2022-09-18 10:53:23,41.80864,-87.669974,True,public_rack,50,reassigned_or_rekeyed
divvy_14170b6a31e660e7,Public Rack - Hamlin Ave & Montrose Ave,public_rack,2022-06-14 18:57:36,41.96,-87.72,divvy_ad1f8a518c915ddc,Public Rack - Hamlin Ave & Montrose Ave,2022-06-14 18:57:36,41.961216,-87.722416,True,public_rack,677,reassigned_or_rekeyed
divvy_144131bbbaa58184,Public Rack - Michigan Ave & 110th St,public_rack,2023-08-18 16:05:10,41.694364,-87.620715,divvy_144131bbbaa58184,Public Rack - Michigan Ave & 110th St,2023-08-18 16:05:10,41.694364,-87.620715,True,public_rack,6,same_key
divvy_149b1e8769ae3b80,Larrabee St & North Ave,station,2013-06-27 23:15:00,41.91021,-87.6435,divvy_149b1e8769ae3b80,Larrabee St & North Ave,2013-06-27 23:15:00,41.91021,-87.6435,True,station,139865,same_key
divvy_14a4f7323e219b4b,Kedzie Ave & 38th Pl,station,2024-06-26 11:29:33.910000,41.8235109,-87.7041017,divvy_14a4f7323e219b4b,Kedzie Ave & 38th Pl,2024-06-26 11:29:33.910000,41.8235109,-87.7041017,True,station,320,same_key
divvy_14bd3bcb99d86b48,Avers Ave & Ogden Ave,station,2022-06-05 15:07:58,41.85,-87.72,divvy_8ae329ef1b3a8ace,Avers Ave & Ogden Ave,2022-06-05 15:07:58,,,,station,2,retained_unlocated
divvy_14cb29cda27ea625,Canal St & Lake St,station,2025-12-31 14:54:20.348000,41.88597,-87.63999,divvy_14cb29cda27ea625,Canal St & Lake St,2025-12-31 14:54:20.348000,41.88597,-87.63999,True,station,13777,same_key
divvy_14d8164e4499dd13,Public Rack - Komensky Ave & 59th St,public_rack,2023-11-16 11:38:27,41.786049,-87.723645,divvy_14d8164e4499dd13,Public Rack - Komensky Ave & 59th St,2022-10-24 01:10:45,41.786049,-87.723645,True,public_rack,165,same_key
divvy_14f18e82c9cdc64a,Burley Ave & 91st St,station,2024-07-06 13:52:39.169000,41.73054,-87.54558,divvy_14f18e82c9cdc64a,Burley Ave & 91st St,2024-07-06 13:52:39.169000,41.73054,-87.54558,True,station,145,same_key
divvy_14f44e0979a9d1ad,Public Rack - Neva Ave & Grand Ave,public_rack,2022-09-06 19:57:04,41.92,-87.8,divvy_3d05289ca284d8f5,Public Rack - Neva Ave & Grand Ave,2022-09-06 19:57:04,41.923604,-87.804659,True,public_rack,40,reassigned_or_rekeyed
divvy_14f4e2b652ddae01,Public Rack - Keef Ave & South Chicago Ave,public_rack,2022-09-23 02:47:21,41.77,-87.61,divvy_1f60dc33bc946894,Public Rack - Keef Ave & South Chicago Ave,2022-09-23 02:47:21,41.7707,-87.611706,True,public_rack,3,reassigned_or_rekeyed
divvy_14f634daaf5119b6,Public Rack - Cicero Ave & Belle Plaine Ave,public_rack,2023-06-03 16:48:54,41.955625,-87.747517,divvy_14f634daaf5119b6,Public Rack - Cicero Ave & Belle Plaine Ave,2023-05-10 17:58:53,41.955625,-87.747517,True,public_rack,476,same_key
divvy_14fe4484b0f375a1,Ashland Ave & 45th St,station,2022-05-12 23:31:51,41.81,-87.66,divvy_8844feca24dfb4b4,Ashland Ave & 45th St,2022-05-12 23:31:51,,,,station,15,retained_unlocated
divvy_150e5e9d8bb00289,Public Rack - Lotus Ave & Harrison St,public_rack,2024-06-13 11:54:47.823000,41.87298,-87.763267,divvy_150e5e9d8bb00289,Public Rack - Lotus Ave & Harrison St,2022-08-02 20:14:07,41.87298,-87.763267,True,public_rack,4,same_key
divvy_151011e8ec43f6f1,Sacramento Ave & Lunt Ave,station,2024-04-19 15:55:43,42.0082,-87.70461,divvy_151011e8ec43f6f1,Sacramento Ave & Lunt Ave,2024-04-19 15:55:43,42.0082,-87.70461,True,station,1422,same_key
divvy_152c586bac315eaf,Public Rack - Washington Park Ct & 51st St,public_rack,2022-09-01 09:10:50,41.8,-87.62,divvy_8bb7ddc49ec4771b,Public Rack - Washington Park Ct & 51st St,2022-09-01 09:10:50,41.8021917,-87.6151444,True,public_rack,8,reassigned_or_rekeyed
divvy_152f31c0345b9dc8,Troy Ave & 27th St,station,2022-03-28 18:43:26,41.84,-87.7,divvy_fe8260198e02f3eb,Troy Ave & 27th St,2022-03-28 18:43:26,41.84265,-87.70401,True,station,159,reassigned_or_rekeyed
divvy_1530ab1173fb55cb,North Ave Beach,station,2026-07-21 12:20:38.344000,41.91399,-87.62527,divvy_1530ab1173fb55cb,North Ave Beach,2026-07-21 12:20:38.344000,41.91399,-87.62527,True,station,13179,same_key
divvy_1535947c1d6cde38,Weekend Night Parking Area C,station,2024-07-19 21:00:30.946000,41.94479,-87.64948,divvy_1535947c1d6cde38,Weekend Night Parking Area C,2024-07-19 21:00:30.946000,41.94479,-87.64948,True,station,180,same_key
divvy_153a5c41aac8de34,Clark St & Schreiber Ave,station,2015-05-12 17:03:00,41.999245,-87.671249,divvy_153a5c41aac8de34,Clark St & Schreiber Ave,2015-05-12 17:03:00,41.999245,-87.671249,True,station,54808,same_key
divvy_1555ba03bcc135c4,Clinton St & Washington Blvd 2,station,2026-02-03 15:17:46.412000,41.88338,-87.64117,divvy_1555ba03bcc135c4,Clinton St & Washington Blvd 2,2026-02-03 15:17:46.412000,41.88338,-87.64117,True,station,37127,same_key
divvy_15780747d10b4857,Public Rack - Pulaski Rd & Armitage Ave,public_rack,2023-06-01 00:55:57,41.91702,-87.727096,divvy_15780747d10b4857,Public Rack - Pulaski Rd & Armitage Ave,2022-06-15 12:55:30,41.91702,-87.727096,True,public_rack,838,same_key
divvy_157f0ee5072b53bd,Ewing Ave & 105th St,station,2022-05-26 10:56:43,41.7,-87.54,divvy_5dc21c0d58c18ed2,Ewing Ave & 105th St,2022-05-26 10:56:43,,,,station,12,retained_unlocated
divvy_158183556e6baae7,Public Rack - Morgan St & 103rd St,public_rack,2024-11-12 18:53:43.715000,41.706657,-87.647476,divvy_158183556e6baae7,Public Rack - Morgan St & 103rd St,2024-11-12 18:53:43.715000,41.706657,-87.647476,True,public_rack,2,same_key
divvy_1582f84b631f9fa6,Roscoe & Harlem,station,2023-05-24 22:08:57,41.9416062,-87.8072964,divvy_1582f84b631f9fa6,Roscoe & Harlem,2021-08-25 00:36:01,41.9416062,-87.8072964,True,station,335,same_key
divvy_1587644b9ebeb40c,Halsted St & Polk St,station,2013-06-28 07:06:00,41.87184,-87.64664,divvy_1587644b9ebeb40c,Halsted St & Polk St,2013-06-28 07:06:00,41.87184,-87.64664,True,station,258761,same_key
divvy_1597a5d35f11b41f,Ping Tom Park (East),station,2021-09-26 00:26:20,41.86,-87.63,divvy_b49088e87d2f1680,Ping Tom Park (East),2021-09-26 00:26:20,41.8579886,-87.6319447,True,station,726,reassigned_or_rekeyed
divvy_159b7de668a26372,Karlov Ave & Lawrence Ave,station,2023-10-19 09:43:22,41.967947,-87.730409,divvy_159b7de668a26372,Karlov Ave & Lawrence Ave,2023-10-19 09:43:22,41.967947,-87.730409,True,station,2669,same_key
divvy_159c61b30f69d0ba,Elizabeth St & 59th St,station,2020-01-03 10:44:46,41.786691,-87.655859,divvy_159c61b30f69d0ba,Elizabeth St & 59th St,2020-01-03 10:44:46,41.786691,-87.655859,True,station,135,same_key
divvy_15a55ab42539650e,Public Rack - Paul Revere Elementary School,public_rack,2023-06-11 14:56:29,41.764225,-87.600166,divvy_15a55ab42539650e,Public Rack - Paul Revere Elementary School,2022-10-31 14:37:37,41.764225,-87.600166,True,public_rack,10,same_key
divvy_15fd404119c4c633,Mies van der Rohe Way & Chestnut St,station,2015-05-08 16:31:00,41.8985866514,-87.6219152258,divvy_15fd404119c4c633,Mies van der Rohe Way & Chestnut St,2015-05-08 16:31:00,41.8985866514,-87.6219152258,True,station,338446,same_key
divvy_15feaa9bb0757ae2,Public Rack - Marshfield Ave & 87th St,public_rack,2023-07-01 21:19:02,41.735527,-87.663867,divvy_15feaa9bb0757ae2,Public Rack - Marshfield Ave & 87th St,2022-09-29 15:49:29,41.735527,-87.663867,True,public_rack,57,same_key
divvy_1602f1e1c25de7b2,Dusable Harbor,station,2020-01-01 12:48:27,41.886976,-87.612813,divvy_1602f1e1c25de7b2,Dusable Harbor,2020-01-01 12:48:27,41.886976,-87.612813,True,station,263786,same_key
divvy_162dccc57eec3ab3,Addison Red Line Corral,station,2025-07-02 19:02:11.949000,41.9471976,-87.6539514,divvy_162dccc57eec3ab3,Addison Red Line Corral,2025-07-02 19:02:11.949000,41.9471976,-87.6539514,True,station,64,same_key
divvy_162f05b85ebdb332,Lincoln Ave & Belmont Ave,station,2022-05-01 06:03:46,41.93953161982257,-87.6711143553257,divvy_162f05b85ebdb332,Lincoln Ave & Belmont Ave,2022-05-01 06:03:46,41.93953161982257,-87.6711143553257,True,station,21427,same_key
divvy_1643d2a935392946,Jeffery Blvd & 71st St,station,2015-05-01 16:18:00,41.76663823695,-87.5764501141,divvy_1643d2a935392946,Jeffery Blvd & 71st St,2015-05-01 16:18:00,41.76663823695,-87.5764501141,True,station,9371,same_key
divvy_1656914f807d6e79,Public Rack - Wolcott Ave & 61st St,public_rack,2023-06-06 12:28:37,41.782378,-87.671719,divvy_1656914f807d6e79,Public Rack - Wolcott Ave & 61st St,2023-06-06 12:28:37,41.782378,-87.671719,True,public_rack,136,same_key
divvy_168f48545d06621a,Calumet Ave & 51st St,station,2015-04-21 10:02:00,41.80229465088,-87.6180535802,divvy_168f48545d06621a,Calumet Ave & 51st St,2015-04-21 10:02:00,41.80229465088,-87.6180535802,True,station,16828,same_key
divvy_169fc9d8a0e50a25,Public Rack - Clyde Ave & 87th St,public_rack,2024-03-19 16:02:04,41.73715,-87.57319,divvy_169fc9d8a0e50a25,Public Rack - Clyde Ave & 87th St,2022-07-08 11:09:25,41.73715,-87.57319,True,public_rack,21,same_key
divvy_16db782502497271,Al Raby School,station,2022-06-05 05:41:03,41.89,-87.71,divvy_28dff3b4cdbe4eab,Al Raby School,2022-06-05 05:41:03,,,,station,4,retained_unlocated
divvy_16e6575244d7f0ef,Halsted St & 63rd St,station,2015-04-25 18:23:00,41.77938114228,-87.6446208145,divvy_16e6575244d7f0ef,Halsted St & 63rd St,2015-04-25 18:23:00,41.77938114228,-87.6446208145,True,station,5100,same_key
divvy_16ec6bb020ceb93d,Public Rack - Stewart Ave & 123rd St,public_rack,2022-09-22 22:56:31,41.67,-87.63,divvy_a1df56278b72753a,Public Rack - Stewart Ave & 123rd St,2022-09-22 22:56:31,41.670563,-87.632188,True,public_rack,29,reassigned_or_rekeyed
divvy_16f3d4a23ff9048d,Kedzie Ave & 54th St - SE,station,2022-05-11 15:55:30,41.79,-87.7,divvy_c49e7dd96aa86f2e,Kedzie Ave & 54th St - SE,2022-05-11 15:55:30,,,,station,102,retained_unlocated
divvy_1703fa30e1ca56cd,Whipple St & Irving Park Rd,station,2026-05-04 14:40:52.747000,41.95422,-87.70444,divvy_1703fa30e1ca56cd,Whipple St & Irving Park Rd,2021-10-28 21:41:20,41.95422,-87.70444,True,station,977,same_key
divvy_170a93938a2d0353,Eggleston Ave & 115th St,station,2024-11-12 21:58:29.957000,41.68507,-87.63361,divvy_170a93938a2d0353,Eggleston Ave & 115th St,2022-08-07 22:32:28,41.68507,-87.63361,True,station,105,same_key
divvy_171e720f4cc9fc42,Claremont Ave & 71st St,station,2022-05-19 16:52:29,41.76,-87.68,divvy_8c7072aa22b564fd,Claremont Ave & 71st St,2022-05-19 16:52:29,,,,station,54,retained_unlocated
divvy_172f02948dbcd958,Wentworth Ave & Archer Ave,station,2013-08-06 17:22:00,41.853605,-87.631886,divvy_172f02948dbcd958,Wentworth Ave & Archer Ave,2013-08-06 17:22:00,41.853605,-87.631886,True,station,45381,same_key
divvy_175f55857f2a35c8,Sheridan Rd & Lawrence Ave,station,2013-09-23 16:31:00,41.969517,-87.654691,divvy_175f55857f2a35c8,Sheridan Rd & Lawrence Ave,2013-09-23 16:31:00,41.969517,-87.654691,True,station,117475,same_key
divvy_179301bbadf250d7,Trumbull Ave & 111th St,station,2022-06-29 18:42:57,41.69,-87.71,divvy_3e9cd0c7489ae360,Trumbull Ave & 111th St,2022-06-29 18:42:57,,,,station,13,retained_unlocated
divvy_17bb7eac556037a3,Public Rack - Halsted St & 109th St,public_rack,2023-06-18 18:15:30,41.695655,-87.642804,divvy_17bb7eac556037a3,Public Rack - Halsted St & 109th St,2022-07-16 06:23:38,41.695655,-87.642804,True,public_rack,20,same_key
divvy_17caf0ce515363f3,Marmora Ave & Irving Park Rd,station,2024-04-07 01:38:32,41.9531072,-87.7747326,divvy_17caf0ce515363f3,Marmora Ave & Irving Park Rd,2024-04-07 01:38:32,41.9531072,-87.7747326,True,station,1143,same_key
divvy_17e146f9cf66e0a4,North Boundary Park,station,2024-06-27 10:14:13.874000,42.01303,-87.70891,divvy_17e146f9cf66e0a4,North Boundary Park,2024-06-27 10:14:13.874000,42.01303,-87.70891,True,station,2784,same_key
divvy_17f861db173e2528,Public Rack - Canty Elementary School,public_rack,2023-07-05 10:32:31,41.947562,-87.829311,divvy_17f861db173e2528,Public Rack - Canty Elementary School,2022-09-20 21:06:35,41.947562,-87.829311,True,public_rack,15,same_key
divvy_17fb4c7d08103002,Public Rack - Morgan St & Madison St,public_rack,2026-05-03 10:11:01.307000,41.88178984,-87.65178053,divvy_17fb4c7d08103002,Public Rack - Morgan St & Madison St,2026-05-03 10:11:01.307000,41.88178984,-87.65178053,True,public_rack,574,same_key
divvy_182cd2eb350e37c1,Kedzie Ave & Foster Ave,station,2015-05-06 14:17:00,41.975672,-87.709261,divvy_182cd2eb350e37c1,Kedzie Ave & Foster Ave,2015-05-06 14:17:00,41.975672,-87.709261,True,station,24615,same_key
divvy_18302eddc5f70541,Lafayette Ave & 87th St - NW,station,2022-05-13 21:14:47,41.74,-87.63,divvy_a87ae7e9134ced27,Lafayette Ave & 87th St - NW,2022-05-13 21:14:47,,,,station,15,retained_unlocated
divvy_183db4b5e6959ed4,Leavitt St/North Ave,station,2023-11-14 18:18:45,41.910077,-87.682306,divvy_183db4b5e6959ed4,Leavitt St/North Ave,2023-11-14 18:18:45,41.910077,-87.682306,True,station,9220,same_key
divvy_184e283c3bf207ae,Public Rack - Kedvale Ave & 63rd St E,public_rack,2024-01-09 15:42:56,41.778768,-87.725957,divvy_184e283c3bf207ae,Public Rack - Kedvale Ave & 63rd St E,2022-11-08 17:16:40,41.778768,-87.725957,True,public_rack,31,same_key
divvy_18604fc0fc150278,Griffin Museum of Science and Industry,station,2015-04-17 11:38:00,41.79172820953,-87.583945009,divvy_18604fc0fc150278,Griffin Museum of Science and Industry,2015-04-17 11:38:00,41.79172820953,-87.583945009,True,station,105161,same_key
divvy_188422b44709d689,Princeton Ave & 95th St,station,2024-09-13 14:25:24.703000,41.72175,-87.63075,divvy_188422b44709d689,Princeton Ave & 95th St,2024-09-13 14:25:24.703000,41.72175,-87.63075,True,station,220,same_key
divvy_189691260a8588e6,Halsted St & 111th St,station,2022-05-29 16:11:53,41.69,-87.64,divvy_ee5c620d1e0f185e,Halsted St & 111th St,2020-09-19 09:22:59,41.69226255589166,-87.64261186122894,True,station,25,reassigned_or_rekeyed
divvy_189fc77f17129e77,Public Rack - State ST & 42nd St,public_rack,2022-06-03 17:06:30,41.82,-87.63,divvy_a6844ed33783373d,Public Rack - State ST & 42nd St,2022-06-03 17:06:30,41.819067,-87.626417,True,public_rack,181,reassigned_or_rekeyed
divvy_18c8dc247e576fe1,Public Rack - Narragansett Ave & Fullerton Ave,public_rack,2023-06-23 17:14:38,41.92378,-87.7843998,divvy_18c8dc247e576fe1,Public Rack - Narragansett Ave & Fullerton Ave,2022-06-14 23:17:11,41.92378,-87.7843998,True,public_rack,93,same_key
divvy_18ca813bdcc6bd6d,Stony Island Ave & 90th St,station,2020-09-07 22:18:01,41.731394943302355,-87.58574366569519,divvy_18ca813bdcc6bd6d,Stony Island Ave & 90th St,2020-09-07 22:18:01,41.731394943302355,-87.58574366569519,True,station,1373,same_key
divvy_18cd220d7967f1c3,Rockwell St & 47th St,station,2024-09-12 15:17:42.644000,41.80853,-87.68942,divvy_18cd220d7967f1c3,Rockwell St & 47th St,2024-09-12 15:17:42.644000,41.80853,-87.68942,True,station,442,same_key
divvy_18d74d6a93504f40,Whipple St & Irving Park Rd,station,2021-10-28 21:41:20,41.95,-87.7,divvy_1703fa30e1ca56cd,Whipple St & Irving Park Rd,2021-10-28 21:41:20,41.95422,-87.70444,True,station,3,reassigned_or_rekeyed
divvy_18d949fae7748c79,Public Rack - Kedvale Ave & 63rd St W,public_rack,2022-08-29 20:14:23,41.78,-87.73,divvy_9b8cf8b086101f6e,Public Rack - Kedvale Ave & 63rd St,2022-08-29 20:14:23,,,,public_rack,2,retained_unlocated
divvy_18d949fae7748c79,Public Rack - Kedvale Ave & 63rd St W,public_rack,2022-08-29 20:14:23,41.78,-87.73,divvy_e4787e22e443c68c,Public Rack - Kedvale Ave & 63rd St W,2022-10-19 13:18:35,41.778761,-87.726892,True,public_rack,6,reassigned_or_rekeyed
divvy_18e7fd555e2ebd1e,Clark St & Lake St,station,2015-04-18 13:00:00,41.88602082773,-87.6308760584,divvy_18e7fd555e2ebd1e,Clark St & Lake St,2015-04-18 13:00:00,41.88602082773,-87.6308760584,True,station,365584,same_key
divvy_190c2d326916a8c0,Malden St & Wilson Ave,station,2025-10-13 20:27:08.436000,41.96526,-87.66275,divvy_190c2d326916a8c0,Malden St & Wilson Ave,2025-10-13 20:27:08.436000,41.96526,-87.66275,True,station,8302,same_key
divvy_192821285ad8908f,Public Rack - Trumbull Ave & 111th St,public_rack,2024-10-19 22:51:45.148000,41.691596,-87.707397,divvy_192821285ad8908f,Public Rack - Trumbull Ave & 111th St,2024-10-19 22:51:45.148000,41.691596,-87.707397,True,public_rack,46,same_key
divvy_1929a78a5d9d4157,Mies van der Rohe Way & Chicago Ave,station,2013-08-01 11:00:00,41.896944626370825,-87.62175768613815,divvy_1929a78a5d9d4157,Mies van der Rohe Way & Chicago Ave,2013-08-01 11:00:00,41.896944626370825,-87.62175768613815,True,station,370497,same_key
divvy_193c19ae96a03aa9,Campbell Ave & Irving Park Rd,station,2022-01-25 20:37:15,41.95,-87.69,divvy_1c1f522cc5d30024,Campbell Ave & Irving Park Rd,2022-01-25 20:37:15,41.95362,-87.69079,True,station,1144,reassigned_or_rekeyed
divvy_194f107d3b9eff1a,Public Rack - Forest Glen & Peterson,public_rack,2023-05-05 07:14:54,41.99,-87.74,divvy_3f054b06ba612e48,Public Rack - Forest Glen & Peterson,2023-05-05 07:14:54,41.98986,-87.742921,True,public_rack,10,reassigned_or_rekeyed
divvy_194f92a5d2115f32,Public Rack - Irving Park Rd & Leclaire Ave,public_rack,2023-05-05 15:56:11,41.953418,-87.754841,divvy_194f92a5d2115f32,Public Rack - Irving Park Rd & Leclaire Ave,2023-05-05 15:56:11,41.953418,-87.754841,True,public_rack,542,same_key
divvy_198e5375f845b36d,Clark St & Chicago Ave,station,2013-09-27 18:39:00,41.89675,-87.63089,divvy_198e5375f845b36d,Clark St & Chicago Ave,2013-09-27 18:39:00,41.89675,-87.63089,True,station,282805,same_key
divvy_1991489596f60c45,Dayton St & North Ave,station,2013-06-27 21:41:00,41.9105780349,-87.6494219288,divvy_1991489596f60c45,Dayton St & North Ave,2013-06-27 21:41:00,41.9105780349,-87.6494219288,True,station,284859,same_key
divvy_19a1ed20eb5bb02b,Public Rack - Langley Ave & 49th St,public_rack,2022-07-09 20:08:54,41.81,-87.61,divvy_e9433713a1927578,Public Rack - Langley Ave & 49th St,2022-07-09 20:08:54,41.805218,-87.609076,True,public_rack,14,reassigned_or_rekeyed
divvy_19a63bb5069da537,Merrimac Park,station,2024-06-19 11:52:46.416000,41.95261,-87.78535,divvy_19a63bb5069da537,Merrimac Park,2024-06-19 11:52:46.416000,41.95261,-87.78535,True,station,1137,same_key
divvy_19b4b91a792b21a8,Public Rack - Kedzie Ave & 64th St - SE,public_rack,2022-10-01 10:49:01,41.78,-87.7,divvy_1fe46d6f63b97b18,Public Rack - Kedzie Ave & 64th St - SE,2022-10-01 10:49:01,41.776985,-87.702916,True,public_rack,9,reassigned_or_rekeyed
divvy_19be793d706dc823,Lincoln Ave & Sunnyside Ave,station,2018-07-01 06:23:21,41.963004,-87.684781,divvy_19be793d706dc823,Lincoln Ave & Sunnyside Ave,2018-07-01 06:23:21,41.963004,-87.684781,True,station,92559,same_key
divvy_19c0a6b00d5fffa2,Public Rack - Harvard Ave & 103rd St,public_rack,2022-12-12 15:56:59,41.71,-87.63,divvy_902e3def0b0b65c8,Public Rack - Harvard Ave & 103rd St,2022-12-12 15:56:59,41.706863,-87.631674,True,public_rack,5,reassigned_or_rekeyed
divvy_19d8fd51a85c6f3d,Public Rack - Carpenter St & Madison St,public_rack,2026-05-04 11:32:48.746000,41.8816062,-87.6535114,divvy_19d8fd51a85c6f3d,Public Rack - Carpenter St & Madison St,2026-05-04 11:32:48.746000,41.8816062,-87.6535114,True,public_rack,959,same_key
divvy_19dc412aa94acef7,Public Rack - Michigan Ave & 125th Pl,public_rack,2023-06-23 11:36:34,41.666395,-87.619933,divvy_19dc412aa94acef7,Public Rack - Michigan Ave & 125th Pl,2023-06-23 11:36:34,41.666395,-87.619933,True,public_rack,7,same_key
divvy_19e232581b127f6a,Public Rack - Fairfield Ave & 63rd St,public_rack,2023-06-15 18:57:05,41.77926,-87.692703,divvy_19e232581b127f6a,Public Rack - Fairfield Ave & 63rd St,2022-09-03 01:55:08,41.77926,-87.692703,True,public_rack,29,same_key
divvy_19ea80f19d68883a,Peoria St & Kinzie St,station,2025-08-14 16:12:32.182000,41.88896,-87.64973,divvy_19ea80f19d68883a,Peoria St & Kinzie St,2025-08-14 16:12:32.182000,41.88896,-87.64973,True,station,16962,same_key
divvy_19f21b265ef1bb2d,Kedzie Ave & Leland Ave,station,2015-05-06 08:10:00,41.96668636205,-87.7080519806,divvy_19f21b265ef1bb2d,Kedzie Ave & Leland Ave,2015-05-06 08:10:00,41.96668636205,-87.7080519806,True,station,36956,same_key
divvy_19f52af09628958e,Halsted St & 104th St,station,2020-09-15 18:21:29,41.70513978893236,-87.6424241065979,divvy_19f52af09628958e,Halsted St & 104th St,2020-09-15 18:21:29,41.70513978893236,-87.6424241065979,True,station,1199,same_key
divvy_1a2fd7f36d8b1521,Kedzie Ave & 48th Pl,station,2021-09-21 17:55:34,41.8,-87.7,divvy_8a7076dc46a78447,Kedzie Ave & 48th Pl,2021-09-21 17:55:34,41.804758123768394,-87.70421936879356,True,station,2879,reassigned_or_rekeyed
divvy_1a32ac9f7f7eae6a,Cityfront Plaza & N Water St,station,2013-08-10 12:01:00,41.889875,-87.621994,divvy_1a32ac9f7f7eae6a,Cityfront Plaza & N Water St,2013-08-10 12:01:00,41.889875,-87.621994,True,station,13915,same_key
divvy_1a33dd88cfe6fa1c,Public Rack - Rutherford Ave & Belmont Ave,public_rack,2022-09-10 11:36:53,41.94,-87.79,divvy_94d5fcc8a8180662,Public Rack - Rutherford Ave & Belmont Ave,2022-09-10 11:36:53,41.938315,-87.793848,True,public_rack,14,reassigned_or_rekeyed
divvy_1a97b33437ee9f72,LaSalle St & Calhoun Pl,station,2025-08-18 15:49:38.441000,41.882664,-87.63253,divvy_1a97b33437ee9f72,LaSalle St & Calhoun Pl,2025-08-18 15:49:38.441000,41.882664,-87.63253,True,station,10592,same_key
divvy_1aac69ce988a76f9,Public Rack - Hiawatha Ave & Minnehaha Ave,public_rack,2023-05-21 01:18:58,41.9995224,-87.7604899,divvy_1aac69ce988a76f9,Public Rack - Hiawatha Ave & Minnehaha Ave,2023-05-21 01:18:58,41.9995224,-87.7604899,True,public_rack,70,same_key
divvy_1ad0c30335ba1b5d,Milwaukee Ave & Agatite Ave,station,2024-06-27 16:34:51.802000,41.9615,-87.75489,divvy_1ad0c30335ba1b5d,Milwaukee Ave & Agatite Ave,2024-06-27 16:34:51.802000,41.9615,-87.75489,True,station,1907,same_key
divvy_1af595a9b29ea612,Lock St & 31st St,station,2025-08-09 23:37:38.979000,41.837962,-87.659049,divvy_1af595a9b29ea612,Lock St & 31st St,2025-08-09 23:37:38.979000,41.837962,-87.659049,True,station,2083,same_key
divvy_1af67f71cb0a9c52,May St & 63rd St,station,2022-05-09 11:35:30,41.78,-87.65,divvy_9ae683442099c38e,May St & 63rd St,2022-05-09 11:35:30,,,,station,4,retained_unlocated
divvy_1b18ac83e535ccb6,Public Rack - Richard Daley College,public_rack,2023-07-21 16:38:55,41.75486,-87.72364,divvy_1b18ac83e535ccb6,Public Rack - Richard Daley College,2023-07-21 16:38:55,41.75486,-87.72364,True,public_rack,164,same_key
divvy_1b1ccc011a9a1933,Public Rack - Kedzie Ave & 62nd Pl,public_rack,2023-06-02 22:00:12,41.780148,-87.703338,divvy_e802faf6bc6dc40b,Public Rack - Kedzie Ave & 62nd Pl,2022-09-01 14:51:38,41.780148,-87.703338,True,public_rack,45,reassigned_or_rekeyed
divvy_1b1d2641fffdf968,Hoyne Ave & 34th St,station,2021-09-29 12:24:39,41.83,-87.68,divvy_2f3d50ea9a70093f,Hoyne Ave & 34th St,2021-09-29 12:24:39,41.8320245,-87.6778387,True,station,359,reassigned_or_rekeyed
divvy_1b35bc36153d5efa,Public Rack - Nordica Ave & Addison St,public_rack,2022-09-17 16:05:34,41.95,-87.8,divvy_295708d551e2d1bc,Public Rack - Nordica Ave & Addison St,2022-09-17 16:05:34,41.945428,-87.803458,True,public_rack,14,reassigned_or_rekeyed
divvy_1b49ec8b2e8de0e9,Menard Ave & Belmont Ave,station,2022-05-11 00:32:42,41.94,-87.77,divvy_b8c74cd8f858eaac,Menard Ave & Belmont Ave,2022-05-11 00:32:42,,,,station,8,retained_unlocated
divvy_1b6dbc3dc2be8194,Major Taylor Trail & 111th St,station,2025-05-23 20:44:11.428000,41.69211,-87.6489,divvy_1b6dbc3dc2be8194,Major Taylor Trail & 111th St,2025-05-23 20:44:11.428000,41.69211,-87.6489,True,station,148,same_key
divvy_1b939f6df06c1218,Public Rack - Irving Park Rd & Austin Ave,public_rack,2023-06-02 19:44:29,41.9531135,-87.777135372,divvy_1b939f6df06c1218,Public Rack - Irving Park Rd & Austin Ave,2023-05-04 16:34:49,41.9531135,-87.777135372,True,public_rack,117,same_key
divvy_1b9e205f5a030603,Public Rack - Laflin St & 51st St,public_rack,2023-05-27 18:50:31,41.801354,-87.662076,divvy_1b9e205f5a030603,Public Rack - Laflin St & 51st St,2022-09-27 00:42:33,41.801354,-87.662076,True,public_rack,46,same_key
divvy_1baf2a37f9b1e4aa,Public Rack - Milwaukee Ave & Pensacola Ave,public_rack,2023-05-09 14:42:01,41.96,-87.75,divvy_ec378c37586a88dc,Public Rack - Milwaukee Ave & Pensacola Ave,2023-05-09 14:42:01,41.9595108,-87.7533958,True,public_rack,23,reassigned_or_rekeyed
divvy_1bb3884302b1a73c,Public Rack - Pulaski & Ardmore,public_rack,2023-06-08 06:33:26,41.985797,-87.728336,divvy_1bb3884302b1a73c,Public Rack - Pulaski & Ardmore,2023-06-08 06:33:26,41.985797,-87.728336,True,public_rack,169,same_key
divvy_1bb69415f95b2cbf,Racine Ave & 65th St,station,2016-07-01 08:57:33,41.775393,-87.654308,divvy_1bb69415f95b2cbf,Racine Ave & 65th St,2016-07-01 08:57:33,41.775393,-87.654308,True,station,900,same_key
divvy_1c11bc697e56a0d5,Richmond St & 59th St,station,2021-09-23 03:39:01,41.79,-87.7,divvy_861aefaaf708f8ba,Richmond St & 59th St,2021-09-23 03:39:01,41.78649,-87.69733,True,station,271,reassigned_or_rekeyed
divvy_1c1a0dbad89bfdee,Public Rack - Orville T Bright School,public_rack,2024-09-09 08:42:26.434000,41.700168,-87.562148,divvy_1c1a0dbad89bfdee,Public Rack - Orville T Bright School,2024-09-09 08:42:26.434000,41.700168,-87.562148,True,public_rack,6,same_key
divvy_1c1f522cc5d30024,Campbell Ave & Irving Park Rd,station,2023-06-01 11:13:50,41.95362,-87.69079,divvy_1c1f522cc5d30024,Campbell Ave & Irving Park Rd,2022-01-25 20:37:15,41.95362,-87.69079,True,station,4736,same_key
divvy_1c2b8ec8e11940ea,Pulaski Rd & Armitage Ave,station,2022-05-09 16:09:34,41.92,-87.73,divvy_2b2db97879316724,Pulaski Rd & Armitage Ave,2022-05-09 16:09:34,,,,station,98,retained_unlocated
divvy_1c3c91edc3198c01,Francisco Ave & 47th St,station,2021-11-27 14:45:12,41.81,-87.7,divvy_29e3f5f8dc899313,Francisco Ave & 47th St,2021-11-27 14:45:12,41.80849,-87.69673,True,station,520,reassigned_or_rekeyed
divvy_1c41f5a1233f664e,Public Rack - Ewing Ave & Indianapolis Ave,public_rack,2023-05-08 22:09:02,41.71,-87.54,divvy_caf84c1eda8a1e57,Public Rack - Ewing Ave & Indianapolis Ave,2023-05-08 22:09:02,41.712353,-87.53545,True,public_rack,2,reassigned_or_rekeyed
divvy_1c4545bbd1ea4921,Milwaukee Ave & Rockwell St,station,2013-08-22 23:13:00,41.92033,-87.69309,divvy_1c4545bbd1ea4921,Milwaukee Ave & Rockwell St,2013-08-22 23:13:00,41.92033,-87.69309,True,station,90907,same_key
divvy_1c7ed2b99e62a2e4,Public Rack - Christiana & Lincoln,public_rack,2023-05-04 17:02:31,41.99,-87.71,divvy_8069ad7379a30b91,Public Rack - Christiana & Lincoln,2023-05-04 17:02:31,41.99346,-87.712734,True,public_rack,6,reassigned_or_rekeyed
divvy_1ca1935cdb37d2b9,Public Rack - Mackinaw Ave & 108th St,public_rack,2023-07-10 18:03:39,41.699008,-87.542833,divvy_1ca1935cdb37d2b9,Public Rack - Mackinaw Ave & 108th St,2022-10-22 16:13:50,41.699008,-87.542833,True,public_rack,22,same_key
divvy_1cb0cc53db38283d,Public Rack - Bernard St & Foster Ave,public_rack,2023-05-10 11:10:16,41.9756353,-87.7126762,divvy_1cb0cc53db38283d,Public Rack - Bernard St & Foster Ave,2023-05-10 11:10:16,41.9756353,-87.7126762,True,public_rack,162,same_key
divvy_1ced6b0a43331d14,Public Rack - Sacramento Ave & Devon Ave,public_rack,2022-06-16 18:12:04,42.0,-87.7,divvy_f62e425d7a5d10c1,Public Rack - Sacramento Ave & Devon Ave,2022-06-16 18:12:04,41.997575,-87.704649,True,public_rack,282,reassigned_or_rekeyed
divvy_1cf96d1e844988ca,State St & 35th St,station,2013-08-05 17:11:00,41.8310363140161,-87.62679755687714,divvy_1cf96d1e844988ca,State St & 35th St,2013-08-05 17:11:00,41.8310363140161,-87.62679755687714,True,station,91999,same_key
divvy_1cfd9c8616fa92d7,Public Rack - Lorel Ave & Chicago Ave,public_rack,2022-09-03 17:48:53,41.89,-87.76,divvy_2b7d7cf2058ef098,Public Rack - Lorel Ave & Chicago Ave,2022-07-05 15:46:19,41.89503,-87.759917,True,public_rack,4,reassigned_or_rekeyed
divvy_1d17371af6d3ccb8,Public Rack - Kinzua Ave & Devon Ave,public_rack,2023-08-03 15:12:57,41.9979207,-87.7653719,divvy_1d17371af6d3ccb8,Public Rack - Kinzua Ave & Devon Ave,2023-05-12 22:19:15,41.9979207,-87.7653719,True,public_rack,291,same_key
divvy_1d23da6eb8c98a14,Public Rack - McVicker Ave & Grand Ave,public_rack,2023-05-10 22:53:12,41.92063183333333,-87.77831175,divvy_7612189495bc8239,Public Rack - McVicker Ave & Grand Ave,2022-06-18 13:06:29,41.921251,-87.776662,True,public_rack,4,reassigned_or_rekeyed
divvy_1d2fd02d528e3f7e,Millennium Park,station,2013-06-27 13:03:00,41.8810317,-87.62408432,divvy_1d2fd02d528e3f7e,Millennium Park,2013-06-27 13:03:00,41.8810317,-87.62408432,True,station,896880,same_key
divvy_1dabcd5e137dbe82,California Ave & Milwaukee Ave,station,2013-07-16 14:03:00,41.922695,-87.697153,divvy_1dabcd5e137dbe82,California Ave & Milwaukee Ave,2013-07-16 14:03:00,41.922695,-87.697153,True,station,263673,same_key
divvy_1dedfbee7954b819,Kimbark Ave & 63rd St,station,2022-05-16 18:00:17,41.78,-87.59,divvy_0ee2b1fe248b0e79,Kimbark Ave & 63rd St,2022-05-16 18:00:17,,,,station,12,retained_unlocated
divvy_1e0a4b77b97e6af5,Public Rack - Ave L & 105th St,public_rack,2024-09-04 08:18:53.198000,41.703542,-87.536634,divvy_1e0a4b77b97e6af5,Public Rack - Ave L & 105th St,2022-08-12 18:30:22,41.703542,-87.536634,True,public_rack,4,same_key
divvy_1e189189e073bfd2,Public Rack - Emerald Ave & 45th St,public_rack,2023-05-18 14:45:26,41.81,-87.65,divvy_ee76a597cd8b5239,Public Rack - Emerald Ave & 45th St,2022-10-06 00:28:04,41.812381,-87.644633,True,public_rack,1,reassigned_or_rekeyed
divvy_1e19c488afd33263,Public Rack - Cottage Grove Ave & 98th St,public_rack,2022-09-09 07:58:17,41.72,-87.6,divvy_223e39189d3e0d49,Public Rack - Cottage Grove Ave & 98th St,2022-09-09 07:58:17,41.716172,-87.60435,True,public_rack,12,reassigned_or_rekeyed
divvy_1e3f6a57e65d2478,Ashland Ave & Belle Plaine Ave,station,2013-08-26 16:00:00,41.95605,-87.66883,divvy_1e3f6a57e65d2478,Ashland Ave & Belle Plaine Ave,2013-08-26 16:00:00,41.95605,-87.66883,True,station,70748,same_key
divvy_1e411a9694a24072,Public Rack - Park Manor Elementary School,public_rack,2024-09-10 18:39:13.773000,41.766863,-87.611467,divvy_1e411a9694a24072,Public Rack - Park Manor Elementary School,2024-09-10 18:39:13.773000,41.766863,-87.611467,True,public_rack,5,same_key
divvy_1e44dc849dd604ec,Western Ave & 62nd St,station,2023-05-25 17:43:44,41.780985,-87.6834204,divvy_1e44dc849dd604ec,Western Ave & 62nd St,2021-09-23 18:19:30,41.780985,-87.6834204,True,station,201,same_key
divvy_1e53d355b1f9be6d,Sedgwick St & North Ave,station,2013-08-01 16:00:00,41.910983,-87.638525,divvy_1e53d355b1f9be6d,Sedgwick St & North Ave,2013-08-01 16:00:00,41.910983,-87.638525,True,station,327196,same_key
divvy_1e5439c4820c9af5,Kenmore Ave & School St,station,2025-10-29 17:21:58.168000,41.94166,-87.6556,divvy_1e5439c4820c9af5,Kenmore Ave & School St,2025-10-29 17:21:58.168000,41.94166,-87.6556,True,station,444,same_key
divvy_1e8bf89923499380,Drexel Ave & 60th St,station,2023-08-02 16:34:38,41.785861,-87.604553,divvy_1e8bf89923499380,Drexel Ave & 60th St,2023-08-02 16:34:38,41.785861,-87.604553,True,station,27806,same_key
divvy_1e93327846a983c2,Public Rack - State St & 47th st,public_rack,2023-05-25 17:52:38,41.809085,-87.627384,divvy_1e93327846a983c2,Public Rack - State St & 47th st,2023-05-25 17:52:38,41.809085,-87.627384,True,public_rack,33,same_key
divvy_1e9b3996cdfd74f3,Public Rack - Princeton Ave & 103rd Pl,public_rack,2024-11-12 21:38:56.521000,41.70633,-87.630936,divvy_1e9b3996cdfd74f3,Public Rack - Princeton Ave & 103rd Pl,2024-11-12 21:38:56.521000,41.70633,-87.630936,True,public_rack,4,same_key
divvy_1eba5550d02773b2,Clinton St & Jackson Blvd,station,2016-10-01 02:37:13,41.877245,-87.639366,divvy_1eba5550d02773b2,Clinton St & Jackson Blvd,2016-10-01 02:37:13,41.877245,-87.639366,True,station,41702,same_key
divvy_1ed7eccd579446b6,North Ave Beach Public Rack - 3,public_rack,2026-07-24 14:10:32.942000,41.9211296,-87.6293063,divvy_1ed7eccd579446b6,North Ave Beach Public Rack - 3,2026-07-24 14:10:32.942000,41.9211296,-87.6293063,True,public_rack,32,same_key
divvy_1efff17c34359615,Damen Ave & 33rd St,station,2021-10-10 10:01:53,41.83,-87.68,divvy_7976ad31b1e498ce,Damen Ave & 33rd St,2021-10-10 10:01:53,41.834108,-87.67559,True,station,243,reassigned_or_rekeyed
divvy_1f198b5fe0e6c13d,Laramie Ave & Grand Ave,station,2022-05-10 17:20:20,41.92,-87.76,divvy_0a10af880217dd76,Laramie Ave & Grand Ave,2022-05-10 17:20:20,,,,station,33,retained_unlocated
divvy_1f1f7a9935bf6343,Public Rack - Avenue J & 106th St,public_rack,2023-09-04 21:05:47,41.70261,-87.533531,divvy_1f1f7a9935bf6343,Public Rack - Avenue J & 106th St,2022-11-28 20:16:22,41.70261,-87.533531,True,public_rack,30,same_key
divvy_1f586dd64afb4aa1,Public Rack - Brandon Ave & 91st St,public_rack,2022-09-10 23:07:04,41.73,-87.55,divvy_6fd162be511e97e6,Public Rack - Brandon Ave & 91st St,2022-09-10 23:07:04,41.730218,-87.546758,True,public_rack,61,reassigned_or_rekeyed
divvy_1f5b0e1cdb85a124,Mango Ave & North Ave,station,2024-05-01 13:02:14,41.90958,-87.7691175,divvy_1f5b0e1cdb85a124,Mango Ave & North Ave,2024-05-01 13:02:14,41.90958,-87.7691175,True,station,475,same_key
divvy_1f60dc33bc946894,Public Rack - Keef Ave & South Chicago Ave,public_rack,2024-02-01 15:16:53,41.7707,-87.611706,divvy_1f60dc33bc946894,Public Rack - Keef Ave & South Chicago Ave,2022-09-23 02:47:21,41.7707,-87.611706,True,public_rack,7,same_key
divvy_1f617bc83b5498c0,Public Rack - Cicero Ave & Le Moyne St - midblock,public_rack,2023-06-21 10:48:28,41.906919,-87.74623,divvy_1f617bc83b5498c0,Public Rack - Cicero Ave & Le Moyne St - midblock,2022-06-14 19:27:53,41.906919,-87.74623,True,public_rack,14,same_key
divvy_1f7776f9c6319836,Kingsbury St & Kinzie St 2,station,2025-12-12 15:55:20.982000,41.889188,-87.638387,divvy_1f7776f9c6319836,Kingsbury St & Kinzie St 2,2025-12-12 15:55:20.982000,41.889188,-87.638387,True,station,40305,same_key
divvy_1f8e19870d71d977,Public Rack - Mackinaw Ave & 108th St,public_rack,2022-10-22 16:13:50,41.7,-87.54,divvy_1ca1935cdb37d2b9,Public Rack - Mackinaw Ave & 108th St,2022-10-22 16:13:50,41.699008,-87.542833,True,public_rack,2,reassigned_or_rekeyed
divvy_1f9dc06fba624902,MLK Jr Dr & 47th St,station,2013-08-14 23:00:00,41.809851,-87.616279,divvy_1f9dc06fba624902,MLK Jr Dr & 47th St,2013-08-14 23:00:00,41.809851,-87.616279,True,station,15885,same_key
divvy_1fb220626355a590,Public Rack - Ozanam Ave & Devon Ave,public_rack,2023-05-07 17:12:16,42.0,-87.82,divvy_2c425b80c4e36899,Public Rack - Ozanam Ave & Devon Ave,2023-05-07 17:12:16,41.9969968,-87.8213419,True,public_rack,4,reassigned_or_rekeyed
divvy_1fcae49ca57d5de4,Milwaukee Ave & Diversey Ave,station,2025-11-29 05:08:39.051000,41.93266,-87.71222,divvy_1fcae49ca57d5de4,Milwaukee Ave & Diversey Ave,2022-05-09 11:06:19,41.93266,-87.71222,True,station,1632,same_key
divvy_1fcc1abdb9e712a1,Cicero Ave & Grace St,station,2021-07-22 02:30:38,41.95,-87.75,divvy_4483610043311a9d,Cicero Ave & Grace St,2021-07-22 02:30:38,41.94973,-87.7469526,True,station,635,reassigned_or_rekeyed
divvy_1fd49f3a047230f1,Monticello Ave & Irving Park Rd,station,2015-05-07 18:56:00,41.95400483876,-87.7191281797,divvy_1fd49f3a047230f1,Monticello Ave & Irving Park Rd,2015-05-07 18:56:00,41.95400483876,-87.7191281797,True,station,36079,same_key
divvy_1fe46d6f63b97b18,Public Rack - Kedzie Ave & 64th St - SE,public_rack,2023-06-05 16:15:00,41.776985,-87.702916,divvy_1fe46d6f63b97b18,Public Rack - Kedzie Ave & 64th St - SE,2022-10-01 10:49:01,41.776985,-87.702916,True,public_rack,62,same_key
divvy_1febcd14e73c0eb8,Albany Ave & Belmont Ave,station,2021-10-27 16:17:49,41.94,-87.71,divvy_f6acb091d46dc983,Albany Ave & Belmont Ave,2021-10-27 16:17:49,41.93966,-87.70526,True,station,1467,reassigned_or_rekeyed
divvy_1ffc8a5e6a2807e2,Public Rack - Pulaski Rd & 83rd St,public_rack,2023-06-04 23:45:01,41.7413923,-87.7218231,divvy_fca2bb147bade8df,Public Rack - Pulaski Rd & 83rd St,2023-05-06 19:20:47,41.7413923,-87.7218231,True,public_rack,24,reassigned_or_rekeyed
divvy_20129ec3ef43f663,Public Rack - Rockwell & Division,public_rack,2023-06-01 19:08:57,41.90282,-87.692397,divvy_20129ec3ef43f663,Public Rack - Rockwell & Division,2022-08-29 23:11:03,41.90282,-87.692397,True,public_rack,1838,same_key
divvy_204ed8ad11bcebd4,Public Rack - Hermitage & 83rd St,public_rack,2024-10-12 14:42:59.584000,41.743027,-87.666272,divvy_204ed8ad11bcebd4,Public Rack - Hermitage & 83rd St,2023-03-17 02:59:34,41.743027,-87.666272,True,public_rack,5,same_key
divvy_205a06bd2dc99cdc,California Ave & 16th St,station,2026-03-13 18:15:29.412000,41.85926,-87.6955,divvy_205a06bd2dc99cdc,California Ave & 16th St,2026-03-13 18:15:29.412000,41.85926,-87.6955,True,station,737,same_key
divvy_205b7bbeab77e53f,Central Ave & Corcoran Pl,station,2022-05-09 16:56:48,41.89,-87.77,divvy_d2664eaa87314728,Central Ave & Corcoran Pl,2022-05-09 16:56:48,,,,station,34,retained_unlocated
divvy_206abe74d6d430f9,Public Rack - Columbus & 79th,public_rack,2023-05-04 08:54:22,41.749237061,-87.704381585,divvy_206abe74d6d430f9,Public Rack - Columbus & 79th,2023-05-04 08:54:22,41.749237061,-87.704381585,True,public_rack,87,same_key
divvy_20aa62ba99ddc54c,Latrobe Ave & Lake St,station,2022-05-11 08:17:59,41.89,-87.76,divvy_c22b0780b33fb37e,Latrobe Ave & Lake St,2022-05-11 08:17:59,,,,station,20,retained_unlocated
divvy_20be032b0eb4905b,Public Rack - Leamington & Elston,public_rack,2023-05-07 19:34:12,41.977894,-87.756315,divvy_20be032b0eb4905b,Public Rack - Leamington & Elston,2023-05-07 19:34:12,41.977894,-87.756315,True,public_rack,590,same_key
divvy_20bf3676fc139a13,Broadway & Cuyler Ave,station,2025-09-18 13:03:17.363000,41.955417,-87.6515,divvy_20bf3676fc139a13,Broadway & Cuyler Ave,2025-09-18 13:03:17.363000,41.955417,-87.6515,True,station,6024,same_key
divvy_20d4994ce0d5e7f5,Avenue L & 114th St,station,2021-01-09 23:38:02,41.69,-87.54,divvy_ae2db83b7e40a3d3,Avenue L & 114th St,2021-01-09 23:38:02,41.6881169,-87.5365497,True,station,145,reassigned_or_rekeyed
divvy_20e8a72f3d786cec,Michigan Ave & 9th St,station,2026-05-13 18:07:03.333000,41.87094,-87.62439,divvy_20e8a72f3d786cec,Michigan Ave & 9th St,2026-05-13 18:07:03.333000,41.87094,-87.62439,True,station,5493,same_key
divvy_20f0b12ede6f7e80,Franklin St & Jackson Blvd,station,2013-06-27 18:21:00,41.8777079559,-87.6353211408,divvy_20f0b12ede6f7e80,Franklin St & Jackson Blvd,2013-06-27 18:21:00,41.8777079559,-87.6353211408,True,station,475362,same_key
divvy_20fe93ce3299191c,Ashland Ave & 50th St,station,2016-06-21 12:08:00,41.803023,-87.664699,divvy_20fe93ce3299191c,Ashland Ave & 50th St,2016-06-21 12:08:00,41.803023,-87.664699,True,station,3202,same_key
divvy_2119165b6460aecd,Avers Ave & 103rd St,station,2026-04-13 11:09:54.920000,41.70586,-87.71709,divvy_2119165b6460aecd,Avers Ave & 103rd St,2026-04-13 11:09:54.920000,41.70586,-87.71709,True,station,59,same_key
divvy_2121655dcdd70bd4,Public Rack - Western Blvd & 52nd St,public_rack,2024-04-04 20:54:04,41.798974,-87.681909,divvy_2121655dcdd70bd4,Public Rack - Western Blvd & 52nd St,2024-04-04 20:54:04,41.798974,-87.681909,True,public_rack,6,same_key
divvy_212c38306dae50a1,Ashland Ave & Belle Plaine Ave,station,2025-10-01 03:40:26.371000,41.95453,-87.67071,divvy_212c38306dae50a1,Ashland Ave & Belle Plaine Ave,2025-10-01 03:40:26.371000,41.95453,-87.67071,True,station,995,same_key
divvy_212d63f49b8461c1,Commercial Ave & 130th St,station,2020-10-04 17:29:39,41.659150427597744,-87.55076229572296,divvy_212d63f49b8461c1,Commercial Ave & 130th St,2020-10-04 17:29:39,41.659150427597744,-87.55076229572296,True,station,1761,same_key
divvy_213b3773db918c17,Public Rack - Nina Ave & Avondale Ave,public_rack,2023-05-17 17:37:57,41.9911458,-87.7991043,divvy_213b3773db918c17,Public Rack - Nina Ave & Avondale Ave,2023-05-17 17:37:57,41.9911458,-87.7991043,True,public_rack,54,same_key
divvy_214a9f2edd160ce4,Public Rack - Oketo & Northwest Hwy,public_rack,2023-05-13 12:28:50,42.0,-87.81,divvy_9b96eb11176d4b3e,Public Rack - Oketo & Northwest Hwy,2023-05-13 12:28:50,42.000333,-87.812447,True,public_rack,4,reassigned_or_rekeyed
divvy_215bdd9ad59e45e6,Public Rack - Ashland Ave & 73rd St,public_rack,2023-11-18 17:15:58,41.760817,-87.663499,divvy_215bdd9ad59e45e6,Public Rack - Ashland Ave & 73rd St,2023-04-20 22:50:50,41.760817,-87.663499,True,public_rack,12,same_key
divvy_2162e5c855fa27c3,Public Rack - Cottage Grove Ave & 91st St,public_rack,2023-12-13 13:05:56,41.72951,-87.603739,divvy_2162e5c855fa27c3,Public Rack - Cottage Grove Ave & 91st St,2023-12-13 13:05:56,41.72951,-87.603739,True,public_rack,4,same_key
divvy_2164a585730ad0df,Kilbourn Ave & Belden Ave,station,2023-11-30 15:30:21,41.922369,-87.739024,divvy_2164a585730ad0df,Kilbourn Ave & Belden Ave,2023-11-30 15:30:21,41.922369,-87.739024,True,station,2793,same_key
divvy_216c4ea8aa9d5044,Public Rack - Halsted St & 41st St,public_rack,2022-09-12 09:55:42,41.82,-87.65,divvy_648d1abed7d523a1,Public Rack - Halsted St & 41st St,2022-09-12 09:55:42,41.820147,-87.64568,True,public_rack,4,reassigned_or_rekeyed
divvy_21954a373ca704b5,Public Rack - Panama Ave & Forest Preserve Ave,public_rack,2023-05-10 17:42:49,41.94,-87.83,divvy_92e259aec5cd9419,Public Rack - Panama Ave & Forest Preserve Ave,2023-05-10 17:42:49,41.943162,-87.82909,True,public_rack,5,reassigned_or_rekeyed
divvy_2198fb3d39c9f532,Kenton Ave & Madison St,station,2016-06-14 05:44:00,41.88042,-87.74108,divvy_2198fb3d39c9f532,Kenton Ave & Madison St,2016-06-14 05:44:00,41.88042,-87.74108,True,station,1475,same_key
divvy_21b109437dfbd079,Public Rack - Martin Luther King Dr & 44th St,public_rack,2022-09-17 20:35:00,41.81,-87.62,divvy_b8ba09905e2cc177,Public Rack - Martin Luther King Dr & 44th St,2022-09-17 20:35:00,41.814445,-87.616265,True,public_rack,4,reassigned_or_rekeyed
divvy_21ee7ed9cf046bba,Normal Blvd & 61st Pl,station,2022-07-13 12:31:59,41.78,-87.64,divvy_44837bef6a109206,Normal Blvd & 61st Pl,2022-07-13 12:31:59,,,,station,1,retained_unlocated
divvy_2202ed293bcf030d,Major Taylor Trail & 124th St,station,2020-09-21 20:10:14,41.66869635332246,-87.63711333274841,divvy_2202ed293bcf030d,Major Taylor Trail & 124th St,2020-09-21 20:10:14,41.66869635332246,-87.63711333274841,True,station,701,same_key
divvy_2214d524721ace6d,Public Rack - Grand Ave & Lawndale Ave,public_rack,2022-08-31 11:48:40,41.9,-87.72,divvy_9f14a9502118e7db,Public Rack - Grand Ave & Lawndale Ave,2022-08-31 11:48:40,41.9035,-87.7204,True,public_rack,7,reassigned_or_rekeyed
divvy_221509ae188a5a02,Wood St & Hubbard St,station,2016-10-01 02:13:33,41.889715,-87.671966,divvy_221509ae188a5a02,Wood St & Hubbard St,2016-10-01 02:13:33,41.889715,-87.671966,True,station,80463,same_key
divvy_223c24d2c713928b,Elston Ave & Henderson St,station,2023-06-01 00:33:20,41.94154,-87.70086,divvy_223c24d2c713928b,Elston Ave & Henderson St,2021-11-19 12:06:11,41.94154,-87.70086,True,station,6120,same_key
divvy_223e39189d3e0d49,Public Rack - Cottage Grove Ave & 98th St,public_rack,2024-04-12 21:04:45,41.716172,-87.60435,divvy_223e39189d3e0d49,Public Rack - Cottage Grove Ave & 98th St,2022-09-09 07:58:17,41.716172,-87.60435,True,public_rack,14,same_key
divvy_227843c2c3a44ac5,Sheffield Ave & Waveland Ave,station,2016-10-01 00:38:26,41.949399,-87.654529,divvy_227843c2c3a44ac5,Sheffield Ave & Waveland Ave,2016-10-01 00:38:26,41.949399,-87.654529,True,station,332235,same_key
divvy_227e6b027f1ed5c0,Public Rack - Stony Island & 87th St,public_rack,2022-07-04 17:02:42,41.74,-87.59,divvy_7afd8aaf4a4ed80b,Public Rack - Stony Island & 87th St,2022-07-04 17:02:42,41.7367,-87.585815,True,public_rack,21,reassigned_or_rekeyed
divvy_22a9b88d7c6973b4,Halsted St & 80th St,station,2022-07-20 18:15:38,41.75,-87.64,divvy_b4ad2cea5ed98e58,Halsted St & 80th St,2022-07-20 18:15:38,,,,station,20,retained_unlocated
divvy_22c244815ca38d90,Homan Ave & Fillmore St,station,2023-06-02 19:14:36,41.86811,-87.71085,divvy_22c244815ca38d90,Homan Ave & Fillmore St,2021-07-14 18:24:42,41.86811,-87.71085,True,station,457,same_key
divvy_22d658974ce932a1,Halsted St & Armitage Ave,station,2025-10-09 15:23:24.135000,41.91823,-87.64879,divvy_22d658974ce932a1,Halsted St & Armitage Ave,2025-10-09 15:23:24.135000,41.91823,-87.64879,True,station,21033,same_key
divvy_22f793593d0d0a42,Public Rack - Western Ave & 92nd Pl,public_rack,2023-05-19 15:41:53,41.725538,-87.681968,divvy_22f793593d0d0a42,Public Rack - Western Ave & 92nd Pl,2022-09-25 09:15:08,41.725538,-87.681968,True,public_rack,281,same_key
divvy_23003e26be817a42,Laramie Ave & Kinzie St,station,2016-06-14 21:19:00,41.887832,-87.755527,divvy_23003e26be817a42,Laramie Ave & Kinzie St,2016-06-14 21:19:00,41.887832,-87.755527,True,station,2529,same_key
divvy_234c160ea6838c62,Public Rack - Sacramento Ave & Greenleaf Ave,public_rack,2022-06-17 15:38:08,42.01,-87.7,divvy_67b5e58e7392667e,Public Rack - Sacramento Ave & Greenleaf Ave,2022-06-17 15:38:08,42.009458,-87.704666,True,public_rack,107,reassigned_or_rekeyed
divvy_235a80005a4e9b86,Public Rack - Milwaukee Ave & Waveland Ave,public_rack,2023-06-03 21:17:43,41.947472,-87.737875,divvy_235a80005a4e9b86,Public Rack - Milwaukee Ave & Waveland Ave,2022-07-05 17:35:44,41.947472,-87.737875,True,public_rack,74,same_key
divvy_2381d50b9471d6e7,Green St & Randolph St,station,2013-06-29 17:08:00,41.883601657275165,-87.64862671494483,divvy_2381d50b9471d6e7,Green St & Randolph St,2013-06-29 17:08:00,41.883601657275165,-87.64862671494483,True,station,325393,same_key
divvy_238b6a10bc566799,Public Rack - Green St & 103rd St,public_rack,2022-09-15 19:00:04,41.71,-87.64,divvy_84c1955cebc3142c,Public Rack - Green St & 103rd St,2022-09-15 19:00:04,41.70665,-87.643422,True,public_rack,5,reassigned_or_rekeyed
divvy_238c3ac2b42930db,Kedzie Ave & 45th St,station,2023-06-03 09:33:12,41.81139,-87.704,divvy_238c3ac2b42930db,Kedzie Ave & 45th St,2022-01-04 18:06:07,41.81139,-87.704,True,station,441,same_key
divvy_23abc623d5cd6cbd,Leavitt St & Lawrence Ave,station,2014-07-01 06:30:00,41.968885,-87.684001,divvy_23abc623d5cd6cbd,Leavitt St & Lawrence Ave,2014-07-01 06:30:00,41.968885,-87.684001,True,station,70362,same_key
divvy_23b25da3ba6cf572,Public Rack - Dearborn St & Superior St,public_rack,2026-05-01 21:43:07.553000,41.89571985,-87.62953575,divvy_23b25da3ba6cf572,Public Rack - Dearborn St & Superior St,2026-05-01 21:43:07.553000,41.89571985,-87.62953575,True,public_rack,876,same_key
divvy_23c163bd275a8b0e,Public Rack - Talman Ave & Pershing Rd,public_rack,2023-06-01 08:32:28,41.822592,-87.690725,divvy_23c163bd275a8b0e,Public Rack - Talman Ave & Pershing Rd,2022-08-30 10:37:27,41.822592,-87.690725,True,public_rack,98,same_key
divvy_23f4cfd5c21badcb,Lavergne Ave & Archer Ave,station,2026-04-15 19:49:02.791000,41.79816,-87.74772,divvy_23f4cfd5c21badcb,Lavergne Ave & Archer Ave,2026-04-15 19:49:02.791000,41.79816,-87.74772,True,station,104,same_key
divvy_23f60cb473bbc190,Public Rack - Western Ave & Devon Ave,public_rack,2022-06-10 22:28:38,42.0,-87.69,divvy_f941fe71faf1cf04,Public Rack - Western Ave & Devon Ave,2022-06-10 22:28:38,41.997579,-87.689713,True,public_rack,457,reassigned_or_rekeyed
divvy_2429d33b97cbfa90,West Chatham Park,station,2022-05-09 14:07:31,41.75,-87.63,divvy_b36e6aaa70032be9,West Chatham Park,2022-05-09 14:07:31,,,,station,4,retained_unlocated
divvy_2434327a0aa880ff,Wood St & Webster Ave,station,2022-07-19 07:11:21,41.92105672992757,-87.67279744148254,divvy_2434327a0aa880ff,Wood St & Webster Ave,2022-07-19 07:11:21,41.92105672992757,-87.67279744148254,True,station,24808,same_key
divvy_2437188ee8df5f38,Ashland Ave & 21st St,station,2013-08-17 11:07:00,41.85381,-87.665897,divvy_2437188ee8df5f38,Ashland Ave & 21st St,2013-08-17 11:07:00,41.85381,-87.665897,True,station,13664,same_key
divvy_247b77f9504da46a,Public Rack - Forest Glen Station,public_rack,2023-07-12 17:06:31,41.97871,-87.75552,divvy_247b77f9504da46a,Public Rack - Forest Glen Station,2023-07-12 17:06:31,41.97871,-87.75552,True,public_rack,365,same_key
divvy_248063a0b0218517,Wacker Dr & Randolph St,station,2025-09-29 13:36:46.500000,41.88454,-87.63732,divvy_248063a0b0218517,Wacker Dr & Randolph St,2025-09-29 13:36:46.500000,41.88454,-87.63732,True,station,13897,same_key
divvy_24927a9315f27253,Waller Ave & Chicago Ave,station,2022-05-14 08:00:54,41.89,-87.77,divvy_99e72970003cb6cc,Waller Ave & Chicago Ave,2022-05-14 08:00:54,,,,station,20,retained_unlocated
divvy_24c4fc5d3764d2fa,Public Rack - Troy & 71st,public_rack,2023-05-18 13:42:55,41.76,-87.7,divvy_c151e857b3afadd0,Public Rack - Troy & 71st,2023-05-18 13:42:55,41.76433,-87.70193,True,public_rack,6,reassigned_or_rekeyed
divvy_250fd020e6ba8580,Damen Ave & Cortland St,station,2013-08-20 14:05:00,41.915983,-87.677335,divvy_250fd020e6ba8580,Damen Ave & Cortland St,2013-08-20 14:05:00,41.915983,-87.677335,True,station,256505,same_key
divvy_2513f0029b58928a,Public Rack - Kedzie Ave & 60th St,public_rack,2022-08-30 08:59:55,41.79,-87.7,divvy_679eb8a6aa309e66,Public Rack - Kedzie Ave & 60th St,2022-08-30 08:59:55,41.785235,-87.703131,True,public_rack,11,reassigned_or_rekeyed
divvy_252976dfec9d49f2,Public Rack - Troy & 111th St,public_rack,2022-09-26 14:13:01,41.69,-87.7,divvy_af4618c28e01ae81,Public Rack - Troy & 111th St,2022-09-26 14:13:01,41.691373,-87.700281,True,public_rack,6,reassigned_or_rekeyed
divvy_252c14e041f4fee0,Campbell Ave & 51st St,station,2023-05-02 14:24:19,41.80094,-87.68676,divvy_252c14e041f4fee0,Campbell Ave & 51st St,2021-10-20 07:37:43,41.80094,-87.68676,True,station,658,same_key
divvy_252c6299aa8367e7,Public Rack - Ada St & 95th St,public_rack,2023-06-02 12:12:51,41.72158,-87.65612,divvy_252c6299aa8367e7,Public Rack - Ada St & 95th St,2023-05-16 13:49:36,41.72158,-87.65612,True,public_rack,28,same_key
divvy_252cd56e9569f1b6,Greenwood Ave & 97th St,station,2020-09-03 06:54:57,41.71870315475741,-87.59703576564789,divvy_252cd56e9569f1b6,Greenwood Ave & 97th St,2020-09-03 06:54:57,41.71870315475741,-87.59703576564789,True,station,1946,same_key
divvy_2540836d10b90de3,Public Rack - Brooks Park,public_rack,2023-06-01 12:11:49,42.0044152,-87.8070628,divvy_2540836d10b90de3,Public Rack - Brooks Park,2023-05-20 11:48:13,42.0044152,-87.8070628,True,public_rack,27,same_key
divvy_25416edeffe04e1c,Public Rack - Pulaski Rd & 15th St,public_rack,2023-06-27 23:33:10,41.8603966,-87.7250977,divvy_25416edeffe04e1c,Public Rack - Pulaski Rd & 15th St,2022-07-24 17:39:08,41.8603966,-87.7250977,True,public_rack,18,same_key
divvy_25477eec0ffe0b6e,Wood St & Division St,station,2013-06-27 11:24:00,41.90332,-87.67273,divvy_25477eec0ffe0b6e,Wood St & Division St,2013-06-27 11:24:00,41.90332,-87.67273,True,station,52219,same_key
divvy_2549d22b6ebe1e92,Addison Red Line,station,2025-05-16 12:32:40.081000,41.9472,-87.654,divvy_2549d22b6ebe1e92,Addison Red Line,2025-05-16 12:32:40.081000,41.9472,-87.654,True,station,1163,same_key
divvy_254a6c78254c5a9b,Burnham Greenway & 105th St,station,2020-09-18 20:28:43,41.7045750872071,-87.52823173999786,divvy_254a6c78254c5a9b,Burnham Greenway & 105th St,2020-09-18 20:28:43,41.7045750872071,-87.52823173999786,True,station,1886,same_key
divvy_2554a62b50894e1b,Addison/Wilton Corral,station,2025-07-02 18:42:09.221000,41.9473827,-87.6531716,divvy_2554a62b50894e1b,Addison/Wilton Corral,2025-07-02 18:42:09.221000,41.9473827,-87.6531716,True,station,2225,same_key
divvy_2561791550700604,Public Rack - Division St & Christiana Ave,public_rack,2022-08-31 12:39:10,41.9,-87.71,divvy_52485ef889ffc0c6,Public Rack - Division St & Christiana Ave,2022-08-31 12:39:10,41.90254,-87.71085,True,public_rack,14,reassigned_or_rekeyed
divvy_2563e390d38bdc78,Public Rack - Central Park & Bryn Mawr,public_rack,2023-06-04 21:11:26,41.982873,-87.719594,divvy_2563e390d38bdc78,Public Rack - Central Park & Bryn Mawr,2023-05-02 08:21:10,41.982873,-87.719594,True,public_rack,108,same_key
divvy_25731479772f672e,Bosworth Ave & Howard St,station,2016-07-08 08:11:00,42.019537,-87.669563,divvy_25731479772f672e,Bosworth Ave & Howard St,2016-07-08 08:11:00,42.019537,-87.669563,True,station,15917,same_key
divvy_25736b9ada6a26af,Ogden Ave & Congress Pkwy,station,2013-07-29 07:19:00,41.87501,-87.67328,divvy_25736b9ada6a26af,Ogden Ave & Congress Pkwy,2013-07-29 07:19:00,41.87501,-87.67328,True,station,68621,same_key
divvy_25b2a845ab228070,Damen Ave & 81st St,station,2023-11-09 15:23:03,41.746534,-87.673055,divvy_25b2a845ab228070,Damen Ave & 81st St,2023-11-09 15:23:03,41.746534,-87.673055,True,station,604,same_key
divvy_25b814eeb8ff394a,Public Rack - Lafayette Ave & 95th St,public_rack,2022-09-06 20:32:02,41.72,-87.62,divvy_c9d372efc76ebeb6,Public Rack - Lafayette Ave & 95th St,2022-09-06 20:32:02,41.721787,-87.624939,True,public_rack,80,reassigned_or_rekeyed
divvy_25c79c34d3e55065,Public Rack - Jonathan Y Scammon Public School,public_rack,2023-06-01 15:07:06,41.941612,-87.732372,divvy_25c79c34d3e55065,Public Rack - Jonathan Y Scammon Public School,2022-06-15 01:31:16,41.941612,-87.732372,True,public_rack,1224,same_key
divvy_25f8be7556a82e5a,Menard Ave & North Ave,station,2021-11-07 15:41:46,41.9097167,-87.7702037,divvy_25f8be7556a82e5a,Menard Ave & North Ave,2021-11-07 15:41:46,41.9097167,-87.7702037,True,station,377,same_key
divvy_25fb84a27605d56c,Public Rack - Damen & 81st,public_rack,2023-05-02 12:13:25,41.746488,-87.673132,divvy_9b05668fb3bad9d6,Public Rack - Damen & 81st,2023-05-02 12:13:25,41.746488,-87.673132,True,public_rack,39,reassigned_or_rekeyed
divvy_2609247ed59979ea,Wells St & Erie St,station,2013-06-29 12:08:00,41.893832,-87.634195,divvy_2609247ed59979ea,Wells St & Erie St,2013-06-29 12:08:00,41.893832,-87.634195,True,station,69574,same_key
divvy_260d87298f5342cf,Public Rack - Western Ave & 92nd Pl,public_rack,2022-09-25 09:15:08,41.73,-87.68,divvy_22f793593d0d0a42,Public Rack - Western Ave & 92nd Pl,2022-09-25 09:15:08,41.725538,-87.681968,True,public_rack,26,reassigned_or_rekeyed
divvy_261f2aa12a69fab8,Ashland Ave & Wrightwood Ave,station,2013-06-28 07:32:00,41.92883,-87.668507,divvy_261f2aa12a69fab8,Ashland Ave & Wrightwood Ave,2013-06-28 07:32:00,41.92883,-87.668507,True,station,134385,same_key
divvy_262b37004dd6611e,Public Rack - St Louis Ave & Flournoy St,public_rack,2022-10-09 09:10:33,41.87,-87.71,divvy_43c2f6c67f3b25b9,Public Rack - St Louis Ave & Flournoy St,2022-10-09 09:10:33,41.8727811,-87.7131562,True,public_rack,8,reassigned_or_rekeyed
divvy_26322331f743fb78,Public Rack - Laflin St & 79th St,public_rack,2023-04-16 23:43:16,41.750326,-87.66168,divvy_26322331f743fb78,Public Rack - Laflin St & 79th St,2023-04-16 23:43:16,41.750326,-87.66168,True,public_rack,22,same_key
divvy_263514815bdfc455,Public Rack - Central Ave & Corcoran Pl,public_rack,2022-09-08 09:23:32,41.89,-87.77,divvy_03f05618b7fd836d,Public Rack - Central Ave & Corcoran Pl,2022-09-08 09:23:32,41.887342,-87.765041,True,public_rack,35,reassigned_or_rekeyed
divvy_264771656761b251,Mozart St & 79th St,station,2023-11-10 18:07:41,41.749702,-87.693917,divvy_264771656761b251,Mozart St & 79th St,2023-11-10 18:07:41,41.749702,-87.693917,True,station,168,same_key
divvy_26ae5fccb27ef023,Public Rack - Ellis Ave & 132nd Pl,public_rack,2023-04-10 17:57:17,41.66,-87.6,divvy_649de21de72cd75e,Public Rack - Ellis Ave & 132nd Pl,2023-04-10 17:57:17,41.655139,-87.597597,True,public_rack,2,reassigned_or_rekeyed
divvy_26be40d00b348482,Pullman - Ross Dress for Less,station,2022-05-24 20:25:28,41.7,-87.6,divvy_07b4a9ff17a63d8c,Pullman - Ross Dress for Less,2022-05-24 20:25:28,,,,station,17,retained_unlocated
divvy_26cc6a9e3f06fe34,Racine/Eddy Corral,station,2025-07-02 18:31:27.929000,41.9463404,-87.6591024,divvy_26cc6a9e3f06fe34,Racine/Eddy Corral,2025-07-02 18:31:27.929000,41.9463404,-87.6591024,True,station,3829,same_key
divvy_26d3410cb1021535,Public Rack - Marshfield Ave & 45th St,public_rack,2023-05-28 03:09:50,41.812343,-87.666239,divvy_26d3410cb1021535,Public Rack - Marshfield Ave & 45th St,2022-10-04 09:29:22,41.812343,-87.666239,True,public_rack,57,same_key
divvy_26e63821ed9cfcad,Kedzie Ave & Chicago Ave,station,2015-05-02 12:56:00,41.89546530305,-87.7061278837,divvy_26e63821ed9cfcad,Kedzie Ave & Chicago Ave,2015-05-02 12:56:00,41.89546530305,-87.7061278837,True,station,18261,same_key
divvy_26f579eafb02f9e0,Public Rack - Halsted St & 102nd St,public_rack,2022-09-22 18:58:35,41.71,-87.64,divvy_64986bc92c577bca,Public Rack - Halsted St & 102nd St,2022-09-22 18:58:35,41.70794,-87.643177,True,public_rack,8,reassigned_or_rekeyed
divvy_2740964f4a210e47,Public Rack - Springfield & 71st,public_rack,2023-06-03 18:42:57,41.764196,-87.720111,divvy_2740964f4a210e47,Public Rack - Springfield & 71st,2023-05-19 12:52:07,41.764196,-87.720111,True,public_rack,33,same_key
divvy_279ebada77c201c3,Public Rack - Ashburn Metra,public_rack,2023-08-15 13:18:35,41.7412,-87.71312,divvy_279ebada77c201c3,Public Rack - Ashburn Metra,2023-08-15 13:18:35,41.7412,-87.71312,True,public_rack,5,same_key
divvy_27a20f3c0723991e,Throop St & 109th Pl,station,2022-09-06 00:28:29,41.69,-87.65,divvy_ebbd3f0ddf8b2019,Throop St & 109th Pl,2022-09-06 00:28:29,,,,station,1,retained_unlocated
divvy_27ddf6a2cf383850,Public Rack - Western Ave & 110th St,public_rack,2022-07-12 17:30:52,41.69,-87.68,divvy_d3520545a1bc3a37,Public Rack - Western Ave & 110th St,2022-07-12 17:30:52,41.69442,-87.681547,True,public_rack,46,reassigned_or_rekeyed
divvy_27e3717f6b2619af,Ashland Ave & Garfield Blvd,station,2016-06-26 13:53:00,41.792822,-87.664429,divvy_27e3717f6b2619af,Ashland Ave & Garfield Blvd,2016-06-26 13:53:00,41.792822,-87.664429,True,station,1771,same_key
divvy_2800698e91664315,Public Rack - Horner & 85th,public_rack,2023-05-18 14:54:56,41.739304,-87.669085,divvy_dd8faf79fc6d44c1,Public Rack - Horner & 85th,2023-05-18 14:54:56,41.739304,-87.669085,True,public_rack,8,reassigned_or_rekeyed
divvy_28053de6e8c2eb9d,Public Rack - Claremont Ave & 71st St,public_rack,2022-09-10 02:21:35,41.76,-87.68,divvy_8c13c7653339206e,Public Rack - Claremont Ave & 71st St,2022-09-10 02:21:35,41.764585,-87.682253,True,public_rack,11,reassigned_or_rekeyed
divvy_28076cc729765b21,Kimball Ave & Carmen Ave,station,2022-05-10 08:58:51,41.97,-87.71,divvy_b433eaa530f9236c,Kimball Ave & Carmen Ave,2022-05-10 08:58:51,,,,station,37,retained_unlocated
divvy_280b6380d2a6b906,Public Rack - Leclaire Ave & Division St,public_rack,2024-04-16 17:42:46,41.90205,-87.75305,divvy_280b6380d2a6b906,Public Rack - Leclaire Ave & Division St,2022-07-07 20:25:52,41.90205,-87.75305,True,public_rack,66,same_key
divvy_282075e38ed4b2e4,Central Ave & Lake St,station,2016-07-27 14:36:37,41.887664,-87.765469,divvy_282075e38ed4b2e4,Central Ave & Lake St,2016-07-27 14:36:37,41.887664,-87.765469,True,station,3883,same_key
divvy_284150a1b2ec8ca8,Public Rack - Western Ave & 106th St - West,public_rack,2023-04-09 22:02:26,41.7,-87.68,divvy_8cea6f89bc07fa78,Public Rack - Western Ave & 106th St - West,2023-04-09 22:02:26,41.701379,-87.681826,True,public_rack,5,reassigned_or_rekeyed
divvy_285deb1cd7b8be55,Public Rack - Rockwell & Division,public_rack,2022-08-29 23:11:03,41.9,-87.69,divvy_20129ec3ef43f663,Public Rack - Rockwell & Division,2022-08-29 23:11:03,41.90282,-87.692397,True,public_rack,215,reassigned_or_rekeyed
divvy_2883cd46c554c5f9,Major Ave & Bloomingdale Ave,station,2023-05-07 14:33:35,41.911292583333335,-87.76927666666666,divvy_0251e093b5721d58,Major Ave & Bloomingdale Ave,2021-09-01 15:35:30,41.9125923,-87.7686995,True,station,2,reassigned_or_rekeyed
divvy_28911fc88f54787b,Bell Ave & 95th St,station,2022-05-09 18:32:54,41.72,-87.68,divvy_aa5b6133c85a7b5a,Bell Ave & 95th St,2022-05-09 18:32:54,,,,station,39,retained_unlocated
divvy_2893280b12b1dc75,Public Rack - Haft Ave & Milwaukee Ave,public_rack,2023-05-05 16:02:25,42.0,-87.79,divvy_505e1947f125cec5,Public Rack - Haft Ave & Milwaukee Ave,2023-05-05 16:02:25,41.9955785,-87.7863994,True,public_rack,4,reassigned_or_rekeyed
divvy_289ad65679623e21,Rockwell St & Archer Ave,station,2023-06-01 07:20:13,41.82272,-87.68982,divvy_289ad65679623e21,Rockwell St & Archer Ave,2021-09-29 17:33:25,41.82272,-87.68982,True,station,2928,same_key
divvy_28a274f2256b6639,Public Rack - Jensen Park,public_rack,2023-06-01 09:45:38,41.964864,-87.720774,divvy_28a274f2256b6639,Public Rack - Jensen Park,2022-06-05 08:47:47,41.964864,-87.720774,True,public_rack,1033,same_key
divvy_28c364a83cc2bc87,Public Rack - Avondale Ave & Addison St,public_rack,2022-06-18 08:05:40,41.95,-87.72,divvy_c735e01a233fbb31,Public Rack - Avondale Ave & Addison St,2022-06-18 08:05:40,41.94655,-87.719827,True,public_rack,166,reassigned_or_rekeyed
divvy_28c50662c42e8684,Cottage Grove Ave & 51st St,station,2013-06-28 11:39:00,41.803038,-87.606615,divvy_28c50662c42e8684,Cottage Grove Ave & 51st St,2013-06-28 11:39:00,41.803038,-87.606615,True,station,25210,same_key
divvy_28c9f59da3183cb1,N Green St & W Lake St,station,2020-12-16 19:00:14,41.89,-87.65,divvy_3cccd9475922acb5,N Green St & W Lake St,2020-12-16 19:00:14,41.885579,-87.648484,True,station,21892,reassigned_or_rekeyed
divvy_28e10aef59377853,Public Rack - Paul Revere Elementary School,public_rack,2022-10-31 14:37:37,41.76,-87.6,divvy_15a55ab42539650e,Public Rack - Paul Revere Elementary School,2022-10-31 14:37:37,41.764225,-87.600166,True,public_rack,1,reassigned_or_rekeyed
divvy_28e3859ef681bdf5,Wallace St & Pershing Rd,station,2024-09-10 21:37:08.901000,41.823773,-87.639915,divvy_28e3859ef681bdf5,Wallace St & Pershing Rd,2024-09-10 21:37:08.901000,41.823773,-87.639915,True,station,787,same_key
divvy_28e6eafbf32e56f9,Springfield Ave & 47th St,station,2023-05-01 09:17:56,41.80807,-87.72123,divvy_28e6eafbf32e56f9,Springfield Ave & 47th St,2021-10-08 16:04:07,41.80807,-87.72123,True,station,659,same_key
divvy_290333b4a533b1a2,Public Rack - Ewing Ave & 101st St,public_rack,2022-09-11 17:13:28,41.71,-87.54,divvy_7a46494805624737,Public Rack - Ewing Ave & 101st St,2022-09-11 17:13:28,41.7117328,-87.5350591,True,public_rack,2,reassigned_or_rekeyed
divvy_290d5b388686b2ac,Public Rack - California Ave & Touhy Ave - midblock,public_rack,2022-08-23 13:44:51,42.01,-87.7,divvy_c28e6263b8aa7a7b,Public Rack - California Ave & Touhy Ave - midblock,2022-08-23 13:44:51,42.012207,-87.700474,True,public_rack,4,reassigned_or_rekeyed
divvy_29126b9efd1cf975,Central Park Ave & Ogden Ave,station,2022-05-10 15:38:41,41.85,-87.72,divvy_0853ae305963e389,Central Park Ave & Ogden Ave,2015-04-29 17:44:00,41.854063503874464,-87.71511733531952,True,station,13,reassigned_or_rekeyed
divvy_2916e11025545ee6,Sheffield Ave & Willow St,station,2013-06-28 17:37:00,41.913688,-87.652855,divvy_2916e11025545ee6,Sheffield Ave & Willow St,2013-06-28 17:37:00,41.913688,-87.652855,True,station,244606,same_key
divvy_291ad88749fd19cf,Midway Orange Line,station,2022-05-09 13:07:36,41.79,-87.74,divvy_5de4da65b457590c,Midway Orange Line,2022-05-09 13:07:36,41.78692,-87.73892,True,station,334,reassigned_or_rekeyed
divvy_292161b6dfc8d5d0,Ewing Ave & 96th St,station,2022-06-03 13:40:45,41.72,-87.54,divvy_05d2b449c593874f,Ewing Ave & 96th St,2022-06-03 13:40:45,,,,station,12,retained_unlocated
divvy_294a6c482e079397,Public Rack - Kedzie Ave & 63rd St,public_rack,2023-05-01 18:28:56,41.778865,-87.703029,divvy_294a6c482e079397,Public Rack - Kedzie Ave & 63rd St,2022-09-27 16:03:08,41.778865,-87.703029,True,public_rack,55,same_key
divvy_2954f25f8f571da8,Public Rack - Archer Park,public_rack,2023-08-01 14:46:06,41.803822,-87.73551,divvy_2954f25f8f571da8,Public Rack - Archer Park,2023-05-03 17:30:03,41.803822,-87.73551,True,public_rack,17,same_key
divvy_2962b50b48a46fe7,Harding Ave & 47th St,station,2022-05-23 17:51:44,41.81,-87.72,divvy_eb5bfd5cd94bf369,Harding Ave & 47th St,2022-05-23 17:51:44,,,,station,22,retained_unlocated
divvy_29764872a3a8902d,Franklin St & Quincy St,station,2013-09-14 13:28:00,41.878724,-87.634793,divvy_29764872a3a8902d,Franklin St & Quincy St,2013-09-14 13:28:00,41.878724,-87.634793,True,station,156770,same_key
divvy_29969b33b5e73f96,Artesian Ave & Hubbard St,station,2015-04-27 17:48:00,41.8895,-87.688257,divvy_29969b33b5e73f96,Artesian Ave & Hubbard St,2015-04-27 17:48:00,41.8895,-87.688257,True,station,97762,same_key
divvy_29bb061d865b2a65,Public Rack - Michigan Ave & Wacker Dr (North),public_rack,2026-05-01 16:20:36.697000,41.88935706,-87.62397971,divvy_29bb061d865b2a65,Public Rack - Michigan Ave & Wacker Dr (North),2026-05-01 16:20:36.697000,41.88935706,-87.62397971,True,public_rack,1407,same_key
divvy_29c4e28e1a904e3e,DuSable Lake Shore Dr & Balbo Dr,station,2026-07-21 13:31:12.781000,41.87318,-87.61685,divvy_29c4e28e1a904e3e,DuSable Lake Shore Dr & Balbo Dr,2026-07-21 13:31:12.781000,41.87318,-87.61685,True,station,4745,same_key
divvy_29e3f5f8dc899313,Francisco Ave & 47th St,station,2023-06-01 15:35:10,41.80849,-87.69673,divvy_29e3f5f8dc899313,Francisco Ave & 47th St,2021-11-27 14:45:12,41.80849,-87.69673,True,station,1027,same_key
divvy_29e4cb59679d4864,Western Ave & 79th St,station,2023-12-24 07:24:05,41.750843,-87.682701,divvy_29e4cb59679d4864,Western Ave & 79th St,2022-05-11 16:54:10,41.750843,-87.682701,True,station,374,same_key
divvy_29e5ebe4527036af,Pittsburgh Ave & Irving Park,station,2022-06-03 12:22:01,41.95,-87.83,divvy_b212af9755a3791e,Pittsburgh Ave & Irving Park,2022-06-03 12:22:01,,,,station,12,retained_unlocated
divvy_29e9d94d403f48ff,Public Rack - N. Oakview and W. Gregory St,public_rack,2023-05-07 19:33:09,41.98,-87.84,divvy_dd0bfa895f4691d4,Public Rack - N. Oakview and W. Gregory St,2023-05-07 19:33:09,41.9801,-87.84396,True,public_rack,4,reassigned_or_rekeyed
divvy_2a1edb030e61b655,New England Ave & North Ave,station,2026-03-09 23:34:41.046000,41.90929,-87.79715,divvy_2a1edb030e61b655,New England Ave & North Ave,2026-03-09 23:34:41.046000,41.90929,-87.79715,True,station,104,same_key
divvy_2a31c8a046650e55,Western Ave & 92nd Pl,station,2022-05-10 16:29:42,41.73,-87.68,divvy_9bb2267f86936467,Western Ave & 92nd Pl,2022-05-10 16:29:42,,,,station,86,retained_unlocated
divvy_2a63bc6870ff9374,Francisco Ave & Hollywood Ave,station,2021-11-05 16:35:27,41.98,-87.7,divvy_9545a384bfeb4624,Francisco Ave & Hollywood Ave,2021-11-05 16:35:27,41.98443,-87.70157,True,station,233,reassigned_or_rekeyed
divvy_2a6d74da214a7c57,Clark St & Elmdale Ave,station,2015-05-11 18:37:00,41.990860448125574,-87.66972362995148,divvy_2a6d74da214a7c57,Clark St & Elmdale Ave,2015-05-11 18:37:00,41.990860448125574,-87.66972362995148,True,station,66195,same_key
divvy_2a81b97db014905b,Public Rack - Avenue M & 132nd St,public_rack,2023-12-30 19:51:45,41.655692,-87.537595,divvy_2a81b97db014905b,Public Rack - Avenue M & 132nd St,2023-03-28 20:16:15,41.655692,-87.537595,True,public_rack,54,same_key
divvy_2a95b8743cd1ca1e,Public Rack - Christiana Ave & 111th St,public_rack,2022-10-23 11:30:40,41.69,-87.7,divvy_e9617bfe25011dae,Public Rack - Christiana Ave & 111th St,2022-10-23 11:30:40,41.69137,-87.704809,True,public_rack,1,reassigned_or_rekeyed
divvy_2a9d6112412b4935,Public Rack - Calumet Ave & Garfield Blvd,public_rack,2024-05-23 20:14:48,41.794886,-87.617415,divvy_2a9d6112412b4935,Public Rack - Calumet Ave & Garfield Blvd,2022-10-14 14:38:22,41.794886,-87.617415,True,public_rack,8,same_key
divvy_2a9f218547f6ea44,Kedzie Ave & Argyle St,station,2022-05-09 15:10:07,41.97,-87.71,divvy_b328af97e3918e7b,Kedzie Ave & Argyle St,2022-05-09 15:10:07,,,,station,20,retained_unlocated
divvy_2aa272152732acce,Wood St & Beach Ave,station,2013-06-27 14:38:00,41.907655,-87.672552,divvy_2aa272152732acce,Wood St & Beach Ave,2013-06-27 14:38:00,41.907655,-87.672552,True,station,311916,same_key
divvy_2aa95cfe1aeb517b,Linder Ave & Archer Ave,station,2022-05-11 18:53:53,41.8,-87.76,divvy_c4fe11247e815b44,Linder Ave & Archer Ave,2022-05-11 18:53:53,,,,station,1,retained_unlocated
divvy_2aaeb69cea76379b,Southport Ave & Clybourn Ave,station,2024-07-01 00:39:51.789000,41.9215759,-87.6664335,divvy_2aaeb69cea76379b,Southport Ave & Clybourn Ave,2024-07-01 00:39:51.789000,41.9215759,-87.6664335,True,station,14771,same_key
divvy_2ad2d9c1359e2eff,Public Rack - May St & 78th St,public_rack,2022-10-12 22:57:26,41.75,-87.65,divvy_e73f75f48a30aacc,Public Rack - May St & 78th St,2022-10-12 22:57:26,41.752451,-87.652969,True,public_rack,4,reassigned_or_rekeyed
divvy_2ad7f30f54d9dfa1,Public Rack - Kenneth & Carmen,public_rack,2023-05-25 17:50:46,41.972642,-87.739239,divvy_2ad7f30f54d9dfa1,Public Rack - Kenneth & Carmen,2023-05-04 15:28:47,41.972642,-87.739239,True,public_rack,433,same_key
divvy_2ade1d5cb362f85f,Public Rack - Northwest Hwy & Highland Ave,public_rack,2023-05-16 14:50:18,42.0,-87.81,divvy_5b928f5c8c1f3bb7,Public Rack - Northwest Hwy & Highland Ave,2023-05-16 14:50:18,41.995867,-87.805223,True,public_rack,1,reassigned_or_rekeyed
divvy_2ae17962aad9c72f,Public Rack - Chappel Ave & 71st St,public_rack,2022-09-25 18:06:08,41.77,-87.58,divvy_c94fe98a98761bdd,Public Rack - Chappel Ave & 71st St,2022-09-25 18:06:08,41.766366,-87.575287,True,public_rack,3,reassigned_or_rekeyed
divvy_2afe49e5aa8c7826,Public Rack - King Dr & Oakwood Blvd,public_rack,2022-06-03 14:23:22,41.82,-87.62,divvy_74cef0682dc5f72a,Public Rack - King Dr & Oakwood Blvd,2022-06-03 14:23:22,41.822827,-87.616486,True,public_rack,53,reassigned_or_rekeyed
divvy_2b15cebfb4dc9067,Public Rack - Piotrowski Park,public_rack,2023-06-16 20:38:04,41.836682,-87.73083,divvy_2b15cebfb4dc9067,Public Rack - Piotrowski Park,2022-09-17 19:41:30,41.836682,-87.73083,True,public_rack,27,same_key
divvy_2b22d80a4e93174d,Narragansett Ave & School St,station,2023-06-01 13:24:41,41.94012,-87.78648,divvy_2b22d80a4e93174d,Narragansett Ave & School St,2021-08-08 13:54:46,41.94012,-87.78648,True,station,924,same_key
divvy_2b325a70a5fd923f,Noble St & Milwaukee Ave,station,2013-06-27 21:51:00,41.9007,-87.662607,divvy_2b325a70a5fd923f,Noble St & Milwaukee Ave,2013-06-27 21:51:00,41.9007,-87.662607,True,station,199958,same_key
divvy_2b37839001ebb0bc,Racine Ave & Randolph St,station,2017-01-01 01:31:24,41.884081224846845,-87.65692072930314,divvy_2b37839001ebb0bc,Racine Ave & Randolph St,2017-01-01 01:31:24,41.884081224846845,-87.65692072930314,True,station,99470,same_key
divvy_2b3dc2794e8a71fb,Public Rack - Peterson Ave & Drake Ave,public_rack,2023-07-27 18:01:28,41.990119,-87.717337,divvy_2b3dc2794e8a71fb,Public Rack - Peterson Ave & Drake Ave,2022-08-03 21:43:32,41.990119,-87.717337,True,public_rack,186,same_key
divvy_2b4a61eb70e58b85,Wabash Ave & 9th St,station,2017-07-01 01:57:23,41.870769,-87.625734,divvy_2b4a61eb70e58b85,Wabash Ave & 9th St,2017-07-01 01:57:23,41.870769,-87.625734,True,station,256753,same_key
divvy_2b4c94d71d31101c,Public Rack - Halsted St & 95th St - SW,public_rack,2023-06-01 13:52:56,41.720794462,-87.643374005,divvy_2b4c94d71d31101c,Public Rack - Halsted St & 95th St - SW,2022-09-30 07:35:56,41.720794462,-87.643374005,True,public_rack,48,same_key
divvy_2b67a8035e44f977,Wallace St & 35th St,station,2013-09-13 19:58:00,41.830707051440854,-87.64125533401966,divvy_2b67a8035e44f977,Wallace St & 35th St,2013-09-13 19:58:00,41.830707051440854,-87.64125533401966,True,station,40262,same_key
divvy_2b762259e564a6c8,Public Rack - Damen Ave & 47th St,public_rack,2023-04-20 15:02:00,41.81,-87.67,divvy_35325647dc5aefc9,Public Rack - Damen Ave & 47th St,2022-10-01 18:47:41,41.808884,-87.67513,True,public_rack,2,reassigned_or_rekeyed
divvy_2b7d7cf2058ef098,Public Rack - Lorel Ave & Chicago Ave,public_rack,2023-06-10 18:29:16,41.89503,-87.759917,divvy_2b7d7cf2058ef098,Public Rack - Lorel Ave & Chicago Ave,2022-07-05 15:46:19,41.89503,-87.759917,True,public_rack,18,same_key
divvy_2b863395f9804bd1,May St & Fulton St,station,2013-08-16 13:25:00,41.886773,-87.656001,divvy_2b863395f9804bd1,May St & Fulton St,2013-08-16 13:25:00,41.886773,-87.656001,True,station,47380,same_key
divvy_2ba708195b10ccd3,California Ave & Devon Ave - NW,station,2022-05-09 21:13:18,42.0,-87.7,divvy_917d7c8477918261,California Ave & Devon Ave - NW,2022-05-09 21:13:18,,,,station,23,retained_unlocated
divvy_2bafba938540f8f5,Western Ave & Grace St,station,2023-06-01 09:15:42,41.95035,-87.68808,divvy_2bafba938540f8f5,Western Ave & Grace St,2021-11-11 16:59:24,41.95035,-87.68808,True,station,9957,same_key
divvy_2be2ef5953dd2173,Kolin Ave & Archer Ave,station,2022-05-12 20:51:09,41.8,-87.73,divvy_1d4727ec9d32326f,Kolin Ave & Archer Ave,2022-05-12 20:51:09,,,,station,40,retained_unlocated
divvy_2bfe7e752bf18816,Public Rack - Normandy Ave & Raven St,public_rack,2023-05-11 07:24:54,41.99,-87.79,divvy_0b4033268457f0b6,Public Rack - Normandy Ave & Raven St,2023-05-11 07:24:54,41.993871,-87.792536,True,public_rack,1,reassigned_or_rekeyed
divvy_2c0e5e2c7761b178,Halsted St & Belden St,station,2025-08-25 12:11:06.836000,41.92365,-87.64894,divvy_2c0e5e2c7761b178,Halsted St & Belden St,2025-08-25 12:11:06.836000,41.92365,-87.64894,True,station,12702,same_key
divvy_2c231f0ae47af1bf,Public Rack - Pulaski Rd & 40th St,public_rack,2024-02-10 10:57:54,41.81864,-87.72428,divvy_2c231f0ae47af1bf,Public Rack - Pulaski Rd & 40th St,2022-08-30 20:16:43,41.81864,-87.72428,True,public_rack,9,same_key
divvy_2c339dae4d6e18f5,Princeton Ave & 47th St,station,2015-04-16 22:36:00,41.80931770924,-87.633449288,divvy_2c339dae4d6e18f5,Princeton Ave & 47th St,2015-04-16 22:36:00,41.80931770924,-87.633449288,True,station,8602,same_key
divvy_2c3e07e4f9d44c85,Elston Ave & Wabansia Ave,station,2015-07-01 05:34:00,41.912919,-87.664169,divvy_2c3e07e4f9d44c85,Elston Ave & Wabansia Ave,2015-07-01 05:34:00,41.912919,-87.664169,True,station,69472,same_key
divvy_2c4736b738c538b0,Meade Ave & Addison St,station,2023-06-05 06:15:41,41.94595,-87.77888,divvy_2c4736b738c538b0,Meade Ave & Addison St,2021-08-06 18:34:38,41.94595,-87.77888,True,station,675,same_key
divvy_2c4b904a76138cc7,Public Rack - Midway Orange Line,public_rack,2023-06-01 06:55:36,41.785894,-87.738031,divvy_2c4b904a76138cc7,Public Rack - Midway Orange Line,2022-09-10 10:00:36,41.785894,-87.738031,True,public_rack,655,same_key
divvy_2c4ff5e801d05711,Glenwood Ave & Devon Ave,station,2026-06-10 15:51:19.122000,41.99791,-87.66545,divvy_2c4ff5e801d05711,Glenwood Ave & Devon Ave,2026-06-10 15:51:19.122000,41.99791,-87.66545,True,station,1755,same_key
divvy_2c5db0e7d4439fda,Greenview Ave & Fullerton Ave,station,2013-07-11 17:24:00,41.92533,-87.6658,divvy_2c5db0e7d4439fda,Greenview Ave & Fullerton Ave,2013-07-11 17:24:00,41.92533,-87.6658,True,station,212543,same_key
divvy_2c702750d7721f32,Public Rack - Linder Ave & Belmont Ave,public_rack,2023-07-08 14:02:34,41.938743,-87.763298,divvy_2c702750d7721f32,Public Rack - Linder Ave & Belmont Ave,2022-06-18 02:13:53,41.938743,-87.763298,True,public_rack,44,same_key
divvy_2c7852fda8e3b53e,Public Rack - Nordica Ave & Addison St,public_rack,2023-07-10 17:17:20,41.945428,-87.803458,divvy_295708d551e2d1bc,Public Rack - Nordica Ave & Addison St,2022-09-17 16:05:34,41.945428,-87.803458,True,public_rack,35,reassigned_or_rekeyed
divvy_2c7913113677e5ec,Baltimore Ave & 133rd St,station,2022-06-08 13:49:25,41.65,-87.55,divvy_de1e55de949d2521,Baltimore Ave & 133rd St,2022-06-08 13:49:25,41.65349,-87.54703,True,station,10,reassigned_or_rekeyed
divvy_2c8007b4a9a3d727,Public Rack - Calumet Ave & 103rd St,public_rack,2023-08-29 09:41:27,41.707061,-87.615309,divvy_2c8007b4a9a3d727,Public Rack - Calumet Ave & 103rd St,2023-08-29 09:41:27,41.707061,-87.615309,True,public_rack,11,same_key
divvy_2c821fe1f4153e43,Evans Ave & 75th St,station,2016-07-01 14:34:54,41.75849,-87.60641,divvy_2c821fe1f4153e43,Evans Ave & 75th St,2016-07-01 14:34:54,41.75849,-87.60641,True,station,3343,same_key
divvy_2c9bd4cc2cf0f495,Public Rack - Avers Ave & Archer Ave,public_rack,2023-06-01 12:48:52,41.804487,-87.719584,divvy_4eadc312fc50d3bc,Public Rack - Avers Ave & Archer Ave,2022-09-10 12:19:01,41.804487,-87.719584,True,public_rack,39,reassigned_or_rekeyed
divvy_2cb97b218905a461,Corliss Ave & 133rd St,station,2022-07-12 02:59:43,41.65,-87.6,divvy_1e1006bee70eab46,Corliss Ave & 133rd St,2022-07-12 02:59:43,,,,station,2,retained_unlocated
divvy_2cc9fdf4a86ee8f1,California Ave & Devon Ave - NE,station,2022-05-16 21:16:11,42.0,-87.7,divvy_b0725b5bb00b96b5,California Ave & Devon Ave - NE,2022-05-16 21:16:11,,,,station,54,retained_unlocated
divvy_2cea71e22ca73949,Sheffield Ave & Wellington Ave,station,2013-07-22 12:59:00,41.9362534831413,-87.65266209840775,divvy_2cea71e22ca73949,Sheffield Ave & Wellington Ave,2013-07-22 12:59:00,41.9362534831413,-87.65266209840775,True,station,362807,same_key
divvy_2d02be0801fc2077,Public Rack - Ewing Ave & 102nd St,public_rack,2023-07-06 15:41:09,41.709948,-87.535365,divvy_2d02be0801fc2077,Public Rack - Ewing Ave & 102nd St,2022-10-04 15:04:41,41.709948,-87.535365,True,public_rack,12,same_key
divvy_2d1120ae2cebd4ca,Public Rack - Albany Ave & 111th St - NW,public_rack,2022-10-22 19:16:53,41.69,-87.7,divvy_065d85008baa654e,Public Rack - Albany Ave & 111th St - NW,2022-10-22 19:16:53,41.691669,-87.698507,True,public_rack,6,reassigned_or_rekeyed
divvy_2d17373e0dd1544b,Hoyne Ave & 47th St,station,2016-06-19 15:32:00,41.808227,-87.67718,divvy_2d17373e0dd1544b,Hoyne Ave & 47th St,2016-06-19 15:32:00,41.808227,-87.67718,True,station,6416,same_key
divvy_2d22b06ae76a298a,Pershing Rd & Sacramento Ave,station,2024-04-17 07:53:57,41.8223772681012,-87.69975413003766,divvy_2d22b06ae76a298a,Pershing Rd & Sacramento Ave,2024-04-17 07:53:57,41.8223772681012,-87.69975413003766,True,station,789,same_key
divvy_2d309b643769d886,Sedgwick St & Huron St,station,2013-08-01 20:27:00,41.894666,-87.638437,divvy_2d309b643769d886,Sedgwick St & Huron St,2013-08-01 20:27:00,41.894666,-87.638437,True,station,298078,same_key
divvy_2d59473e75428888,Public Rack - Racine Ave & 76th,public_rack,2023-07-22 08:18:29,41.755786,-87.654054,divvy_2d59473e75428888,Public Rack - Racine Ave & 76th,2022-09-08 17:58:46,41.755786,-87.654054,True,public_rack,12,same_key
divvy_2d5fbd47e3becd14,Orange & Addison,station,2023-06-04 18:27:52,41.9448846,-87.82423,divvy_2d5fbd47e3becd14,Orange & Addison,2021-09-02 17:37:18,41.9448846,-87.82423,True,station,190,same_key
divvy_2d64790471e5b45c,Public Rack - Kostner Ave & Wrightwood Ave,public_rack,2023-06-07 17:09:05,41.92786,-87.735756,divvy_2d64790471e5b45c,Public Rack - Kostner Ave & Wrightwood Ave,2022-08-09 17:29:02,41.92786,-87.735756,True,public_rack,100,same_key
divvy_2da59ac3fef7c897,Ashland Ave & 46th St,station,2022-05-22 19:36:54,41.81,-87.67,divvy_bf8d6bf2f21471e0,Ashland Ave & 46th St,2022-05-22 19:36:54,,,,station,12,retained_unlocated
divvy_2dac913bd7b55c85,Ashland Ave & Blackhawk St,station,2013-09-27 17:45:00,41.907066,-87.667252,divvy_2dac913bd7b55c85,Ashland Ave & Blackhawk St,2013-09-27 17:45:00,41.907066,-87.667252,True,station,192392,same_key
divvy_2db769d99ce77a0f,Public Rack - Vincennes Ave & 91st St,public_rack,2024-01-03 06:33:54,41.728122,-87.648524,divvy_2db769d99ce77a0f,Public Rack - Vincennes Ave & 91st St,2024-01-03 06:33:54,41.728122,-87.648524,True,public_rack,9,same_key
divvy_2dc7b18ae1b67920,Lowe Park,station,2022-05-23 15:25:51,41.8,-87.64,divvy_e85e5596d270a452,Lowe Park,2022-05-23 15:25:51,,,,station,4,retained_unlocated
divvy_2dcfc8be1056f767,Komensky Ave & 55th St,station,2021-10-05 16:37:05,41.79,-87.72,divvy_bdfcd505348c47b9,Komensky Ave & 55th St,2021-10-05 16:37:05,41.793279,-87.724189,True,station,509,reassigned_or_rekeyed
divvy_2de56738426d98c6,Kostner Ave & Armitage Ave,station,2022-05-18 19:29:28,41.92,-87.74,divvy_3646237c2b5c3270,Kostner Ave & Armitage Ave,2022-05-18 19:29:28,,,,station,568,retained_unlocated
divvy_2defed80c42cf85f,Homan Ave & Fillmore St,station,2021-07-14 18:24:42,41.87,-87.71,divvy_22c244815ca38d90,Homan Ave & Fillmore St,2021-07-14 18:24:42,41.86811,-87.71085,True,station,403,reassigned_or_rekeyed
divvy_2e0012ea80c2809f,Panama Ave & Grace St,station,2023-06-06 16:06:04,41.94766,-87.82925,divvy_2e0012ea80c2809f,Panama Ave & Grace St,2021-09-10 22:50:01,41.94766,-87.82925,True,station,284,same_key
divvy_2e06e727f031eba0,Public Rack - Central Park & Bryn Mawr,public_rack,2023-05-02 08:21:10,41.98,-87.72,divvy_2563e390d38bdc78,Public Rack - Central Park & Bryn Mawr,2023-05-02 08:21:10,41.982873,-87.719594,True,public_rack,8,reassigned_or_rekeyed
divvy_2e22ce2ac60d932d,Sheridan Rd & Irving Park Rd,station,2013-08-13 10:43:00,41.954245,-87.654406,divvy_2e22ce2ac60d932d,Sheridan Rd & Irving Park Rd,2013-08-13 10:43:00,41.954245,-87.654406,True,station,360389,same_key
divvy_2e3ebf542fbebbd2,Damen Ave & Thomas St (Augusta Blvd),station,2013-07-25 14:51:00,41.899113,-87.677212,divvy_2e3ebf542fbebbd2,Damen Ave & Thomas St (Augusta Blvd),2013-07-25 14:51:00,41.899113,-87.677212,True,station,86062,same_key
divvy_2e5cca831915c8e9,Public Rack - Western & 74th,public_rack,2023-05-29 16:01:08,41.759297,-87.683342,divvy_2e5cca831915c8e9,Public Rack - Western & 74th,2023-05-29 16:01:08,41.759297,-87.683342,True,public_rack,14,same_key
divvy_2e6a9197bc131675,Public Rack - Halsted St & 64th St,public_rack,2023-08-18 10:01:19,41.777436,-87.644535,divvy_2e6a9197bc131675,Public Rack - Halsted St & 64th St,2022-09-13 09:52:25,41.777436,-87.644535,True,public_rack,25,same_key
divvy_2e7661408e4ce246,Kedzie Ave & 64th St - SW,station,2022-05-10 15:04:47,41.78,-87.7,divvy_637f91a7d4a4902e,Kedzie Ave & 64th St - SW,2022-05-10 15:04:47,,,,station,39,retained_unlocated
divvy_2e7987783d5ba225,Columbus Ave & 79th St,station,2023-11-17 14:04:23,41.749119,-87.704263,divvy_2e7987783d5ba225,Columbus Ave & 79th St,2023-11-17 14:04:23,41.749119,-87.704263,True,station,471,same_key
divvy_2e87caff9e5fa166,Clark St & Lunt Ave,station,2015-05-15 15:05:00,42.009011180580764,-87.67411172389984,divvy_2e87caff9e5fa166,Clark St & Lunt Ave,2015-05-15 15:05:00,42.009011180580764,-87.67411172389984,True,station,71225,same_key
divvy_2eb591716bf1ab82,Clinton St & Lake St,station,2013-06-28 07:30:00,41.885637,-87.641823,divvy_2eb591716bf1ab82,Clinton St & Lake St,2013-06-28 07:30:00,41.885637,-87.641823,True,station,496329,same_key
divvy_2eee8411d9f7f54f,Orville T Bright School,station,2022-07-19 13:54:09,41.7,-87.56,divvy_f3966a4d731788ca,Orville T Bright School,2022-07-19 13:54:09,,,,station,4,retained_unlocated
divvy_2eef3379af009c59,Pulaski Rd & Madison St,station,2016-06-14 02:15:00,41.880827,-87.726279,divvy_2eef3379af009c59,Pulaski Rd & Madison St,2016-06-14 02:15:00,41.880827,-87.726279,True,station,471,same_key
divvy_2f0220900a5c2acc,Clifton Ave & Armitage Ave,station,2013-08-22 15:36:00,41.918216,-87.656936,divvy_2f0220900a5c2acc,Clifton Ave & Armitage Ave,2013-08-22 15:36:00,41.918216,-87.656936,True,station,234809,same_key
divvy_2f074ae48dc0fd0e,Oketo Ave & Addison St,station,2021-08-25 14:29:06,41.94,-87.81,divvy_6a082c025ea77492,Oketo Ave & Addison St,2021-08-25 14:29:06,41.94496,-87.81189,True,station,320,reassigned_or_rekeyed
divvy_2f079480c480064a,Public Rack - Lavergne & Lawrence,public_rack,2023-05-05 07:56:47,41.967912,-87.752496,divvy_2f079480c480064a,Public Rack - Lavergne & Lawrence,2023-05-05 07:56:47,41.967912,-87.752496,True,public_rack,371,same_key
divvy_2f0d79a5fddec7a1,Public Rack - Milwaukee Ave & Catalpa Ave,public_rack,2023-05-05 18:05:35,41.98,-87.77,divvy_8e569a1900354a37,Public Rack - Milwaukee Ave & Catalpa Ave,2023-05-05 18:05:35,41.9772313,-87.7689731,True,public_rack,8,reassigned_or_rekeyed
divvy_2f253beb7222675b,Elizabeth St & Fulton St,station,2022-09-24 17:06:25,41.88672,-87.65957,divvy_2f253beb7222675b,Elizabeth St & Fulton St,2022-09-24 17:06:25,41.88672,-87.65957,True,station,55338,same_key
divvy_2f342a1c068a276a,Vincennes Ave & 95th Pl,station,2022-07-09 18:29:36,41.72,-87.65,divvy_efdfce01ed735a48,Vincennes Ave & 95th Pl,2022-07-09 18:29:36,,,,station,3,retained_unlocated
divvy_2f3d50ea9a70093f,Hoyne Ave & 34th St,station,2023-05-03 21:16:54,41.8320245,-87.6778387,divvy_2f3d50ea9a70093f,Hoyne Ave & 34th St,2021-09-29 12:24:39,41.8320245,-87.6778387,True,station,1573,same_key
divvy_2f689f723fb19930,Public Rack - Southport Ave & Webster Ave,public_rack,2026-05-01 17:17:00.216000,41.92155961,-87.66337146,divvy_2f689f723fb19930,Public Rack - Southport Ave & Webster Ave,2026-05-01 17:17:00.216000,41.92155961,-87.66337146,True,public_rack,733,same_key
divvy_2f6c32de11fd8efa,Public Rack - Prairie Ave & 78th St,public_rack,2023-12-05 19:36:33,41.752229,-87.617995,divvy_2f6c32de11fd8efa,Public Rack - Prairie Ave & 78th St,2023-12-05 19:36:33,41.752229,-87.617995,True,public_rack,9,same_key
divvy_2f6e53f582d2df36,Inner Lake Shore Dr & Aldine Ave,station,2026-05-07 14:27:46.910000,41.94232,-87.63989,divvy_2f6e53f582d2df36,Inner Lake Shore Dr & Aldine Ave,2026-05-07 14:27:46.910000,41.94232,-87.63989,True,station,11269,same_key
divvy_2f8d6201d79282b2,Halsted St & 18th St,station,2013-08-13 12:02:00,41.85750568031716,-87.64599144458771,divvy_2f8d6201d79282b2,Halsted St & 18th St,2013-08-13 12:02:00,41.85750568031716,-87.64599144458771,True,station,82581,same_key
divvy_2f9facfa888a55f4,Harlem Ave & Bloomingdale Ave,station,2024-05-01 18:53:44,41.91203,-87.80577,divvy_2f9facfa888a55f4,Harlem Ave & Bloomingdale Ave,2024-05-01 18:53:44,41.91203,-87.80577,True,station,769,same_key
divvy_2fa317dd088fa0e6,Harriet E Sayre Public School,station,2022-05-11 20:45:31,41.91,-87.8,divvy_6d3c43ef08f1f901,Harriet E Sayre Public School,2022-05-11 20:45:31,,,,station,25,retained_unlocated
divvy_2fbb67a06b0550b8,Loomis St & 89th St,station,2021-05-12 20:53:36,41.73237975329554,-87.65806943178177,divvy_2fbb67a06b0550b8,Loomis St & 89th St,2021-05-12 20:53:36,41.73237975329554,-87.65806943178177,True,station,1161,same_key
divvy_2ff4646ed9019339,Honore St & Division St,station,2017-07-01 00:36:18,41.903119,-87.673935,divvy_2ff4646ed9019339,Honore St & Division St,2017-07-01 00:36:18,41.903119,-87.673935,True,station,189204,same_key
divvy_2ffffde28e6b1880,Baltimore Ave & 87th St,station,2020-08-19 18:46:56,41.737335600416664,-87.54851460456847,divvy_2ffffde28e6b1880,Baltimore Ave & 87th St,2020-08-19 18:46:56,41.737335600416664,-87.54851460456847,True,station,2363,same_key
divvy_300ffefdfd758858,Public Rack - Cicero Ave & Wellington Ave,public_rack,2022-06-15 20:46:05,41.94,-87.75,divvy_bf81408197a95c2c,Public Rack - Cicero Ave & Wellington Ave,2022-06-15 20:46:05,41.935779,-87.746581,True,public_rack,113,reassigned_or_rekeyed
divvy_30449314206964d8,Wells St & Institute Pl,station,2022-10-31 21:19:43,41.89737986072316,-87.63442039489746,divvy_30449314206964d8,Wells St & Institute Pl,2022-10-31 21:19:43,41.89737986072316,-87.63442039489746,True,station,53987,same_key
divvy_3049213c929d3a82,Ellis Ave & 60th St,station,2015-04-17 15:18:00,41.78509714636,-87.6010727606,divvy_3049213c929d3a82,Ellis Ave & 60th St,2015-04-17 15:18:00,41.78509714636,-87.6010727606,True,station,300205,same_key
divvy_304f274d43e50f35,Cicero Ave & Le Moyne St - midblock,station,2022-05-30 18:55:13,41.91,-87.75,divvy_5a14e2a7b323073f,Cicero Ave & Le Moyne St - midblock,2022-05-30 18:55:13,,,,station,5,retained_unlocated
divvy_304f3ce76abbe37d,Parkside Ave & Armitage Ave,station,2021-07-28 19:30:00,41.92,-87.77,divvy_658b6bda14fda78b,Parkside Ave & Armitage Ave,2021-07-28 19:30:00,41.916907,-87.767173,True,station,153,reassigned_or_rekeyed
divvy_305dac0dbb625740,Public Rack - Penn Elementary School / KIPP Ascend Middle School,public_rack,2022-06-18 22:51:46,41.86,-87.72,divvy_f8eff2e05a5f7f0a,Public Rack - Penn Elementary School / KIPP Ascend Middle School,2022-06-18 22:51:46,41.8586742,-87.7223835,True,public_rack,90,reassigned_or_rekeyed
divvy_308053305f031085,California Ave & 71st St,station,2023-09-29 14:22:50,41.764748,-87.693121,divvy_308053305f031085,California Ave & 71st St,2023-09-29 14:22:50,41.764748,-87.693121,True,station,731,same_key
divvy_308afcbcd12eeb36,Chappel Ave & 79th St,station,2016-08-21 17:13:08,41.751802,-87.574845,divvy_308afcbcd12eeb36,Chappel Ave & 79th St,2016-08-21 17:13:08,41.751802,-87.574845,True,station,55,same_key
divvy_309714f1f1aadbbd,Public Rack - W. Talcott & N. Oriole,public_rack,2023-05-07 17:26:16,41.99,-87.82,divvy_5ce02e628acfe3a6,Public Rack - W. Talcott & N. Oriole,2023-05-07 17:15:54,41.990637,-87.816938,True,public_rack,2,reassigned_or_rekeyed
divvy_30a19a4b11b6cf7d,Austin Branch Chicago Public Library,station,2022-05-29 15:16:47,41.89,-87.77,divvy_a6a084f7ea2f2c02,Austin Branch Chicago Public Library,2022-05-29 15:16:47,,,,station,15,retained_unlocated
divvy_30d0e215be3d23b1,Central Park Blvd & 5th Ave,station,2016-06-15 18:26:00,41.875679,-87.71547,divvy_30d0e215be3d23b1,Central Park Blvd & 5th Ave,2016-06-15 18:26:00,41.875679,-87.71547,True,station,3693,same_key
divvy_31098b29e9dbce32,Public Rack - Wood St & 103rd St,public_rack,2022-09-06 22:58:01,41.71,-87.67,divvy_05869cc712b7654e,Public Rack - Wood St & 103rd St,2022-09-06 22:58:01,41.706498,-87.667091,True,public_rack,55,reassigned_or_rekeyed
divvy_311d2910cbe0685f,Avers Ave & 16th St,station,2024-08-29 20:28:04.418000,41.85909,-87.72121,divvy_311d2910cbe0685f,Avers Ave & 16th St,2024-08-29 20:28:04.418000,41.85909,-87.72121,True,station,384,same_key
divvy_3153924d452969dd,Lincoln Ave & Fullerton Ave,station,2021-11-01 00:07:46,41.924161029067626,-87.64638036489487,divvy_3153924d452969dd,Lincoln Ave & Fullerton Ave,2021-11-01 00:07:46,41.924161029067626,-87.64638036489487,True,station,183721,same_key
divvy_3156b38bf7ffd334,Nordica Ave & Addison St,station,2022-06-15 10:58:14,41.95,-87.8,divvy_0546097a6c51f226,Nordica Ave & Addison St,2022-06-15 10:58:14,,,,station,9,retained_unlocated
divvy_3157c752a6438928,Torrence Ave & 106th St,station,2020-09-13 08:33:40,41.702800850225906,-87.55972623825073,divvy_3157c752a6438928,Torrence Ave & 106th St,2020-09-13 08:33:40,41.702800850225906,-87.55972623825073,True,station,765,same_key
divvy_3163ccf2556e4da9,Latrobe Ave & Chicago Ave,station,2019-03-18 16:20:21,41.894745,-87.756895,divvy_3163ccf2556e4da9,Latrobe Ave & Chicago Ave,2019-03-18 16:20:21,41.894745,-87.756895,True,station,1814,same_key
divvy_319c59a7fbfc035f,Laramie Ave & Irving Park Rd,station,2024-03-29 23:40:31,41.9533354,-87.7583844,divvy_319c59a7fbfc035f,Laramie Ave & Irving Park Rd,2024-03-29 23:40:31,41.9533354,-87.7583844,True,station,1656,same_key
divvy_31c8c01a06f426a1,Kenmore Ave & Catalpa Ave,station,2026-06-17 15:49:00.622000,41.98203,-87.65653,divvy_31c8c01a06f426a1,Kenmore Ave & Catalpa Ave,2026-06-17 15:49:00.622000,41.98203,-87.65653,True,station,1832,same_key
divvy_31d3d8c1c62b6c43,Public Rack - Torrence Ave & 98th St,public_rack,2024-04-10 18:02:31,41.717059,-87.559986,divvy_31d3d8c1c62b6c43,Public Rack - Torrence Ave & 98th St,2024-04-10 18:02:31,41.717059,-87.559986,True,public_rack,24,same_key
divvy_31e4849473c75393,Public Rack - Western Ave & Chicago Ave,public_rack,2026-04-09 09:18:18.848000,41.895823,-87.68713,divvy_31e4849473c75393,Public Rack - Western Ave & Chicago Ave,2026-04-09 09:18:18.848000,41.895823,-87.68713,True,public_rack,182,same_key
divvy_31f477ff9212faeb,Mt Greenwood Library - South,station,2022-06-05 14:54:57,41.69,-87.7,divvy_ff86216e408bc46c,Mt Greenwood Library - South,2022-06-05 14:54:57,,,,station,18,retained_unlocated
divvy_3212a30ed5c9512a,Michigan Ave & Balbo Ave,station,2015-05-08 12:23:00,41.872638,-87.623979,divvy_3212a30ed5c9512a,Michigan Ave & Balbo Ave,2015-05-08 12:23:00,41.872638,-87.623979,True,station,35692,same_key
divvy_324c5945115ac075,Public Rack - Hiawatha Park,public_rack,2022-10-04 15:50:37,41.94,-87.83,divvy_7374b299de4d31b8,Public Rack - Hiawatha Park,2022-10-04 15:50:37,41.944068,-87.827302,True,public_rack,7,reassigned_or_rekeyed
divvy_326b7c489d24e092,Public Rack - Western Ave & 104th St - West,public_rack,2022-09-22 17:34:17,41.7,-87.68,divvy_1463b55cc80eeab0,Public Rack - Western Ave & 104th St - West,2022-09-22 17:34:17,41.703952,-87.681953,True,public_rack,13,reassigned_or_rekeyed
divvy_326d23d5f7ad6fe3,Public Rack - Rhodes Ave & 79th St,public_rack,2023-12-13 10:51:08,41.751058,-87.611439,divvy_326d23d5f7ad6fe3,Public Rack - Rhodes Ave & 79th St,2023-12-13 10:51:08,41.751058,-87.611439,True,public_rack,9,same_key
divvy_327a69d1752ff7dd,Public Rack - Kedzie Ave & 58th St,public_rack,2022-09-11 08:12:35,41.79,-87.7,divvy_987c1c346e8c5238,Public Rack - Kedzie Ave & 58th St,2022-09-11 08:12:35,41.788263,-87.703576,True,public_rack,43,reassigned_or_rekeyed
divvy_327f02eb2bf7a8bd,Public Rack - Damen Ave & 80th St,public_rack,2024-10-12 14:53:07.141000,41.748301,-87.673213,divvy_327f02eb2bf7a8bd,Public Rack - Damen Ave & 80th St,2022-09-10 22:46:27,41.748301,-87.673213,True,public_rack,2,same_key
divvy_3281ea3cf533cb05,Public Rack - Baltimore Ave & 132nd St,public_rack,2022-11-08 12:24:06,41.66,-87.55,divvy_7277c6c011f6d111,Public Rack - Baltimore Ave & 132nd St,2022-11-08 12:24:06,41.655201,-87.546942,True,public_rack,4,reassigned_or_rekeyed
divvy_3291a659d3b64fa5,Michigan Ave & 119th St,station,2022-06-09 13:34:35,41.68,-87.62,divvy_59b4b8dfba3c6b9e,Michigan Ave & 119th St,2022-06-09 13:34:35,,,,station,6,retained_unlocated
divvy_32a7fa62ed79466e,Public Rack - Mozart & 79th,public_rack,2023-05-20 14:39:40,41.75,-87.69,divvy_38ac76253d4c090a,Public Rack - Mozart & 79th,2023-05-20 14:39:40,41.749713,-87.693932,True,public_rack,2,reassigned_or_rekeyed
divvy_32ae4ffa4483f125,Public Rack - Mason Ave & Milwaukee Ave,public_rack,2023-07-13 19:23:55,41.985683,-87.777065,divvy_32ae4ffa4483f125,Public Rack - Mason Ave & Milwaukee Ave,2023-07-13 19:23:55,41.985683,-87.777065,True,public_rack,34,same_key
divvy_32b813305b2d05ae,North Ave Beach Overflow Corral,station,2026-07-23 17:16:24.839000,41.9139321,-87.6252532,divvy_32b813305b2d05ae,North Ave Beach Overflow Corral,2026-07-23 17:16:24.839000,41.9139321,-87.6252532,True,station,3010,same_key
divvy_32bcc8b86f5e03e0,Public Rack - Laramine Ave & Winnemac Ave,public_rack,2023-05-06 14:39:17,41.9718249,-87.7575623,divvy_32bcc8b86f5e03e0,Public Rack - Laramine Ave & Winnemac Ave,2023-05-06 14:39:17,41.9718249,-87.7575623,True,public_rack,368,same_key
divvy_32c2ef873736317d,63rd & Western Ave - north corner,station,2022-05-12 09:49:52,41.78,-87.68,divvy_12aa79f30d949684,63rd & Western Ave - north corner,2022-05-12 09:49:52,,,,station,29,retained_unlocated
divvy_32d02696ff27161b,Public Rack - Homan Ave & 26th St,public_rack,2023-07-17 21:05:46,41.84456,-87.710058,divvy_32d02696ff27161b,Public Rack - Homan Ave & 26th St,2022-06-20 19:36:58,41.84456,-87.710058,True,public_rack,41,same_key
divvy_32e153a3e1941f39,La Villita Park (Albany/30th),station,2023-06-05 15:03:36,41.8392528,-87.7020207,divvy_32e153a3e1941f39,La Villita Park (Albany/30th),2022-02-27 16:18:08,41.8392528,-87.7020207,True,station,108,same_key
divvy_331c593fba833d50,Public Rack - Oakley Blvd & Grand Ave,public_rack,2026-04-09 08:56:00.021000,41.890651,-87.684103,divvy_331c593fba833d50,Public Rack - Oakley Blvd & Grand Ave,2026-04-09 08:56:00.021000,41.890651,-87.684103,True,public_rack,380,same_key
divvy_3339f4bedfdee744,Public Rack - Spaulding Ave & Bryn Mawr Ave,public_rack,2023-06-06 16:33:09,41.982964,-87.711441,divvy_3339f4bedfdee744,Public Rack - Spaulding Ave & Bryn Mawr Ave,2022-06-14 12:43:50,41.982964,-87.711441,True,public_rack,247,same_key
divvy_333d8cf9342126a2,Public Rack - Grand Ave & North Ave,public_rack,2023-02-07 18:59:02,41.91,-87.74,divvy_04c3139c278db9c5,Public Rack - Grand Ave & North Ave,2022-06-15 17:35:30,41.909614,-87.734722,True,public_rack,3,reassigned_or_rekeyed
divvy_333e8e39f87739b3,Cottage Grove Ave & Oakwood Blvd,station,2013-09-18 12:12:00,41.822985,-87.6071,divvy_333e8e39f87739b3,Cottage Grove Ave & Oakwood Blvd,2013-09-18 12:12:00,41.822985,-87.6071,True,station,33829,same_key
divvy_335696dc004a1023,Burley Ave & 85th St,station,2024-07-13 19:30:55.630000,41.74117,-87.54518,divvy_335696dc004a1023,Burley Ave & 85th St,2024-07-13 19:30:55.630000,41.74117,-87.54518,True,station,377,same_key
divvy_3358ad63cc5a9501,Public Rack - Trebes Park,public_rack,2026-05-03 17:34:13.472000,41.92238502,-87.65825217,divvy_3358ad63cc5a9501,Public Rack - Trebes Park,2026-05-03 17:34:13.472000,41.92238502,-87.65825217,True,public_rack,137,same_key
divvy_337598fef782739f,Bissell St & Armitage Ave,station,2013-09-05 14:44:00,41.9182955629354,-87.65218332409859,divvy_337598fef782739f,Bissell St & Armitage Ave,2013-09-05 14:44:00,41.9182955629354,-87.65218332409859,True,station,354166,same_key
divvy_3377061a04e2f0c3,Public Rack - Melvina & Foster,public_rack,2023-05-10 22:07:37,41.975596,-87.783484,divvy_3377061a04e2f0c3,Public Rack - Melvina & Foster,2023-05-10 22:07:37,41.975596,-87.783484,True,public_rack,222,same_key
divvy_337eabdebfe38f14,Kildare Ave & Division St,station,2023-06-03 14:56:18,41.902393,-87.733598,divvy_337eabdebfe38f14,Kildare Ave & Division St,2021-09-16 14:31:31,41.902393,-87.733598,True,station,1021,same_key
divvy_33811de64321631e,Parnell Ave & 103rd St,station,2022-05-29 16:19:16,41.71,-87.64,divvy_9287ea655b194549,Parnell Ave & 103rd St,2022-05-29 16:19:16,,,,station,6,retained_unlocated
divvy_33a584fcc79ffa95,LaSalle (Wells) St & Huron St,station,2017-07-01 00:17:25,41.894882,-87.632326,divvy_33a584fcc79ffa95,LaSalle (Wells) St & Huron St,2017-07-01 00:17:25,41.894882,-87.632326,True,station,18644,same_key
divvy_33db856ad77706bd,Public Rack - East End Ave & 87th St,public_rack,2023-06-26 18:25:57,41.737054,-87.583998,divvy_33db856ad77706bd,Public Rack - East End Ave & 87th St,2022-09-10 10:12:46,41.737054,-87.583998,True,public_rack,19,same_key
divvy_33e135d72e57a445,Kedzie Ave & 52nd St,station,2023-06-02 14:11:06,41.79906,-87.70342,divvy_33e135d72e57a445,Kedzie Ave & 52nd St,2021-09-13 19:42:16,41.79906,-87.70342,True,station,649,same_key
divvy_33e3d1461b31b08c,Public Rack - Calumet Ave & 71st St,public_rack,2023-09-05 19:23:06,41.765537,-87.617305,divvy_33e3d1461b31b08c,Public Rack - Calumet Ave & 71st St,2023-09-05 19:23:06,41.765537,-87.617305,True,public_rack,13,same_key
divvy_33e538f7e7309ce8,Panama Ave & Forest Preserve Ave,station,2022-06-20 17:02:42,41.94,-87.83,divvy_f52b06883588e86d,Panama Ave & Forest Preserve Ave,2022-06-20 17:02:42,,,,station,2,retained_unlocated
divvy_3439ad663f77fce6,Lavergne Ave & Division St,station,2021-09-19 01:43:46,41.9,-87.75,divvy_8e4b58af4df3ae39,Lavergne Ave & Division St,2021-09-19 01:43:46,41.9021077,-87.7508698,True,station,235,reassigned_or_rekeyed
divvy_345b6ef493acae32,Green St & Lake St,station,2025-07-23 19:36:19.136000,41.88558,-87.64841,divvy_345b6ef493acae32,Green St & Lake St,2025-07-23 19:36:19.136000,41.88558,-87.64841,True,station,19237,same_key
divvy_346823a4a071eec7,Torrence Ave & 126th Pl,station,2020-09-29 03:57:28,41.666312,-87.557216,divvy_346823a4a071eec7,Torrence Ave & 126th Pl,2020-09-29 03:57:28,41.666312,-87.557216,True,station,627,same_key
divvy_3471c6e309ee0a31,Halsted St & 95th St - SE,station,2022-07-13 08:16:20,41.72,-87.64,divvy_034daf30361bbfe8,Halsted St & 95th St - SE,2022-07-13 08:16:20,,,,station,9,retained_unlocated
divvy_347cb23a5411ec18,Green St (Halsted St) & Madison St,station,2015-07-01 00:53:00,41.881892,-87.648789,divvy_347cb23a5411ec18,Green St (Halsted St) & Madison St,2015-07-01 00:53:00,41.881892,-87.648789,True,station,16655,same_key
divvy_3480b36fd25f8106,Public Rack - Oketo Ave & Belmont Ave,public_rack,2022-09-09 16:22:26,41.94,-87.81,divvy_e22efd2affd2a288,Public Rack - Oketo Ave & Belmont Ave,2022-09-09 16:22:26,41.938117,-87.811862,True,public_rack,67,reassigned_or_rekeyed
divvy_34c5051db013aef6,Oleander Ave & Addison St,station,2022-05-09 18:22:03,41.94,-87.82,divvy_1198da90e45b34b6,Oleander Ave & Addison St,2022-05-09 18:22:03,,,,station,10,retained_unlocated
divvy_34d9557f17a77c86,Public Rack - Pullman - Planet Fitness,public_rack,2023-06-10 13:49:22,41.69782,-87.59779,divvy_34d9557f17a77c86,Public Rack - Pullman - Planet Fitness,2022-09-21 15:51:41,41.69782,-87.59779,True,public_rack,37,same_key
divvy_34e259444d65a2d5,Loomis St & Archer Ave,station,2015-04-14 14:37:00,41.84163253965,-87.6574349533,divvy_34e259444d65a2d5,Loomis St & Archer Ave,2015-04-14 14:37:00,41.84163253965,-87.6574349533,True,station,26639,same_key
divvy_34f5b1b6614622dd,Bloomingdale Ave & Harlem Ave,station,2023-06-01 08:47:19,41.9120739,-87.8057657,divvy_34f5b1b6614622dd,Bloomingdale Ave & Harlem Ave,2021-09-14 17:25:43,41.9120739,-87.8057657,True,station,129,same_key
divvy_34fe23bd09bb2566,Leavitt St & Augusta Blvd,station,2025-09-08 17:25:25.378000,41.89962,-87.68194,divvy_34fe23bd09bb2566,Leavitt St & Augusta Blvd,2025-09-08 17:25:25.378000,41.89962,-87.68194,True,station,6677,same_key
divvy_3500abb4d97a8618,Nordica Ave & Medill Ave,station,2024-06-06 18:14:56.214000,41.92227,-87.80202,divvy_3500abb4d97a8618,Nordica Ave & Medill Ave,2024-06-06 18:14:56.214000,41.92227,-87.80202,True,station,959,same_key
divvy_351289c63632c319,Public Rack - Harper Ave & 63rd St,public_rack,2022-09-17 06:53:57,41.78,-87.59,divvy_a00c06fa1d6586cc,Public Rack - Harper Ave & 63rd St,2022-09-17 06:53:57,41.780728,-87.587566,True,public_rack,6,reassigned_or_rekeyed
divvy_351b6792dd129e21,Kilbourn & Roscoe,station,2021-08-13 13:39:52,41.94,-87.74,divvy_e569d1c6b2114eb0,Kilbourn & Roscoe,2021-08-13 13:39:52,41.9427319,-87.7395332,True,station,1508,reassigned_or_rekeyed
divvy_3520cd9eb014aca4,Public Rack - Richmond St & Thorndale Ave,public_rack,2022-08-02 16:07:14,41.99,-87.7,divvy_a996777037e4003c,Public Rack - Richmond St & Thorndale Ave,2022-08-02 16:07:14,41.988931,-87.702785,True,public_rack,4,reassigned_or_rekeyed
divvy_35325647dc5aefc9,Public Rack - Damen Ave & 47th St,public_rack,2023-06-09 18:00:30,41.808884,-87.67513,divvy_35325647dc5aefc9,Public Rack - Damen Ave & 47th St,2022-10-01 18:47:41,41.808884,-87.67513,True,public_rack,100,same_key
divvy_3572469e83ac91a1,Public Rack - 85th Pl & Pulaski Rd,public_rack,2023-07-30 17:48:29,41.737389,-87.721334,divvy_3572469e83ac91a1,Public Rack - 85th Pl & Pulaski Rd,2023-07-30 17:48:29,41.737389,-87.721334,True,public_rack,35,same_key
divvy_35893087aba36ebe,Damen Ave & St Paul Ave,station,2025-09-24 16:45:10.902000,41.91301,-87.67778,divvy_35893087aba36ebe,Damen Ave & St Paul Ave,2025-09-24 16:45:10.902000,41.91301,-87.67778,True,station,8616,same_key
divvy_35986f9664c4d77b,Mozart Elementary School,station,2022-05-09 16:29:57,41.92,-87.72,divvy_b74dc54b721812b9,Mozart Elementary School,2022-05-09 16:29:57,,,,station,176,retained_unlocated
divvy_3599d57b8881d330,Princeton Ave & China Pl,station,2015-05-18 14:25:00,41.85366109,-87.63513546,divvy_3599d57b8881d330,Princeton Ave & China Pl,2015-05-18 14:25:00,41.85366109,-87.63513546,True,station,383,same_key
divvy_35c25fa6f3d76660,Streeter Dr & Illinois St,station,2013-08-05 16:15:00,41.891071,-87.6122,divvy_35c25fa6f3d76660,Streeter Dr & Illinois St,2013-08-05 16:15:00,41.891071,-87.6122,True,station,301784,same_key
divvy_35c56ff27eb32e7b,Public Rack - Milwaukee Ave & Lawrence Ave,public_rack,2023-05-02 13:49:54,41.9673857,-87.7601699,divvy_35c56ff27eb32e7b,Public Rack - Milwaukee Ave & Lawrence Ave,2023-05-02 13:49:54,41.9673857,-87.7601699,True,public_rack,245,same_key
divvy_36237aff0c9d54b1,Central Ave & Roscoe St,station,2023-06-01 15:33:48,41.942275,-87.76695,divvy_36237aff0c9d54b1,Central Ave & Roscoe St,2021-08-06 20:20:57,41.942275,-87.76695,True,station,883,same_key
divvy_362a19e89816cf29,Public Rack - Percy Julian HS,public_rack,2022-10-23 20:43:43,41.71,-87.65,divvy_d900d03e7683dc14,Public Rack - Percy Julian HS,2022-10-23 20:43:43,41.705999,-87.65381,True,public_rack,12,reassigned_or_rekeyed
divvy_36421cdc615cd2a8,Public Rack - Forrestville Ave & 47th St,public_rack,2023-06-04 22:02:07,41.809319,-87.612921,divvy_36421cdc615cd2a8,Public Rack - Forrestville Ave & 47th St,2022-09-09 12:00:38,41.809319,-87.612921,True,public_rack,164,same_key
divvy_3646f658f48b70ae,Dearborn Pkwy & Delaware Pl,station,2013-08-01 17:39:00,41.898969,-87.629912,divvy_3646f658f48b70ae,Dearborn Pkwy & Delaware Pl,2013-08-01 17:39:00,41.898969,-87.629912,True,station,502361,same_key
divvy_36570851ee2c0279,Public Rack - Normal Ave & 72nd St,public_rack,2022-10-12 15:48:47,41.76,-87.64,divvy_4d3c1608b58cb8b9,Public Rack - Normal Ave & 72nd St,2022-10-12 15:48:47,41.763584,-87.637213,True,public_rack,1,reassigned_or_rekeyed
divvy_3657b024be86aca6,Cannon Dr & Fullerton Ave,station,2013-06-27 16:01:00,41.9267559875,-87.6344287848,divvy_3657b024be86aca6,Cannon Dr & Fullerton Ave,2013-06-27 16:01:00,41.9267559875,-87.6344287848,True,station,195497,same_key
divvy_36687c6fd6ccb962,Kenosha & Wellington,station,2023-06-02 16:02:43,41.9344421,-87.7337799,divvy_36687c6fd6ccb962,Kenosha & Wellington,2021-09-09 10:22:14,41.9344421,-87.7337799,True,station,419,same_key
divvy_36935375dcb41982,Stave St & Armitage Ave,station,2013-07-27 06:38:00,41.917741,-87.691392,divvy_36935375dcb41982,Stave St & Armitage Ave,2013-07-27 06:38:00,41.917741,-87.691392,True,station,88669,same_key
divvy_369cbb156c86d24c,Public Rack - Al Raby School,public_rack,2023-07-29 12:25:05,41.886167,-87.714711,divvy_369cbb156c86d24c,Public Rack - Al Raby School,2022-07-10 19:56:54,41.886167,-87.714711,True,public_rack,23,same_key
divvy_36a07a2bdd39b90f,Public Rack - Albany Ave & 63rd St,public_rack,2022-08-30 23:02:30,41.778906,-87.70084,divvy_3db1922b3d671ad5,Public Rack - Albany Ave & 63rd St,2022-08-30 23:02:30,41.778906,-87.70084,True,public_rack,77,reassigned_or_rekeyed
divvy_36cb92c0ffafc165,Dearborn St & Monroe St,station,2013-06-28 17:50:00,41.881319815,-87.6295209193,divvy_36cb92c0ffafc165,Dearborn St & Monroe St,2013-06-28 17:50:00,41.881319815,-87.6295209193,True,station,476103,same_key
divvy_36dc5cff1dd7b1a5,Field Museum,station,2013-06-28 14:57:00,41.865312,-87.617867,divvy_36dc5cff1dd7b1a5,Field Museum,2013-06-28 14:57:00,41.865312,-87.617867,True,station,315170,same_key
divvy_36f6a1aa85795ae1,Narragansett & McLean,station,2023-06-02 22:22:22,41.9158931,-87.7851104,divvy_36f6a1aa85795ae1,Narragansett & McLean,2021-09-10 15:17:07,41.9158931,-87.7851104,True,station,256,same_key
divvy_36fc9a90766a8cb1,Kingsbury St & Kinzie St 1,station,2015-04-25 12:39:00,41.88907,-87.63835,divvy_36fc9a90766a8cb1,Kingsbury St & Kinzie St 1,2015-04-25 12:39:00,41.88907,-87.63835,True,station,745280,same_key
divvy_370b878446605715,Archer Ave & 43rd St,station,2023-06-04 06:10:52,41.8154913,-87.7024412,divvy_370b878446605715,Archer Ave & 43rd St,2021-09-30 14:36:27,41.8154913,-87.7024412,True,station,403,same_key
divvy_370e12e8bcd3c165,Harding Ave & Division St,station,2024-04-09 16:31:30,41.9023453,-87.7250744,divvy_370e12e8bcd3c165,Harding Ave & Division St,2024-04-09 16:31:30,41.9023453,-87.7250744,True,station,769,same_key
divvy_370edbe6d2d00e53,Kedzie Ave & 66th Pl,station,2023-09-23 17:18:03,41.772584,-87.703007,divvy_370edbe6d2d00e53,Kedzie Ave & 66th Pl,2023-09-23 17:18:03,41.772584,-87.703007,True,station,434,same_key
divvy_3711960801300c02,Clark St & Armitage Ave,station,2014-01-01 00:17:00,41.918306,-87.636282,divvy_3711960801300c02,Clark St & Armitage Ave,2014-01-01 00:17:00,41.918306,-87.636282,True,station,603532,same_key
divvy_37263a114c9353e3,Wood St & 35th St,station,2015-04-16 07:32:00,41.83010465416,-87.6702983089,divvy_37263a114c9353e3,Wood St & 35th St,2015-04-16 07:32:00,41.83010465416,-87.6702983089,True,station,14724,same_key
divvy_3729b4be752555ab,Paulina St & Montrose Ave,station,2013-09-19 17:09:00,41.961507,-87.671387,divvy_3729b4be752555ab,Paulina St & Montrose Ave,2013-09-19 17:09:00,41.961507,-87.671387,True,station,86053,same_key
divvy_37359cc952b880d0,Noble St & Ohio St,station,2025-08-21 13:38:31.083000,41.89242,-87.66206,divvy_37359cc952b880d0,Noble St & Ohio St,2025-08-21 13:38:31.083000,41.89242,-87.66206,True,station,12409,same_key
divvy_3737663d720a9d0d,Orleans St & Ohio St,station,2016-01-01 00:30:00,41.892154,-87.636928,divvy_3737663d720a9d0d,Orleans St & Ohio St,2016-01-01 00:30:00,41.892154,-87.636928,True,station,56501,same_key
divvy_373ac55f91315fda,Public Rack - Wilbur Wright College North,public_rack,2023-08-20 21:09:02,41.95904,-87.78966,divvy_373ac55f91315fda,Public Rack - Wilbur Wright College North,2023-08-20 21:09:02,41.95904,-87.78966,True,public_rack,22,same_key
divvy_373f07c6dbf60688,Public Rack - Kimbark Ave & 63rd St,public_rack,2023-07-27 13:42:53,41.780667,-87.594212,divvy_373f07c6dbf60688,Public Rack - Kimbark Ave & 63rd St,2022-09-12 17:45:38,41.780667,-87.594212,True,public_rack,199,same_key
divvy_37629a5432a6e7b4,Harlem Ave & Grace St,station,2021-08-31 16:43:29,41.95,-87.81,divvy_3bdacb71cfbb7ea9,Harlem Ave & Grace St,2021-08-31 16:43:29,41.94894,-87.80683,True,station,273,reassigned_or_rekeyed
divvy_376e54ff41dd8a3f,Public Rack - Baltimore Ave & 134th St,public_rack,2023-05-31 21:58:22,41.651419,-87.547321,divvy_376e54ff41dd8a3f,Public Rack - Baltimore Ave & 134th St,2023-05-31 21:58:22,41.651419,-87.547321,True,public_rack,11,same_key
divvy_37792704a2ff9179,Lincoln Ave & Belmont Ave,station,2013-09-23 17:09:00,41.939365,-87.668385,divvy_37792704a2ff9179,Lincoln Ave & Belmont Ave,2013-09-23 17:09:00,41.939365,-87.668385,True,station,120865,same_key
divvy_378072de1dcd393a,Public Rack - King Dr & 83rd St,public_rack,2022-10-02 18:55:37,41.74,-87.61,divvy_6d7b8fbf69aa7d55,Public Rack - King Dr & 83rd St,2022-10-02 18:55:37,41.743616,-87.61457,True,public_rack,4,reassigned_or_rekeyed
divvy_3798b46287990d6a,Hudson Ave & Armitage Ave,station,2025-08-27 11:50:50.289000,41.91818,-87.64,divvy_3798b46287990d6a,Hudson Ave & Armitage Ave,2025-08-27 11:50:50.289000,41.91818,-87.64,True,station,15207,same_key
divvy_379e925d8503011e,S Wentworth Ave & W 111th St,station,2023-06-01 17:34:44,41.6926176,-87.6280518,divvy_379e925d8503011e,S Wentworth Ave & W 111th St,2021-03-23 11:04:36,41.6926176,-87.6280518,True,station,101,same_key
divvy_37ad7a20ce704a5a,Public Rack - Calumet Ave & 133rd St,public_rack,2023-09-12 19:13:14,41.653975,-87.614225,divvy_37ad7a20ce704a5a,Public Rack - Calumet Ave & 133rd St,2023-09-12 19:13:14,41.653975,-87.614225,True,public_rack,3,same_key
divvy_37b86dce19c76180,Mason Ave & Belmont Ave,station,2021-07-30 18:09:26,41.94,-87.77,divvy_b32051cc304a5031,Mason Ave & Belmont Ave,2021-07-30 18:09:26,41.9383682,-87.7725029,True,station,576,reassigned_or_rekeyed
divvy_37bf58311a13b77b,Harper Ave & 55th St,station,2025-11-06 15:07:11.268000,41.7953,-87.58833,divvy_37bf58311a13b77b,Harper Ave & 55th St,2025-11-06 15:07:11.268000,41.7953,-87.58833,True,station,13409,same_key
divvy_37deeae637171cdb,Greenwood Ave & 47th St,station,2013-06-28 11:05:00,41.809835,-87.599383,divvy_37deeae637171cdb,Greenwood Ave & 47th St,2013-06-28 11:05:00,41.809835,-87.599383,True,station,46849,same_key
divvy_37f364b18293e660,North Ave Beach Public Rack - 4,public_rack,2026-07-23 17:31:58.889000,41.9206217,-87.6291956,divvy_37f364b18293e660,North Ave Beach Public Rack - 4,2026-07-23 17:31:58.889000,41.9206217,-87.6291956,True,public_rack,44,same_key
divvy_37f93340dec130b3,Wabash Ave & 49th St,station,2024-06-27 19:59:07.335000,41.80581,-87.6245,divvy_37f93340dec130b3,Wabash Ave & 49th St,2024-06-27 19:59:07.335000,41.80581,-87.6245,True,station,435,same_key
divvy_38154902f22affb9,LaSalle St & Adams St,station,2015-04-26 12:29:00,41.87934437346,-87.6319852213,divvy_38154902f22affb9,LaSalle St & Adams St,2015-04-26 12:29:00,41.87934437346,-87.6319852213,True,station,151737,same_key
divvy_38197c264973489f,Public Rack - Homan Ave & 62nd Pl,public_rack,2023-05-29 10:07:30,41.779668,-87.707834,divvy_38197c264973489f,Public Rack - Homan Ave & 62nd Pl,2023-01-04 17:39:49,41.779668,-87.707834,True,public_rack,38,same_key
divvy_38247ca93fab3f69,Clark St & Randolph St,station,2013-06-27 19:46:00,41.884576228,-87.63188991,divvy_38247ca93fab3f69,Clark St & Randolph St,2013-06-27 19:46:00,41.884576228,-87.63188991,True,station,312272,same_key
divvy_382d7136f24eaf65,Major Taylor Trail & 115th St,station,2020-09-16 21:52:50,41.68493159519296,-87.6452887058258,divvy_382d7136f24eaf65,Major Taylor Trail & 115th St,2020-09-16 21:52:50,41.68493159519296,-87.6452887058258,True,station,1490,same_key
divvy_38ac76253d4c090a,Public Rack - Mozart & 79th,public_rack,2023-10-29 13:15:24,41.749713,-87.693932,divvy_38ac76253d4c090a,Public Rack - Mozart & 79th,2023-05-20 14:39:40,41.749713,-87.693932,True,public_rack,6,same_key
divvy_38c8c5237d5317aa,Public Rack - Elizabeth St & 115th St,public_rack,2023-05-31 00:12:54,41.684942,-87.65266,divvy_38c8c5237d5317aa,Public Rack - Elizabeth St & 115th St,2023-05-31 00:12:54,41.684942,-87.65266,True,public_rack,60,same_key
divvy_38cbf7661d102e19,S Aberdeen St & W 106th St,station,2021-06-04 12:56:05,41.701217,-87.649345,divvy_0845138e11f6176d,S Aberdeen St & W 106th St,2021-06-04 12:56:05,41.701217,-87.649345,True,station,312,reassigned_or_rekeyed
divvy_38d8215e9a1446b2,Milwaukee Ave & Fullerton Ave,station,2021-10-28 15:22:39,41.92,-87.7,divvy_bb955844320f9476,Milwaukee Ave & Fullerton Ave,2021-10-28 15:22:39,41.92469,-87.7006,True,station,8746,reassigned_or_rekeyed
divvy_38ddaf2d9c759ef2,Lincoln Ave & Peterson Ave,station,2021-11-05 14:57:36,41.990267,-87.70857,divvy_38ddaf2d9c759ef2,Lincoln Ave & Peterson Ave,2021-11-05 14:57:36,41.990267,-87.70857,True,station,6017,same_key
divvy_39038115bd9a663b,Plainfield & Irving Park,station,2021-08-13 20:43:52,41.95,-87.83,divvy_0e1af0424d6b2f08,Plainfield & Irving Park,2021-08-13 20:43:52,41.952037,-87.833283,True,station,304,reassigned_or_rekeyed
divvy_3916fe6cf5400f06,Greenwood Ave & 79th St,station,2016-07-20 19:45:33,41.75129,-87.5976,divvy_3916fe6cf5400f06,Greenwood Ave & 79th St,2016-07-20 19:45:33,41.75129,-87.5976,True,station,2282,same_key
divvy_3918ea8f711e802f,Mackinaw Ave & 85th St,station,2022-07-27 16:13:44,41.74,-87.54,divvy_f1d57fb0fb73b320,Mackinaw Ave & 85th St,2022-07-27 16:13:44,,,,station,3,retained_unlocated
divvy_395536fbd95974f5,Public Rack - Eberhart Ave & 131st St,public_rack,2024-09-18 13:05:24.777000,41.65759,-87.610713,divvy_395536fbd95974f5,Public Rack - Eberhart Ave & 131st St,2024-09-18 13:05:24.777000,41.65759,-87.610713,True,public_rack,4,same_key
divvy_395b79e539a300bb,Oleander Ave & Addison St,station,2022-05-10 18:25:47,41.95,-87.82,divvy_1198da90e45b34b6,Oleander Ave & Addison St,2022-05-09 18:22:03,,,,station,3,retained_unlocated
divvy_397b577c20a7a51d,DuSable Lake Shore Dr & Monroe St,station,2013-06-27 19:03:00,41.880958,-87.616743,divvy_397b577c20a7a51d,DuSable Lake Shore Dr & Monroe St,2013-06-27 19:03:00,41.880958,-87.616743,True,station,1095146,same_key
divvy_39b14524bd1f815d,Public Rack - Minuteman Park,public_rack,2023-05-18 19:46:16,41.785333,-87.7626015,divvy_39b14524bd1f815d,Public Rack - Minuteman Park,2023-05-18 19:46:16,41.785333,-87.7626015,True,public_rack,241,same_key
divvy_39b3e4d5883b2a34,Constance Ave & 95th St,station,2020-09-03 17:58:49,41.72229074095262,-87.57896840572357,divvy_39b3e4d5883b2a34,Constance Ave & 95th St,2020-09-03 17:58:49,41.72229074095262,-87.57896840572357,True,station,1183,same_key
divvy_39d10aaacf859583,Public Rack - Cicero & 64th,public_rack,2023-07-15 19:26:53,41.77643,-87.742389,divvy_39d10aaacf859583,Public Rack - Cicero & 64th,2023-05-06 18:35:57,41.77643,-87.742389,True,public_rack,102,same_key
divvy_39d1be6955273d79,Leavitt St & Chicago Ave,station,2018-09-12 15:59:06,41.895501,-87.682017,divvy_39d1be6955273d79,Leavitt St & Chicago Ave,2018-09-12 15:59:06,41.895501,-87.682017,True,station,76516,same_key
divvy_39dcbcbff92c86d8,Public Rack - Exchange Ave & 73rd Pl,public_rack,2022-06-12 13:23:35,41.76,-87.56,divvy_e3f2056b6a89df27,Public Rack - Exchange Ave & 73rd Pl,2022-06-12 13:23:35,41.76261263,-87.56381871,True,public_rack,31,reassigned_or_rekeyed
divvy_3a2edd6a2da78535,Desplaines St & Jackson Blvd,station,2015-04-26 09:41:00,41.87811890091227,-87.64394760131836,divvy_3a2edd6a2da78535,Desplaines St & Jackson Blvd,2015-04-26 09:41:00,41.87811890091227,-87.64394760131836,True,station,266913,same_key
divvy_3a6d14a2b6ceb200,Sangamon St & Adams St,station,2025-09-03 17:34:53.600000,41.87909,-87.65128,divvy_3a6d14a2b6ceb200,Sangamon St & Adams St,2025-09-03 17:34:53.600000,41.87909,-87.65128,True,station,10657,same_key
divvy_3a8f81ba6e74fe2e,Oglesby Ave & 100th St,station,2020-08-26 21:49:38,41.713397484422444,-87.56584167480469,divvy_3a8f81ba6e74fe2e,Oglesby Ave & 100th St,2020-08-26 21:49:38,41.713397484422444,-87.56584167480469,True,station,1372,same_key
divvy_3a951f932a041826,Kedzie Ave & Archer Ave,station,2024-05-12 09:59:52,41.81447,-87.70411,divvy_3a951f932a041826,Kedzie Ave & Archer Ave,2022-05-11 12:25:25,41.81447,-87.70411,True,station,710,same_key
divvy_3ab77925952c2676,Hegewisch Metra Station,station,2020-11-06 15:32:58,41.64850076266409,-87.54608988761902,divvy_3ab77925952c2676,Hegewisch Metra Station,2020-11-06 15:32:58,41.64850076266409,-87.54608988761902,True,station,910,same_key
divvy_3ad3e29c3d52e522,Public Rack - Eberhart Ave & 61st St,public_rack,2022-06-09 15:13:44,41.78,-87.61,divvy_0885a9c4d97d1f00,Public Rack - Eberhart Ave & 61st St,2022-06-09 15:13:44,41.783745,-87.612919,True,public_rack,49,reassigned_or_rekeyed
divvy_3ad7ea427f1c7303,Public Rack - Franklin Park,public_rack,2024-05-28 06:58:15,41.861493,-87.733404,divvy_3ad7ea427f1c7303,Public Rack - Franklin Park,2024-05-28 06:58:15,41.861493,-87.733404,True,public_rack,8,same_key
divvy_3b105fe313df0877,Percy Julian HS,station,2022-07-28 12:22:05,41.71,-87.65,divvy_03cf4ec96e74355c,Percy Julian HS,2022-07-28 12:22:05,,,,station,2,retained_unlocated
divvy_3b2cacf05971c2f7,MLK Jr Dr & 83rd St,station,2016-07-31 13:17:25,41.743116,-87.6148,divvy_3b2cacf05971c2f7,MLK Jr Dr & 83rd St,2016-07-31 13:17:25,41.743116,-87.6148,True,station,2264,same_key
divvy_3b3517d5e80a3a21,Public Rack - Springfield Ave & 63rd St,public_rack,2022-09-08 06:53:34,41.78,-87.72,divvy_0b3265d80abed27e,Public Rack - Springfield Ave & 63rd St,2022-09-08 06:53:34,41.778582,-87.718925,True,public_rack,3,reassigned_or_rekeyed
divvy_3b394dc2222d5dda,Keeler Ave & Madison St,station,2022-05-26 15:45:45,41.88,-87.73,divvy_89f45c7dbce45623,Keeler Ave & Madison St,2022-05-26 15:45:45,,,,station,18,retained_unlocated
divvy_3b59db1970837479,Public Rack - Bishop St & 81st St,public_rack,2024-10-12 14:21:19.643000,41.745827,-87.659849,divvy_3b59db1970837479,Public Rack - Bishop St & 81st St,2022-09-16 11:49:03,41.745827,-87.659849,True,public_rack,4,same_key
divvy_3b69f0762829f3c1,Public Rack - Langley Ave & 105th Pl,public_rack,2023-03-24 00:09:07,41.7,-87.61,divvy_3c4718488b56a5a9,Public Rack - Langley Ave & 105th Pl,2023-03-24 00:09:07,41.702472,-87.606477,True,public_rack,1,reassigned_or_rekeyed
divvy_3b9078fec1c355f0,Western Ave & 21st St,station,2013-08-16 08:04:00,41.854109,-87.685838,divvy_3b9078fec1c355f0,Western Ave & 21st St,2013-08-16 08:04:00,41.854109,-87.685838,True,station,35931,same_key
divvy_3ba8c529e7adf276,Clinton St & Polk St,station,2015-05-09 10:17:00,41.87146651779,-87.6409491327,divvy_3ba8c529e7adf276,Clinton St & Polk St,2015-05-09 10:17:00,41.87146651779,-87.6409491327,True,station,40096,same_key
divvy_3bd72c393d20138e,Public Rack - Imlay & Milwaukee,public_rack,2023-05-28 12:45:00,41.998983,-87.78956,divvy_3bd72c393d20138e,Public Rack - Imlay & Milwaukee,2023-05-28 12:45:00,41.998983,-87.78956,True,public_rack,128,same_key
divvy_3bdacb71cfbb7ea9,Harlem Ave & Grace St,station,2023-05-05 09:31:52,41.94894,-87.80683,divvy_3bdacb71cfbb7ea9,Harlem Ave & Grace St,2021-08-31 16:43:29,41.94894,-87.80683,True,station,535,same_key
divvy_3beca0909ff231be,May St & 78th St,station,2022-06-27 19:36:31,41.75,-87.65,divvy_9871d557912852ea,May St & 78th St,2022-06-27 19:36:31,,,,station,2,retained_unlocated
divvy_3bed81c86cf1f573,Larrabee St & Armitage Ave,station,2013-09-13 23:46:00,41.918084,-87.643749,divvy_3bed81c86cf1f573,Larrabee St & Armitage Ave,2013-09-13 23:46:00,41.918084,-87.643749,True,station,193881,same_key
divvy_3c117a0d0d005963,Emerald Ave & 45th St,station,2022-08-15 15:19:26,41.81,-87.65,divvy_3552ad7ec8f64350,Emerald Ave & 45th St,2022-06-21 14:56:11,,,,station,1,retained_unlocated
divvy_3c30c619f1b6f2b7,Public Rack - Pulaski & Rosemont,public_rack,2023-05-30 19:45:42,41.995191,-87.728989,divvy_3c30c619f1b6f2b7,Public Rack - Pulaski & Rosemont,2023-05-13 08:20:17,41.995191,-87.728989,True,public_rack,278,same_key
divvy_3c38db033fb976ac,Public Rack - Milwaukee Ave & Leland Ave,public_rack,2023-05-27 19:59:35,41.9661124,-87.7593376,divvy_3c38db033fb976ac,Public Rack - Milwaukee Ave & Leland Ave,2023-05-27 19:59:35,41.9661124,-87.7593376,True,public_rack,162,same_key
divvy_3c3be206b557b8dd,N Carpenter St & W Lake St,station,2020-12-28 18:12:28,41.89,-87.65,divvy_6e08a472b0e1e587,N Carpenter St & W Lake St,2020-12-28 18:12:28,41.885586,-87.6531893,True,station,6943,reassigned_or_rekeyed
divvy_3c401a2f209b935c,Public Rack - Western Ave & 104th St - East,public_rack,2023-07-18 16:21:11,41.704366,-87.681733,divvy_3c401a2f209b935c,Public Rack - Western Ave & 104th St - East,2022-09-11 16:31:53,41.704366,-87.681733,True,public_rack,29,same_key
divvy_3c4718488b56a5a9,Public Rack - Langley Ave & 105th Pl,public_rack,2023-09-02 12:01:39,41.702472,-87.606477,divvy_3c4718488b56a5a9,Public Rack - Langley Ave & 105th Pl,2023-03-24 00:09:07,41.702472,-87.606477,True,public_rack,120,same_key
divvy_3c6f02924a85dace,Yates Blvd & 93rd St,station,2021-06-09 14:47:20,41.726166390245105,-87.5662761926651,divvy_3c6f02924a85dace,Yates Blvd & 93rd St,2021-06-09 14:47:20,41.726166390245105,-87.5662761926651,True,station,805,same_key
divvy_3c81e8a2f8db8de5,Ashland Ave & Pershing Rd,station,2016-06-18 08:00:00,41.823465,-87.665577,divvy_3c81e8a2f8db8de5,Ashland Ave & Pershing Rd,2016-06-18 08:00:00,41.823465,-87.665577,True,station,6308,same_key
divvy_3c91a23c5b44e21d,Public Rack - Meade Ave & Archer Ave,public_rack,2023-05-17 17:02:15,41.79,-87.77,divvy_3ea1818f8078bd43,Public Rack - Meade Ave & Archer Ave,2023-05-17 17:02:15,41.79405,-87.774078,True,public_rack,6,reassigned_or_rekeyed
divvy_3ca9d1bfdabb75fe,Public Rack - Pulaski Rd & 15th St,public_rack,2022-07-24 17:39:08,41.86,-87.73,divvy_25416edeffe04e1c,Public Rack - Pulaski Rd & 15th St,2022-07-24 17:39:08,41.8603966,-87.7250977,True,public_rack,19,reassigned_or_rekeyed
divvy_3cc0c481ea79e6c1,Public Rack - Normandy Ave & Archer Ave,public_rack,2023-05-11 16:25:37,41.79,-87.79,divvy_43d281517241511f,Public Rack - Normandy Ave & Archer Ave,2023-05-11 16:25:37,41.7923026,-87.7887886,True,public_rack,8,reassigned_or_rekeyed
divvy_3cccd9475922acb5,N Green St & W Lake St,station,2023-06-01 05:48:21,41.885579,-87.648484,divvy_3cccd9475922acb5,N Green St & W Lake St,2020-12-16 19:00:14,41.885579,-87.648484,True,station,31311,same_key
divvy_3ceec080bce83d52,Vincennes Ave & 99th St,station,2022-05-14 15:45:11,41.71,-87.65,divvy_3ea041a3e6c9c8a5,Vincennes Ave & 99th St,2022-05-14 15:45:11,,,,station,4,retained_unlocated
divvy_3cf5dd8b29858ac9,Public Rack - Webster Ave & Halsted St,public_rack,2026-05-01 17:57:23.223000,41.92188868,-87.64847243,divvy_3cf5dd8b29858ac9,Public Rack - Webster Ave & Halsted St,2026-05-01 17:57:23.223000,41.92188868,-87.64847243,True,public_rack,1626,same_key
divvy_3d05289ca284d8f5,Public Rack - Neva Ave & Grand Ave,public_rack,2023-06-22 12:58:13,41.923604,-87.804659,divvy_3d05289ca284d8f5,Public Rack - Neva Ave & Grand Ave,2022-09-06 19:57:04,41.923604,-87.804659,True,public_rack,137,same_key
divvy_3d423d71d4eb5e55,Public Rack - Lockwood Ave & Diversey Ave,public_rack,2023-06-09 12:14:36,41.931541,-87.75904,divvy_3d423d71d4eb5e55,Public Rack - Lockwood Ave & Diversey Ave,2022-07-06 13:52:09,41.931541,-87.75904,True,public_rack,218,same_key
divvy_3d4377865b850985,Public Rack - Lawrence Ave & Kimball Ave,public_rack,2023-06-08 18:51:15,41.968277,-87.712629,divvy_3d4377865b850985,Public Rack - Lawrence Ave & Kimball Ave,2023-05-03 17:35:27,41.968277,-87.712629,True,public_rack,267,same_key
divvy_3d4f608ead8f284c,Public Rack - Western Ave & 107th Pl,public_rack,2022-07-19 19:03:24,41.7,-87.68,divvy_0e4138e16489730f,Public Rack - Western Ave & 107th Pl,2022-07-19 19:03:24,41.698022,-87.681175,True,public_rack,7,reassigned_or_rekeyed
divvy_3d513f08df5aeeb5,Public Rack - Higgins Ave & Neva Ave,public_rack,2023-05-18 21:18:15,41.98,-87.81,divvy_c672adcdd852faec,Public Rack - Higgins Ave & Neva Ave,2023-05-18 21:18:15,41.980602,-87.8060476,True,public_rack,2,reassigned_or_rekeyed
divvy_3d69601a10ebb0ac,Public Rack - Marquette Ave & 83rd St,public_rack,2023-09-08 17:38:41,41.74476,-87.558624,divvy_3d69601a10ebb0ac,Public Rack - Marquette Ave & 83rd St,2023-09-08 17:38:41,41.74476,-87.558624,True,public_rack,42,same_key
divvy_3deb8e4204e3c7b0,Maryland Ave & 87th ST,station,2022-06-09 10:33:14,41.74,-87.6,divvy_a24a721e2be40eb9,Maryland Ave & 87th ST,2022-06-09 10:33:14,,,,station,8,retained_unlocated
divvy_3dee64424f9e5f83,Public Rack - Western Ave & 96th St,public_rack,2022-07-08 12:38:17,41.72,-87.68,divvy_4f483d187c1f2b78,Public Rack - Western Ave & 96th St,2022-07-08 12:38:17,41.718621,-87.681516,True,public_rack,78,reassigned_or_rekeyed
divvy_3e0abecca9beca66,Green St & Madison St,station,2016-01-01 02:52:00,41.881859328038225,-87.64926373958588,divvy_3e0abecca9beca66,Green St & Madison St,2016-01-01 02:52:00,41.881859328038225,-87.64926373958588,True,station,405466,same_key
divvy_3e361525b47e46f9,10101 S Stony Island Ave,station,2022-07-20 15:58:05,41.71,-87.58,divvy_2431a1774f1badae,10101 S Stony Island Ave,2022-07-20 15:58:05,,,,station,7,retained_unlocated
divvy_3e5898f163e1d420,Public Rack - Marquette Rd & 67th St,public_rack,2023-06-01 17:50:02,41.773095,-87.612886,divvy_3e5898f163e1d420,Public Rack - Marquette Rd & 67th St,2022-07-11 16:05:59,41.773095,-87.612886,True,public_rack,66,same_key
divvy_3e6519bbf136dc9f,Wolcott Ave & Polk St,station,2013-08-26 16:10:00,41.871262,-87.673688,divvy_3e6519bbf136dc9f,Wolcott Ave & Polk St,2013-08-26 16:10:00,41.871262,-87.673688,True,station,214877,same_key
divvy_3e742e9cb939b994,Public Rack - Laramie Ave & Warwick Ave,public_rack,2022-06-16 09:51:43,41.95,-87.76,divvy_7230f02934df6b2a,Public Rack - Laramie Ave & Warwick Ave,2022-06-16 09:51:43,41.948812,-87.75713,True,public_rack,91,reassigned_or_rekeyed
divvy_3e75fc6503edbf4b,Damen Ave & 84th St,station,2022-05-29 21:04:15,41.74,-87.67,divvy_bac0e78c3edf05ec,Damen Ave & 84th St,2022-05-29 21:04:15,,,,station,2,retained_unlocated
divvy_3e83520b5ae82893,Sheffield Ave & Addison St,station,2013-08-02 14:13:00,41.947017,-87.654418,divvy_3e83520b5ae82893,Sheffield Ave & Addison St,2013-08-02 14:13:00,41.947017,-87.654418,True,station,118132,same_key
divvy_3e8d79ed84c836a6,HQ QR,station,2020-02-25 10:52:35,41.8899,-87.6803,divvy_3e8d79ed84c836a6,HQ QR,2020-02-25 10:52:35,41.8899,-87.6803,True,station,7300,same_key
divvy_3e8f786da5f94697,Stony Island & 95th St,station,2022-06-19 14:02:26,41.72,-87.58,divvy_63953e67d613fa5a,Stony Island & 95th St,2022-06-19 14:02:26,,,,station,1,retained_unlocated
divvy_3ea1818f8078bd43,Public Rack - Meade Ave & Archer Ave,public_rack,2023-06-01 17:10:25,41.79405,-87.774078,divvy_3ea1818f8078bd43,Public Rack - Meade Ave & Archer Ave,2023-05-17 17:02:15,41.79405,-87.774078,True,public_rack,55,same_key
divvy_3ec57364aabb5f87,111th St - Morgan Park Metra,station,2022-05-09 16:50:29,41.69,-87.67,divvy_51f4bc12a94ff16c,111th St - Morgan Park Metra,2022-05-09 16:50:29,,,,station,27,retained_unlocated
divvy_3eca5c0d2377c617,Clybourn Ave & Division St,station,2013-08-05 17:05:00,41.904613,-87.640552,divvy_3eca5c0d2377c617,Clybourn Ave & Division St,2013-08-05 17:05:00,41.904613,-87.640552,True,station,157196,same_key
divvy_3ecbdab47707dd1a,Public Rack - Milwaukee Ave & Diversey Ave,public_rack,2022-06-14 11:28:29,41.93,-87.71,divvy_8c66f63e0ed6e8a3,Public Rack - Milwaukee Ave & Diversey Ave,2022-06-14 11:28:29,41.93123,-87.711501,True,public_rack,1509,reassigned_or_rekeyed
divvy_3ecc18fa23d8996c,Public Rack - 63rd St and Nagle Ave,public_rack,2023-06-01 17:50:37,41.7776014,-87.7822158,divvy_3ecc18fa23d8996c,Public Rack - 63rd St and Nagle Ave,2023-05-14 19:15:26,41.7776014,-87.7822158,True,public_rack,69,same_key
divvy_3ede1e30f941e5dc,Eggleston Ave & 92nd St,station,2020-09-03 17:51:20,41.727575659299575,-87.63482809066771,divvy_3ede1e30f941e5dc,Eggleston Ave & 92nd St,2020-09-03 17:51:20,41.727575659299575,-87.63482809066771,True,station,1063,same_key
divvy_3ee29d0d12868f69,Public Rack - Pulaski Rd & 85th St,public_rack,2023-07-28 01:41:51,41.7381,-87.721721,divvy_3ee29d0d12868f69,Public Rack - Pulaski Rd & 85th St,2023-07-28 01:41:51,41.7381,-87.721721,True,public_rack,8,same_key
divvy_3ee89746293dd3dd,Public Rack - Honore St & 87th St - SE,public_rack,2023-05-21 22:29:20,41.735485,-87.668889,divvy_3ee89746293dd3dd,Public Rack - Honore St & 87th St - SE,2023-05-21 22:29:20,41.735485,-87.668889,True,public_rack,6,same_key
divvy_3ee9e396a8cdc55e,Lincoln Ave & Waveland Ave,station,2013-09-09 18:14:00,41.948797,-87.675278,divvy_3ee9e396a8cdc55e,Lincoln Ave & Waveland Ave,2013-09-09 18:14:00,41.948797,-87.675278,True,station,113718,same_key
divvy_3ef94cf330e0eabe,Broadway & Oakdale Ave,station,2025-07-08 16:39:33.337000,41.93558,-87.64405,divvy_3ef94cf330e0eabe,Broadway & Oakdale Ave,2025-07-08 16:39:33.337000,41.93558,-87.64405,True,station,21198,same_key
divvy_3efc6f68e196fcfb,Hampden Ct & Diversey Ave,station,2023-06-01 06:49:31,41.9325593,-87.6423847,divvy_3efc6f68e196fcfb,Hampden Ct & Diversey Ave,2021-04-03 13:51:24,41.9325593,-87.6423847,True,station,15400,same_key
divvy_3f054b06ba612e48,Public Rack - Forest Glen & Peterson,public_rack,2023-06-01 15:07:54,41.98986,-87.742921,divvy_3f054b06ba612e48,Public Rack - Forest Glen & Peterson,2023-05-05 07:14:54,41.98986,-87.742921,True,public_rack,334,same_key
divvy_3f07277245885239,Public Rack - Brainerd Park,public_rack,2022-08-30 11:39:33,41.73,-87.65,divvy_c21e0a870b3b7181,Public Rack - Brainerd Park,2022-08-30 11:39:33,41.726942,-87.654896,True,public_rack,119,reassigned_or_rekeyed
divvy_3f1f0685145ca24a,Public Rack - Western & 83rd,public_rack,2023-05-07 18:44:28,41.74,-87.68,divvy_88360a952da1af34,Public Rack - Western & 83rd,2023-05-07 18:44:28,41.74385,-87.682864,True,public_rack,11,reassigned_or_rekeyed
divvy_3f2441925d65a02b,Public Rack - Wells St & North Ave,public_rack,2026-05-01 16:39:02.641000,41.91095637,-87.63461626,divvy_3f2441925d65a02b,Public Rack - Wells St & North Ave,2026-05-01 16:39:02.641000,41.91095637,-87.63461626,True,public_rack,2267,same_key
divvy_3f25b552c532b936,Public Rack - Ewing Ave & 106th St,public_rack,2023-06-22 23:45:31,41.7024928,-87.5351313,divvy_3f25b552c532b936,Public Rack - Ewing Ave & 106th St,2022-07-12 15:34:58,41.7024928,-87.5351313,True,public_rack,23,same_key
divvy_3f2f89148715a9cf,Avondale Ave & Addison St,station,2022-05-14 14:11:09,41.95,-87.72,divvy_725954c5fe792c7b,Avondale Ave & Addison St,2022-05-14 14:11:09,,,,station,10,retained_unlocated
divvy_3f526d4eb8705378,Public Rack - Zapata Academy,public_rack,2023-07-03 12:47:14,41.841655,-87.734366,divvy_3f526d4eb8705378,Public Rack - Zapata Academy,2022-06-16 21:37:40,41.841655,-87.734366,True,public_rack,8,same_key
divvy_3f96099dd0c84a14,Public Rack - Washtenaw Ave & Superior St,public_rack,2022-09-08 23:34:47,41.89,-87.7,divvy_959651eb5285f50a,Public Rack - Washtenaw Ave & Superior St,2022-09-08 23:34:47,41.894738,-87.695204,True,public_rack,143,reassigned_or_rekeyed
divvy_3fd055eacfef4bc0,Bradley Park,station,2022-06-25 19:49:08,41.72,-87.56,divvy_4f99a5f105e18631,Bradley Park,2020-10-24 20:22:53,41.717878301935,-87.56459176540375,True,station,2,reassigned_or_rekeyed
divvy_3fd5f1e4beed17f5,Halsted St & Waveland Ave,station,2013-09-19 18:20:00,41.949375,-87.649626,divvy_3fd5f1e4beed17f5,Halsted St & Waveland Ave,2013-09-19 18:20:00,41.949375,-87.649626,True,station,19682,same_key
divvy_3fe4cc3def77fbd4,Public Rack - Karlov Ave & Lawrence Ave,public_rack,2023-05-11 20:15:28,41.97,-87.73,divvy_03d78e274a357f9e,Public Rack - Karlov Ave & Lawrence Ave,2023-05-11 20:15:28,41.9683053,-87.7300646,True,public_rack,17,reassigned_or_rekeyed
divvy_3ff061347352862a,Kostner Ave & 63rd St,station,2021-10-21 21:22:38,41.78,-87.73,divvy_eab3dc4aff43dcba,Kostner Ave & 63rd St,2021-10-21 21:22:38,41.77875,-87.73246,True,station,442,reassigned_or_rekeyed
divvy_403793e9fe82ed5c,Michigan Ave & Pearson St,station,2013-06-28 07:21:00,41.89766,-87.62351,divvy_403793e9fe82ed5c,Michigan Ave & Pearson St,2013-06-28 07:21:00,41.89766,-87.62351,True,station,302699,same_key
divvy_403ac953ad90cd1d,Kilbourn Ave & Irving Park Rd,station,2016-07-20 20:34:54,41.953733,-87.740569,divvy_403ac953ad90cd1d,Kilbourn Ave & Irving Park Rd,2016-07-20 20:34:54,41.953733,-87.740569,True,station,12337,same_key
divvy_403e0ad71d6710a5,Public Rack - Hamlin Ave & Grand Ave,public_rack,2022-06-14 18:06:11,41.9,-87.72,divvy_4a71c4aee255bce5,Public Rack - Hamlin Ave & Grand Ave,2022-06-14 18:06:11,41.903667,-87.720300078,True,public_rack,220,reassigned_or_rekeyed
divvy_4046342ac7b6e987,Public Rack - Perry Ave & 108th Pl,public_rack,2022-10-05 21:09:20,41.7,-87.63,divvy_7620f1814e542b4a,Public Rack - Perry Ave & 108th Pl,2022-10-05 21:09:20,41.696967,-87.626143,True,public_rack,12,reassigned_or_rekeyed
divvy_404f02b82985fc40,Public Rack - Normal Ave & 111th St,public_rack,2022-07-13 07:55:47,41.69,-87.64,divvy_ed4f960939c9c8df,Public Rack - Normal Ave & 111th St,2022-07-13 07:55:47,41.692303,-87.635478,True,public_rack,42,reassigned_or_rekeyed
divvy_4080b15bc261cc12,Canal St & Adams St,station,2013-07-04 09:20:00,41.879255,-87.639904,divvy_4080b15bc261cc12,Canal St & Adams St,2013-07-04 09:20:00,41.879255,-87.639904,True,station,803423,same_key
divvy_408ce890e3b30365,N Damen Ave & W Chicago Ave,station,2021-10-07 20:09:49,41.9,-87.68,divvy_d89aded64e66a088,N Damen Ave & W Chicago Ave,2021-10-07 20:09:49,41.895809,-87.678519,True,station,1238,reassigned_or_rekeyed
divvy_40912658d75324f6,Austin Blvd & Madison St,station,2017-07-03 16:00:25,41.880281,-87.774453,divvy_40912658d75324f6,Austin Blvd & Madison St,2017-07-03 16:00:25,41.880281,-87.774453,True,station,4568,same_key
divvy_40980cd26001bfd0,Public Rack - Harvard Ave & 119th St,public_rack,2023-06-06 20:11:58,41.678227,-87.630775,divvy_dccee61c0e625899,Public Rack - Harvard Ave & 119th St,2022-12-30 22:18:15,41.678227,-87.630775,True,public_rack,14,reassigned_or_rekeyed
divvy_40ad4de8ea90bacd,Milwaukee Ave & Haussen Ct,station,2022-05-09 13:46:12,41.94,-87.72,divvy_d4eb7f085f4bbe5c,Milwaukee Ave & Haussen Ct,2022-05-09 13:46:12,,,,station,101,retained_unlocated
divvy_40b54fa780e2f850,Public Rack - Menard Ave & Agusta Blvd,public_rack,2024-04-19 00:41:03,41.898333,-87.770501,divvy_40b54fa780e2f850,Public Rack - Menard Ave & Agusta Blvd,2022-09-10 00:51:25,41.898333,-87.770501,True,public_rack,28,same_key
divvy_40e32ef8b7f8a857,Halsted St & 93rd St,station,2024-11-12 17:42:25.563000,41.72489,-87.64358,divvy_40e32ef8b7f8a857,Halsted St & 93rd St,2024-11-12 17:42:25.563000,41.72489,-87.64358,True,station,175,same_key
divvy_410fac76a6bc984a,Public Rack - Northwest Hwy & Neva Ave,public_rack,2023-06-04 13:16:05,41.9958546,-87.8050971,divvy_410fac76a6bc984a,Public Rack - Northwest Hwy & Neva Ave,2023-05-10 10:48:24,41.9958546,-87.8050971,True,public_rack,111,same_key
divvy_4111e2312066ea48,Theater on the Lake Overflow Corral,station,2026-07-23 17:48:23.557000,41.92621,-87.63109,divvy_4111e2312066ea48,Theater on the Lake Overflow Corral,2026-07-23 17:48:23.557000,41.92621,-87.63109,True,station,1435,same_key
divvy_4114298261932353,Public Rack - Francisco Ave & Touhy Ave,public_rack,2023-06-02 13:30:27,42.011865,-87.701317,divvy_38ae8bfc1bde3ff8,Public Rack - Francisco Ave & Touhy Ave,2022-08-20 20:47:47,42.011865,-87.701317,True,public_rack,41,reassigned_or_rekeyed
divvy_4122e4cfa1f10c23,Wells St & Randolph St,station,2024-01-25 08:13:57,41.884295,-87.633963,divvy_4122e4cfa1f10c23,Wells St & Randolph St,2024-01-25 08:13:57,41.884295,-87.633963,True,station,62937,same_key
divvy_4124801d50b021cf,"Senka ""Edward Duke"" Park",station,2022-06-26 17:47:24,41.79,-87.71,divvy_c35dbb0ccaa064dd,"Senka ""Edward Duke"" Park",2022-06-26 17:47:24,,,,station,6,retained_unlocated
divvy_412c560394b66323,Western Ave & 28th St,station,2015-05-21 15:28:00,41.84151770807,-87.6851314409,divvy_412c560394b66323,Western Ave & 28th St,2015-05-21 15:28:00,41.84151770807,-87.6851314409,True,station,4430,same_key
divvy_414c794b0cb6bbce,Public Rack - Fullerton Ave & Lavergne Ave,public_rack,2023-05-25 07:12:34,41.92398,-87.75195,divvy_414c794b0cb6bbce,Public Rack - Fullerton Ave & Lavergne Ave,2022-07-06 18:05:45,41.92398,-87.75195,True,public_rack,31,same_key
divvy_4157d5dae68aea93,Wellington Ave & Mulligan Ave,station,2024-04-30 14:32:05,41.93473,-87.78436,divvy_4157d5dae68aea93,Wellington Ave & Mulligan Ave,2024-04-30 14:32:05,41.93473,-87.78436,True,station,463,same_key
divvy_4159987e20dd02c1,Public Rack - Bryn Mawr Ave & Spaulding Ave,public_rack,2023-05-22 15:37:20,41.9830926,-87.7115845,divvy_4159987e20dd02c1,Public Rack - Bryn Mawr Ave & Spaulding Ave,2023-05-14 09:31:50,41.9830926,-87.7115845,True,public_rack,285,same_key
divvy_415cf57919bde731,Western Ave & Congress Pkwy,station,2015-04-27 18:42:00,41.87474885079,-87.6864452757,divvy_415cf57919bde731,Western Ave & Congress Pkwy,2015-04-27 18:42:00,41.87474885079,-87.6864452757,True,station,54763,same_key
divvy_416062b085d184b6,Public Rack - Austin Branch Chicago Public Library,public_rack,2022-09-10 11:20:31,41.89,-87.77,divvy_7459b38f681141ad,Public Rack - Austin Branch Chicago Public Library,2022-09-10 11:20:31,41.889161,-87.765738,True,public_rack,16,reassigned_or_rekeyed
divvy_4160ab55aa980bcd,Central Park Ave & Douglas Blvd,station,2021-07-10 02:54:47,41.86,-87.72,divvy_c51cc9e6b4e48cd3,Central Park Ave & Douglas Blvd,2021-07-10 02:54:47,41.86235,-87.71587,True,station,403,reassigned_or_rekeyed
divvy_416f3ec4ff75bf9a,Jeffrey Blvd & 71st St,station,2022-06-01 18:47:44,41.77,-87.58,divvy_21498048d0954121,Jeffrey Blvd & 71st St,2022-06-01 18:47:44,,,,station,57,retained_unlocated
divvy_418280275b1ccfb7,Vernon Ave & 107th St,station,2020-09-06 16:00:08,41.70012137923888,-87.61225998401642,divvy_418280275b1ccfb7,Vernon Ave & 107th St,2020-09-06 16:00:08,41.70012137923888,-87.61225998401642,True,station,1164,same_key
divvy_41892d32b9d38f2f,Racine Ave & Congress Pkwy,station,2013-06-27 14:44:00,41.87464,-87.65703,divvy_41892d32b9d38f2f,Racine Ave & Congress Pkwy,2013-06-27 14:44:00,41.87464,-87.65703,True,station,145973,same_key
divvy_4191463dde60ca22,Monticello Ave & Belmont Ave,station,2022-05-09 15:13:57,41.94,-87.72,divvy_27545cb4ec02b467,Monticello Ave & Belmont Ave,2022-05-09 15:13:57,,,,station,123,retained_unlocated
divvy_41a3e94a0095483d,Public Rack - Evans Ave & 63rd St,public_rack,2023-05-21 20:09:24,41.780506,-87.607519,divvy_41a3e94a0095483d,Public Rack - Evans Ave & 63rd St,2022-09-10 11:38:55,41.780506,-87.607519,True,public_rack,489,same_key
divvy_41d0767b5c7fea0e,Public Rack - King Dr & 115th St,public_rack,2023-06-06 12:28:01,41.685373768666665,-87.61336725000001,divvy_41d0767b5c7fea0e,Public Rack - King Dr & 115th St,2022-06-09 15:21:54,41.685373768666665,-87.61336725000001,True,public_rack,189,same_key
divvy_41de7855982b91c1,Halsted St & Maxwell St,station,2013-09-13 20:10:00,41.864883,-87.647071,divvy_41de7855982b91c1,Halsted St & Maxwell St,2013-09-13 20:10:00,41.864883,-87.647071,True,station,192919,same_key
divvy_41e5a61dd122b673,Public Rack - Wacker Dr & Madison St (West),public_rack,2026-05-01 16:33:31.299000,41.8819919,-87.63729759,divvy_41e5a61dd122b673,Public Rack - Wacker Dr & Madison St (West),2026-05-01 16:33:31.299000,41.8819919,-87.63729759,True,public_rack,401,same_key
divvy_41fb1c291c968ff5,Public Rack - Spencer Elementary Technology Academy,public_rack,2022-06-27 20:12:32,41.88,-87.75,divvy_b7544a91a13e7235,Public Rack - Spencer Elementary Technology Academy,2022-06-27 20:12:32,41.884655,-87.750498,True,public_rack,4,reassigned_or_rekeyed
divvy_42012bc0239d27ba,Public Rack - Parnell Ave & 98th St,public_rack,2023-03-11 15:02:58,41.72,-87.64,divvy_bd8194f66d7094f0,Public Rack - Parnell Ave & 98th St,2023-03-11 15:02:58,41.715983,-87.637067,True,public_rack,2,reassigned_or_rekeyed
divvy_422a7ecb1ff2c288,Langley Ave & 105th Pl,station,2022-08-15 01:09:29,41.7,-87.61,divvy_71744a39671df174,Langley Ave & 105th Pl,2022-08-15 01:09:29,,,,station,8,retained_unlocated
divvy_42533648c5175bbd,Prairie Ave & Garfield Blvd,station,2022-05-20 14:46:21,41.79,-87.62,divvy_69b07549db73b3e5,Prairie Ave & Garfield Blvd,2013-08-15 13:16:00,41.794853,-87.618691,True,station,20,reassigned_or_rekeyed
divvy_425be0acb915dce2,Public Rack - Pulaski Rd & Lake St,public_rack,2022-07-10 22:53:39,41.89,-87.73,divvy_06dab634b4694ed2,Public Rack - Pulaski Rd & Lake St,2022-07-10 22:53:39,41.885577,-87.72606,True,public_rack,74,reassigned_or_rekeyed
divvy_42876b8a8ec59c9c,McCormick Blvd & Devon Ave,station,2023-09-28 11:12:28,41.9972,-87.71105,divvy_42876b8a8ec59c9c,McCormick Blvd & Devon Ave,2022-05-16 21:02:53,41.9972,-87.71105,True,station,6548,same_key
divvy_42bc149bba5a5aa0,Public Rack - Stony Is Ave & 73rd St,public_rack,2023-07-06 12:52:05,41.762265,-87.585469,divvy_42bc149bba5a5aa0,Public Rack - Stony Is Ave & 73rd St,2023-07-06 12:52:05,41.762265,-87.585469,True,public_rack,21,same_key
divvy_42c2bca81f674fe2,Kedzie Ave & 21st St,station,2015-04-27 16:28:00,41.85353363213,-87.7050730318,divvy_42c2bca81f674fe2,Kedzie Ave & 21st St,2015-04-27 16:28:00,41.85353363213,-87.7050730318,True,station,10003,same_key
divvy_42f54e4bf02a03c9,N Sayre Ave & W Belden Ave,station,2022-06-12 23:49:14,41.92,-87.8,divvy_972e49d2be9eb36e,N Sayre Ave & W Belden Ave,2022-06-12 23:49:14,,,,station,9,retained_unlocated
divvy_42f5a03846b50e5e,Public Rack - Lamon Ave & Erie St,public_rack,2023-10-23 13:55:17,41.892114,-87.746676,divvy_42f5a03846b50e5e,Public Rack - Lamon Ave & Erie St,2022-07-23 15:17:35,41.892114,-87.746676,True,public_rack,7,same_key
divvy_433bc7f6568c8e71,Hale Ave & 107th St,station,2020-10-02 08:36:36,41.699206168127674,-87.66891896724701,divvy_433bc7f6568c8e71,Hale Ave & 107th St,2020-10-02 08:36:36,41.699206168127674,-87.66891896724701,True,station,2147,same_key
divvy_433f72bf50d5b843,Halsted St & James M Rochford St,station,2013-06-27 15:27:00,41.865861,-87.646611,divvy_433f72bf50d5b843,Halsted St & James M Rochford St,2013-06-27 15:27:00,41.865861,-87.646611,True,station,15310,same_key
divvy_436f262ffea586c4,Rockwell St & 63rd St,station,2022-03-02 10:55:44,41.78,-87.69,divvy_5ea6c4980c06ae1d,Rockwell St & 63rd St,2022-03-02 10:55:44,41.77879,-87.68858,True,station,135,reassigned_or_rekeyed
divvy_4375e38384c0b92c,Public Rack - Clark St & Diversey Pkwy (North 2),public_rack,2026-05-01 17:04:49.786000,41.93333147,-87.64542123,divvy_4375e38384c0b92c,Public Rack - Clark St & Diversey Pkwy (North 2),2026-05-01 17:04:49.786000,41.93333147,-87.64542123,True,public_rack,1644,same_key
divvy_437b05fecf1fb7a3,Public Rack - Western Ave & 79th St,public_rack,2022-09-16 21:39:58,41.75,-87.68,divvy_5f9b273b53d6c444,Public Rack - Western Ave & 79th St,2022-09-16 21:39:58,41.750057,-87.682777,True,public_rack,12,reassigned_or_rekeyed
divvy_437da06d15e72ac7,Public Rack - Ellis Ave & Doty Ave,public_rack,2022-12-31 12:44:20,41.66,-87.6,divvy_d47288d53199a9fb,Public Rack - Ellis Ave & Doty Ave,2022-12-31 12:44:20,41.659119,-87.597052,True,public_rack,3,reassigned_or_rekeyed
divvy_4386fe4fbd0b8846,South Shore Dr & 67th St,station,2015-04-26 17:29:00,41.773643,-87.567514,divvy_4386fe4fbd0b8846,South Shore Dr & 67th St,2015-04-26 17:29:00,41.773643,-87.567514,True,station,23840,same_key
divvy_438839341cd3b5c8,State St & Pearson St,station,2013-08-01 19:25:00,41.897448,-87.628722,divvy_438839341cd3b5c8,State St & Pearson St,2013-08-01 19:25:00,41.897448,-87.628722,True,station,246335,same_key
divvy_43914ab0d046fbb6,Public Rack - Normal Blvd & 61st Pl,public_rack,2023-07-03 01:05:26,41.782314,-87.637358,divvy_43914ab0d046fbb6,Public Rack - Normal Blvd & 61st Pl,2023-07-03 01:05:26,41.782314,-87.637358,True,public_rack,35,same_key
divvy_43925cc56c29c800,La Villita Park (Albany/30th),station,2022-02-27 16:18:08,41.84,-87.7,divvy_32e153a3e1941f39,La Villita Park (Albany/30th),2022-02-27 16:18:08,41.8392528,-87.7020207,True,station,252,reassigned_or_rekeyed
divvy_4394905bc1af61de,Public Rack - Corliss Ave & 103rd St,public_rack,2024-11-12 20:57:45.980000,41.707622,-87.60355,divvy_4394905bc1af61de,Public Rack - Corliss Ave & 103rd St,2024-11-12 20:57:45.980000,41.707622,-87.60355,True,public_rack,8,same_key
divvy_4399ab5cc9c00aed,Public Rack - Pulaski Rd & 65th St,public_rack,2023-06-13 16:34:53,41.773551,-87.722805,divvy_4399ab5cc9c00aed,Public Rack - Pulaski Rd & 65th St,2022-08-29 17:19:29,41.773551,-87.722805,True,public_rack,95,same_key
divvy_43aacdd4745e438f,Public Rack - Western Ave & 111th St - NW,public_rack,2022-09-23 23:30:19,41.69,-87.68,divvy_c4baec75eb3542d9,Public Rack - Western Ave & 111th St - NW,2022-09-23 23:30:19,41.69197,-87.681659,True,public_rack,5,reassigned_or_rekeyed
divvy_43c2f6c67f3b25b9,Public Rack - St Louis Ave & Flournoy St,public_rack,2024-08-29 08:22:44.523000,41.8727811,-87.7131562,divvy_43c2f6c67f3b25b9,Public Rack - St Louis Ave & Flournoy St,2022-10-09 09:10:33,41.8727811,-87.7131562,True,public_rack,20,same_key
divvy_43d04ad76a718d2c,Laramie Ave & Bloomingdale Ave,station,2024-06-30 18:53:49.263000,41.91432,-87.75572,divvy_43d04ad76a718d2c,Laramie Ave & Bloomingdale Ave,2024-06-30 18:53:49.263000,41.91432,-87.75572,True,station,872,same_key
divvy_43d281517241511f,Public Rack - Normandy Ave & Archer Ave,public_rack,2023-06-05 10:01:08,41.7923026,-87.7887886,divvy_43d281517241511f,Public Rack - Normandy Ave & Archer Ave,2023-05-11 16:25:37,41.7923026,-87.7887886,True,public_rack,35,same_key
divvy_43d6935902b8eb86,Public Rack - Independence Blvd & Roosevelt,public_rack,2022-09-28 19:27:45,41.87,-87.72,divvy_0972b139a3548d22,Public Rack - Independence Blvd & Roosevelt,2022-09-28 19:27:45,41.8662123,-87.7184969,True,public_rack,4,reassigned_or_rekeyed
divvy_44107a73a9405fbf,W Washington Blvd & N Peoria St,station,2020-12-22 17:47:51,41.88,-87.65,divvy_ba983cd2b556d2e7,W Washington Blvd & N Peoria St,2020-12-22 17:47:51,41.883043,-87.649931,True,station,1924,reassigned_or_rekeyed
divvy_4418a883c02b1f4a,Elston Ave & Carmen Ave,station,2025-01-17 12:56:50.071000,41.97354,-87.74955,divvy_4418a883c02b1f4a,Elston Ave & Carmen Ave,2025-01-17 12:56:50.071000,41.97354,-87.74955,True,station,993,same_key
divvy_442a4a978ea74774,Hamlin Ave & Montrose Ave,station,2022-05-09 15:15:04,41.96,-87.72,divvy_c3352b2f05b1c76c,Hamlin Ave & Montrose Ave,2022-05-09 15:15:04,,,,station,89,retained_unlocated
divvy_442be4310558c33d,Racine Ave & 35th St,station,2015-04-14 19:56:00,41.83068856472101,-87.65621066093445,divvy_442be4310558c33d,Racine Ave & 35th St,2015-04-14 19:56:00,41.83068856472101,-87.65621066093445,True,station,23415,same_key
divvy_443bd8b672835032,Dorchester Ave & 49th St,station,2015-04-16 16:54:00,41.805772,-87.592464,divvy_443bd8b672835032,Dorchester Ave & 49th St,2015-04-16 16:54:00,41.805772,-87.592464,True,station,23755,same_key
divvy_44575b1036a1938c,Kedzie Ave & 24th St,station,2015-04-27 16:41:00,41.848193,-87.705412,divvy_44575b1036a1938c,Kedzie Ave & 24th St,2015-04-27 16:41:00,41.848193,-87.705412,True,station,4338,same_key
divvy_44670dce6112cc19,Public Rack - East End Ave & 75th St,public_rack,2023-08-24 17:26:49,41.75893,-87.582861,divvy_44670dce6112cc19,Public Rack - East End Ave & 75th St,2022-09-14 14:43:01,41.75893,-87.582861,True,public_rack,15,same_key
divvy_447e2d606a48e1b2,Public Rack - Sayre Ave & 59th St,public_rack,2023-06-01 19:03:32,41.7846778,-87.7958126,divvy_447e2d606a48e1b2,Public Rack - Sayre Ave & 59th St,2023-05-18 18:07:57,41.7846778,-87.7958126,True,public_rack,71,same_key
divvy_4483610043311a9d,Cicero Ave & Grace St,station,2023-06-01 07:12:08,41.94973,-87.7469526,divvy_4483610043311a9d,Cicero Ave & Grace St,2021-07-22 02:30:38,41.94973,-87.7469526,True,station,532,same_key
divvy_44ce47d870243fcd,Cumberland Ave & Catherine Ave,station,2024-12-28 19:15:08.095000,41.97732,-87.83674,divvy_44ce47d870243fcd,Cumberland Ave & Catherine Ave,2024-12-28 19:15:08.095000,41.97732,-87.83674,True,station,699,same_key
divvy_44dc61973b018bd8,Calumet Ave & Garfield Blvd,station,2022-05-22 17:26:40,41.79,-87.62,divvy_1111b37911813317,Calumet Ave & Garfield Blvd,2022-05-22 17:26:40,,,,station,26,retained_unlocated
divvy_44e5293d1f990c8f,Public Rack - Hoyne Ave & 110th Pl,public_rack,2022-09-06 15:08:03,41.69,-87.67,divvy_77a440727c5c7945,Public Rack - Hoyne Ave & 110th Pl,2022-09-06 15:08:03,41.692458,-87.674035,True,public_rack,205,reassigned_or_rekeyed
divvy_450e5fd68903ba64,Halsted St & 94th St,station,2022-07-17 16:20:01,41.72,-87.64,divvy_03d096a8c2c4351b,Halsted St & 94th St,2022-07-17 16:20:01,,,,station,11,retained_unlocated
divvy_452633bda1806406,Cottage Grove Ave & 111th Pl,station,2020-08-26 18:34:16,41.69170975847015,-87.61000156402588,divvy_452633bda1806406,Cottage Grove Ave & 111th Pl,2020-08-26 18:34:16,41.69170975847015,-87.61000156402588,True,station,1542,same_key
divvy_452dac96d1ca3b2b,Franklin St & Monroe St Corral,station,2025-04-28 12:52:27.971000,41.88056,-87.63524,divvy_452dac96d1ca3b2b,Franklin St & Monroe St Corral,2025-04-28 12:52:27.971000,41.88056,-87.63524,True,station,454,same_key
divvy_454865764baf4d33,Pulaski Rd & 54th St,station,2024-07-01 16:47:22.224000,41.79499,-87.72361,divvy_454865764baf4d33,Pulaski Rd & 54th St,2024-07-01 16:47:22.224000,41.79499,-87.72361,True,station,559,same_key
divvy_454d1b88f1da8260,Francisco Ave & Chicago Ave,station,2023-06-01 09:09:31,41.895745,-87.698653,divvy_454d1b88f1da8260,Francisco Ave & Chicago Ave,2023-04-27 18:04:56,41.895745,-87.698653,True,station,12036,same_key
divvy_454f25773a229527,Hyacinth Ave & Milwaukee Ave,station,2025-03-08 18:26:19.913000,41.99282,-87.78377,divvy_454f25773a229527,Hyacinth Ave & Milwaukee Ave,2025-03-08 18:26:19.913000,41.99282,-87.78377,True,station,926,same_key
divvy_455572c9fa657a5d,Public Rack - Lawndale Ave & 63rd St,public_rack,2022-06-03 17:15:57,41.78,-87.71,divvy_c0ceffa3f5edc633,Public Rack - Lawndale Ave & 63rd St,2022-06-03 17:15:57,41.7787155,-87.7140552,True,public_rack,52,reassigned_or_rekeyed
divvy_456c7ed952001441,Michigan Ave & Ida B Wells Dr,station,2013-06-27 13:00:00,41.876203,-87.624464,divvy_456c7ed952001441,Michigan Ave & Ida B Wells Dr,2013-06-27 13:00:00,41.876203,-87.624464,True,station,223564,same_key
divvy_457ec4030e3d5c00,Cottage Grove Ave & 89th Pl,station,2022-06-15 13:15:03,41.73,-87.6,divvy_0cd718f52d58b152,Cottage Grove Ave & 89th Pl,2022-06-15 13:15:03,,,,station,6,retained_unlocated
divvy_4582c203a344db86,Harper Ave & 59th St,station,2015-04-17 15:32:00,41.78794281287,-87.5883151702,divvy_4582c203a344db86,Harper Ave & 59th St,2015-04-17 15:32:00,41.78794281287,-87.5883151702,True,station,68424,same_key
divvy_45abb1a7d41e6e9c,Public Rack - 53rd St & Indiana Ave,public_rack,2023-12-13 13:38:51,41.798015,-87.620745,divvy_45abb1a7d41e6e9c,Public Rack - 53rd St & Indiana Ave,2022-07-31 13:51:53,41.798015,-87.620745,True,public_rack,9,same_key
divvy_4608ae9454c9d678,Western Ave & Winnebago Ave,station,2013-07-26 15:47:00,41.91552,-87.687022,divvy_4608ae9454c9d678,Western Ave & Winnebago Ave,2013-07-26 15:47:00,41.91552,-87.687022,True,station,206946,same_key
divvy_462561611b5b5608,Pulaski Rd & 60th St,station,2023-06-01 14:48:16,41.784186,-87.722564,divvy_0c7d9c0cc7749eaf,Pulaski Rd & 60th St,2021-10-21 19:35:06,41.784186,-87.722564,True,station,356,reassigned_or_rekeyed
divvy_468f4eea81365ea4,Wacker Dr & Washington St,station,2015-04-18 12:07:00,41.88314336439022,-87.63724207878113,divvy_468f4eea81365ea4,Wacker Dr & Washington St,2015-04-18 12:07:00,41.88314336439022,-87.63724207878113,True,station,265738,same_key
divvy_46ca31777b8cc9f2,Ashland Ave & 69th St,station,2016-06-25 19:42:00,41.768726,-87.664069,divvy_46ca31777b8cc9f2,Ashland Ave & 69th St,2016-06-25 19:42:00,41.768726,-87.664069,True,station,534,same_key
divvy_46d1c70bf360cbea,Public Rack - Menard Ave & Madison St,public_rack,2022-10-26 14:36:24,41.880021,-87.770325,divvy_16a33e0c3c86824d,Public Rack - Menard Ave & Madison St,2022-10-26 14:36:24,41.880021,-87.770325,True,public_rack,11,reassigned_or_rekeyed
divvy_46e108a496f751fb,Major Ave & Addison St,station,2024-05-01 18:22:53,41.94572,-87.76913,divvy_46e108a496f751fb,Major Ave & Addison St,2024-05-01 18:22:53,41.94572,-87.76913,True,station,643,same_key
divvy_46e7df144dc9e539,Public Rack - Hale Ave & 111th St,public_rack,2023-05-11 09:25:00,41.69,-87.67,divvy_feaaf89d45fbf5ee,Public Rack - Hale Ave & 111th St,2023-05-11 09:25:00,41.691801,-87.671351,True,public_rack,2,reassigned_or_rekeyed
divvy_46e920742f360403,Public Rack - Spencer Elementary Technology Academy,public_rack,2022-07-02 15:54:30,41.89,-87.75,divvy_b7544a91a13e7235,Public Rack - Spencer Elementary Technology Academy,2022-06-27 20:12:32,41.884655,-87.750498,True,public_rack,3,reassigned_or_rekeyed
divvy_470b189caa4815c9,Public Rack - Chase Ave & Touhy Ave - NE,public_rack,2023-06-08 18:46:51,42.014539,-87.6901359,divvy_470b189caa4815c9,Public Rack - Chase Ave & Touhy Ave - NE,2022-06-15 15:20:32,42.014539,-87.6901359,True,public_rack,98,same_key
divvy_4733c82b3b3bcb13,Torrence Ave & 106th St,station,2022-06-13 12:50:41,41.7,-87.56,divvy_3157c752a6438928,Torrence Ave & 106th St,2020-09-13 08:33:40,41.702800850225906,-87.55972623825073,True,station,18,reassigned_or_rekeyed
divvy_473482a40f2aa37a,Cottage Grove Ave & 47th St,station,2013-10-17 14:43:00,41.809855,-87.606755,divvy_473482a40f2aa37a,Cottage Grove Ave & 47th St,2013-10-17 14:43:00,41.809855,-87.606755,True,station,24209,same_key
divvy_4742b9777ce01b5a,Public Rack - Kedzie Ave & 61st Pl E,public_rack,2022-09-07 19:49:15,41.78,-87.7,divvy_76abfef17811d466,Public Rack - Kedzie Ave & 61st Pl E,2022-09-07 19:49:15,41.782281,-87.703047,True,public_rack,54,reassigned_or_rekeyed
divvy_476064eeb89c3848,Public Rack - William J Onahan Public School,public_rack,2023-05-07 13:02:57,41.993771,-87.7925631,divvy_476064eeb89c3848,Public Rack - William J Onahan Public School,2023-05-07 13:02:57,41.993771,-87.7925631,True,public_rack,52,same_key
divvy_47666d31c12b304e,Carpenter St & Lake St Public Rack,public_rack,2026-04-09 14:17:20.882000,41.885586,-87.6531893,divvy_47666d31c12b304e,Carpenter St & Lake St Public Rack,2026-04-09 14:17:20.882000,41.885586,-87.6531893,True,public_rack,1872,same_key
divvy_47824c6217401367,Public Rack - DuSable Lake Shore Dr & Ontario St,public_rack,2026-05-04 13:53:36.699000,41.89434697,-87.61569137,divvy_47824c6217401367,Public Rack - DuSable Lake Shore Dr & Ontario St,2026-05-04 13:53:36.699000,41.89434697,-87.61569137,True,public_rack,900,same_key
divvy_479eeb0ded0104e4,Streeter Dr/Grand Ave,station,2023-11-14 15:12:38,41.892401,-87.612388,divvy_479eeb0ded0104e4,Streeter Dr/Grand Ave,2023-11-14 15:12:38,41.892401,-87.612388,True,station,23605,same_key
divvy_47a2306aaf6f6feb,Public Rack - Keeler Ave & 55th St,public_rack,2024-03-22 15:54:52,41.79304,-87.728214,divvy_47a2306aaf6f6feb,Public Rack - Keeler Ave & 55th St,2022-10-15 08:10:57,41.79304,-87.728214,True,public_rack,7,same_key
divvy_47bcfb28ba400302,Western Ave & 111th St - SE,station,2022-06-02 23:18:35,41.69,-87.68,divvy_8c920a14bb94d366,Western Ave & 111th St - SE,2022-06-02 23:18:35,,,,station,15,retained_unlocated
divvy_47bebde04565606d,Public Rack - Oakley & 79th Pl,public_rack,2023-05-22 19:01:42,41.749095,-87.679637,divvy_47bebde04565606d,Public Rack - Oakley & 79th Pl,2023-05-22 19:01:42,41.749095,-87.679637,True,public_rack,5,same_key
divvy_47c8125f62569ec7,Marshfield Ave & Cortland St,station,2014-01-02 08:08:00,41.916017,-87.668879,divvy_47c8125f62569ec7,Marshfield Ave & Cortland St,2014-01-02 08:08:00,41.916017,-87.668879,True,station,198933,same_key
divvy_47fe1f76c258b79b,Public Rack - Eggleston Ave & 115th St,public_rack,2022-09-29 18:59:20,41.69,-87.63,divvy_030aa79a8dbf4211,Public Rack - Eggleston Ave & 115th St,2022-09-16 15:03:55,41.68497,-87.633848,True,public_rack,14,reassigned_or_rekeyed
divvy_4802b6515ca1d9a8,Ewing Ave & 112th St,station,2022-06-18 20:06:38,41.69,-87.53,divvy_960faf503fa89b31,Ewing Ave & 112th St,2022-06-18 20:06:38,,,,station,7,retained_unlocated
divvy_4845663fb8b1756c,Ewing Ave & 106th St,station,2024-07-29 16:02:06.211000,41.70266,-87.53564,divvy_4845663fb8b1756c,Ewing Ave & 106th St,2022-05-09 17:52:37,41.70266,-87.53564,True,station,487,same_key
divvy_4848e0a02124dae2,Seeley Ave & Roscoe St,station,2013-09-27 13:34:00,41.943403,-87.679618,divvy_4848e0a02124dae2,Seeley Ave & Roscoe St,2013-09-27 13:34:00,41.943403,-87.679618,True,station,120169,same_key
divvy_485c3341c96c6d28,Public Rack - Halsted St & Fullerton Ave,public_rack,2026-05-04 13:09:21.142000,41.92554512,-87.64781047,divvy_485c3341c96c6d28,Public Rack - Halsted St & Fullerton Ave,2026-05-04 13:09:21.142000,41.92554512,-87.64781047,True,public_rack,1066,same_key
divvy_485f3ca20dabfff7,Public Rack - Drexel Ave & 87th St,public_rack,2025-03-29 09:52:23.032000,41.736783,-87.602241,divvy_485f3ca20dabfff7,Public Rack - Drexel Ave & 87th St,2025-03-29 09:52:23.032000,41.736783,-87.602241,True,public_rack,4,same_key
divvy_486a46daa01ba397,Public Rack - Hoyne Ave & 51st St,public_rack,2023-07-11 08:04:10,41.801001,-87.676773,divvy_486a46daa01ba397,Public Rack - Hoyne Ave & 51st St,2022-09-07 10:19:57,41.801001,-87.676773,True,public_rack,34,same_key
divvy_4882ea05e0dd81ab,Public Rack - Elston Ave & Gunnison St,public_rack,2023-05-13 17:55:19,41.97,-87.74,divvy_a4537db573a4e2a9,Public Rack - Elston Ave & Gunnison St,2023-05-13 17:55:19,41.9685781,-87.7405685,True,public_rack,2,reassigned_or_rekeyed
divvy_48832614a0e0ff9e,Rockwell/Irving Park Hub,station,2025-08-07 14:02:04.119000,41.954212,-87.69317,divvy_48832614a0e0ff9e,Rockwell/Irving Park Hub,2025-08-07 14:02:04.119000,41.954212,-87.69317,True,station,1216,same_key
divvy_4888abd2c18b1c1c,Public Rack - Waller Ave & Chicago Ave,public_rack,2024-02-22 02:49:58,41.894681,-87.768156,divvy_4888abd2c18b1c1c,Public Rack - Waller Ave & Chicago Ave,2022-10-06 01:01:19,41.894681,-87.768156,True,public_rack,53,same_key
divvy_488d75e8254b1c80,Drexel Ave & 87th St,station,2022-06-13 12:00:36,41.74,-87.6,divvy_67e6cbd6e4c57085,Drexel Ave & 87th St,2022-06-13 12:00:36,,,,station,5,retained_unlocated
divvy_48a89a36c860553e,Mango Ave & Diversey Ave,station,2024-01-30 13:19:49,41.9309625,-87.7698856,divvy_48a89a36c860553e,Mango Ave & Diversey Ave,2024-01-30 13:19:49,41.9309625,-87.7698856,True,station,461,same_key
divvy_48b8ba75fabd77f5,Rockwell Ave & Logan Blvd,station,2025-09-19 18:58:57.140000,41.92811,-87.69268,divvy_48b8ba75fabd77f5,Rockwell Ave & Logan Blvd,2025-09-19 18:58:57.140000,41.92811,-87.69268,True,station,3671,same_key
divvy_48d467fb785ede5e,Indiana Ave & 31st St,station,2013-09-13 08:36:00,41.838842,-87.621857,divvy_48d467fb785ede5e,Indiana Ave & 31st St,2013-09-13 08:36:00,41.838842,-87.621857,True,station,84162,same_key
divvy_48e84627dd97c3a1,Pulaski Rd & 60th Pl,station,2024-09-13 15:28:27.468000,41.78315,-87.72257,divvy_48e84627dd97c3a1,Pulaski Rd & 60th Pl,2024-09-13 15:28:27.468000,41.78315,-87.72257,True,station,162,same_key
divvy_4922a5dc59093cd1,Public Rack - Homan Ave & Roosevelt,public_rack,2022-09-09 12:55:38,41.87,-87.71,divvy_88dd2f68692add94,Public Rack - Homan Ave & Roosevelt,2022-09-09 12:55:38,41.86649,-87.710786,True,public_rack,15,reassigned_or_rekeyed
divvy_492d0140a91ab310,Public Rack - Pullman - Ross Dress for Less,public_rack,2023-04-22 05:42:31,41.7,-87.6,divvy_e00cfe5a6aa9fd17,Public Rack - Pullman - Ross Dress for Less,2023-04-22 05:42:31,41.69868,-87.597,True,public_rack,4,reassigned_or_rekeyed
divvy_4935fa1b5d1efcc0,Fairfield Ave & Pratt Blvd,station,2024-03-28 10:40:32,42.0044482,-87.6985973,divvy_4935fa1b5d1efcc0,Fairfield Ave & Pratt Blvd,2024-03-28 10:40:32,42.0044482,-87.6985973,True,station,2264,same_key
divvy_4936e737fe498a13,Christiana Ave & Belmont Ave,station,2022-05-09 11:44:38,41.94,-87.71,divvy_7a15b3d6503d85a4,Christiana Ave & Belmont Ave,2022-05-09 11:44:38,,,,station,102,retained_unlocated
divvy_4944b79b6ce99fa4,Whipple St & Roosevelt Rd,station,2021-11-27 11:35:12,41.87,-87.7,divvy_b69986910f56e870,Whipple St & Roosevelt Rd,2021-11-27 11:35:12,41.866554,-87.701329,True,station,133,reassigned_or_rekeyed
divvy_4946e2656a9c8106,Virginia Ave & Catalpa Ave,station,2023-06-01 18:06:08,41.98124,-87.70495,divvy_4946e2656a9c8106,Virginia Ave & Catalpa Ave,2021-11-12 16:37:06,41.98124,-87.70495,True,station,2110,same_key
divvy_4950ca80f584d3e1,Public Rack - Maplewood Ave & 63rd St,public_rack,2022-09-22 21:50:34,41.78,-87.69,divvy_9445f028dd34b879,Public Rack - Maplewood Ave & 63rd St,2022-09-22 21:50:34,41.779343,-87.686763,True,public_rack,9,reassigned_or_rekeyed
divvy_496ff6cd52616bb2,Maryland Ave & 104th St,station,2021-06-02 11:53:34,41.71,-87.6,divvy_0e3d33a1b7974cf8,Maryland Ave & 104th St,2021-06-02 11:53:34,41.705588,-87.602938,True,station,690,reassigned_or_rekeyed
divvy_4985da8b06afdbe4,Elston Ave & Henderson St,station,2021-11-19 12:06:11,41.94,-87.7,divvy_223c24d2c713928b,Elston Ave & Henderson St,2021-11-19 12:06:11,41.94154,-87.70086,True,station,2152,reassigned_or_rekeyed
divvy_498927e7644f913f,Kedzie Ave & Jackson Blvd,station,2024-04-15 22:41:26,41.877161,-87.706134,divvy_498927e7644f913f,Kedzie Ave & Jackson Blvd,2024-04-15 22:41:26,41.877161,-87.706134,True,station,706,same_key
divvy_498ad086c01a0312,St Louis Ave & Armitage Ave,station,2026-02-12 22:42:58.225000,41.91717,-87.71358,divvy_498ad086c01a0312,St Louis Ave & Armitage Ave,2026-02-12 22:42:58.225000,41.91717,-87.71358,True,station,1093,same_key
divvy_49966b2398ce6523,Public Rack - Michigan Ave & Wacker Dr (South),public_rack,2026-05-02 08:36:20.290000,41.88813083,-87.62417237,divvy_49966b2398ce6523,Public Rack - Michigan Ave & Wacker Dr (South),2026-05-02 08:36:20.290000,41.88813083,-87.62417237,True,public_rack,1872,same_key
divvy_499713f1b489337b,Avondale Ave & Irving Park Rd,station,2016-07-01 10:31:55,41.953393,-87.732002,divvy_499713f1b489337b,Avondale Ave & Irving Park Rd,2016-07-01 10:31:55,41.953393,-87.732002,True,station,40347,same_key
divvy_49a26f0954280615,Sheffield/Cornelia Corral,station,2025-07-03 18:55:09.031000,41.9452875,-87.6542225,divvy_49a26f0954280615,Sheffield/Cornelia Corral,2025-07-03 18:55:09.031000,41.9452875,-87.6542225,True,station,3136,same_key
divvy_49bd973f2c9cad51,Public Rack - Halsted St & 95th St - SW,public_rack,2022-09-30 07:35:56,41.72,-87.64,divvy_2b4c94d71d31101c,Public Rack - Halsted St & 95th St - SW,2022-09-30 07:35:56,41.720794462,-87.643374005,True,public_rack,12,reassigned_or_rekeyed
divvy_49cc237763e94952,Granville Ave & Pulaski Rd,station,2024-04-08 23:34:35,41.9924402,-87.7289072,divvy_49cc237763e94952,Granville Ave & Pulaski Rd,2024-04-08 23:34:35,41.9924402,-87.7289072,True,station,558,same_key
divvy_49eaf74fd000a82c,Olive Harvey College,station,2021-12-14 13:34:20,41.70958113526255,-87.59023368358612,divvy_49eaf74fd000a82c,Olive Harvey College,2021-12-14 13:34:20,41.70958113526255,-87.59023368358612,True,station,487,same_key
divvy_49f3dd7e6482edb2,Public Rack - 63rd & Western Ave N,public_rack,2022-09-25 11:46:49,41.78,-87.68,divvy_db123ab8748f8efb,Public Rack - 63rd & Western Ave N,2022-09-25 11:46:49,41.779334,-87.683768,True,public_rack,12,reassigned_or_rekeyed
divvy_49ff552655fa6f72,Public Rack - Langley Ave & 87th St,public_rack,2022-08-20 18:20:14,41.74,-87.61,divvy_b9a7885e0b7ced25,Public Rack - Langley Ave & 87th St,2022-08-20 18:20:14,41.735828,-87.606981,True,public_rack,2,reassigned_or_rekeyed
divvy_4a0d0a0ec4d72551,Public Rack - Cottage Grove & 86th St,public_rack,2022-09-08 21:52:37,41.74,-87.6,divvy_cf380af0d0f0d854,Public Rack - Cottage Grove & 86th St,2022-09-08 21:52:37,41.738174796,-87.604733109,True,public_rack,9,reassigned_or_rekeyed
divvy_4a168ba4893cd4f5,Public Rack - Prairie Ave & Garfield Blvd N,public_rack,2022-06-05 11:20:36,41.79,-87.62,divvy_b37fff6943827b64,Public Rack - Prairie Ave & Garfield Blvd N,2022-09-29 09:22:24,41.79480875,-87.61890696,True,public_rack,13,reassigned_or_rekeyed
divvy_4a168ba4893cd4f5,Public Rack - Prairie Ave & Garfield Blvd N,public_rack,2022-06-05 11:20:36,41.79,-87.62,divvy_f4ce60ec29fedd48,Public Rack - Prairie Ave & Garfield Blvd,2022-06-05 11:20:36,,,,public_rack,35,retained_unlocated
divvy_4a1a85a947d7e2a6,Spaulding Ave & 16th St,station,2023-05-15 16:06:56,41.8590732,-87.7078929,divvy_4a1a85a947d7e2a6,Spaulding Ave & 16th St,2021-07-16 17:41:55,41.8590732,-87.7078929,True,station,620,same_key
divvy_4a24991ce80be8e4,Michigan Ave & 110th St,station,2022-05-24 00:00:54,41.69,-87.62,divvy_e185a69e2914cedc,Michigan Ave & 110th St,2022-05-24 00:00:54,,,,station,10,retained_unlocated
divvy_4a304fed5abdb5eb,Public Rack - Kimball & Ardmore,public_rack,2023-05-14 07:32:13,41.987024,-87.71397,divvy_4a304fed5abdb5eb,Public Rack - Kimball & Ardmore,2023-05-14 07:32:13,41.987024,-87.71397,True,public_rack,480,same_key
divvy_4a3f1a228ab22d71,Public Rack - Pulaski Rd & Fullerton Ave,public_rack,2022-06-16 10:35:06,41.92,-87.73,divvy_b265d7f5f37adf73,Public Rack - Pulaski Rd & Fullerton Ave,2022-06-16 10:35:06,41.924618,-87.727398,True,public_rack,246,reassigned_or_rekeyed
divvy_4a402fb62e5c4989,Waveland/Racine,station,2025-05-16 12:30:23.484000,41.9491,-87.6593,divvy_4a402fb62e5c4989,Waveland/Racine,2025-05-16 12:30:23.484000,41.9491,-87.6593,True,station,551,same_key
divvy_4a47098f1f4578d5,Clark St & Drummond Pl,station,2020-01-01 02:50:33,41.931248,-87.644336,divvy_4a47098f1f4578d5,Clark St & Drummond Pl,2020-01-01 02:50:33,41.931248,-87.644336,True,station,256647,same_key
divvy_4a4cfbd87fccd2bd,Fairfield Ave & 44th St,station,2023-06-01 08:44:55,41.813617,-87.6932272,divvy_4a4cfbd87fccd2bd,Fairfield Ave & 44th St,2021-10-18 16:58:16,41.813617,-87.6932272,True,station,1725,same_key
divvy_4a517e6b441094cf,Public Rack - Avenue J & 106th St,public_rack,2022-11-28 20:16:22,41.7,-87.53,divvy_1f1f7a9935bf6343,Public Rack - Avenue J & 106th St,2022-11-28 20:16:22,41.70261,-87.533531,True,public_rack,1,reassigned_or_rekeyed
divvy_4a762e3a59f7dcb5,Dearborn St & Division St,station,2025-09-16 14:28:59.687000,41.9043,-87.62991,divvy_4a762e3a59f7dcb5,Dearborn St & Division St,2025-09-16 14:28:59.687000,41.9043,-87.62991,True,station,27966,same_key
divvy_4a86973da20ef1fe,Public Rack - Orleans St & Ontario St,public_rack,2026-05-01 16:51:18.688000,41.89306681,-87.63873783,divvy_4a86973da20ef1fe,Public Rack - Orleans St & Ontario St,2026-05-01 16:51:18.688000,41.89306681,-87.63873783,True,public_rack,519,same_key
divvy_4a8c6525b6e681b1,Field Blvd & South Water St,station,2015-04-18 19:50:00,41.88634906269,-87.6175165471,divvy_4a8c6525b6e681b1,Field Blvd & South Water St,2015-04-18 19:50:00,41.88634906269,-87.6175165471,True,station,267011,same_key
divvy_4a977badd0834eb0,Public Rack - Maryland Ave & 87th ST,public_rack,2024-06-30 10:45:25.648000,41.736995,-87.603968,divvy_4a977badd0834eb0,Public Rack - Maryland Ave & 87th ST,2024-06-30 10:45:25.648000,41.736995,-87.603968,True,public_rack,17,same_key
divvy_4ab1707a79326f36,Clarendon Ave & Gordon Ter,station,2013-06-30 10:34:00,41.95786652415174,-87.64950513839722,divvy_4ab1707a79326f36,Clarendon Ave & Gordon Ter,2013-06-30 10:34:00,41.95786652415174,-87.64950513839722,True,station,265953,same_key
divvy_4ad99ff965edd4e3,Public Rack - Mt Greenwood Library - South,public_rack,2023-01-19 19:51:53,41.69,-87.7,divvy_e5bc6187649049df,Public Rack - Mt Greenwood Library - South,2023-01-19 19:51:53,41.692883,-87.701048,True,public_rack,3,reassigned_or_rekeyed
divvy_4b00ab9add8d406f,Public Rack - Lotus Ave & Harrison St,public_rack,2022-08-02 20:14:07,41.87,-87.76,divvy_150e5e9d8bb00289,Public Rack - Lotus Ave & Harrison St,2022-08-02 20:14:07,41.87298,-87.763267,True,public_rack,1,reassigned_or_rekeyed
divvy_4b0aaa6183b1ec75,Wells St & Evergreen Ave,station,2013-09-05 14:25:00,41.906724,-87.63483,divvy_4b0aaa6183b1ec75,Wells St & Evergreen Ave,2013-09-05 14:25:00,41.906724,-87.63483,True,station,415699,same_key
divvy_4b244bf43f1614d2,Public Rack - Pulaski Rd & 41st,public_rack,2023-06-10 13:50:06,41.81791,-87.72413,divvy_4b244bf43f1614d2,Public Rack - Pulaski Rd & 41st,2023-02-07 13:47:21,41.81791,-87.72413,True,public_rack,25,same_key
divvy_4b383cc18f8787ec,Vincennes Ave & 95th St,station,2024-11-12 18:27:53.018000,41.72126,-87.65005,divvy_4b383cc18f8787ec,Vincennes Ave & 95th St,2024-11-12 18:27:53.018000,41.72126,-87.65005,True,station,382,same_key
divvy_4b52ed4b642497c2,Avenue J & 106th St,station,2022-06-19 13:37:13,41.7,-87.53,divvy_8ac7c435ee3bb6a4,Avenue J & 106th St,2022-06-19 13:37:13,,,,station,12,retained_unlocated
divvy_4b65cf5c370050e4,Public Rack - Springfield & 71st,public_rack,2023-05-19 12:52:07,41.76,-87.72,divvy_2740964f4a210e47,Public Rack - Springfield & 71st,2023-05-19 12:52:07,41.764196,-87.720111,True,public_rack,5,reassigned_or_rekeyed
divvy_4b67e6195e6bcbca,Michigan Ave & 14th St,station,2013-08-03 15:33:00,41.864059,-87.623727,divvy_4b67e6195e6bcbca,Michigan Ave & 14th St,2013-08-03 15:33:00,41.864059,-87.623727,True,station,267989,same_key
divvy_4b6ff27b63ce1f25,Public Rack - Piotrowski Park,public_rack,2022-09-17 19:41:30,41.84,-87.73,divvy_2b15cebfb4dc9067,Public Rack - Piotrowski Park,2022-09-17 19:41:30,41.836682,-87.73083,True,public_rack,6,reassigned_or_rekeyed
divvy_4b7f50de742bac91,Troy St & Jackson Blvd,station,2022-05-04 11:49:45,41.88,-87.7,divvy_591c88780301d9bc,Troy St & Jackson Blvd,2022-05-04 11:49:45,41.877505,-87.70485,True,station,124,reassigned_or_rekeyed
divvy_4b9aeac410ad3131,Public Rack - Brighton Park Branch Chicago Library,public_rack,2022-12-07 14:48:54,41.82,-87.7,divvy_6698a8d997b266ba,Public Rack - Brighton Park Branch Chicago Library,2022-12-07 14:48:54,41.815242,-87.702651,True,public_rack,15,reassigned_or_rekeyed
divvy_4ba6a91032fd8363,Halsted St & 59th St,station,2016-07-13 13:11:07,41.787539,-87.644874,divvy_4ba6a91032fd8363,Halsted St & 59th St,2016-07-13 13:11:07,41.787539,-87.644874,True,station,1148,same_key
divvy_4baec12a25953877,Milwaukee Ave & The 606,station,2025-05-04 11:24:57.522000,41.913754,-87.6826658,divvy_4baec12a25953877,Milwaukee Ave & The 606,2025-05-04 11:24:57.522000,41.913754,-87.6826658,True,station,33753,same_key
divvy_4bbcb836b5588ac6,Ave L & 114th,station,2025-04-22 07:32:34.624000,41.68803,-87.53641,divvy_4bbcb836b5588ac6,Ave L & 114th,2025-04-22 07:32:34.624000,41.68803,-87.53641,True,station,271,same_key
divvy_4bc88b8050110790,Market Days Scooter Corral,station,2024-08-10 20:23:16.648000,41.94734,-87.64996,divvy_4bc88b8050110790,Market Days Scooter Corral,2024-08-10 20:23:16.648000,41.94734,-87.64996,True,station,17,same_key
divvy_4c158452490389b6,Public Rack - Ewing Ave & 102nd St,public_rack,2022-10-04 15:04:41,41.71,-87.54,divvy_2d02be0801fc2077,Public Rack - Ewing Ave & 102nd St,2022-10-04 15:04:41,41.709948,-87.535365,True,public_rack,2,reassigned_or_rekeyed
divvy_4c26548d89391a9a,Kedzie Ave & 24th St,station,2023-04-12 12:41:03,41.846357,-87.704966,divvy_4c26548d89391a9a,Kedzie Ave & 24th St,2023-04-12 12:41:03,41.846357,-87.704966,True,station,21,same_key
divvy_4c289d6f3adf4fba,Damen Ave & 77th St,station,2024-06-19 20:12:57.521000,41.753966,-87.673408,divvy_4c289d6f3adf4fba,Damen Ave & 77th St,2024-06-19 20:12:57.521000,41.753966,-87.673408,True,station,169,same_key
divvy_4c636f107894ed7b,Sheridan Rd & Buena Ave,station,2013-09-23 21:53:00,41.95848,-87.65507,divvy_4c636f107894ed7b,Sheridan Rd & Buena Ave,2013-09-23 21:53:00,41.95848,-87.65507,True,station,190194,same_key
divvy_4c9e429595cc6f74,Robert Fulton Elementary School,station,2022-05-11 14:15:35,41.8,-87.67,divvy_9b87ecab292eb3d4,Robert Fulton Elementary School,2022-05-11 14:15:35,,,,station,135,retained_unlocated
divvy_4cbae7047d0c7b16,Public Rack - Hoyne Ave & Walton St,public_rack,2026-04-08 17:48:10.181000,41.898502,-87.67952,divvy_4cbae7047d0c7b16,Public Rack - Hoyne Ave & Walton St,2026-04-08 17:48:10.181000,41.898502,-87.67952,True,public_rack,656,same_key
divvy_4cc6f7ab6a25fdd1,Austin Ave & Wellington Ave - midblock,station,2022-05-18 16:01:17,41.94,-87.78,divvy_e5a80379253bd53d,Austin Ave & Wellington Ave - midblock,2022-05-18 16:01:17,,,,station,12,retained_unlocated
divvy_4cf756fce5da2301,Pulaski & Ann Lurie Pl,station,2021-10-22 08:50:15,41.82,-87.72,divvy_6478eabddd6fcf78,Pulaski & Ann Lurie Pl,2021-10-22 08:50:15,41.8162761,-87.7246058,True,station,404,reassigned_or_rekeyed
divvy_4d07a67876fe1de9,Public Rack - N Sayre Ave & W Belden Ave,public_rack,2024-05-21 06:46:44,41.921425,-87.800825,divvy_4d07a67876fe1de9,Public Rack - N Sayre Ave & W Belden Ave,2022-10-19 07:25:00,41.921425,-87.800825,True,public_rack,17,same_key
divvy_4d0ea619d0f8164c,Albany Ave & Douglas Blvd,station,2023-06-04 08:11:04,41.86280283744392,-87.70333330268197,divvy_4d0ea619d0f8164c,Albany Ave & Douglas Blvd,2022-03-15 19:27:47,41.86280283744392,-87.70333330268197,True,station,814,same_key
divvy_4d3c1608b58cb8b9,Public Rack - Normal Ave & 72nd St,public_rack,2024-03-28 12:08:00,41.763584,-87.637213,divvy_4d3c1608b58cb8b9,Public Rack - Normal Ave & 72nd St,2022-10-12 15:48:47,41.763584,-87.637213,True,public_rack,19,same_key
divvy_4d3ffb80090d12d6,California Ave & Byron St,station,2015-07-07 16:36:00,41.95216219326,-87.698051113,divvy_4d3ffb80090d12d6,California Ave & Byron St,2015-07-07 16:36:00,41.95216219326,-87.698051113,True,station,45812,same_key
divvy_4d48243dd7d948e6,Damen Ave & Thomas St (Augusta Blvd),station,2020-01-01 01:36:27,41.901315,-87.677409,divvy_4d48243dd7d948e6,Damen Ave & Thomas St (Augusta Blvd),2020-01-01 01:36:27,41.901315,-87.677409,True,station,101265,same_key
divvy_4d7197cbbd7b41cf,Rockwell St & Fletcher St,station,2021-11-16 12:59:17,41.94,-87.69,divvy_8e4e69cc14de5864,Rockwell St & Fletcher St,2021-11-16 12:59:17,41.93885,-87.69299,True,station,4917,reassigned_or_rekeyed
divvy_4d82ba366f25b701,Public Rack - Kildare Ave & Division Ave,public_rack,2023-06-26 12:32:48,41.902405,-87.732699,divvy_4d82ba366f25b701,Public Rack - Kildare Ave & Division Ave,2022-10-11 12:18:29,41.902405,-87.732699,True,public_rack,10,same_key
divvy_4d8b64950e3b010b,Parnell Ave & 31st St,station,2025-08-11 13:35:43.952000,41.837911,-87.640279,divvy_4d8b64950e3b010b,Parnell Ave & 31st St,2025-08-11 13:35:43.952000,41.837911,-87.640279,True,station,2046,same_key
divvy_4da833db7b24c18b,Francisco Ave & 85th St,station,2024-02-03 16:24:17,41.738902,-87.695518,divvy_4da833db7b24c18b,Francisco Ave & 85th St,2024-02-03 16:24:17,41.738902,-87.695518,True,station,459,same_key
divvy_4dacdddd0e7d8f82,Cottage Grove Ave & 49th St,station,2025-09-17 17:44:04.285000,41.806273,-87.606643,divvy_4dacdddd0e7d8f82,Cottage Grove Ave & 49th St,2025-09-17 17:44:04.285000,41.806273,-87.606643,True,station,1172,same_key
divvy_4dbe1645eb14599d,Public Rack - West Lawn Park,public_rack,2024-10-12 16:03:10.731000,41.774815,-87.728303,divvy_4dbe1645eb14599d,Public Rack - West Lawn Park,2024-10-12 16:03:10.731000,41.774815,-87.728303,True,public_rack,3,same_key
divvy_4dc7ba6353c36edf,Chase Ave & Touhy Ave - NE,station,2022-05-10 07:49:27,42.01,-87.69,divvy_462204c25a607dd6,Chase Ave & Touhy Ave - NE,2022-05-10 07:49:27,,,,station,7,retained_unlocated
divvy_4e06ff9f233634e5,Public Rack - Avers Ave & Irving Park Rd,public_rack,2023-06-02 07:57:53,41.953789,-87.724161,divvy_5d95fbd2b453507c,Public Rack - Avers Ave & Irving Park Rd,2022-06-14 10:03:55,41.953789,-87.724161,True,public_rack,649,reassigned_or_rekeyed
divvy_4e1b49fc797e3471,Public Rack - Kedvale Ave & 26th St,public_rack,2023-06-08 16:34:22,41.844265,-87.728103,divvy_4e1b49fc797e3471,Public Rack - Kedvale Ave & 26th St,2022-08-31 10:49:04,41.844265,-87.728103,True,public_rack,22,same_key
divvy_4e6cc01082dfb703,Public Rack - Cottage Grove & 85th St,public_rack,2023-06-28 16:35:53,41.740086,-87.604743,divvy_4e6cc01082dfb703,Public Rack - Cottage Grove & 85th St,2022-10-01 12:54:14,41.740086,-87.604743,True,public_rack,22,same_key
divvy_4e73059bef599dd5,Public Rack - Vincennes Ave & 77th St,public_rack,2022-07-16 01:59:08,41.76,-87.56,divvy_9d97ac695fef7438,Public Rack - Vincennes Ave & 77th St,2022-07-16 01:59:08,41.75702837,-87.56497151,True,public_rack,7,reassigned_or_rekeyed
divvy_4e8248a2488a276b,Austin Ave & Milwaukee Ave,station,2025-01-18 10:16:17.784000,41.98736,-87.77805,divvy_4e8248a2488a276b,Austin Ave & Milwaukee Ave,2025-01-18 10:16:17.784000,41.98736,-87.77805,True,station,536,same_key
divvy_4ea7cefdf8450600,Public Rack - Hiawatha & Mendota,public_rack,2023-06-02 14:20:14,42.00699,-87.778007,divvy_4ea7cefdf8450600,Public Rack - Hiawatha & Mendota,2023-05-04 18:15:19,42.00699,-87.778007,True,public_rack,368,same_key
divvy_4eae540d099acafd,Shields Ave & 28th Pl,station,2015-05-10 12:49:00,41.842733,-87.635491,divvy_4eae540d099acafd,Shields Ave & 28th Pl,2015-05-10 12:49:00,41.842733,-87.635491,True,station,40262,same_key
divvy_4ece41732bb5ed3b,Public Rack - Jeffery Blvd & 81st St,public_rack,2022-07-24 20:41:40,41.75,-87.57,divvy_f9b0be640b6c6dda,Public Rack - Jeffery Blvd & 81st St,2022-07-24 20:41:40,41.74927751,-87.57585394,True,public_rack,2,reassigned_or_rekeyed
divvy_4eea6fe78a182ef9,Public Rack - Kedvale Ave & Avondale Ave,public_rack,2023-06-08 15:51:16,41.952874,-87.731229,divvy_4eea6fe78a182ef9,Public Rack - Kedvale Ave & Avondale Ave,2022-06-14 09:16:37,41.952874,-87.731229,True,public_rack,72,same_key
divvy_4eeba7868be1bf1f,Lawndale Ave & 59th St,station,2024-08-25 09:40:04.368000,41.78638,-87.7157,divvy_4eeba7868be1bf1f,Lawndale Ave & 59th St,2024-08-25 09:40:04.368000,41.78638,-87.7157,True,station,355,same_key
divvy_4ef5529b5af5e3bc,Kedzie Ave & 54th St - SW,station,2022-05-09 15:51:21,41.8,-87.7,divvy_293a59f4e4c7bcf5,Kedzie Ave & 54th St - SW,2022-05-09 15:51:21,,,,station,116,retained_unlocated
divvy_4f0e389c31957c87,Racine Ave & 57th St,station,2021-08-03 19:40:24,41.789696880483376,-87.65469789505005,divvy_4f0e389c31957c87,Racine Ave & 57th St,2021-08-03 19:40:24,41.789696880483376,-87.65469789505005,True,station,980,same_key
divvy_4f1c04a0e6b7fdb1,Public Rack - Devon Ave & Minnehaha Ave (west),public_rack,2024-07-14 19:32:56.060000,41.997384,-87.763064,divvy_4f1c04a0e6b7fdb1,Public Rack - Devon Ave & Minnehaha Ave (west),2024-07-14 19:32:56.060000,41.997384,-87.763064,True,public_rack,12,same_key
divvy_4f248d343c282c95,Franklin St & Monroe St,station,2015-07-01 05:48:00,41.880317,-87.635185,divvy_4f248d343c282c95,Franklin St & Monroe St,2015-07-01 05:48:00,41.880317,-87.635185,True,station,468590,same_key
divvy_4f2743808eccdaec,Halsted St & Lake St,station,2025-09-10 15:05:46.433000,41.88576,-87.64711,divvy_4f2743808eccdaec,Halsted St & Lake St,2025-09-10 15:05:46.433000,41.88576,-87.64711,True,station,9125,same_key
divvy_4f2f623fcc047095,Public Rack - Latrobe Ave & Lake St,public_rack,2022-06-22 07:12:41,41.89,-87.76,divvy_c34134ceacd1bd4e,Public Rack - Latrobe Ave & Lake St,2022-06-22 07:12:41,41.887083,-87.756181,True,public_rack,26,reassigned_or_rekeyed
divvy_4f3abf7673555004,Public Rack - Ave L & 105th St,public_rack,2022-08-12 18:30:22,41.7,-87.54,divvy_1e0a4b77b97e6af5,Public Rack - Ave L & 105th St,2022-08-12 18:30:22,41.703542,-87.536634,True,public_rack,2,reassigned_or_rekeyed
divvy_4f483d187c1f2b78,Public Rack - Western Ave & 96th St,public_rack,2023-06-03 04:16:21,41.718621,-87.681516,divvy_4f483d187c1f2b78,Public Rack - Western Ave & 96th St,2022-07-08 12:38:17,41.718621,-87.681516,True,public_rack,228,same_key
divvy_4f6314fce9a74046,Kenwood Ave & 57th St,station,2025-11-12 17:50:08.470000,41.79153,-87.59295,divvy_4f6314fce9a74046,Kenwood Ave & 57th St,2025-11-12 17:50:08.470000,41.79153,-87.59295,True,station,5550,same_key
divvy_4f99a5f105e18631,Bradley Park,station,2020-10-24 20:22:53,41.717878301935,-87.56459176540375,divvy_4f99a5f105e18631,Bradley Park,2020-10-24 20:22:53,41.717878301935,-87.56459176540375,True,station,718,same_key
divvy_4fba4de7c3cf617a,Public Rack - Jeffery Blvd & 67th St,public_rack,2022-09-14 09:58:27,41.77,-87.58,divvy_a128cfd37b563d62,Public Rack - Jeffery Blvd & 67th St,2022-09-14 09:58:27,41.773259,-87.576664,True,public_rack,5,reassigned_or_rekeyed
divvy_4fd3b3c3669ca98f,Public Rack - Baltimore Ave & 133rd St,public_rack,2023-01-14 13:13:25,41.65,-87.55,divvy_6d1d783d0b1455ad,Public Rack - Baltimore Ave & 133rd St,2023-01-14 13:13:25,41.653444,-87.547004,True,public_rack,20,reassigned_or_rekeyed
divvy_4fe7a6764d80d458,Public Rack - Cottage Grove Ave & 111th St,public_rack,2023-09-15 16:29:39,41.692645,-87.609758,divvy_4fe7a6764d80d458,Public Rack - Cottage Grove Ave & 111th St,2022-09-06 15:37:26,41.692645,-87.609758,True,public_rack,8,same_key
divvy_4ff4ede30a17be90,Public Rack - Avers Ave & Ogden Ave,public_rack,2022-06-18 10:13:41,41.85,-87.72,divvy_655102040122476b,Public Rack - Avers Ave & Ogden Ave,2022-06-18 10:13:41,41.852642,-87.72103,True,public_rack,74,reassigned_or_rekeyed
divvy_50040c5900e121b2,Ada St & Washington Blvd,station,2013-10-10 16:09:00,41.88283,-87.661206,divvy_50040c5900e121b2,Ada St & Washington Blvd,2013-10-10 16:09:00,41.88283,-87.661206,True,station,192763,same_key
divvy_5006430312b273c9,Sawyer Ave & Fullerton Ave,station,2025-11-28 13:06:27.362000,41.92448,-87.7092,divvy_5006430312b273c9,Sawyer Ave & Fullerton Ave,2025-11-28 13:06:27.362000,41.92448,-87.7092,True,station,2796,same_key
divvy_500d7376760e778c,Public Rack - Emerald Ave & 45th St,public_rack,2022-10-06 00:28:04,41.81,-87.64,divvy_ee76a597cd8b5239,Public Rack - Emerald Ave & 45th St,2022-10-06 00:28:04,41.812381,-87.644633,True,public_rack,7,reassigned_or_rekeyed
divvy_502890b76b5ef421,Public Rack - Stony Island & 95th St,public_rack,2022-10-06 09:31:48,41.72,-87.58,divvy_53b6bb3972d6da51,Public Rack - Stony Island & 95th St,2022-10-06 09:31:48,41.72228,-87.584943,True,public_rack,1,reassigned_or_rekeyed
divvy_504313e9fcc8eb8a,Public Rack - Central Ave & Adams St,public_rack,2023-10-25 23:04:05,41.878264,-87.764886,divvy_504313e9fcc8eb8a,Public Rack - Central Ave & Adams St,2022-09-19 21:37:18,41.878264,-87.764886,True,public_rack,21,same_key
divvy_505e1947f125cec5,Public Rack - Haft Ave & Milwaukee Ave,public_rack,2023-06-08 10:13:44,41.9955785,-87.7863994,divvy_505e1947f125cec5,Public Rack - Haft Ave & Milwaukee Ave,2023-05-05 16:02:25,41.9955785,-87.7863994,True,public_rack,661,same_key
divvy_50619e8071bf2016,Public Rack - Pulaski Rd & Roosevelt Rd,public_rack,2023-05-28 12:04:51,41.866103,-87.724463,divvy_50619e8071bf2016,Public Rack - Pulaski Rd & Roosevelt Rd,2022-07-06 09:25:23,41.866103,-87.724463,True,public_rack,36,same_key
divvy_507c687b1eb2c15e,Marmora Ave & Belmont Ave (temporary),station,2026-06-03 18:13:35.626000,41.938251,-87.778601,divvy_507c687b1eb2c15e,Marmora Ave & Belmont Ave (temporary),2026-06-03 18:13:35.626000,41.938251,-87.778601,True,station,45,same_key
divvy_508417435d201176,Halsted St & 102nd St,station,2022-05-22 08:56:22,41.71,-87.64,divvy_b23e3a7979a0da04,Halsted St & 102nd St,2022-05-22 08:56:22,,,,station,5,retained_unlocated
divvy_50977a3a83069a9c,Public Rack - Spaulding Ave & Evergreen Ave,public_rack,2023-06-01 10:56:51,41.905317,-87.709521,divvy_50977a3a83069a9c,Public Rack - Spaulding Ave & Evergreen Ave,2022-06-15 01:08:15,41.905317,-87.709521,True,public_rack,1925,same_key
divvy_509aa17082df884a,Public Rack - Whipple St & 26th St,public_rack,2022-06-18 12:27:18,41.84,-87.7,divvy_67e5239650311ec3,Public Rack - Whipple St & 26th St,2022-06-18 12:27:18,41.843636,-87.701931,True,public_rack,18,reassigned_or_rekeyed
divvy_509dad90bca04a74,Public Rack - Pullman - Planet Fitness,public_rack,2022-09-21 15:51:41,41.7,-87.6,divvy_34d9557f17a77c86,Public Rack - Pullman - Planet Fitness,2022-09-21 15:51:41,41.69782,-87.59779,True,public_rack,20,reassigned_or_rekeyed
divvy_509e1338531276f2,Kilpatrick Ave & Grand Ave,station,2021-11-01 17:46:58,41.91,-87.74,divvy_e684c35992f58916,Kilpatrick Ave & Grand Ave,2021-11-01 17:46:58,41.912732,-87.743636,True,station,720,reassigned_or_rekeyed
divvy_509efa431b5ac5e2,Racine Ave & 74th St,station,2022-06-01 11:11:25,41.76,-87.65,divvy_a706b717f3d9e428,Racine Ave & 74th St,2022-06-01 11:11:25,,,,station,31,retained_unlocated
divvy_50bd76e85d9bc96b,Paulina St & Adams St,station,2025-09-26 09:45:57.756000,41.87862,-87.66913,divvy_50bd76e85d9bc96b,Paulina St & Adams St,2025-09-26 09:45:57.756000,41.87862,-87.66913,True,station,4450,same_key
divvy_510782054b38e652,Sacramento Ave & 25th St,station,2023-06-01 21:05:47,41.84661,-87.70012,divvy_510782054b38e652,Sacramento Ave & 25th St,2021-11-20 11:50:11,41.84661,-87.70012,True,station,841,same_key
divvy_5117fdaf0ba0baa6,Public Rack - South Shore High School,public_rack,2023-06-09 11:05:29,41.756444,-87.579556,divvy_5117fdaf0ba0baa6,Public Rack - South Shore High School,2023-06-09 11:05:29,41.756444,-87.579556,True,public_rack,17,same_key
divvy_511acd95d04935a3,Addison/Sheffield SE Corral,station,2025-07-02 18:40:26.522000,41.9470281,-87.654252,divvy_511acd95d04935a3,Addison/Sheffield SE Corral,2025-07-02 18:40:26.522000,41.9470281,-87.654252,True,station,2049,same_key
divvy_51422adfe34b6127,Public Rack - Ashland Ave & 45th St,public_rack,2022-09-07 08:31:21,41.81,-87.66,divvy_efa2794da4e2b1ae,Public Rack - Ashland Ave & 45th St,2022-09-07 08:31:21,41.811958,-87.664862,True,public_rack,17,reassigned_or_rekeyed
divvy_5147a5dcdf445124,Addison/Racine Corral,station,2025-07-02 17:32:40.316000,41.9470683,-87.6593535,divvy_5147a5dcdf445124,Addison/Racine Corral,2025-07-02 17:32:40.316000,41.9470683,-87.6593535,True,station,4634,same_key
divvy_51568abf3a83dbf7,Washtenaw Ave & Lawrence Ave,station,2015-05-06 00:24:00,41.9687297,-87.6962603,divvy_51568abf3a83dbf7,Washtenaw Ave & Lawrence Ave,2015-05-06 00:24:00,41.9687297,-87.6962603,True,station,54388,same_key
divvy_5158fb7e1e4ccf3a,Central Ave & Roscoe St,station,2021-08-06 20:20:57,41.94,-87.77,divvy_36237aff0c9d54b1,Central Ave & Roscoe St,2021-08-06 20:20:57,41.942275,-87.76695,True,station,1096,reassigned_or_rekeyed
divvy_51643ecc428cda98,Morgan St & Polk St,station,2013-08-22 15:41:00,41.871737,-87.65103,divvy_51643ecc428cda98,Morgan St & Polk St,2013-08-22 15:41:00,41.871737,-87.65103,True,station,323563,same_key
divvy_51882e593e81d000,Meade Ave & Fullerton Ave,station,2024-05-04 17:33:58,41.924751,-87.778272,divvy_51882e593e81d000,Meade Ave & Fullerton Ave,2024-05-04 17:33:58,41.924751,-87.778272,True,station,1167,same_key
divvy_51a348639ff6ae11,La Villita Park,station,2024-05-10 16:05:20,41.83925,-87.70202,divvy_51a348639ff6ae11,La Villita Park,2024-05-10 16:05:20,41.83925,-87.70202,True,station,473,same_key
divvy_51cf0c129b718530,Public Rack - Pulaski Rd & Grenshaw St,public_rack,2023-09-03 21:32:17,41.8670279,-87.7254644,divvy_51cf0c129b718530,Public Rack - Pulaski Rd & Grenshaw St,2022-09-01 18:45:25,41.8670279,-87.7254644,True,public_rack,17,same_key
divvy_51d620a4e1fe10bb,Public Rack - Austin Ave & Archer Ave,public_rack,2023-05-11 14:03:44,41.79,-87.77,divvy_72d02f529c5e3808,Public Rack - Austin Ave & Archer Ave,2023-05-11 14:03:44,41.794209,-87.7716154,True,public_rack,5,reassigned_or_rekeyed
divvy_51e95ef8b3d64750,Public Rack - Austin Ave & Roscoe St,public_rack,2023-06-08 11:15:07,41.942196,-87.776472,divvy_51e95ef8b3d64750,Public Rack - Austin Ave & Roscoe St,2022-06-15 21:41:26,41.942196,-87.776472,True,public_rack,69,same_key
divvy_51f3523c3e85bc1e,Morgan St & Hubbard St,station,2025-08-13 17:52:31.064000,41.89012,-87.65251,divvy_51f3523c3e85bc1e,Morgan St & Hubbard St,2025-08-13 17:52:31.064000,41.89012,-87.65251,True,station,3598,same_key
divvy_5236a127dc04a3d1,Public Rack - Lamon Ave & Erie St,public_rack,2022-07-23 15:17:35,41.89,-87.75,divvy_42f5a03846b50e5e,Public Rack - Lamon Ave & Erie St,2022-07-23 15:17:35,41.892114,-87.746676,True,public_rack,6,reassigned_or_rekeyed
divvy_52477c6fdab4e81a,Public Rack - Racine Ave & 109th Pl,public_rack,2023-06-01 15:58:10,41.694835,-87.653041,divvy_52477c6fdab4e81a,Public Rack - Racine Ave & 109th Pl,2022-09-07 23:08:16,41.694835,-87.653041,True,public_rack,1066,same_key
divvy_52485ef889ffc0c6,Public Rack - Division St & Christiana Ave,public_rack,2023-05-08 19:57:04,41.90254,-87.71085,divvy_52485ef889ffc0c6,Public Rack - Division St & Christiana Ave,2022-08-31 12:39:10,41.90254,-87.71085,True,public_rack,98,same_key
divvy_5249f5d029cac456,Drake Ave & Montrose Ave,station,2015-05-05 15:09:00,41.96115407569,-87.7165690733,divvy_5249f5d029cac456,Drake Ave & Montrose Ave,2015-05-05 15:09:00,41.96115407569,-87.7165690733,True,station,29603,same_key
divvy_524b2d341a9a4810,N Shore Channel Trail & Argyle St,station,2023-06-01 07:45:13,41.97222,-87.70282,divvy_524b2d341a9a4810,N Shore Channel Trail & Argyle St,2022-02-24 13:51:43,41.97222,-87.70282,True,station,6510,same_key
divvy_527ff303635dc5ac,Smith Park,station,2018-09-28 08:14:20,41.892048,-87.689397,divvy_527ff303635dc5ac,Smith Park,2018-09-28 08:14:20,41.892048,-87.689397,True,station,30427,same_key
divvy_528aca7b48caad13,Pullman Community Center,station,2022-07-07 14:05:51,41.7,-87.59,divvy_b42a0b3bcfc149f2,Pullman Community Center,2022-07-07 14:05:51,,,,station,4,retained_unlocated
divvy_528f05d7e3a25388,Sheridan Rd & Columbia Ave,station,2018-10-04 17:19:28,42.004583,-87.661406,divvy_528f05d7e3a25388,Sheridan Rd & Columbia Ave,2018-10-04 17:19:28,42.004583,-87.661406,True,station,51099,same_key
divvy_5292baaa080329cd,W Armitage Ave & N Sheffield Ave,station,2023-06-01 06:42:49,41.917805,-87.653449,divvy_5292baaa080329cd,W Armitage Ave & N Sheffield Ave,2020-08-07 22:23:04,41.917805,-87.653449,True,station,19742,same_key
divvy_52de69d05012d1b8,Public Rack - Avers & Granville,public_rack,2023-05-23 10:32:29,41.993947,-87.725095,divvy_52de69d05012d1b8,Public Rack - Avers & Granville,2023-05-23 10:32:29,41.993947,-87.725095,True,public_rack,138,same_key
divvy_52eadf3c4d679351,Public Rack - 83rd St (Avalon Park) Metra,public_rack,2023-08-25 10:04:55,41.743916,-87.598786,divvy_52eadf3c4d679351,Public Rack - 83rd St (Avalon Park) Metra,2022-09-25 12:34:20,41.743916,-87.598786,True,public_rack,12,same_key
divvy_531ba9c66b4c1aa6,MLK Jr Dr & 56th St,station,2015-04-30 10:13:00,41.79342945658,-87.6158532619,divvy_531ba9c66b4c1aa6,MLK Jr Dr & 56th St,2015-04-30 10:13:00,41.79342945658,-87.6158532619,True,station,6445,same_key
divvy_5322b7e22d7df6d8,Public Rack - Central Ave & Congress Pkwy,public_rack,2024-06-13 11:52:55.822000,41.87369,-87.764746,divvy_5322b7e22d7df6d8,Public Rack - Central Ave & Congress Pkwy,2022-12-03 18:17:26,41.87369,-87.764746,True,public_rack,6,same_key
divvy_532380a5f9ec278a,Public Rack - Nashotah & Northwest Hwy,public_rack,2023-05-18 17:07:10,41.99,-87.79,divvy_c2d4abe0bc1c8ad1,Public Rack - Nashotah & Northwest Hwy,2023-05-18 17:07:10,41.988141,-87.791447,True,public_rack,1,reassigned_or_rekeyed
divvy_5337a2822f6198d7,California Ave & Pershing Rd,station,2022-07-01 11:33:19,41.82,-87.69,divvy_a6471d0ffb3848b0,California Ave & Pershing Rd,2022-05-22 15:59:05,,,,station,3,retained_unlocated
divvy_5363d17f9d3d393f,Pine Grove Ave & Wellington Ave,station,2025-10-23 17:25:27.741000,41.93651,-87.64119,divvy_5363d17f9d3d393f,Pine Grove Ave & Wellington Ave,2025-10-23 17:25:27.741000,41.93651,-87.64119,True,station,12554,same_key
divvy_536e4ce9b8f80629,Kildare Ave & 55th St,station,2021-10-23 21:23:12,41.79,-87.73,divvy_da582168a1b79368,Kildare Ave & 55th St,2021-10-23 21:23:12,41.79332,-87.73059,True,station,230,reassigned_or_rekeyed
divvy_536f58ec52d64420,North Ave Public Rack - 6,public_rack,2026-07-23 18:47:28.515000,41.9162904,-87.6274584,divvy_536f58ec52d64420,North Ave Public Rack - 6,2026-07-23 18:47:28.515000,41.9162904,-87.6274584,True,public_rack,60,same_key
divvy_537d2bf341ef80d3,Kilbourn Ave & 49th St,station,2024-07-01 02:30:55.607000,41.80385,-87.73566,divvy_537d2bf341ef80d3,Kilbourn Ave & 49th St,2024-07-01 02:30:55.607000,41.80385,-87.73566,True,station,340,same_key
divvy_539139e631194d7d,Public Rack - Neola & Northwest Hwy,public_rack,2023-05-09 15:15:11,41.990327,-87.795356,divvy_d3e7a1739b79d882,Public Rack - Neola & Northwest Hwy,2023-05-09 15:15:11,41.990327,-87.795356,True,public_rack,34,reassigned_or_rekeyed
divvy_53916c9be589a831,Public Rack - Corliss Ave & 133rd St,public_rack,2025-03-29 11:08:53.574000,41.653138,-87.601057,divvy_53916c9be589a831,Public Rack - Corliss Ave & 133rd St,2022-12-15 21:44:07,41.653138,-87.601057,True,public_rack,2,same_key
divvy_5399389d2da8be71,Spaulding Ave & Division St,station,2015-05-02 10:00:00,41.90270659438,-87.709219571,divvy_5399389d2da8be71,Spaulding Ave & Division St,2015-05-02 10:00:00,41.90270659438,-87.709219571,True,station,37477,same_key
divvy_53b6bb3972d6da51,Public Rack - Stony Island & 95th St,public_rack,2024-04-06 21:11:33,41.72228,-87.584943,divvy_53b6bb3972d6da51,Public Rack - Stony Island & 95th St,2022-10-06 09:31:48,41.72228,-87.584943,True,public_rack,13,same_key
divvy_53d0cf70405a6ef2,Public Rack - Cottage Grove Ave & 87th St,public_rack,2022-09-07 01:33:53,41.74,-87.61,divvy_7eaad87fa13f309b,Public Rack - Cottage Grove Ave & 87th St,2022-09-07 01:33:53,41.736448,-87.60616,True,public_rack,26,reassigned_or_rekeyed
divvy_53d4d0497ddd2f5a,Ashland Ave & Augusta Blvd,station,2013-06-27 23:26:00,41.89962,-87.66841,divvy_53d4d0497ddd2f5a,Ashland Ave & Augusta Blvd,2013-06-27 23:26:00,41.89962,-87.66841,True,station,154307,same_key
divvy_53da547d21f791c9,Public Rack - Kedzie Ave & 63rd St,public_rack,2022-09-27 16:03:08,41.78,-87.7,divvy_294a6c482e079397,Public Rack - Kedzie Ave & 63rd St,2022-09-27 16:03:08,41.778865,-87.703029,True,public_rack,30,reassigned_or_rekeyed
divvy_53e54f4584462bbc,Western Ave & Lake St,station,2023-06-02 13:13:46,41.88481,-87.68668,divvy_53e54f4584462bbc,Western Ave & Lake St,2021-11-27 09:05:00,41.88481,-87.68668,True,station,3221,same_key
divvy_53ef74198583501d,Public Rack - Campbell Ave & Pratt Blvd,public_rack,2023-06-01 14:06:17,42.00507,-87.692643,divvy_53ef74198583501d,Public Rack - Campbell Ave & Pratt Blvd,2022-06-15 07:37:45,42.00507,-87.692643,True,public_rack,730,same_key
divvy_541e6074e5f2b7ef,Public Rack - Cicero & 64th,public_rack,2023-05-06 18:35:57,41.78,-87.74,divvy_39d10aaacf859583,Public Rack - Cicero & 64th,2023-05-06 18:35:57,41.77643,-87.742389,True,public_rack,4,reassigned_or_rekeyed
divvy_542c9eb894609121,Homan Ave & Arthington Ave,station,2024-08-23 09:18:53.031000,41.86963,-87.71055,divvy_542c9eb894609121,Homan Ave & Arthington Ave,2024-08-23 09:18:53.031000,41.86963,-87.71055,True,station,360,same_key
divvy_542e37061db22957,Public Rack - Fairfield Ave & 63rd St,public_rack,2022-09-03 01:55:08,41.78,-87.69,divvy_19e232581b127f6a,Public Rack - Fairfield Ave & 63rd St,2022-09-03 01:55:08,41.77926,-87.692703,True,public_rack,74,reassigned_or_rekeyed
divvy_543f37fdce2470c8,Peterson/Ridge Metra,station,2024-11-26 17:28:06.771000,41.9918,-87.67489,divvy_543f37fdce2470c8,Peterson/Ridge Metra,2024-11-26 17:28:06.771000,41.9918,-87.67489,True,station,12497,same_key
divvy_544aa0969bf1765a,Public Rack - Mozart Elementary School,public_rack,2023-05-05 16:07:27,41.921325,-87.722375,divvy_544aa0969bf1765a,Public Rack - Mozart Elementary School,2022-06-14 18:45:22,41.921325,-87.722375,True,public_rack,127,same_key
divvy_54648a63e94b74ee,Marshfield Ave & 59th St,station,2016-06-28 08:20:00,41.786833,-87.666215,divvy_54648a63e94b74ee,Marshfield Ave & 59th St,2016-06-28 08:20:00,41.786833,-87.666215,True,station,1016,same_key
divvy_54700c1571135cef,May St & Taylor St,station,2013-06-28 08:32:00,41.86938,-87.6555,divvy_54700c1571135cef,May St & Taylor St,2013-06-28 08:32:00,41.86938,-87.6555,True,station,233353,same_key
divvy_5471701c8032444b,Wolcott (Ravenswood) Ave & Montrose Ave,station,2013-08-22 18:09:00,41.961615,-87.674365,divvy_5471701c8032444b,Wolcott (Ravenswood) Ave & Montrose Ave,2013-08-22 18:09:00,41.961615,-87.674365,True,station,49242,same_key
divvy_54744698119065b4,Damen Ave & Ohio St,station,2013-08-16 16:44:00,41.892394452962705,-87.67688512802124,divvy_54744698119065b4,Damen Ave & Ohio St,2013-08-16 16:44:00,41.892394452962705,-87.67688512802124,True,station,134681,same_key
divvy_548e5dfaf41138c0,Public Rack - Kedzie & 103rd St - East,public_rack,2024-04-27 18:57:03,41.705444,-87.701232,divvy_548e5dfaf41138c0,Public Rack - Kedzie & 103rd St - East,2022-10-08 16:45:16,41.705444,-87.701232,True,public_rack,19,same_key
divvy_549a31253d157484,Carpenter St & Fulton St,station,2025-09-29 14:56:50.809000,41.88668,-87.65315,divvy_549a31253d157484,Carpenter St & Fulton St,2025-09-29 14:56:50.809000,41.88668,-87.65315,True,station,10254,same_key
divvy_549d0b8800ddce1a,New St & Illinois St,station,2020-10-18 15:45:54,41.890847040623804,-87.61861681938171,divvy_549d0b8800ddce1a,New St & Illinois St,2020-10-18 15:45:54,41.890847040623804,-87.61861681938171,True,station,259545,same_key
divvy_54a832349c51fdf1,Ada St & 95th St,station,2022-05-11 03:09:05,41.72,-87.66,divvy_1c87f3f9c31dd01e,Ada St & 95th St,2022-05-11 03:09:05,,,,station,2,retained_unlocated
divvy_54b02e1378393d16,Throop St & 52nd St,station,2016-06-25 14:47:00,41.799659,-87.657195,divvy_54b02e1378393d16,Throop St & 52nd St,2016-06-25 14:47:00,41.799659,-87.657195,True,station,1115,same_key
divvy_54b8780ccf5d3095,Public Rack - Olmstead Ave & Oliphant Ave,public_rack,2023-05-04 15:13:45,42.0023112,-87.8170946,divvy_54b8780ccf5d3095,Public Rack - Olmstead Ave & Oliphant Ave,2023-05-04 15:13:45,42.0023112,-87.8170946,True,public_rack,503,same_key
divvy_54cad3323743c2d2,Blackstone Ave & Hyde Park Blvd,station,2013-06-29 13:03:00,41.802562,-87.590368,divvy_54cad3323743c2d2,Blackstone Ave & Hyde Park Blvd,2013-06-29 13:03:00,41.802562,-87.590368,True,station,95817,same_key
divvy_54d7581a715ae180,Public Rack - Wallace St & 119th St,public_rack,2024-11-12 19:25:00.877000,41.677629,-87.637554,divvy_54d7581a715ae180,Public Rack - Wallace St & 119th St,2022-08-16 22:03:54,41.677629,-87.637554,True,public_rack,2,same_key
divvy_54f817a90c9cbc5d,Public Rack - Central & Leland,public_rack,2023-07-17 20:37:25,41.965408,-87.767339,divvy_54f817a90c9cbc5d,Public Rack - Central & Leland,2023-05-03 12:28:32,41.965408,-87.767339,True,public_rack,301,same_key
divvy_550a56c17bd91ae7,Campbell Ave & Augusta Blvd,station,2023-04-26 18:57:37,41.899578,-87.689497,divvy_550a56c17bd91ae7,Campbell Ave & Augusta Blvd,2023-04-26 18:57:37,41.899578,-87.689497,True,station,19703,same_key
divvy_553c0ccd492fc47c,Pine Grove Ave & Irving Park Rd,station,2013-09-09 15:09:00,41.9543646,-87.6479285,divvy_553c0ccd492fc47c,Pine Grove Ave & Irving Park Rd,2013-09-09 15:09:00,41.9543646,-87.6479285,True,station,326132,same_key
divvy_554991c70138240d,Public Rack - Saginaw Ave & 93rd St,public_rack,2023-06-16 21:25:59,41.726199,-87.559252,divvy_554991c70138240d,Public Rack - Saginaw Ave & 93rd St,2022-06-17 14:00:48,41.726199,-87.559252,True,public_rack,15,same_key
divvy_555779b44305f143,Public Rack - Mackinaw Ave & 106th St,public_rack,2022-10-20 22:28:03,41.7,-87.54,divvy_8e4eefea02281663,Public Rack - Mackinaw Ave & 106th St,2022-10-20 22:28:03,41.702557,-87.542728,True,public_rack,2,reassigned_or_rekeyed
divvy_5574da48f00089c3,Public Rack - Kingsbury Ave & Eastman St,public_rack,2026-05-02 09:53:22.354000,41.90687904,-87.6508806,divvy_5574da48f00089c3,Public Rack - Kingsbury Ave & Eastman St,2026-05-02 09:53:22.354000,41.90687904,-87.6508806,True,public_rack,1435,same_key
divvy_5584a848b1a2f9a7,Public Rack - Devon Ave & Central Ave,public_rack,2023-05-05 23:18:31,42.0,-87.76,divvy_0c304793a80b5f80,Public Rack - Devon Ave & Central Ave,2023-05-05 23:18:31,41.997463,-87.764063,True,public_rack,2,reassigned_or_rekeyed
divvy_55a56742f46a83cf,Public Rack - Lynch & Elston,public_rack,2023-05-29 21:30:38,41.980931,-87.761302,divvy_55a56742f46a83cf,Public Rack - Lynch & Elston,2023-05-29 21:30:38,41.980931,-87.761302,True,public_rack,214,same_key
divvy_55a7dd86aeac8d03,Princeton Ave & Garfield Blvd,station,2015-04-28 16:12:00,41.794982,-87.633124,divvy_55a7dd86aeac8d03,Princeton Ave & Garfield Blvd,2015-04-28 16:12:00,41.794982,-87.633124,True,station,7791,same_key
divvy_55ed73151eb68a06,Public Rack - Harlem & Palatine,public_rack,2023-06-10 12:21:55,41.995502,-87.806967,divvy_55ed73151eb68a06,Public Rack - Harlem & Palatine,2023-05-04 17:52:18,41.995502,-87.806967,True,public_rack,92,same_key
divvy_55ff87a4c7ac3e78,Public Rack - Torrence Ave & 103rd St,public_rack,2023-09-16 01:31:56,41.70843,-87.56026,divvy_55ff87a4c7ac3e78,Public Rack - Torrence Ave & 103rd St,2023-09-16 01:31:56,41.70843,-87.56026,True,public_rack,14,same_key
divvy_5617d2edc416f646,Albany Ave & 26th St,station,2015-04-27 16:47:00,41.844507,-87.701655,divvy_5617d2edc416f646,Albany Ave & 26th St,2015-04-27 16:47:00,41.844507,-87.701655,True,station,5475,same_key
divvy_562f8d226316d59b,Rush St & Cedar St,station,2015-05-09 13:41:00,41.90230870122,-87.627690528,divvy_562f8d226316d59b,Rush St & Cedar St,2015-05-09 13:41:00,41.90230870122,-87.627690528,True,station,326432,same_key
divvy_563b3d28e6fe6325,Sheffield Ave & Fletcher St,station,2025-09-26 16:23:48.438000,41.93901,-87.65321,divvy_563b3d28e6fe6325,Sheffield Ave & Fletcher St,2025-09-26 16:23:48.438000,41.93901,-87.65321,True,station,6836,same_key
divvy_564f148b98d96e12,Eberhart Ave & 131st St,station,2020-09-24 15:41:05,41.658413151101065,-87.61071089698817,divvy_564f148b98d96e12,Eberhart Ave & 131st St,2020-09-24 15:41:05,41.658413151101065,-87.61071089698817,True,station,564,same_key
divvy_565954326f014b32,Public Rack - Nagel & Higgins,public_rack,2023-05-03 14:53:13,41.98,-87.79,divvy_82e0ca295275be99,Public Rack - Nagel & Higgins,2023-05-03 14:53:13,41.976312,-87.78764,True,public_rack,5,reassigned_or_rekeyed
divvy_5679df8061d27624,Archer Ave & Wentworth Ave,station,2025-02-08 09:22:13.166000,41.8546868,-87.6308531,divvy_5679df8061d27624,Archer Ave & Wentworth Ave,2025-02-08 09:22:13.166000,41.8546868,-87.6308531,True,station,8193,same_key
divvy_568467c80487fd61,Buckingham Fountain,station,2015-07-01 06:20:00,41.876368,-87.6205586,divvy_568467c80487fd61,Buckingham Fountain,2015-07-01 06:20:00,41.876368,-87.6205586,True,station,163665,same_key
divvy_568ae467328b7b1d,Cottage Grove Ave & 98th St,station,2022-05-24 22:35:11,41.72,-87.6,divvy_b7986f78d349afca,Cottage Grove Ave & 98th St,2022-05-24 22:35:11,,,,station,35,retained_unlocated
divvy_569425502d8b20d2,Shields Ave & 43rd St,station,2015-04-17 18:27:00,41.81620767856,-87.6348193497,divvy_569425502d8b20d2,Shields Ave & 43rd St,2015-04-17 18:27:00,41.81620767856,-87.6348193497,True,station,3089,same_key
divvy_56b0b9887a00238c,Public Rack - Champlain Ave & 134th St,public_rack,2023-07-04 19:01:01,41.657379,-87.606444,divvy_56b0b9887a00238c,Public Rack - Champlain Ave & 134th St,2022-09-30 19:44:28,41.657379,-87.606444,True,public_rack,9,same_key
divvy_56b2dfa8bf8ad092,Austin Blvd & Chicago Ave,station,2016-07-21 18:50:11,41.894887,-87.774704,divvy_56b2dfa8bf8ad092,Austin Blvd & Chicago Ave,2016-07-21 18:50:11,41.894887,-87.774704,True,station,4181,same_key
divvy_56b903aca0b1cc55,Mason Ave & Roosevelt Rd,station,2022-05-23 16:06:43,41.87,-87.77,divvy_29fcc098d7c9d297,Mason Ave & Roosevelt Rd,2022-05-23 16:06:43,,,,station,20,retained_unlocated
divvy_56c5fff6e460f606,Eberhart (Vernon) Ave & 79th St,station,2017-07-05 03:15:28,41.751345,-87.612568,divvy_56c5fff6e460f606,Eberhart (Vernon) Ave & 79th St,2017-07-05 03:15:28,41.751345,-87.612568,True,station,335,same_key
divvy_56c87d638a9a26f8,Halsted St & 119th St,station,2025-02-22 11:56:54.141000,41.67764,-87.64174,divvy_56c87d638a9a26f8,Halsted St & 119th St,2025-02-22 11:56:54.141000,41.67764,-87.64174,True,station,158,same_key
divvy_5703d5f7c181734f,Austin Ave & Roscoe St,station,2022-05-10 14:02:07,41.94,-87.78,divvy_1c54cd095d7eaa99,Austin Ave & Roscoe St,2022-05-10 14:02:07,,,,station,13,retained_unlocated
divvy_573836eaf6a9e445,Public Rack - Loomis Blvd & 83rd St,public_rack,2022-10-01 11:50:10,41.74,-87.66,divvy_11a91b1b0b39c387,Public Rack - Loomis Blvd & 83rd St,2022-10-01 11:50:10,41.743271,-87.658769,True,public_rack,3,reassigned_or_rekeyed
divvy_5756c3f4a0917a85,Shields Ave & 57th St,station,2024-08-07 12:23:40.420000,41.79076,-87.6345,divvy_5756c3f4a0917a85,Shields Ave & 57th St,2024-08-07 12:23:40.420000,41.79076,-87.6345,True,station,63,same_key
divvy_577fdcc6cf65d7e2,Public Rack - Ashland Ave & 73rd St,public_rack,2023-04-20 22:50:50,41.76,-87.66,divvy_215bdd9ad59e45e6,Public Rack - Ashland Ave & 73rd St,2023-04-20 22:50:50,41.760817,-87.663499,True,public_rack,5,reassigned_or_rekeyed
divvy_5787305886553106,Public Rack - Kedzie Ave & Pershing Rd,public_rack,2023-06-03 21:04:20,41.822897,-87.704154,divvy_5787305886553106,Public Rack - Kedzie Ave & Pershing Rd,2022-09-14 11:37:56,41.822897,-87.704154,True,public_rack,44,same_key
divvy_57a273d561c456f0,Sheridan Rd & Argyle St,station,2022-07-12 02:11:15,41.97328682025979,-87.65475958585739,divvy_57a273d561c456f0,Sheridan Rd & Argyle St,2022-07-12 02:11:15,41.97328682025979,-87.65475958585739,True,station,62262,same_key
divvy_57a6a9975e95e687,Public Rack - Newcastle & Archer,public_rack,2023-07-06 15:38:06,41.792309,-87.792879,divvy_57a6a9975e95e687,Public Rack - Newcastle & Archer,2023-05-20 01:47:52,41.792309,-87.792879,True,public_rack,82,same_key
divvy_58262f330db17275,Mason Ave & Grand Ave,station,2024-04-17 18:51:19,41.9204347,-87.7743901,divvy_58262f330db17275,Mason Ave & Grand Ave,2024-04-17 18:51:19,41.9204347,-87.7743901,True,station,660,same_key
divvy_58368ccc8bb22ea3,Keeler Ave & Carmen Ave,station,2023-12-29 15:09:47,41.974323,-87.7331,divvy_58368ccc8bb22ea3,Keeler Ave & Carmen Ave,2023-12-29 15:09:47,41.974323,-87.7331,True,station,2335,same_key
divvy_58373bc3be25ea98,Public Rack - Karlov Ave & Milwaukee Ave,public_rack,2022-06-14 12:32:19,41.94,-87.73,divvy_10ceb656dff3bcd9,Public Rack - Karlov Ave & Milwaukee Ave,2022-06-14 12:32:19,41.942702,-87.730011,True,public_rack,120,reassigned_or_rekeyed
divvy_58451c6087b3f57d,Menard Ave & Division St,station,2021-09-03 10:45:53,41.9,-87.77,divvy_6fb02b33a242e6f4,Menard Ave & Division St,2021-09-03 10:45:53,41.902269,-87.7704807,True,station,243,reassigned_or_rekeyed
divvy_585bf2418dcc816c,Public Rack - 83rd Pl & Kedzie Ave S,public_rack,2024-11-23 14:19:46.063000,41.741382,-87.702345,divvy_585bf2418dcc816c,Public Rack - 83rd Pl & Kedzie Ave S,2024-11-23 14:19:46.063000,41.741382,-87.702345,True,public_rack,6,same_key
divvy_587f24a4e1b5bb3e,Public Rack - West Chatham Park,public_rack,2022-09-18 18:38:10,41.75,-87.63,divvy_84aab923fd1dd11d,Public Rack - West Chatham Park,2022-09-18 18:38:10,41.745834,-87.631562,True,public_rack,6,reassigned_or_rekeyed
divvy_5883e057c4cd8390,Artesian Ave & 71st St,station,2023-10-06 17:25:05,41.764345,-87.684417,divvy_5883e057c4cd8390,Artesian Ave & 71st St,2023-10-06 17:25:05,41.764345,-87.684417,True,station,377,same_key
divvy_588cb7b9388e9fb2,California Ave & 29th St,station,2021-11-30 13:00:08,41.84,-87.69,divvy_b8f86c62766d688f,California Ave & 29th St,2021-11-30 13:00:08,41.840222,-87.694129,True,station,43,reassigned_or_rekeyed
divvy_58997f3b97dc640d,Public Rack - Aida Food Market,public_rack,2022-09-21 07:33:24,41.75,-87.64,divvy_f044d27f90f8d6c5,Public Rack - Aida Food Market,2022-09-21 07:33:24,41.749889255,-87.64396596,True,public_rack,6,reassigned_or_rekeyed
divvy_58f3c2bac7da3480,Blackstone Ave & 59th St,station,2023-09-14 17:42:14,41.787877,-87.590461,divvy_58f3c2bac7da3480,Blackstone Ave & 59th St,2023-09-14 17:42:14,41.787877,-87.590461,True,station,55680,same_key
divvy_58f9f07a90bfe532,Wells St & Madison St,station,2025-08-19 12:17:21.804000,41.88199,-87.63418,divvy_58f9f07a90bfe532,Wells St & Madison St,2025-08-19 12:17:21.804000,41.88199,-87.63418,True,station,13672,same_key
divvy_591c88780301d9bc,Troy St & Jackson Blvd,station,2023-06-10 15:05:44,41.877505,-87.70485,divvy_591c88780301d9bc,Troy St & Jackson Blvd,2022-05-04 11:49:45,41.877505,-87.70485,True,station,376,same_key
divvy_5923c8fd90f261d7,Public Rack - Drake Ave & Leland Ave,public_rack,2023-06-30 20:36:28,41.9659853,-87.716876,divvy_5923c8fd90f261d7,Public Rack - Drake Ave & Leland Ave,2022-06-03 16:02:52,41.9659853,-87.716876,True,public_rack,1144,same_key
divvy_5935d5c8977ec23d,Rhodes Ave & 32nd St,station,2013-09-18 11:46:00,41.836208,-87.613533,divvy_5935d5c8977ec23d,Rhodes Ave & 32nd St,2013-09-18 11:46:00,41.836208,-87.613533,True,station,95012,same_key
divvy_593d0f000c243a8a,Public Rack - Archer Park,public_rack,2023-05-03 17:30:03,41.8,-87.74,divvy_2954f25f8f571da8,Public Rack - Archer Park,2023-05-03 17:30:03,41.803822,-87.73551,True,public_rack,4,reassigned_or_rekeyed
divvy_594b18d1d273584a,Lexington St & California Ave,station,2024-03-21 19:05:05,41.8719938,-87.6958108,divvy_594b18d1d273584a,Lexington St & California Ave,2024-03-21 19:05:05,41.8719938,-87.6958108,True,station,1231,same_key
divvy_596f2634e13e23a2,Kildare Ave & Division St,station,2021-09-16 14:31:31,41.9,-87.73,divvy_337eabdebfe38f14,Kildare Ave & Division St,2021-09-16 14:31:31,41.902393,-87.733598,True,station,213,reassigned_or_rekeyed
divvy_59703690c5d36fb1,State St & 33rd St,station,2013-08-19 14:00:00,41.834734,-87.625813,divvy_59703690c5d36fb1,State St & 33rd St,2013-08-19 14:00:00,41.834734,-87.625813,True,station,214583,same_key
divvy_598108e973e3a17d,Menard Ave & Dakin St - midblock,station,2022-05-10 18:02:05,41.95,-87.77,divvy_717ee9594a783628,Menard Ave & Dakin St - midblock,2022-05-10 18:02:05,,,,station,27,retained_unlocated
divvy_5981e76096049eae,Central Park Ave & 66th St,station,2024-04-17 15:46:23,41.773258,-87.713143,divvy_5981e76096049eae,Central Park Ave & 66th St,2024-04-17 15:46:23,41.773258,-87.713143,True,station,159,same_key
divvy_59a988972987071d,Martin Luther King Dr & 44th St,station,2022-05-22 07:02:38,41.81,-87.62,divvy_b7600835f071ee25,Martin Luther King Dr & 44th St,2022-05-22 07:02:38,,,,station,17,retained_unlocated
divvy_59ac823b003610d8,Clark/Newport Corral,station,2025-07-02 15:35:01.554000,41.9449411,-87.654611,divvy_59ac823b003610d8,Clark/Newport Corral,2025-07-02 15:35:01.554000,41.9449411,-87.654611,True,station,4735,same_key
divvy_59c713df5a1ccaac,California Ave & Granville Ave,station,2023-10-20 00:30:32,41.9941803,-87.6995596,divvy_59c713df5a1ccaac,California Ave & Granville Ave,2023-10-20 00:30:32,41.9941803,-87.6995596,True,station,5761,same_key
divvy_59d6786ddd18c1ab,Archer Ave & Homan Ave,station,2024-05-05 12:03:54,41.81153,-87.70885,divvy_59d6786ddd18c1ab,Archer Ave & Homan Ave,2024-05-05 12:03:54,41.81153,-87.70885,True,station,430,same_key
divvy_59ed14373b87f0f7,Newcastle Ave & Belmont Ave,station,2022-05-13 20:55:39,41.94,-87.8,divvy_28f64ad17408465c,Newcastle Ave & Belmont Ave,2022-05-13 20:55:39,,,,station,15,retained_unlocated
divvy_5a0b29f2c5a2f3c1,Wentworth Ave & 104th St,station,2020-09-20 17:53:04,41.705307996998194,-87.62921690940857,divvy_5a0b29f2c5a2f3c1,Wentworth Ave & 104th St,2020-09-20 17:53:04,41.705307996998194,-87.62921690940857,True,station,453,same_key
divvy_5a1ae7bdd20d465c,Central Park & Augusta Blvd,station,2023-06-02 15:17:31,41.8989108,-87.7164901,divvy_5a1ae7bdd20d465c,Central Park & Augusta Blvd,2021-10-07 19:51:23,41.8989108,-87.7164901,True,station,1642,same_key
divvy_5a291c8ed5caa597,Public Rack - Buffalo Ave & 89th St,public_rack,2022-09-16 13:33:16,41.73,-87.54,divvy_95eec659f8681e1b,Public Rack - Buffalo Ave & 89th St,2022-09-16 13:33:16,41.73341,-87.54454,True,public_rack,3,reassigned_or_rekeyed
divvy_5a36caae8c85b045,Public Rack - Lafayette Ave & 95th St,public_rack,2023-01-10 13:50:50,41.72,-87.63,divvy_c9d372efc76ebeb6,Public Rack - Lafayette Ave & 95th St,2022-09-06 20:32:02,41.721787,-87.624939,True,public_rack,5,reassigned_or_rekeyed
divvy_5aa35264f4bdf3f0,Archer Ave & 49th St,station,2024-07-18 15:34:05.004000,41.8042,-87.72082,divvy_5aa35264f4bdf3f0,Archer Ave & 49th St,2024-07-18 15:34:05.004000,41.8042,-87.72082,True,station,334,same_key
divvy_5ac81089be6fe282,Keystone Ave & Montrose Ave,station,2015-05-16 18:34:00,41.96110801623,-87.7289701012,divvy_5ac81089be6fe282,Keystone Ave & Montrose Ave,2015-05-16 18:34:00,41.96110801623,-87.7289701012,True,station,20407,same_key
divvy_5ae847de2144e087,Public Rack - Ozanam Ave & Devon Ave,public_rack,2023-06-04 02:50:46,41.9969968,-87.8213419,divvy_2c425b80c4e36899,Public Rack - Ozanam Ave & Devon Ave,2023-05-07 17:12:16,41.9969968,-87.8213419,True,public_rack,38,reassigned_or_rekeyed
divvy_5aed3456c1e1e78d,Public Rack - Ave N & 106th St,public_rack,2022-07-21 09:49:11,41.7,-87.54,divvy_f8afbdaba1958ec8,Public Rack - Ave N & 106th St,2022-07-21 09:49:11,41.702616,-87.538744,True,public_rack,3,reassigned_or_rekeyed
divvy_5b0b25c4a6cd3401,Monticello Ave & Chicago Ave,station,2023-06-02 12:34:06,41.89581,-87.71763,divvy_5b0b25c4a6cd3401,Monticello Ave & Chicago Ave,2021-09-15 13:08:07,41.89581,-87.71763,True,station,841,same_key
divvy_5b1a92a156c5277f,Public Rack - Vincennes Ave & 95th Pl,public_rack,2023-07-26 22:53:06,41.720562,-87.650971,divvy_5b1a92a156c5277f,Public Rack - Vincennes Ave & 95th Pl,2023-07-26 22:53:06,41.720562,-87.650971,True,public_rack,23,same_key
divvy_5b3693a2d238e10e,Public Rack - Cicero Ave & Roscoe St,public_rack,2022-06-27 17:18:48,41.94,-87.75,divvy_820bae373a8e55c8,Public Rack - Cicero Ave & Roscoe St,2022-06-27 17:18:48,41.94242925,-87.74713,True,public_rack,184,reassigned_or_rekeyed
divvy_5b41730e4f28ad33,Public Rack - Morgan St & 95th St,public_rack,2022-09-12 15:24:17,41.72,-87.65,divvy_760ccf9f650e9b11,Public Rack - Morgan St & 95th St,2022-09-12 15:24:17,41.721215,-87.647435,True,public_rack,8,reassigned_or_rekeyed
divvy_5b459643bf6eb25a,Wolcott (Ravenswood) Ave & Montrose Ave,station,2020-01-01 01:17:21,41.961406,-87.676169,divvy_5b459643bf6eb25a,Wolcott (Ravenswood) Ave & Montrose Ave,2020-01-01 01:17:21,41.961406,-87.676169,True,station,73351,same_key
divvy_5b4f3e24733b3e46,California Ave & Altgeld St,station,2015-05-13 21:52:00,41.92669,-87.697668,divvy_5b4f3e24733b3e46,California Ave & Altgeld St,2015-05-13 21:52:00,41.92669,-87.697668,True,station,75620,same_key
divvy_5b62a66a7caff149,Public Rack - Tuley (Murray) Park,public_rack,2023-07-03 19:56:59,41.73034,-87.611734,divvy_5b62a66a7caff149,Public Rack - Tuley (Murray) Park,2023-07-03 19:56:59,41.73034,-87.611734,True,public_rack,16,same_key
divvy_5b6e16a5c10e1952,Fort Dearborn Dr & 31st St*,station,2023-06-05 17:06:53,41.83867632897121,-87.60883212089539,divvy_5b6e16a5c10e1952,Fort Dearborn Dr & 31st St*,2023-06-05 17:06:53,41.83867632897121,-87.60883212089539,True,station,31608,same_key
divvy_5b8ca47c16bb991e,Homan Ave & 111th St,station,2022-06-18 23:35:41,41.69,-87.71,divvy_db77b458da598127,Homan Ave & 111th St,2022-06-18 23:35:41,,,,station,17,retained_unlocated
divvy_5b928f5c8c1f3bb7,Public Rack - Northwest Hwy & Highland Ave,public_rack,2023-06-04 21:06:42,41.995867,-87.805223,divvy_5b928f5c8c1f3bb7,Public Rack - Northwest Hwy & Highland Ave,2023-05-16 14:50:18,41.995867,-87.805223,True,public_rack,12,same_key
divvy_5bb08d265c79cbf1,Dearborn St & Adams St 2,station,2026-02-09 06:30:31.162000,41.87963,-87.62937,divvy_5bb08d265c79cbf1,Dearborn St & Adams St 2,2026-02-09 06:30:31.162000,41.87963,-87.62937,True,station,8160,same_key
divvy_5bba1a20c1234a0d,Commercial Ave & 89th St,station,2022-06-12 19:35:29,41.73,-87.55,divvy_a37cb9496e2f0d77,Commercial Ave & 89th St,2022-06-12 19:35:29,,,,station,23,retained_unlocated
divvy_5bbefd7eefc7803f,Kedzie Ave & 60th St,station,2024-07-13 00:24:48.027000,41.78458,-87.70319,divvy_5bbefd7eefc7803f,Kedzie Ave & 60th St,2024-07-13 00:24:48.027000,41.78458,-87.70319,True,station,936,same_key
divvy_5bc5ecb091383df6,Commercial Ave & 90th St,station,2024-08-21 13:22:04.323000,41.7319872,-87.5510674,divvy_5bc5ecb091383df6,Commercial Ave & 90th St,2024-08-21 13:22:04.323000,41.7319872,-87.5510674,True,station,240,same_key
divvy_5bd69c5b13dc6039,Waveland/Wilton Corral,station,2025-07-02 17:33:16.806000,41.9489031,-87.653141,divvy_5bd69c5b13dc6039,Waveland/Wilton Corral,2025-07-02 17:33:16.806000,41.9489031,-87.653141,True,station,779,same_key
divvy_5be806bfe392c442,Public Rack - Kildare Ave & 63rd St,public_rack,2022-09-23 20:13:05,41.78,-87.73,divvy_e2f5d175b788c106,Public Rack - Kildare Ave & 63rd St,2022-09-23 20:13:05,41.778442,-87.73047,True,public_rack,2,reassigned_or_rekeyed
divvy_5be99684d5f34c01,Public Rack - 63rd Pl & Narraganssett Ave,public_rack,2023-05-07 02:49:09,41.7765858,-87.7820753,divvy_5be99684d5f34c01,Public Rack - 63rd Pl & Narraganssett Ave,2023-05-07 02:49:09,41.7765858,-87.7820753,True,public_rack,267,same_key
divvy_5bfe484346af05a8,Public Rack - Central Park Ave & 16th St,public_rack,2024-09-12 15:37:40.963000,41.858938,-87.7157269,divvy_1e1a9638ab55f5e4,Public Rack - Central Park Ave & 16th St,2022-07-12 12:54:07,41.858938,-87.7157269,True,public_rack,10,reassigned_or_rekeyed
divvy_5c0de6eb9b51d9dc,Public Rack - Kedvale Ave & Addison St,public_rack,2023-06-08 07:12:04,41.947174,-87.730837,divvy_5c0de6eb9b51d9dc,Public Rack - Kedvale Ave & Addison St,2022-06-15 14:40:13,41.947174,-87.730837,True,public_rack,22,same_key
divvy_5c1f55e218d1d00e,Public Rack - Dearborn St & Kinzie St 1,public_rack,2026-05-01 15:38:50.434000,41.88907808,-87.62948506,divvy_5c1f55e218d1d00e,Public Rack - Dearborn St & Kinzie St 1,2026-05-01 15:38:50.434000,41.88907808,-87.62948506,True,public_rack,2538,same_key
divvy_5c235a896dcc18ed,California Ave & Ogden Ave,station,2022-05-10 11:40:47,41.86,-87.7,divvy_4e49d5d15c136541,California Ave & Ogden Ave,2022-05-10 11:40:47,,,,station,10,retained_unlocated
divvy_5c3d65002e24fa24,Public Rack - Kedzie Ave & 83rd St,public_rack,2023-05-20 14:07:55,41.7432437,-87.7021237,divvy_5c3d65002e24fa24,Public Rack - Kedzie Ave & 83rd St,2023-05-20 14:07:55,41.7432437,-87.7021237,True,public_rack,33,same_key
divvy_5c4b9e609cf6e824,Public Rack - Jeffrey Blvd & 71st St,public_rack,2022-09-12 11:06:52,41.77,-87.58,divvy_d378f7bd2453520c,Public Rack - Jeffrey Blvd & 71st St,2022-09-12 11:06:52,41.766333,-87.576154,True,public_rack,17,reassigned_or_rekeyed
divvy_5c510ce9c64cedf5,Public Rack - Cicero Ave & Wrightwood Ave,public_rack,2023-06-01 08:20:01,41.927944,-87.7466394,divvy_8c2c8a7841c15313,Public Rack - Cicero Ave & Wrightwood Ave,2022-06-14 14:42:31,41.927944,-87.7466394,True,public_rack,286,reassigned_or_rekeyed
divvy_5c57ad435c479e11,Central Ave & North Ave,station,2022-05-10 10:26:55,41.91,-87.77,divvy_59270058f122e461,Central Ave & North Ave,2022-05-10 10:26:55,,,,station,12,retained_unlocated
divvy_5c6797bb5c874ea5,Emerald Ave & 45th St,station,2022-06-21 14:56:11,41.81,-87.64,divvy_3552ad7ec8f64350,Emerald Ave & 45th St,2022-06-21 14:56:11,,,,station,7,retained_unlocated
divvy_5ca0667208ae1419,Public Rack - Kilpatrick & Elston,public_rack,2023-06-01 15:35:18,41.970024,-87.74341,divvy_5ca0667208ae1419,Public Rack - Kilpatrick & Elston,2023-05-04 08:38:47,41.970024,-87.74341,True,public_rack,405,same_key
divvy_5cac53ed1a2d5052,St Louis Ave & Berteau Ave,station,2022-05-18 21:37:28,41.96,-87.72,divvy_094c58a668049292,St Louis Ave & Berteau Ave,2022-05-18 21:37:28,,,,station,19,retained_unlocated
divvy_5cb197a55168e32e,Lincoln Ave & Addison St,station,2013-06-30 18:15:00,41.946176,-87.673308,divvy_5cb197a55168e32e,Lincoln Ave & Addison St,2013-06-30 18:15:00,41.946176,-87.673308,True,station,78966,same_key
divvy_5cb467465290e699,Public Rack - Sayre Ave & 59th St,public_rack,2023-05-18 18:07:57,41.78,-87.8,divvy_447e2d606a48e1b2,Public Rack - Sayre Ave & 59th St,2023-05-18 18:07:57,41.7846778,-87.7958126,True,public_rack,3,reassigned_or_rekeyed
divvy_5cdf4ab41ce08ee7,Sacramento Ave & Pershing Rd,station,2021-09-30 13:01:21,41.82,-87.7,divvy_df656c64b33ba561,Sacramento Ave & Pershing Rd,2021-09-30 13:01:21,41.8222791,-87.6996576,True,station,596,reassigned_or_rekeyed
divvy_5ce02e628acfe3a6,Public Rack - W. Talcott & N. Oriole,public_rack,2023-05-07 17:15:54,41.990637,-87.816938,divvy_5ce02e628acfe3a6,Public Rack - W. Talcott & N. Oriole,2023-05-07 17:15:54,41.990637,-87.816938,True,public_rack,28,same_key
divvy_5d28e9712225ea60,Public Rack - Michigan Ave & 121st St,public_rack,2024-09-29 23:57:24.278000,41.67413,-87.620448,divvy_5d28e9712225ea60,Public Rack - Michigan Ave & 121st St,2024-09-29 23:57:24.278000,41.67413,-87.620448,True,public_rack,7,same_key
divvy_5d2dfce58d36b956,Southport Ave & Clark St,station,2013-09-09 10:07:00,41.957081,-87.664199,divvy_5d2dfce58d36b956,Southport Ave & Clark St,2013-09-09 10:07:00,41.957081,-87.664199,True,station,77876,same_key
divvy_5d390a9865a09892,Stony Island Ave & 57th St,station,2025-02-01 08:59:13.842000,41.79161,-87.58748,divvy_5d390a9865a09892,Stony Island Ave & 57th St,2025-02-01 08:59:13.842000,41.79161,-87.58748,True,station,19948,same_key
divvy_5d5c8dfca0f642b3,Indiana Ave & 26th St,station,2013-07-24 15:43:00,41.845687,-87.622481,divvy_5d5c8dfca0f642b3,Indiana Ave & 26th St,2013-07-24 15:43:00,41.845687,-87.622481,True,station,67835,same_key
divvy_5d7fb0f538036ecd,Central Park Ave & Ohio St,station,2023-06-01 07:37:47,41.89188,-87.71644,divvy_5d7fb0f538036ecd,Central Park Ave & Ohio St,2021-10-16 15:40:39,41.89188,-87.71644,True,station,1139,same_key
divvy_5d84a2103ef97153,Racine Ave & 109th Pl,station,2022-05-18 19:41:18,41.69,-87.65,divvy_3e300150f544bc1c,Racine Ave & 109th Pl,2022-05-18 19:41:18,,,,station,169,retained_unlocated
divvy_5d84ad982e277b9e,Springfield Ave & 47th St,station,2021-10-08 16:04:07,41.81,-87.72,divvy_28e6eafbf32e56f9,Springfield Ave & 47th St,2021-10-08 16:04:07,41.80807,-87.72123,True,station,343,reassigned_or_rekeyed
divvy_5d8b6a1f73af7eed,Public Rack - Yates Ave & 100th St,public_rack,2022-09-10 19:41:00,41.71,-87.56,divvy_656aca2afd3e9a12,Public Rack - Yates Ave & 100th St,2022-09-10 19:41:00,41.713437,-87.564405,True,public_rack,2,reassigned_or_rekeyed
divvy_5d94152634abc192,Parnell Ave & 119th St,station,2022-05-24 11:37:50,41.68,-87.64,divvy_52b381c0f9d26aa9,Parnell Ave & 119th St,2022-05-24 11:37:50,,,,station,7,retained_unlocated
divvy_5daf8939d1a2c4fe,Larrabee St & Division St,station,2015-05-02 14:01:00,41.90348607004,-87.6433534936,divvy_5daf8939d1a2c4fe,Larrabee St & Division St,2015-05-02 14:01:00,41.90348607004,-87.6433534936,True,station,227458,same_key
divvy_5dbf08f83292f7e2,Green St & 103rd St,station,2022-05-25 16:30:02,41.71,-87.64,divvy_4984cea838b3aa7f,Green St & 103rd St,2022-05-25 16:30:02,,,,station,13,retained_unlocated
divvy_5de4da65b457590c,Midway Orange Line,station,2024-06-12 08:26:54.077000,41.78692,-87.73892,divvy_5de4da65b457590c,Midway Orange Line,2022-05-09 13:07:36,41.78692,-87.73892,True,station,2450,same_key
divvy_5defb6a57ca241f0,Public Rack - Vincennes Ave & 77th St,public_rack,2022-08-26 21:01:49,41.76,-87.57,divvy_9d97ac695fef7438,Public Rack - Vincennes Ave & 77th St,2022-07-16 01:59:08,41.75702837,-87.56497151,True,public_rack,6,reassigned_or_rekeyed
divvy_5e179b9d790c3a65,Halsted St & Blackhawk St,station,2013-09-28 16:25:00,41.908537,-87.648627,divvy_5e179b9d790c3a65,Halsted St & Blackhawk St,2013-09-28 16:25:00,41.908537,-87.648627,True,station,81076,same_key
divvy_5e353e975294c0c6,Austin Blvd & North Ave,station,2022-05-13 19:22:21,41.91,-87.78,divvy_c0a21e501d671f39,Austin Blvd & North Ave,2022-05-13 19:22:21,,,,station,9,retained_unlocated
divvy_5e438d929bbd2e69,Public Rack - Halsted St & 76th St,public_rack,2022-11-03 01:24:42,41.76,-87.64,divvy_8c9864a57e2dc235,Public Rack - Halsted St & 76th St,2022-11-03 01:24:42,41.756003,-87.64409,True,public_rack,14,reassigned_or_rekeyed
divvy_5e7c7ed78b214b90,Ashland Ave & 73rd St,station,2022-07-25 21:09:07,41.76,-87.66,divvy_77124a9d3e47e6ff,Ashland Ave & 73rd St,2020-07-26 21:01:11,41.76122581767003,-87.6633617096195,True,station,3,reassigned_or_rekeyed
divvy_5e7cd448b4c8bb72,Public Rack - Ashland Ave & 71st St,public_rack,2022-08-30 15:35:04,41.77,-87.66,divvy_903eca503bc782c9,Public Rack - Ashland Ave & 71st St,2022-08-30 15:35:04,41.76577,-87.66433,True,public_rack,25,reassigned_or_rekeyed
divvy_5e851259a6b48fff,Public Rack - Kedzie Ave & 64th St - SW,public_rack,2023-06-08 16:40:15,41.777031,-87.703223,divvy_5e851259a6b48fff,Public Rack - Kedzie Ave & 64th St - SW,2022-09-08 17:01:42,41.777031,-87.703223,True,public_rack,92,same_key
divvy_5e9c5c96c9f39693,Public Rack - Western Ave & 47th Pl,public_rack,2023-06-09 06:58:21,41.808038,-87.684709,divvy_5e9c5c96c9f39693,Public Rack - Western Ave & 47th Pl,2022-09-03 20:14:37,41.808038,-87.684709,True,public_rack,424,same_key
divvy_5ea6c4980c06ae1d,Rockwell St & 63rd St,station,2023-05-10 16:42:47,41.77879,-87.68858,divvy_5ea6c4980c06ae1d,Rockwell St & 63rd St,2022-03-02 10:55:44,41.77879,-87.68858,True,station,328,same_key
divvy_5ea9bdc1e33a9e50,Back of the Yards Park,station,2022-07-21 04:05:27,41.8,-87.66,divvy_869a97c37279fb2a,Back of the Yards Park,2022-07-21 04:05:27,,,,station,3,retained_unlocated
divvy_5eacd67d157bb1b4,Public Rack - Peterson Ave & Milwaukee Ave,public_rack,2023-05-07 20:42:03,41.989826,-87.780929,divvy_5eacd67d157bb1b4,Public Rack - Peterson Ave & Milwaukee Ave,2023-05-07 20:42:03,41.989826,-87.780929,True,public_rack,154,same_key
divvy_5eb2bcb6c85cdb53,Steelworkers Park,station,2023-06-01 18:23:35,41.73793,-87.53091,divvy_5eb2bcb6c85cdb53,Steelworkers Park,2022-03-01 18:21:43,41.73793,-87.53091,True,station,1038,same_key
divvy_5eb6bcd961c0a1d4,Public Rack - Grand Ave & North Ave,public_rack,2022-06-15 17:35:30,41.91,-87.73,divvy_04c3139c278db9c5,Public Rack - Grand Ave & North Ave,2022-06-15 17:35:30,41.909614,-87.734722,True,public_rack,141,reassigned_or_rekeyed
divvy_5ec65aa627775831,Rockwell Ave & Touhy Ave,station,2022-05-09 21:59:01,42.01,-87.7,divvy_18f2191dc5143ac0,Rockwell Ave & Touhy Ave,2022-05-09 21:59:01,,,,station,38,retained_unlocated
divvy_5ed681adf7bc1c94,Blackstone Ave & 53rd St,station,2026-01-02 14:06:08.331000,41.79962,-87.59013,divvy_5ed681adf7bc1c94,Blackstone Ave & 53rd St,2026-01-02 14:06:08.331000,41.79962,-87.59013,True,station,7152,same_key
divvy_5eee8f355b4dff30,Wabash Ave & Grand Ave,station,2013-08-10 13:14:00,41.891466,-87.626761,divvy_5eee8f355b4dff30,Wabash Ave & Grand Ave,2013-08-10 13:14:00,41.891466,-87.626761,True,station,618203,same_key
divvy_5ef842f231aae2bd,Public Rack - California Ave & Pershing Rd,public_rack,2023-06-04 15:48:57,41.822632,-87.695024,divvy_5ef842f231aae2bd,Public Rack - California Ave & Pershing Rd,2022-09-08 20:06:26,41.822632,-87.695024,True,public_rack,162,same_key
divvy_5effae85aa9e92d5,Public Rack - Al Raby School,public_rack,2022-07-10 19:56:54,41.89,-87.71,divvy_369cbb156c86d24c,Public Rack - Al Raby School,2022-07-10 19:56:54,41.886167,-87.714711,True,public_rack,14,reassigned_or_rekeyed
divvy_5f17bc3ab090ad70,Fullerton & Monitor,station,2023-06-01 12:52:20,41.9237918,-87.7723116,divvy_56b563270422f6da,Fullerton & Monitor,2022-01-10 13:40:46,41.9237918,-87.7723116,True,station,385,reassigned_or_rekeyed
divvy_5f1cc272c3eafefe,Chappel Ave & 71st St,station,2022-05-23 19:58:55,41.77,-87.58,divvy_b074e1e79740f872,Chappel Ave & 71st St,2022-05-23 19:58:55,,,,station,13,retained_unlocated
divvy_5f5184139d24f9dc,Lincoln Ave & Armitage Ave,station,2013-06-27 19:20:00,41.918273,-87.638116,divvy_5f5184139d24f9dc,Lincoln Ave & Armitage Ave,2013-06-27 19:20:00,41.918273,-87.638116,True,station,12447,same_key
divvy_5f764ed4535190da,Public Rack - Pulaski & 74th,public_rack,2023-05-08 16:10:09,41.76,-87.72,divvy_cd24299c14c6f7ef,Public Rack - Pulaski & 74th,2023-05-08 16:10:09,41.757262,-87.722366,True,public_rack,18,reassigned_or_rekeyed
divvy_5f872621a3794abc,Eberhart Ave & 91st St,station,2020-07-31 13:57:40,41.729285157254864,-87.6110315322876,divvy_5f872621a3794abc,Eberhart Ave & 91st St,2020-07-31 13:57:40,41.729285157254864,-87.6110315322876,True,station,1212,same_key
divvy_5f8dd7b0052fa07b,Public Rack - Pittsburgh Ave & Irving Park,public_rack,2023-07-20 16:10:03,41.952076674,-87.832851052,divvy_5f8dd7b0052fa07b,Public Rack - Pittsburgh Ave & Irving Park,2023-02-13 14:56:49,41.952076674,-87.832851052,True,public_rack,5,same_key
divvy_5fb47d68765c7260,Public Rack - Washtenaw Ave & Devon Ave,public_rack,2023-06-01 10:30:36,41.997764,-87.697221,divvy_5fb47d68765c7260,Public Rack - Washtenaw Ave & Devon Ave,2022-06-03 15:27:17,41.997764,-87.697221,True,public_rack,1727,same_key
divvy_5fb598ea582cda62,Kenton Ave & Palmer St,station,2022-05-09 14:59:49,41.92,-87.74,divvy_80bdb79e01f4ee3f,Kenton Ave & Palmer St,2022-05-09 14:59:49,,,,station,205,retained_unlocated
divvy_5ff2e6efe4e62f43,Morgan St & 31st St,station,2013-09-13 22:26:00,41.8378,-87.65114,divvy_5ff2e6efe4e62f43,Morgan St & 31st St,2013-09-13 22:26:00,41.8378,-87.65114,True,station,69745,same_key
divvy_5ffa44db2444306b,Public Rack - Pulaski Rd & 5th Ave,public_rack,2023-06-16 19:55:15,41.8730082,-87.7252516,divvy_5ffa44db2444306b,Public Rack - Pulaski Rd & 5th Ave,2022-07-07 07:56:10,41.8730082,-87.7252516,True,public_rack,15,same_key
divvy_600fc7dfba29be30,Zapata Academy,station,2022-05-12 18:41:17,41.84,-87.73,divvy_ba43e2bb1e63fdf2,Zapata Academy,2022-05-12 18:41:17,,,,station,5,retained_unlocated
divvy_60192cc759499c43,Public Rack - Irving Park Rd & Melvina Ave,public_rack,2023-06-05 19:41:53,41.952869,-87.780728,divvy_60192cc759499c43,Public Rack - Irving Park Rd & Melvina Ave,2023-06-05 19:41:53,41.952869,-87.780728,True,public_rack,52,same_key
divvy_60423e5a56d8f630,Kildare Ave & North Ave,station,2024-03-27 07:59:53,41.9095392,-87.7338518,divvy_60423e5a56d8f630,Kildare Ave & North Ave,2024-03-27 07:59:53,41.9095392,-87.7338518,True,station,1502,same_key
divvy_604f0a0ab0896baa,Public Rack - Emil G Hirch Metropolitan High School,public_rack,2025-03-29 08:38:49.374000,41.754442,-87.601745,divvy_604f0a0ab0896baa,Public Rack - Emil G Hirch Metropolitan High School,2025-03-29 08:38:49.374000,41.754442,-87.601745,True,public_rack,5,same_key
divvy_60921d72b8fdcfd4,Larrabee St & Menomonee St,station,2013-06-27 12:15:00,41.91468,-87.64332,divvy_60921d72b8fdcfd4,Larrabee St & Menomonee St,2013-06-27 12:15:00,41.91468,-87.64332,True,station,138713,same_key
divvy_609bd6ef1baff929,Harlem Ave & Roscoe St,station,2026-03-21 13:51:58.940000,41.94159,-87.8072,divvy_609bd6ef1baff929,Harlem Ave & Roscoe St,2026-03-21 13:51:58.940000,41.94159,-87.8072,True,station,56,same_key
divvy_60a0b8124a1ab91c,Lake/Carpenter Corral,station,2026-06-23 11:43:37.225000,41.8857214,-87.6533778,divvy_60a0b8124a1ab91c,Lake/Carpenter Corral,2026-06-23 11:43:37.225000,41.8857214,-87.6533778,True,station,266,same_key
divvy_60e8e9b19a6321a4,Public Rack - S Menard & W 63rd,public_rack,2023-05-03 17:17:05,41.77707,-87.76664,divvy_528234d72251519e,Public Rack - S Menard & W 63rd,2023-05-03 17:17:05,41.77707,-87.76664,True,public_rack,112,reassigned_or_rekeyed
divvy_61104ca6655e25a4,Marquette Ave & 83rd St,station,2022-07-11 05:18:34,41.74,-87.56,divvy_9ba6e5e70e0f6ccc,Marquette Ave & 83rd St,2022-07-11 05:18:34,,,,station,2,retained_unlocated
divvy_6115d98eff8635e3,Desplaines St & Randolph St,station,2015-04-25 17:59:00,41.883703,-87.644238,divvy_6115d98eff8635e3,Desplaines St & Randolph St,2015-04-25 17:59:00,41.883703,-87.644238,True,station,221684,same_key
divvy_6126b5979ea16195,Public Rack - Ozark Ave & Addison St,public_rack,2022-09-07 14:54:24,41.95,-87.82,divvy_d8f019ea6d7c70ac,Public Rack - Ozark Ave & Addison St,2022-09-07 14:54:24,41.945075,-87.820037,True,public_rack,4,reassigned_or_rekeyed
divvy_6131f197316c762e,Homan Ave & 65th St,station,2023-06-01 11:12:22,41.775144,-87.708129,divvy_dc910d753ff0319d,Homan Ave & 65th St,2022-03-05 16:44:00,41.775144,-87.708129,True,station,264,reassigned_or_rekeyed
divvy_6144c0378ca75148,Halsted St & Court Pl,station,2025-11-19 18:52:21.884000,41.8837,-87.64722,divvy_6144c0378ca75148,Halsted St & Court Pl,2025-11-19 18:52:21.884000,41.8837,-87.64722,True,station,4401,same_key
divvy_6150d86dd7e92241,Kostner Ave & Wrightwood Ave,station,2021-08-03 14:24:54,41.93,-87.74,divvy_7e64c01e2dfed1b3,Kostner Ave & Wrightwood Ave,2021-08-03 14:24:54,41.927957,-87.735952,True,station,1471,reassigned_or_rekeyed
divvy_616029bdad9ec7d2,Weekend Night Parking Area B,station,2024-07-19 23:01:20.919000,41.94491,-87.65477,divvy_616029bdad9ec7d2,Weekend Night Parking Area B,2024-07-19 23:01:20.919000,41.94491,-87.65477,True,station,685,same_key
divvy_6162589be3a45259,Kostner & 87th,station,2024-07-12 19:06:32.776000,41.734929,-87.731187,divvy_6162589be3a45259,Kostner & 87th,2024-07-12 19:06:32.776000,41.734929,-87.731187,True,station,129,same_key
divvy_6164e9121424b793,Lawler Ave & 50th St,station,2021-10-27 11:28:59,41.8,-87.75,divvy_88e24b47f283efa5,Lawler Ave & 50th St,2021-10-27 11:28:59,41.80217,-87.74894,True,station,871,reassigned_or_rekeyed
divvy_616c5ef7c614dac9,Public Rack - Rockwell Ave & Touhy Ave,public_rack,2023-06-06 13:50:34,42.012344,-87.695383,divvy_616c5ef7c614dac9,Public Rack - Rockwell Ave & Touhy Ave,2022-06-14 14:29:32,42.012344,-87.695383,True,public_rack,412,same_key
divvy_61919c253248d2a1,Millard Ave & 26th St,station,2015-04-29 17:49:00,41.84453112462163,-87.71592199802399,divvy_61919c253248d2a1,Millard Ave & 26th St,2015-04-29 17:49:00,41.84453112462163,-87.71592199802399,True,station,6915,same_key
divvy_619b21218a3b0aa7,Public Rack - Cottage Grove Ave & 92nd St,public_rack,2023-05-23 09:52:23,41.727319,-87.604787,divvy_619b21218a3b0aa7,Public Rack - Cottage Grove Ave & 92nd St,2022-10-10 11:23:52,41.727319,-87.604787,True,public_rack,37,same_key
divvy_619d5ca302860b1e,Ozark Ave & Addison St,station,2022-06-02 19:47:08,41.95,-87.82,divvy_509c7f7c9fd6da80,Ozark Ave & Addison St,2022-06-02 19:47:08,,,,station,12,retained_unlocated
divvy_61c3d39d9246f1b5,Public Rack - Clybourn Ave & Webster Ave,public_rack,2026-05-01 17:08:18.570000,41.92155279,-87.66449674,divvy_61c3d39d9246f1b5,Public Rack - Clybourn Ave & Webster Ave,2026-05-01 17:08:18.570000,41.92155279,-87.66449674,True,public_rack,1978,same_key
divvy_61e4addaaee31eeb,Public Rack - Talman Ave & Pershing Rd,public_rack,2022-08-30 10:37:27,41.82,-87.69,divvy_23c163bd275a8b0e,Public Rack - Talman Ave & Pershing Rd,2022-08-30 10:37:27,41.822592,-87.690725,True,public_rack,41,reassigned_or_rekeyed
divvy_61eb7a89e1b5c88e,Oglesby Ave & 95th St,station,2022-05-10 17:25:03,41.72,-87.57,divvy_3c7ee4c92f020bf4,Oglesby Ave & 95th St,2022-05-10 17:25:03,,,,station,12,retained_unlocated
divvy_620171323fba1430,Larrabee St & Clybourn Ave,station,2025-08-13 17:20:08.978000,41.9066,-87.64322,divvy_620171323fba1430,Larrabee St & Clybourn Ave,2025-08-13 17:20:08.978000,41.9066,-87.64322,True,station,7277,same_key
divvy_622b5c4234a59e88,Public Rack - Kedvale Ave & Peterson Ave,public_rack,2023-05-10 16:38:16,41.9902168,-87.7323063,divvy_622b5c4234a59e88,Public Rack - Kedvale Ave & Peterson Ave,2023-05-10 16:38:16,41.9902168,-87.7323063,True,public_rack,76,same_key
divvy_622fb34b8eb7aa8c,Harvard Ave & 119th St,station,2022-06-18 23:05:12,41.68,-87.63,divvy_4a1bfe8488faf41f,Harvard Ave & 119th St,2022-06-18 23:05:12,,,,station,6,retained_unlocated
divvy_6233c64c580bc556,Narragansett & Irving Park,station,2023-06-01 14:34:40,41.952614,-87.7853829,divvy_6233c64c580bc556,Narragansett & Irving Park,2021-09-07 21:00:36,41.952614,-87.7853829,True,station,769,same_key
divvy_6242300b8388d4ad,Public Rack - Ashland Ave & 74th St,public_rack,2023-12-18 02:29:33,41.759735,-87.663736,divvy_6242300b8388d4ad,Public Rack - Ashland Ave & 74th St,2022-12-11 11:50:38,41.759735,-87.663736,True,public_rack,9,same_key
divvy_6244b202a9ecdf9e,Public Rack - Wells St & Wacker Dr,public_rack,2026-05-04 06:48:13.926000,41.88663267,-87.63405978,divvy_6244b202a9ecdf9e,Public Rack - Wells St & Wacker Dr,2026-05-04 06:48:13.926000,41.88663267,-87.63405978,True,public_rack,1011,same_key
divvy_625bd8586f7f0d6d,Wood St & 47th St,station,2022-05-28 21:49:43,41.81,-87.67,divvy_8f38f2b81237e9f9,Wood St & 47th St,2022-05-28 21:49:43,,,,station,108,retained_unlocated
divvy_6267adf3c0c5e6dc,Public Rack - 83rd Pl & Kedzie Ave N,public_rack,2023-07-16 20:02:30,41.7417227,-87.702287,divvy_6267adf3c0c5e6dc,Public Rack - 83rd Pl & Kedzie Ave N,2023-05-20 13:53:07,41.7417227,-87.702287,True,public_rack,9,same_key
divvy_62717e82f0c638a0,Public Rack - Kenton Ave & Palmer St,public_rack,2023-06-02 11:00:43,41.9206781,-87.7419523,divvy_3d4458987937da13,Public Rack - Kenton Ave & Palmer St,2022-06-14 14:35:27,41.9206781,-87.7419523,True,public_rack,251,reassigned_or_rekeyed
divvy_627bf01e648a1133,Augusta Blvd & Laramie Ave,station,2021-11-05 12:18:20,41.9,-87.76,divvy_053e57a9fa2a2ad8,Augusta Blvd & Laramie Ave,2021-11-05 12:18:20,41.8986607,-87.7554551,True,station,219,reassigned_or_rekeyed
divvy_6281762639544e51,Cicero Ave & Altgeld St,station,2022-05-14 18:32:47,41.93,-87.75,divvy_35014afc6fc408b7,Cicero Ave & Altgeld St,2022-05-14 18:32:47,,,,station,16,retained_unlocated
divvy_62b5e936b746e0a2,Public Rack - Cicero Ave & Cortland St - midblock,public_rack,2023-06-17 14:40:50,41.91582,-87.746074,divvy_62b5e936b746e0a2,Public Rack - Cicero Ave & Cortland St - midblock,2022-06-15 12:49:34,41.91582,-87.746074,True,public_rack,131,same_key
divvy_62d8f611856c1af0,Rockwell St & Division St,station,2025-12-31 15:19:23.825000,41.90275,-87.69202,divvy_62d8f611856c1af0,Rockwell St & Division St,2025-12-31 15:19:23.825000,41.90275,-87.69202,True,station,4884,same_key
divvy_62dc99347d8235e6,Dearborn St & Maple St,station,2025-09-15 13:15:53.448000,41.90192,-87.63026,divvy_62dc99347d8235e6,Dearborn St & Maple St,2025-09-15 13:15:53.448000,41.90192,-87.63026,True,station,26351,same_key
divvy_62df0de51e496312,Kenneth Ave & 50th St,station,2021-10-30 15:21:24,41.8,-87.73,divvy_7a8c65512f81d2ce,Kenneth Ave & 50th St,2021-10-30 15:21:24,41.80231,-87.7344,True,station,288,reassigned_or_rekeyed
divvy_62df25202a53bda6,Muskegon Ave & 89th St,station,2022-08-09 16:29:29,41.73,-87.56,divvy_daace4876b57f3f7,Muskegon Ave & 89th St,2022-08-09 16:29:29,,,,station,10,retained_unlocated
divvy_62e74173d2068389,Sedgwick St & Chicago Ave,station,2025-10-06 12:10:08.904000,41.89677,-87.6386,divvy_62e74173d2068389,Sedgwick St & Chicago Ave,2025-10-06 12:10:08.904000,41.89677,-87.6386,True,station,7737,same_key
divvy_62fe4e66f55a7bfd,Public Rack - Linder & Elston,public_rack,2023-05-07 17:33:15,41.983559,-87.76577,divvy_4fef34644739cd82,Public Rack - Linder & Elston,2023-05-07 17:33:15,41.983559,-87.76577,True,public_rack,124,reassigned_or_rekeyed
divvy_633afe050ddbd641,Public Rack - Bell Ave & 95th St,public_rack,2022-09-19 08:36:27,41.72,-87.68,divvy_d3bee86d0f49f668,Public Rack - Bell Ave & 95th St,2022-09-19 08:36:27,41.721188,-87.678786,True,public_rack,11,reassigned_or_rekeyed
divvy_634a960138e91f38,Lake Park Ave & 44th St,station,2022-05-13 16:35:21,41.81,-87.6,divvy_87938e2ac9f2bb47,Lake Park Ave & 44th St,2022-05-13 16:35:21,,,,station,5,retained_unlocated
divvy_635e29775dbdda77,Homan Ave & 65th St,station,2022-03-05 16:44:00,41.78,-87.71,divvy_dc910d753ff0319d,Homan Ave & 65th St,2022-03-05 16:44:00,41.775144,-87.708129,True,station,381,reassigned_or_rekeyed
divvy_638818b13686094d,Public Rack - New England Ave & Grace St,public_rack,2024-05-31 20:17:06,41.949269,-87.798395,divvy_638818b13686094d,Public Rack - New England Ave & Grace St,2023-05-10 17:14:49,41.949269,-87.798395,True,public_rack,8,same_key
divvy_6389110d2f6dffe8,Public Rack - Oak Park & Higgins,public_rack,2023-06-08 22:16:51,41.978888,-87.796235,divvy_6389110d2f6dffe8,Public Rack - Oak Park & Higgins,2023-05-12 15:04:19,41.978888,-87.796235,True,public_rack,133,same_key
divvy_63916206170d693a,Ewing Ave & Burnham Greenway,station,2020-09-24 13:11:04,41.71274876109496,-87.53481388092041,divvy_63916206170d693a,Ewing Ave & Burnham Greenway,2020-09-24 13:11:04,41.71274876109496,-87.53481388092041,True,station,1553,same_key
divvy_63a914fde365e166,Cottage Grove & 85th St,station,2022-06-03 18:10:24,41.74,-87.6,divvy_2f50a8ef49e2d1cf,Cottage Grove & 85th St,2022-06-03 18:10:24,,,,station,11,retained_unlocated
divvy_63ba11ec88c14f4b,Southport Ave & Belmont Ave,station,2013-07-29 17:51:00,41.93947775040509,-87.6637476682663,divvy_63ba11ec88c14f4b,Southport Ave & Belmont Ave,2013-07-29 17:51:00,41.93947775040509,-87.6637476682663,True,station,208025,same_key
divvy_63bdfa6649a5fd7a,Milwaukee Ave & Grand Ave,station,2013-06-28 12:09:00,41.891578,-87.648384,divvy_63bdfa6649a5fd7a,Milwaukee Ave & Grand Ave,2013-06-28 12:09:00,41.891578,-87.648384,True,station,292037,same_key
divvy_640502d05940c85b,Public Rack - Kedzie Ave & Pershing Rd,public_rack,2022-09-14 11:37:56,41.82,-87.7,divvy_5787305886553106,Public Rack - Kedzie Ave & Pershing Rd,2022-09-14 11:37:56,41.822897,-87.704154,True,public_rack,5,reassigned_or_rekeyed
divvy_64604fb583d52662,Public Rack - Peoria St & 60th St,public_rack,2023-06-06 11:43:01,41.784872,-87.647482,divvy_64604fb583d52662,Public Rack - Peoria St & 60th St,2023-02-08 11:40:22,41.784872,-87.647482,True,public_rack,37,same_key
divvy_6478eabddd6fcf78,Pulaski & Ann Lurie Pl,station,2023-06-01 17:44:19,41.8162761,-87.7246058,divvy_6478eabddd6fcf78,Pulaski & Ann Lurie Pl,2021-10-22 08:50:15,41.8162761,-87.7246058,True,station,485,same_key
divvy_648173f42c99be09,Lowe Ave & 98th St,station,2022-07-02 20:50:09,41.72,-87.64,divvy_d4a4ebc4acec3d83,Lowe Ave & 98th St,2022-07-02 20:50:09,,,,station,4,retained_unlocated
divvy_6486af77cf23aa96,Western Ave & 101st St,station,2024-12-10 15:32:11.320000,41.71011,-87.68198,divvy_6486af77cf23aa96,Western Ave & 101st St,2024-12-10 15:32:11.320000,41.71011,-87.68198,True,station,329,same_key
divvy_648a2f01df31f66e,Public Rack - Crandon Ave & 80th St,public_rack,2022-08-06 13:52:53,41.749519,-87.568831,divvy_648a2f01df31f66e,Public Rack - Crandon Ave & 80th St,2022-08-06 13:52:53,41.749519,-87.568831,True,public_rack,10,same_key
divvy_648d1abed7d523a1,Public Rack - Halsted St & 41st St,public_rack,2023-06-04 14:05:37,41.820147,-87.64568,divvy_648d1abed7d523a1,Public Rack - Halsted St & 41st St,2022-09-12 09:55:42,41.820147,-87.64568,True,public_rack,34,same_key
divvy_64986bc92c577bca,Public Rack - Halsted St & 102nd St,public_rack,2023-06-11 05:39:33,41.70794,-87.643177,divvy_64986bc92c577bca,Public Rack - Halsted St & 102nd St,2022-09-22 18:58:35,41.70794,-87.643177,True,public_rack,45,same_key
divvy_649de21de72cd75e,Public Rack - Ellis Ave & 132nd Pl,public_rack,2024-10-02 17:04:44.575000,41.655139,-87.597597,divvy_649de21de72cd75e,Public Rack - Ellis Ave & 132nd Pl,2023-04-10 17:57:17,41.655139,-87.597597,True,public_rack,3,same_key
divvy_64b96441537ce4bb,Homan Ave & 77th St,station,2024-06-05 16:37:44.230000,41.7534283,-87.7075924,divvy_64b96441537ce4bb,Homan Ave & 77th St,2024-06-05 16:37:44.230000,41.7534283,-87.7075924,True,station,158,same_key
divvy_64bfc973831a504e,Halsted St & 73rd St,station,2020-07-24 14:53:07,41.76160543804394,-87.64416097666071,divvy_64bfc973831a504e,Halsted St & 73rd St,2020-07-24 14:53:07,41.76160543804394,-87.64416097666071,True,station,1236,same_key
divvy_64c00acdc9bcee39,Kedzie Ave & 45th St,station,2022-01-04 18:06:07,41.81,-87.7,divvy_238c3ac2b42930db,Kedzie Ave & 45th St,2022-01-04 18:06:07,41.81139,-87.704,True,station,434,reassigned_or_rekeyed
divvy_64ee6283b98e6b34,Wabash Ave & 87th St,station,2022-05-10 09:31:15,41.74,-87.62,divvy_72d84a4c132ec2bd,Wabash Ave & 87th St,2016-08-09 01:27:14,41.73655301831962,-87.62264415621758,True,station,40,reassigned_or_rekeyed
divvy_64ee7ae64e028534,The Montessori School of Englewood,station,2022-05-10 14:50:59,41.77,-87.67,divvy_386c9fcc5d111d7d,The Montessori School of Englewood,2022-05-10 14:50:59,,,,station,1,retained_unlocated
divvy_651cfec52960203b,Public Rack - Kostner Ave & 16th St,public_rack,2022-06-18 20:05:41,41.86,-87.73,divvy_c4951d0b8887b07e,Public Rack - Kostner Ave & 16th St,2022-06-18 20:05:41,41.8588018,-87.7343019,True,public_rack,4,reassigned_or_rekeyed
divvy_65413b2a3ccfc7bf,Public Rack - Leoti Ave & Central Ave (south),public_rack,2023-05-23 16:10:50,41.998324,-87.763384,divvy_65413b2a3ccfc7bf,Public Rack - Leoti Ave & Central Ave (south),2023-05-12 07:42:16,41.998324,-87.763384,True,public_rack,42,same_key
divvy_655102040122476b,Public Rack - Avers Ave & Ogden Ave,public_rack,2023-05-26 18:00:37,41.852642,-87.72103,divvy_655102040122476b,Public Rack - Avers Ave & Ogden Ave,2022-06-18 10:13:41,41.852642,-87.72103,True,public_rack,103,same_key
divvy_65573cd0b47c7947,Kedzie Ave & 61st Pl,station,2022-05-25 13:19:08,41.78,-87.7,divvy_cd1a33b3fabe4963,Kedzie Ave & 61st Pl,2022-05-25 13:19:08,,,,station,144,retained_unlocated
divvy_655e9edc84ce7419,Loomis St & Lexington St,station,2013-06-27 15:54:00,41.87222873224032,-87.66136385500431,divvy_655e9edc84ce7419,Loomis St & Lexington St,2013-06-27 15:54:00,41.87222873224032,-87.66136385500431,True,station,332898,same_key
divvy_65633cac1499ba02,Damen Ave & Pershing Rd,station,2016-06-17 14:32:00,41.823192,-87.676597,divvy_65633cac1499ba02,Damen Ave & Pershing Rd,2016-06-17 14:32:00,41.823192,-87.676597,True,station,6881,same_key
divvy_656aca2afd3e9a12,Public Rack - Yates Ave & 100th St,public_rack,2023-06-14 02:16:56,41.713437,-87.564405,divvy_656aca2afd3e9a12,Public Rack - Yates Ave & 100th St,2022-09-10 19:41:00,41.713437,-87.564405,True,public_rack,41,same_key
divvy_657a4a61e7b2dc61,Public Rack - Wentworth Ave & 103rd St,public_rack,2023-06-15 13:14:14,41.707257,-87.627826,divvy_657a4a61e7b2dc61,Public Rack - Wentworth Ave & 103rd St,2022-09-23 09:31:08,41.707257,-87.627826,True,public_rack,49,same_key
divvy_65b0ef3f749e46d4,Stony Island Ave & 63rd St,station,2023-06-01 07:27:05,41.780506,-87.586853,divvy_65b0ef3f749e46d4,Stony Island Ave & 63rd St,2023-02-10 16:36:25,41.780506,-87.586853,True,station,4029,same_key
divvy_65b6b010911ea35c,Calumet Ave & Garfield Blvd,station,2022-09-05 07:51:03,41.8,-87.62,divvy_1111b37911813317,Calumet Ave & Garfield Blvd,2022-05-22 17:26:40,,,,station,1,retained_unlocated
divvy_65d7bf07fed572ee,Torrence Ave & 103rd St,station,2022-07-17 02:40:08,41.71,-87.56,divvy_dcbabc915a71ceca,Torrence Ave & 103rd St,2022-07-17 02:40:08,,,,station,2,retained_unlocated
divvy_6616ce9bdc8f94da,LaSalle Dr & Huron St,station,2018-03-08 15:28:00,41.894877,-87.632326,divvy_6616ce9bdc8f94da,LaSalle Dr & Huron St,2018-03-08 15:28:00,41.894877,-87.632326,True,station,192170,same_key
divvy_6622b69ec3e0186d,Pulaski Rd & 51st Rd,station,2022-05-11 14:09:52,41.8,-87.72,divvy_44fc4c2fb760bf0a,Pulaski Rd & 51st Rd,2022-05-11 14:09:52,,,,station,115,retained_unlocated
divvy_6637b573242ed293,Racine Ave & Webster Ave,station,2025-10-03 15:55:29.168000,41.92161,-87.65803,divvy_6637b573242ed293,Racine Ave & Webster Ave,2025-10-03 15:55:29.168000,41.92161,-87.65803,True,station,8263,same_key
divvy_666b396f56cf1991,Pulaski Rd & 75th St,station,2025-04-17 08:55:16.199000,41.75725,-87.72247,divvy_666b396f56cf1991,Pulaski Rd & 75th St,2025-04-17 08:55:16.199000,41.75725,-87.72247,True,station,228,same_key
divvy_667ab089b427cf3b,Richmond St & Lincoln Ave,station,2021-11-06 16:53:33,41.99,-87.7,divvy_ee2dfeb4caf1ebb0,Richmond St & Lincoln Ave,2021-11-06 16:53:33,41.9881174,-87.7031754,True,station,513,reassigned_or_rekeyed
divvy_6681d6f7dc857d01,Stony Is Ave & 73rd St,station,2022-05-13 20:01:25,41.76,-87.59,divvy_a6e5aebc4b7085a2,Stony Is Ave & 73rd St,2022-05-13 20:01:25,,,,station,18,retained_unlocated
divvy_6690bcab273ed0cc,Public Rack - Bishop St & 81st St,public_rack,2022-09-16 11:49:03,41.75,-87.66,divvy_3b59db1970837479,Public Rack - Bishop St & 81st St,2022-09-16 11:49:03,41.745827,-87.659849,True,public_rack,1,reassigned_or_rekeyed
divvy_6698a8d997b266ba,Public Rack - Brighton Park Branch Chicago Library,public_rack,2023-09-12 13:13:20,41.815242,-87.702651,divvy_6698a8d997b266ba,Public Rack - Brighton Park Branch Chicago Library,2022-12-07 14:48:54,41.815242,-87.702651,True,public_rack,18,same_key
divvy_66af5fba1593546c,Public Rack - New England Ave & Irving Park Rd,public_rack,2024-08-09 11:12:29.376000,41.7985042,-87.7985042,divvy_66af5fba1593546c,Public Rack - New England Ave & Irving Park Rd,2024-08-09 11:12:29.376000,41.7985042,-87.7985042,True,public_rack,6,same_key
divvy_66c3c04ba4529d1b,Pulaski Rd & 40th St,station,2022-06-10 15:06:11,41.82,-87.73,divvy_43cbee64fbd92623,Pulaski Rd & 40th St,2022-06-10 14:55:47,,,,station,1,retained_unlocated
divvy_66ed122828efe312,Public Rack - Western Ave & 105th St,public_rack,2023-05-30 14:23:52,41.702609,-87.681492,divvy_66ed122828efe312,Public Rack - Western Ave & 105th St,2022-09-10 19:02:55,41.702609,-87.681492,True,public_rack,62,same_key
divvy_66f073cd4af40f37,Public Rack - Tripp Ave & North Ave,public_rack,2022-08-29 20:04:35,41.91,-87.73,divvy_6a91b5d5dea3f4e2,Public Rack - Tripp Ave & North Ave,2022-08-29 20:04:35,41.90995395,-87.73271446,True,public_rack,90,reassigned_or_rekeyed
divvy_670a19e4f4250f74,Newcastle Ave & Wellington Ave,station,2022-05-14 11:53:14,41.93,-87.8,divvy_09953b64058a6fe2,Newcastle Ave & Wellington Ave,2022-05-14 11:53:14,,,,station,4,retained_unlocated
divvy_670c731c2be45f9e,Waveland/Racine Corral,station,2025-07-02 18:13:24.603000,41.9488214,-87.6592823,divvy_670c731c2be45f9e,Waveland/Racine Corral,2025-07-02 18:13:24.603000,41.9488214,-87.6592823,True,station,6045,same_key
divvy_675767e2eed89fb8,Public Rack - Leclaire Ave & Division St,public_rack,2022-07-07 20:25:52,41.9,-87.75,divvy_280b6380d2a6b906,Public Rack - Leclaire Ave & Division St,2022-07-07 20:25:52,41.90205,-87.75305,True,public_rack,42,reassigned_or_rekeyed
divvy_675800df65bab245,Public Rack - Garfield Park Conservatory,public_rack,2022-11-03 19:16:42,41.89,-87.72,divvy_d564f366bc07ff0f,Public Rack - Garfield Park Conservatory,2022-11-03 19:16:42,41.88658,-87.716646,True,public_rack,12,reassigned_or_rekeyed
divvy_6799c0c5b5b5f422,Walsh Park,station,2018-09-17 14:54:19,41.91461,-87.667968,divvy_6799c0c5b5b5f422,Walsh Park,2018-09-17 14:54:19,41.91461,-87.667968,True,station,93962,same_key
divvy_679eb8a6aa309e66,Public Rack - Kedzie Ave & 60th St,public_rack,2023-06-18 17:15:55,41.785235,-87.703131,divvy_679eb8a6aa309e66,Public Rack - Kedzie Ave & 60th St,2022-08-30 08:59:55,41.785235,-87.703131,True,public_rack,116,same_key
divvy_67b5e58e7392667e,Public Rack - Sacramento Ave & Greenleaf Ave,public_rack,2024-06-29 08:33:51.873000,42.009458,-87.704666,divvy_67b5e58e7392667e,Public Rack - Sacramento Ave & Greenleaf Ave,2022-06-17 15:38:08,42.009458,-87.704666,True,public_rack,11,same_key
divvy_67e3b3c4c1269ee2,Public Rack - Ada St & 119th St,public_rack,2023-05-29 17:08:22,41.677326,-87.654473,divvy_67e3b3c4c1269ee2,Public Rack - Ada St & 119th St,2023-05-04 19:00:32,41.677326,-87.654473,True,public_rack,18,same_key
divvy_67e5239650311ec3,Public Rack - Whipple St & 26th St,public_rack,2024-09-05 15:46:26.378000,41.843636,-87.701931,divvy_67e5239650311ec3,Public Rack - Whipple St & 26th St,2022-06-18 12:27:18,41.843636,-87.701931,True,public_rack,10,same_key
divvy_67e91c04d240e7a3,Clark St & Lincoln Ave,station,2013-06-30 20:35:00,41.915689,-87.6346,divvy_67e91c04d240e7a3,Clark St & Lincoln Ave,2013-06-30 20:35:00,41.915689,-87.6346,True,station,587221,same_key
divvy_67f976dc7995c066,Wood St & North Ave,station,2013-06-27 22:39:00,41.910329,-87.672516,divvy_67f976dc7995c066,Wood St & North Ave,2013-06-27 22:39:00,41.910329,-87.672516,True,station,20039,same_key
divvy_681aeb46544a158c,Calumet Ave & 18th St,station,2013-09-08 09:15:00,41.85761755293753,-87.61941075325012,divvy_681aeb46544a158c,Calumet Ave & 18th St,2013-09-08 09:15:00,41.85761755293753,-87.61941075325012,True,station,219326,same_key
divvy_682ac8e3fe617387,Rainbow Beach,station,2015-04-26 20:07:00,41.75787096522547,-87.54917675279042,divvy_682ac8e3fe617387,Rainbow Beach,2015-04-26 20:07:00,41.75787096522547,-87.54917675279042,True,station,4963,same_key
divvy_68319a1a0f525e99,Seeley Ave & Garfield Blvd,station,2017-02-20 02:33:12,41.794087,-87.675478,divvy_68319a1a0f525e99,Seeley Ave & Garfield Blvd,2017-02-20 02:33:12,41.794087,-87.675478,True,station,1348,same_key
divvy_685c69f9938d7880,Kedzie Ave & Milwaukee Ave,station,2013-09-17 14:59:00,41.9297142,-87.7079884,divvy_685c69f9938d7880,Kedzie Ave & Milwaukee Ave,2013-09-17 14:59:00,41.9297142,-87.7079884,True,station,268582,same_key
divvy_687ac659e50fa18d,Cicero Ave & North Ave,station,2022-05-09 12:47:36,41.91,-87.75,divvy_27553b7bd50fd4d3,Cicero Ave & North Ave,2022-05-09 12:47:36,,,,station,22,retained_unlocated
divvy_688581c611166227,Western Ave & 106th St - East,station,2022-05-13 13:56:00,41.7,-87.68,divvy_328c7b84d5e3b6d4,Western Ave & 106th St - East,2022-05-13 13:56:00,,,,station,31,retained_unlocated
divvy_68c28eac508706b3,Public Rack - Rockwell Ave & 71st St,public_rack,2023-05-01 21:33:48,41.76,-87.69,divvy_9fddf4e96559ca1b,Public Rack - Rockwell Ave & 71st St,2023-05-01 21:33:48,41.764753,-87.688641,True,public_rack,4,reassigned_or_rekeyed
divvy_68cd43ba5921b4f6,Public Rack - 532 E 43rd St,public_rack,2022-09-07 13:53:31,41.82,-87.61,divvy_072eb2379eef08f5,Public Rack - 532 E 43rd St,2022-09-07 13:53:31,41.816847,-87.613294,True,public_rack,24,reassigned_or_rekeyed
divvy_68d215924feebfc6,California Ave & 36th St,station,2023-06-01 12:45:23,41.828098,-87.694684,divvy_68d215924feebfc6,California Ave & 36th St,2021-09-29 12:57:28,41.828098,-87.694684,True,station,721,same_key
divvy_69082fc3f719ec87,Wallace St & 35th St,station,2021-11-01 07:31:35,41.83465359407158,-87.64123052358627,divvy_69082fc3f719ec87,Wallace St & 35th St,2021-11-01 07:31:35,41.83465359407158,-87.64123052358627,True,station,317,same_key
divvy_692c1e7aa54f6d7c,Public Rack - Newland Ave & Diversey Ave,public_rack,2023-01-16 09:21:16,41.93098,-87.79944,divvy_692c1e7aa54f6d7c,Public Rack - Newland Ave & Diversey Ave,2023-01-16 09:21:16,41.93098,-87.79944,True,public_rack,45,same_key
divvy_692fe2402db34cf5,Kilbourn Ave & Milwaukee Ave,station,2016-09-23 17:58:02,41.9489235,-87.7400354,divvy_692fe2402db34cf5,Kilbourn Ave & Milwaukee Ave,2016-09-23 17:58:02,41.9489235,-87.7400354,True,station,6734,same_key
divvy_6956d1e34b74e1cd,Washtenaw Ave & 15th St,station,2015-05-28 18:57:00,41.86148,-87.693374,divvy_6956d1e34b74e1cd,Washtenaw Ave & 15th St,2015-05-28 18:57:00,41.86148,-87.693374,True,station,2890,same_key
divvy_695b155b6893d86e,N Clark St & W Elm St,station,2023-06-01 06:34:17,41.902901,-87.631282,divvy_695b155b6893d86e,N Clark St & W Elm St,2020-09-21 15:21:28,41.902901,-87.631282,True,station,2396,same_key
divvy_696414e526fc9727,MLK Jr Dr & 63rd St,station,2015-04-23 12:40:00,41.78008063659,-87.6159428567,divvy_696414e526fc9727,MLK Jr Dr & 63rd St,2015-04-23 12:40:00,41.78008063659,-87.6159428567,True,station,5414,same_key
divvy_69757fd5f1942c3e,Public Rack - Lowe Ave & 94th St,public_rack,2023-08-17 16:47:19,41.724234,-87.639453,divvy_69757fd5f1942c3e,Public Rack - Lowe Ave & 94th St,2023-08-17 16:47:19,41.724234,-87.639453,True,public_rack,13,same_key
divvy_69789087291a869c,Princeton Ave & 43rd St,station,2022-05-09 10:23:58,41.82,-87.63,divvy_9a722008953e6cf7,Princeton Ave & 43rd St,2022-05-09 10:23:58,,,,station,6,retained_unlocated
divvy_69886b46318ced35,Morgan St & 103rd St,station,2022-05-20 18:53:18,41.71,-87.65,divvy_d2f41f063b4038c8,Morgan St & 103rd St,2022-05-20 18:53:18,,,,station,6,retained_unlocated
divvy_69a6049fb0c4e745,Ravenswood Ave & Sunnyside Ave,station,2026-08-26 11:42:55.212000,41.96328,-87.67425,divvy_69a6049fb0c4e745,Ravenswood Ave & Sunnyside Ave,2026-08-26 11:42:55.212000,41.96328,-87.67425,True,station,97,same_key
divvy_69a8f1d8d7bc793b,Public Rack - Kolin Ave & Archer Ave,public_rack,2023-05-27 12:58:17,41.800514,-87.731802,divvy_69a8f1d8d7bc793b,Public Rack - Kolin Ave & Archer Ave,2022-09-29 14:18:45,41.800514,-87.731802,True,public_rack,45,same_key
divvy_69a90586172f1c8f,Ravenswood Ave & Grace St,station,2026-07-06 14:03:08.599000,41.95051,-87.67407,divvy_69a90586172f1c8f,Ravenswood Ave & Grace St,2026-07-06 14:03:08.599000,41.95051,-87.67407,True,station,2001,same_key
divvy_69af04ad01017e38,Sacramento Blvd & Polk St,station,2021-11-02 16:04:40,41.87,-87.7,divvy_770e0a55e1a01fea,Sacramento Blvd & Polk St,2021-11-02 16:04:40,41.870959,-87.700259,True,station,476,reassigned_or_rekeyed
divvy_69b07549db73b3e5,Prairie Ave & Garfield Blvd,station,2013-08-15 13:16:00,41.794853,-87.618691,divvy_69b07549db73b3e5,Prairie Ave & Garfield Blvd,2013-08-15 13:16:00,41.794853,-87.618691,True,station,33623,same_key
divvy_69b57b2842e42977,Tripp Ave & 65th St,station,2021-10-06 17:16:59,41.77,-87.73,divvy_fe89995dd386667e,Tripp Ave & 65th St,2021-10-06 17:16:59,41.77491,-87.72883,True,station,462,reassigned_or_rekeyed
divvy_69df3047b39211d5,Springfield Ave & North Ave,station,2023-10-14 17:28:46,41.910158,-87.723831,divvy_69df3047b39211d5,Springfield Ave & North Ave,2023-10-14 17:28:46,41.910158,-87.723831,True,station,2729,same_key
divvy_69e3c28ded100bd7,Public Rack - Throop St & 48t ST,public_rack,2023-05-21 18:59:19,41.806999,-87.657942,divvy_69e3c28ded100bd7,Public Rack - Throop St & 48t ST,2023-05-21 18:59:19,41.806999,-87.657942,True,public_rack,9,same_key
divvy_69f962e3df14cbfe,Bennett Ave & 79th St,station,2017-02-01 09:57:50,41.751785,-87.578496,divvy_69f962e3df14cbfe,Bennett Ave & 79th St,2017-02-01 09:57:50,41.751785,-87.578496,True,station,1237,same_key
divvy_6a01020191b460a7,Damen Ave & 47th St,station,2022-05-09 13:49:36,41.81,-87.68,divvy_15d34a6094367464,Damen Ave & 47th St,2022-05-09 13:49:36,,,,station,33,retained_unlocated
divvy_6a082c025ea77492,Oketo Ave & Addison St,station,2023-06-05 14:00:55,41.94496,-87.81189,divvy_6a082c025ea77492,Oketo Ave & Addison St,2021-08-25 14:29:06,41.94496,-87.81189,True,station,401,same_key
divvy_6a1e081702861da2,Public Rack - Austin Ave & Wrightwood Ave,public_rack,2022-06-19 18:00:38,41.93,-87.78,divvy_78659ae63deb7737,Public Rack - Austin Ave & Wrightwood Ave,2022-06-19 18:00:38,41.927666,-87.775682,True,public_rack,240,reassigned_or_rekeyed
divvy_6a57ce6e71a1d394,Karlov Ave & Armitage Ave,station,2023-10-17 23:15:06,41.91748,-87.728952,divvy_6a57ce6e71a1d394,Karlov Ave & Armitage Ave,2023-10-17 23:15:06,41.91748,-87.728952,True,station,4812,same_key
divvy_6a5bd3161712f341,Hampden Ct & Diversey Ave,station,2021-04-03 13:51:24,41.93,-87.64,divvy_3efc6f68e196fcfb,Hampden Ct & Diversey Ave,2021-04-03 13:51:24,41.9325593,-87.6423847,True,station,10190,reassigned_or_rekeyed
divvy_6a622919c1fe0346,Public Rack - Northwest Hwy & Neva Ave,public_rack,2023-05-10 10:48:24,42.0,-87.81,divvy_410fac76a6bc984a,Public Rack - Northwest Hwy & Neva Ave,2023-05-10 10:48:24,41.9958546,-87.8050971,True,public_rack,6,reassigned_or_rekeyed
divvy_6a677816b1fb2556,California Ave & Roosevelt Rd,station,2015-04-29 13:08:00,41.86662911,-87.69559599,divvy_6a677816b1fb2556,California Ave & Roosevelt Rd,2015-04-29 13:08:00,41.86662911,-87.69559599,True,station,203,same_key
divvy_6a83a07d4f45a8e2,Public Rack - Cottage Grove & 84th St,public_rack,2023-06-28 22:48:37,41.741957,-87.604839,divvy_6a83a07d4f45a8e2,Public Rack - Cottage Grove & 84th St,2023-01-12 14:12:30,41.741957,-87.604839,True,public_rack,31,same_key
divvy_6a91b5d5dea3f4e2,Public Rack - Tripp Ave & North Ave,public_rack,2023-06-08 04:24:38,41.90995395,-87.73271446,divvy_6a91b5d5dea3f4e2,Public Rack - Tripp Ave & North Ave,2022-08-29 20:04:35,41.90995395,-87.73271446,True,public_rack,170,same_key
divvy_6aa672e7e652c3ed,Wells St & Polk St,station,2013-08-03 16:52:00,41.872731542263075,-87.63351649045944,divvy_6aa672e7e652c3ed,Wells St & Polk St,2013-08-03 16:52:00,41.872731542263075,-87.63351649045944,True,station,245897,same_key
divvy_6ab6f557aea76cc8,Public Rack - Austin Ave & Roscoe St,public_rack,2022-06-15 21:41:26,41.94,-87.78,divvy_51e95ef8b3d64750,Public Rack - Austin Ave & Roscoe St,2022-06-15 21:41:26,41.942196,-87.776472,True,public_rack,208,reassigned_or_rekeyed
divvy_6ae37bfd6310ab7e,Public Rack - Western Ave & 107th St,public_rack,2022-08-15 16:48:33,41.7,-87.68,divvy_ef9fdad59ad051e0,Public Rack - Western Ave & 107th St,2022-08-15 16:48:33,41.698728,-87.681558,True,public_rack,11,reassigned_or_rekeyed
divvy_6ae737f304dbead8,Public Rack - Oak Park & Higgins,public_rack,2023-05-12 15:04:19,41.98,-87.8,divvy_6389110d2f6dffe8,Public Rack - Oak Park & Higgins,2023-05-12 15:04:19,41.978888,-87.796235,True,public_rack,2,reassigned_or_rekeyed
divvy_6af4826365da8be0,Broadway & Berwyn Ave,station,2013-09-18 17:26:00,41.978361,-87.659789,divvy_6af4826365da8be0,Broadway & Berwyn Ave,2013-09-18 17:26:00,41.978361,-87.659789,True,station,173708,same_key
divvy_6af8a30604b0b240,Morgan St & 18th St,station,2013-06-28 15:04:00,41.858086,-87.651073,divvy_6af8a30604b0b240,Morgan St & 18th St,2013-06-28 15:04:00,41.858086,-87.651073,True,station,116670,same_key
divvy_6b07ddb28e19be81,State St & 127th St,station,2025-02-22 12:27:00.736000,41.66388,-87.622,divvy_6b07ddb28e19be81,State St & 127th St,2025-02-22 12:27:00.736000,41.66388,-87.622,True,station,68,same_key
divvy_6b0d2e7b0d2ef164,Abbott Park,station,2022-06-03 08:56:05,41.72,-87.62,divvy_d3c84926411a077a,Abbott Park,2022-06-03 08:56:05,,,,station,34,retained_unlocated
divvy_6b471382d0b4aba7,Public Rack - Racine Ave & 76th,public_rack,2022-09-08 17:58:46,41.76,-87.65,divvy_2d59473e75428888,Public Rack - Racine Ave & 76th,2022-09-08 17:58:46,41.755786,-87.654054,True,public_rack,10,reassigned_or_rekeyed
divvy_6b5729a3f2623f50,Fairfield Ave & 44th St,station,2021-10-18 16:58:16,41.81,-87.69,divvy_4a4cfbd87fccd2bd,Fairfield Ave & 44th St,2021-10-18 16:58:16,41.813617,-87.6932272,True,station,479,reassigned_or_rekeyed
divvy_6b67b6d819cf9a6c,Public Rack - Kostner Ave & Wrightwood Ave,public_rack,2022-08-09 17:29:02,41.93,-87.74,divvy_2d64790471e5b45c,Public Rack - Kostner Ave & Wrightwood Ave,2022-08-09 17:29:02,41.92786,-87.735756,True,public_rack,22,reassigned_or_rekeyed
divvy_6ba6250897dd1205,Public Rack - Komensky Ave & 63rd St,public_rack,2022-09-04 22:03:58,41.78,-87.72,divvy_c31850a9f5b277a1,Public Rack - Komensky Ave & 63rd St,2022-09-04 22:03:58,41.77882,-87.723599,True,public_rack,24,reassigned_or_rekeyed
divvy_6bd182482971cebf,Latrobe Ave & Chicago Ave,station,2026-04-02 18:52:26.202000,41.89517,-87.75446,divvy_6bd182482971cebf,Latrobe Ave & Chicago Ave,2026-04-02 18:52:26.202000,41.89517,-87.75446,True,station,69,same_key
divvy_6be118920c58483d,Calumet Ave & 51st St,station,2022-05-09 15:42:06,41.8,-87.62,divvy_168f48545d06621a,Calumet Ave & 51st St,2015-04-21 10:02:00,41.80229465088,-87.6180535802,True,station,89,reassigned_or_rekeyed
divvy_6befd50aded51666,Lorel Ave & Chicago Ave,station,2022-05-21 15:04:12,41.9,-87.76,divvy_ed4294eb5cb72881,Lorel Ave & Chicago Ave,2022-05-21 15:04:12,,,,station,3,retained_unlocated
divvy_6bf458d3ca4f3ee1,Mayfield & Roosevelt Rd,station,2023-06-02 10:50:40,41.8658158,-87.7717805,divvy_6bf458d3ca4f3ee1,Mayfield & Roosevelt Rd,2022-02-24 15:49:27,41.8658158,-87.7717805,True,station,90,same_key
divvy_6c24e1d36f4e8bf9,Michigan Ave & Jackson Blvd,station,2013-09-14 11:19:00,41.878556,-87.624146,divvy_6c24e1d36f4e8bf9,Michigan Ave & Jackson Blvd,2013-09-14 11:19:00,41.878556,-87.624146,True,station,367924,same_key
divvy_6c45a261fb07a23e,Riley O'Neil Memorial Station at City Hall,station,2013-07-15 14:47:00,41.8832351,-87.6321117,divvy_6c45a261fb07a23e,Riley O'Neil Memorial Station at City Hall,2013-07-15 14:47:00,41.8832351,-87.6321117,True,station,274121,same_key
divvy_6c4d1a12983e98d2,Marine Dr & Ainslie St,station,2015-07-17 13:21:00,41.9716,-87.650154,divvy_6c4d1a12983e98d2,Marine Dr & Ainslie St,2015-07-17 13:21:00,41.9716,-87.650154,True,station,147376,same_key
divvy_6c6727cb36ffd825,Public Rack - Cicero Ave & Altgeld St,public_rack,2022-06-17 14:52:13,41.93,-87.75,divvy_ce21dc74219b9a22,Public Rack - Cicero Ave & Altgeld St,2022-06-17 14:52:13,41.92576316666667,-87.746471167,True,public_rack,105,reassigned_or_rekeyed
divvy_6c7937f3ebd6c376,Public Rack - Kostner & 83rd,public_rack,2023-06-03 19:01:42,41.742067,-87.731554,divvy_6c7937f3ebd6c376,Public Rack - Kostner & 83rd,2023-05-21 14:48:43,41.742067,-87.731554,True,public_rack,30,same_key
divvy_6c7dc993a3a132d8,Public Rack - Avenue O & 118th St,public_rack,2024-09-04 08:48:20.514000,41.681136,-87.54029,divvy_6c7dc993a3a132d8,Public Rack - Avenue O & 118th St,2024-09-04 08:48:20.514000,41.681136,-87.54029,True,public_rack,4,same_key
divvy_6cbc139d777f0c58,Public Rack - Lavergne Ave & Belle Plaine Ave,public_rack,2023-07-25 19:08:20,41.9553079,-87.7517878,divvy_6cbc139d777f0c58,Public Rack - Lavergne Ave & Belle Plaine Ave,2023-05-09 15:22:17,41.9553079,-87.7517878,True,public_rack,266,same_key
divvy_6cc9f16417d36aae,Daley Center Plaza,station,2013-06-27 18:32:00,41.884241,-87.629634,divvy_6cc9f16417d36aae,Daley Center Plaza,2013-06-27 18:32:00,41.884241,-87.629634,True,station,578537,same_key
divvy_6d1d783d0b1455ad,Public Rack - Baltimore Ave & 133rd St,public_rack,2023-06-07 14:14:03,41.653444,-87.547004,divvy_6d1d783d0b1455ad,Public Rack - Baltimore Ave & 133rd St,2023-01-14 13:13:25,41.653444,-87.547004,True,public_rack,42,same_key
divvy_6d2ce2c0faaff749,Halsted St & 51st St,station,2015-04-15 19:47:00,41.80183164049,-87.645213904,divvy_6d2ce2c0faaff749,Halsted St & 51st St,2015-04-15 19:47:00,41.80183164049,-87.645213904,True,station,3225,same_key
divvy_6d387cd1a0d3c276,South Chicago Ave & 83rd St,station,2016-07-29 09:33:59,41.743921,-87.575225,divvy_6d387cd1a0d3c276,South Chicago Ave & 83rd St,2016-07-29 09:33:59,41.743921,-87.575225,True,station,1095,same_key
divvy_6d7b8fbf69aa7d55,Public Rack - King Dr & 83rd St,public_rack,2023-06-07 00:26:37,41.743616,-87.61457,divvy_6d7b8fbf69aa7d55,Public Rack - King Dr & 83rd St,2022-10-02 18:55:37,41.743616,-87.61457,True,public_rack,12,same_key
divvy_6d8c4b750932c37c,May St & 69th St,station,2016-08-18 12:00:18,41.768938,-87.652934,divvy_6d8c4b750932c37c,May St & 69th St,2016-08-18 12:00:18,41.768938,-87.652934,True,station,2769,same_key
divvy_6dab28ee3c8a97a4,Wabash Ave & Adams St,station,2015-04-18 18:47:00,41.87947235235,-87.6256886059,divvy_6dab28ee3c8a97a4,Wabash Ave & Adams St,2015-04-18 18:47:00,41.87947235235,-87.6256886059,True,station,243301,same_key
divvy_6dbe94dac13a291d,Public Rack - Central Park Ave & Fulton Blvd,public_rack,2022-09-12 08:31:41,41.89,-87.72,divvy_dfa768824a1f3b84,Public Rack - Central Park Ave & Fulton Blvd,2022-09-12 08:31:41,41.8861512,-87.7155114,True,public_rack,7,reassigned_or_rekeyed
divvy_6dd427a21527d845,Big Marsh Park,station,2020-09-25 17:47:17,41.68587705562333,-87.57382392883301,divvy_6dd427a21527d845,Big Marsh Park,2020-09-25 17:47:17,41.68587705562333,-87.57382392883301,True,station,3445,same_key
divvy_6e05afc4b25f7f99,Public Rack - Keystone Ave & Irving Park Rd,public_rack,2022-06-15 22:33:58,41.95,-87.73,divvy_da8a6724c82a8853,Public Rack - Keystone Ave & Irving Park Rd,2022-06-15 22:33:58,41.953449,-87.729635,True,public_rack,260,reassigned_or_rekeyed
divvy_6e07f29bdc55ebe5,Western Ave & 118th St,station,2022-05-28 23:11:08,41.68,-87.68,divvy_356a2155bc610e60,Western Ave & 118th St,2022-05-28 23:11:08,,,,station,34,retained_unlocated
divvy_6e08a472b0e1e587,N Carpenter St & W Lake St,station,2023-06-01 07:41:35,41.885586,-87.6531893,divvy_6e08a472b0e1e587,N Carpenter St & W Lake St,2020-12-28 18:12:28,41.885586,-87.6531893,True,station,14570,same_key
divvy_6e0d6f51c6f39e1a,Archer Park,station,2022-06-10 05:19:43,41.8,-87.74,divvy_c1a841692a65b635,Archer Park,2022-06-10 05:19:43,,,,station,22,retained_unlocated
divvy_6e1e05eedc644339,Clark St & Berwyn Ave,station,2015-05-14 12:26:00,41.978017,-87.668019,divvy_6e1e05eedc644339,Clark St & Berwyn Ave,2015-05-14 12:26:00,41.978017,-87.668019,True,station,217780,same_key
divvy_6e3faf88879963e7,Saginaw Ave & Exchange Ave,station,2015-05-03 12:48:00,41.75874584,-87.56011478,divvy_6e3faf88879963e7,Saginaw Ave & Exchange Ave,2015-05-03 12:48:00,41.75874584,-87.56011478,True,station,1622,same_key
divvy_6e48d857ce5feb65,Public Rack - Vincennes Ave & 95th St,public_rack,2022-09-02 17:26:32,41.721168,-87.650663,divvy_3ca4d2b957501e39,Public Rack - Vincennes Ave & 95th St,2022-09-02 17:26:32,41.721168,-87.650663,True,public_rack,51,reassigned_or_rekeyed
divvy_6e51ce567f69368f,Long Ave & Irving Park Rd,station,2026-03-17 18:33:48.575000,41.95301,-87.76214,divvy_6e51ce567f69368f,Long Ave & Irving Park Rd,2026-03-17 18:33:48.575000,41.95301,-87.76214,True,station,431,same_key
divvy_6f3dadb26cc79014,Public Rack - Milwaukee Ave & Higgins Ave,public_rack,2023-06-01 11:52:34,41.9685964,-87.7612092,divvy_6f3dadb26cc79014,Public Rack - Milwaukee Ave & Higgins Ave,2023-05-02 12:40:49,41.9685964,-87.7612092,True,public_rack,1191,same_key
divvy_6f44dd90a471abd4,James Madison School,station,2022-06-26 18:54:39,41.76,-87.59,divvy_dffa9d795243276a,James Madison School,2022-06-26 18:54:39,,,,station,1,retained_unlocated
divvy_6f56dbd33b5d6bdb,Homewood Ave & 115th St,station,2020-10-07 14:31:40,41.684595072026184,-87.67070800065994,divvy_6f56dbd33b5d6bdb,Homewood Ave & 115th St,2020-10-07 14:31:40,41.684595072026184,-87.67070800065994,True,station,1259,same_key
divvy_6f5a672da462365e,California Ave & Madison St,station,2024-06-15 03:15:40.361000,41.88098,-87.69598,divvy_6f5a672da462365e,California Ave & Madison St,2024-06-15 03:15:40.361000,41.88098,-87.69598,True,station,947,same_key
divvy_6f6eea1596a577e9,Public Rack - Rockwell Ave & Touhy Ave,public_rack,2022-06-14 14:29:32,42.01,-87.7,divvy_616c5ef7c614dac9,Public Rack - Rockwell Ave & Touhy Ave,2022-06-14 14:29:32,42.012344,-87.695383,True,public_rack,322,reassigned_or_rekeyed
divvy_6f78e771d2bdbee0,Public Rack - Lawndale Ave & Polk St,public_rack,2024-01-06 15:08:35,41.8707651,-87.7183735,divvy_6f78e771d2bdbee0,Public Rack - Lawndale Ave & Polk St,2022-06-29 16:55:26,41.8707651,-87.7183735,True,public_rack,39,same_key
divvy_6f902db210f067db,Public Rack - Throop St & 109th Pl,public_rack,2022-09-15 21:16:17,41.69,-87.65,divvy_c1f85a3557465896,Public Rack - Throop St & 109th Pl,2022-09-15 21:16:17,41.694944,-87.654377,True,public_rack,46,reassigned_or_rekeyed
divvy_6f9a3304c99b89e0,Public Rack - Sacramento Blvd & Washington Blvd,public_rack,2023-09-17 17:20:34,41.882994,-87.700036,divvy_6f9a3304c99b89e0,Public Rack - Sacramento Blvd & Washington Blvd,2023-09-17 17:20:34,41.882994,-87.700036,True,public_rack,47,same_key
divvy_6f9e062f79a64210,Public Rack - Nordica Ave & Higgins Ave,public_rack,2023-06-02 00:48:58,41.98012149,-87.80211339,divvy_6f9e062f79a64210,Public Rack - Nordica Ave & Higgins Ave,2023-05-05 12:19:29,41.98012149,-87.80211339,True,public_rack,40,same_key
divvy_6fb02b33a242e6f4,Menard Ave & Division St,station,2023-05-06 19:18:38,41.902269,-87.7704807,divvy_6fb02b33a242e6f4,Menard Ave & Division St,2021-09-03 10:45:53,41.902269,-87.7704807,True,station,89,same_key
divvy_6fb6f089b7889909,Public Rack - Natoma Ave & Bryn Mawr Ave,public_rack,2023-06-13 08:33:42,41.982886,-87.790461,divvy_6fb6f089b7889909,Public Rack - Natoma Ave & Bryn Mawr Ave,2023-05-05 16:36:01,41.982886,-87.790461,True,public_rack,477,same_key
divvy_6fbe263ab6e37ba6,Ping Tom Park East Public Rack,public_rack,2026-02-06 18:32:42.023000,41.8579886,-87.6319447,divvy_6fbe263ab6e37ba6,Ping Tom Park East Public Rack,2026-02-06 18:32:42.023000,41.8579886,-87.6319447,True,public_rack,491,same_key
divvy_6fd162be511e97e6,Public Rack - Brandon Ave & 91st St,public_rack,2023-06-01 18:58:10,41.730218,-87.546758,divvy_6fd162be511e97e6,Public Rack - Brandon Ave & 91st St,2022-09-10 23:07:04,41.730218,-87.546758,True,public_rack,107,same_key
divvy_6fdf8eed07f09f48,Public Rack - Spaulding Ave & Foster Ave,public_rack,2022-06-14 15:04:12,41.98,-87.71,divvy_e0d634b0dd9401fc,Public Rack - Spaulding Ave & Foster Ave,2022-06-14 15:04:12,41.975921,-87.710415,True,public_rack,133,reassigned_or_rekeyed
divvy_6ff27094f199718f,Pullman - Walmart,station,2022-05-18 22:25:22,41.7,-87.6,divvy_69272d8ef04ac47f,Pullman - Walmart,2022-05-18 22:25:22,,,,station,81,retained_unlocated
divvy_6ffc5b59b351679c,Public Rack - Union Ave & 111th St,public_rack,2022-07-22 10:22:00,41.69,-87.64,divvy_e5e385a11f5a5d06,Public Rack - Union Ave & 111th St,2022-07-22 10:22:00,41.692232,-87.640609,True,public_rack,6,reassigned_or_rekeyed
divvy_702523cb81d5de38,Harding Ave & 26th St,station,2021-08-05 16:47:05,41.84,-87.72,divvy_ed20da5cc925aedd,Harding Ave & 26th St,2021-08-05 16:47:05,41.844218,-87.723347,True,station,637,reassigned_or_rekeyed
divvy_70369584e0247ec6,Stony Island Ave & South Chicago Ave,station,2016-08-07 15:05:12,41.751173,-87.585337,divvy_70369584e0247ec6,Stony Island Ave & South Chicago Ave,2016-08-07 15:05:12,41.751173,-87.585337,True,station,1816,same_key
divvy_703e01076b580181,Wells St & Washington St,station,2025-07-07 13:13:59.277000,41.883,-87.63396,divvy_703e01076b580181,Wells St & Washington St,2025-07-07 13:13:59.277000,41.883,-87.63396,True,station,11078,same_key
divvy_706880b523a2e6b6,Morgan Ave & 14th Pl,station,2013-07-31 15:52:00,41.862378,-87.651062,divvy_706880b523a2e6b6,Morgan Ave & 14th Pl,2013-07-31 15:52:00,41.862378,-87.651062,True,station,113552,same_key
divvy_706a7ee0550f9b90,Halsted St & 41st St,station,2022-07-07 12:52:59,41.82,-87.65,divvy_866fe024a44c8000,Halsted St & 41st St,2022-07-07 12:52:59,,,,station,6,retained_unlocated
divvy_706fdce90f3ae9a3,Public Rack - Parkside & Elston,public_rack,2023-06-17 19:24:54,41.985467,-87.769583,divvy_706fdce90f3ae9a3,Public Rack - Parkside & Elston,2023-06-17 19:24:54,41.985467,-87.769583,True,public_rack,111,same_key
divvy_70a8be56f99c4d2f,Public Rack - Lowe Ave & 98th St,public_rack,2024-11-12 18:17:03.142000,41.715887,-87.639228,divvy_70a8be56f99c4d2f,Public Rack - Lowe Ave & 98th St,2022-09-09 13:44:57,41.715887,-87.639228,True,public_rack,8,same_key
divvy_70ad65fe13c34c96,DuSable Lake Shore Dr & Diversey Pkwy,station,2013-09-25 17:53:00,41.932588,-87.636427,divvy_70ad65fe13c34c96,DuSable Lake Shore Dr & Diversey Pkwy,2013-09-25 17:53:00,41.932588,-87.636427,True,station,410354,same_key
divvy_70b46c5800889825,Wentworth Ave & 111th St,station,2026-02-19 14:49:05.741000,41.69259,-87.62825,divvy_70b46c5800889825,Wentworth Ave & 111th St,2026-02-19 14:49:05.741000,41.69259,-87.62825,True,station,105,same_key
divvy_70c4f2172e9e4740,Lavergne Ave & 46th St,station,2021-10-22 17:08:02,41.81,-87.75,divvy_7fc8af5f81731470,Lavergne Ave & 46th St,2021-10-22 17:08:02,41.80934,-87.7478312,True,station,252,reassigned_or_rekeyed
divvy_70c978e359e579dd,Public Rack - Parkside & Archer,public_rack,2023-05-04 19:16:36,41.795696,-87.763475,divvy_70c978e359e579dd,Public Rack - Parkside & Archer,2023-05-04 19:16:36,41.795696,-87.763475,True,public_rack,256,same_key
divvy_70cda2ce11486aac,Public Rack - Cumberland & Catherine,public_rack,2023-05-03 20:06:08,41.977363,-87.836748,divvy_70cda2ce11486aac,Public Rack - Cumberland & Catherine,2023-05-03 20:06:08,41.977363,-87.836748,True,public_rack,756,same_key
divvy_70f1e242706b64bb,Calumet Park,station,2021-04-17 23:07:18,41.71370983035615,-87.53084421157837,divvy_70f1e242706b64bb,Calumet Park,2021-04-17 23:07:18,41.71370983035615,-87.53084421157837,True,station,2720,same_key
divvy_70f80c381c542515,Meade Ave & Diversey Ave,station,2021-07-27 20:22:00,41.93,-87.78,divvy_81132a8bcf282ca7,Meade Ave & Diversey Ave,2021-07-27 20:22:00,41.93086,-87.77845,True,station,949,reassigned_or_rekeyed
divvy_711798d0eeab5452,Kedzie Ave & 54th Pl,station,2024-06-27 05:16:58.919000,41.794357,-87.703467,divvy_711798d0eeab5452,Kedzie Ave & 54th Pl,2024-06-27 05:16:58.919000,41.794357,-87.703467,True,station,792,same_key
divvy_712af6312f753095,Wilton Ave & Diversey Pkwy,station,2013-06-29 13:41:00,41.932418,-87.652705,divvy_712af6312f753095,Wilton Ave & Diversey Pkwy,2013-06-29 13:41:00,41.932418,-87.652705,True,station,390984,same_key
divvy_713191a609e6c4fa,Public Rack - Sangamon St & 79th St,public_rack,2022-10-07 15:45:22,41.75,-87.65,divvy_adaf919d205e43ce,Public Rack - Sangamon St & 79th St,2022-10-07 15:45:22,41.750395,-87.647464,True,public_rack,1,reassigned_or_rekeyed
divvy_714dc2f553942143,Public Rack - Vincennes Ave & 99th St,public_rack,2023-02-08 08:12:45,41.71,-87.65,divvy_113a50404831fe03,Public Rack - Vincennes Ave & 99th St,2023-02-08 08:12:45,41.712937,-87.653984,True,public_rack,2,reassigned_or_rekeyed
divvy_71598850cff1799e,Public Rack - Pulaski Rd & Stevens Ave,public_rack,2023-06-09 21:04:49,41.9910862,-87.729231,divvy_71598850cff1799e,Public Rack - Pulaski Rd & Stevens Ave,2023-06-09 21:04:49,41.9910862,-87.729231,True,public_rack,65,same_key
divvy_718adb4cac543ad8,Public Rack - Karlov Ave & Kamerling Ave,public_rack,2023-06-03 15:19:41,41.905621,-87.728636,divvy_718adb4cac543ad8,Public Rack - Karlov Ave & Kamerling Ave,2022-06-14 20:41:43,41.905621,-87.728636,True,public_rack,656,same_key
divvy_71a866c0525c5ece,Wabash Ave & Roosevelt Rd,station,2013-06-27 20:05:00,41.867227,-87.625961,divvy_71a866c0525c5ece,Wabash Ave & Roosevelt Rd,2013-06-27 20:05:00,41.867227,-87.625961,True,station,545162,same_key
divvy_71c10aa4f0d122cc,Public Rack - Pulaski Rd & Polk St,public_rack,2024-09-12 15:26:52.929000,41.8703637,-87.7252556,divvy_71c10aa4f0d122cc,Public Rack - Pulaski Rd & Polk St,2022-08-04 22:16:01,41.8703637,-87.7252556,True,public_rack,11,same_key
divvy_71c3ec6852a6e1f9,Public Rack - Sawyer Ave & Bryn Mawr Ave - SE,public_rack,2023-06-23 12:45:00,41.9830174,-87.7096999,divvy_71c3ec6852a6e1f9,Public Rack - Sawyer Ave & Bryn Mawr Ave - SE,2022-06-28 14:27:55,41.9830174,-87.7096999,True,public_rack,295,same_key
divvy_71cdfaa0f777da58,Laramie Ave & Belmont Ave,station,2022-05-09 14:35:16,41.94,-87.76,divvy_7c8a1c4fce99a14a,Laramie Ave & Belmont Ave,2022-05-09 14:35:16,,,,station,51,retained_unlocated
divvy_71daf72cc15c5bf7,Orleans St & Chestnut St (NEXT Apts),station,2016-09-09 17:18:44,41.898203,-87.637536,divvy_71daf72cc15c5bf7,Orleans St & Chestnut St (NEXT Apts),2016-09-09 17:18:44,41.898203,-87.637536,True,station,157217,same_key
divvy_720ecab434154d5c,Bensley Ave & 103rd St,station,2022-06-05 02:05:25,41.71,-87.56,divvy_91010250039448d1,Bensley Ave & 103rd St,2022-06-05 02:05:25,,,,station,3,retained_unlocated
divvy_72190baffb8d579e,Kedzie Ave & Archer Ave,station,2022-05-11 12:25:25,41.81,-87.7,divvy_3a951f932a041826,Kedzie Ave & Archer Ave,2022-05-11 12:25:25,41.81447,-87.70411,True,station,46,reassigned_or_rekeyed
divvy_7228080e01ceecc6,Forrestville Ave & 47th St,station,2022-05-09 17:19:47,41.81,-87.61,divvy_2de1bdebd795b086,Forrestville Ave & 47th St,2022-05-09 17:19:47,,,,station,22,retained_unlocated
divvy_7230f02934df6b2a,Public Rack - Laramie Ave & Warwick Ave,public_rack,2023-06-01 17:55:56,41.948812,-87.75713,divvy_7230f02934df6b2a,Public Rack - Laramie Ave & Warwick Ave,2022-06-16 09:51:43,41.948812,-87.75713,True,public_rack,86,same_key
divvy_723535c606bf5a82,11th St Ped Bridge,station,2026-05-11 15:45:41.427000,41.86935,-87.62178,divvy_723535c606bf5a82,11th St Ped Bridge,2026-05-11 15:45:41.427000,41.86935,-87.62178,True,station,1,same_key
divvy_7247aa479977cb8c,Public Rack - 4810 Keeler Ave,public_rack,2023-06-01 07:18:01,41.9685781,-87.7330358,divvy_7247aa479977cb8c,Public Rack - 4810 Keeler Ave,2023-05-11 20:07:21,41.9685781,-87.7330358,True,public_rack,188,same_key
divvy_727369ab58900c70,Rockwell St & Cermak Rd,station,2021-11-03 22:25:33,41.85,-87.69,divvy_7b5487b53f8cd7b4,Rockwell St & Cermak Rd,2021-11-03 22:25:33,41.851644,-87.690621,True,station,2253,reassigned_or_rekeyed
divvy_727b7e17d2d5f60e,Central Ave & Wellington Ave,station,2024-01-01 03:58:14,41.9349097,-87.7667718,divvy_727b7e17d2d5f60e,Central Ave & Wellington Ave,2024-01-01 03:58:14,41.9349097,-87.7667718,True,station,693,same_key
divvy_729af70351723af2,Lakefront Trail & Wilson Ave,station,2024-09-01 01:33:56.802000,41.9668559,-87.6430926,divvy_729af70351723af2,Lakefront Trail & Wilson Ave,2024-09-01 01:33:56.802000,41.9668559,-87.6430926,True,station,24324,same_key
divvy_72a05161ac89dc2a,Wabash Ave & Wacker Pl,station,2014-07-01 00:26:00,41.886875,-87.62603,divvy_72a05161ac89dc2a,Wabash Ave & Wacker Pl,2014-07-01 00:26:00,41.886875,-87.62603,True,station,298976,same_key
divvy_72a064ac9ffc57bb,Chicago State University,station,2021-03-23 11:56:17,41.71896342165455,-87.60829567909241,divvy_72a064ac9ffc57bb,Chicago State University,2021-03-23 11:56:17,41.71896342165455,-87.60829567909241,True,station,4444,same_key
divvy_72a1c0a69f0eb950,Cottage Grove Ave & 75th St,station,2022-05-23 12:07:19,41.76,-87.61,divvy_2d258e028ab870a5,Cottage Grove Ave & 75th St,2022-05-23 12:07:19,,,,station,16,retained_unlocated
divvy_72aa5c9d3d955130,Wentworth Ave & Cermak Rd*,station,2023-04-12 14:21:50,41.853214418519656,-87.63187229633331,divvy_72aa5c9d3d955130,Wentworth Ave & Cermak Rd*,2023-04-12 14:21:50,41.853214418519656,-87.63187229633331,True,station,42188,same_key
divvy_72b0ffdd60b14e75,Shabbona Park,station,2021-10-22 16:05:55,41.94,-87.8,divvy_9ff1ae54d02fae30,Shabbona Park,2021-10-22 16:05:55,41.9448,-87.79932,True,station,358,reassigned_or_rekeyed
divvy_72bd22227b2ffcb5,Navy Pier Public Rack - East,public_rack,2026-07-23 17:23:23.715000,41.89093,-87.6096738,divvy_72bd22227b2ffcb5,Navy Pier Public Rack - East,2026-07-23 17:23:23.715000,41.89093,-87.6096738,True,public_rack,3646,same_key
divvy_72cc2fd8d6cd3954,Keystone Ave & Fullerton Ave,station,2016-07-12 17:13:06,41.92459,-87.72785,divvy_72cc2fd8d6cd3954,Keystone Ave & Fullerton Ave,2016-07-12 17:13:06,41.92459,-87.72785,True,station,21798,same_key
divvy_72d02f529c5e3808,Public Rack - Austin Ave & Archer Ave,public_rack,2023-06-03 22:41:39,41.794209,-87.7716154,divvy_72d02f529c5e3808,Public Rack - Austin Ave & Archer Ave,2023-05-11 14:03:44,41.794209,-87.7716154,True,public_rack,38,same_key
divvy_72d84a4c132ec2bd,Wabash Ave & 87th St,station,2016-08-09 01:27:14,41.73655301831962,-87.62264415621758,divvy_72d84a4c132ec2bd,Wabash Ave & 87th St,2016-08-09 01:27:14,41.73655301831962,-87.62264415621758,True,station,3866,same_key
divvy_72e9a9b32dabba07,Public Rack - Hermitage & 83rd St,public_rack,2023-03-17 02:59:34,41.74,-87.67,divvy_204ed8ad11bcebd4,Public Rack - Hermitage & 83rd St,2023-03-17 02:59:34,41.743027,-87.666272,True,public_rack,13,reassigned_or_rekeyed
divvy_730a42c6ee7720f6,Public Rack - Harold Washington Park,public_rack,2023-06-01 08:13:59,41.801089,-87.584791,divvy_730a42c6ee7720f6,Public Rack - Harold Washington Park,2022-09-06 13:20:23,41.801089,-87.584791,True,public_rack,1187,same_key
divvy_734ecfd0ac680c7c,Public Rack - Central Park Ave & 16th St,public_rack,2022-07-12 12:54:07,41.86,-87.72,divvy_1e1a9638ab55f5e4,Public Rack - Central Park Ave & 16th St,2022-07-12 12:54:07,41.858938,-87.7157269,True,public_rack,20,reassigned_or_rekeyed
divvy_735559693f918bf9,Central & Elston,station,2025-03-17 18:46:16.550000,41.9855,-87.7682,divvy_735559693f918bf9,Central & Elston,2025-03-17 18:46:16.550000,41.9855,-87.7682,True,station,542,same_key
divvy_73735aa6ef143639,Portage Park,station,2024-10-25 20:13:29.168000,41.95607,-87.76472,divvy_73735aa6ef143639,Portage Park,2024-10-25 20:13:29.168000,41.95607,-87.76472,True,station,1447,same_key
divvy_7375b03a8cd93eb6,Kedzie Ave & 104th St,station,2023-05-09 17:29:36,41.7037764,-87.7013952,divvy_7375b03a8cd93eb6,Kedzie Ave & 104th St,2021-04-11 13:09:10,41.7037764,-87.7013952,True,station,310,same_key
divvy_7386dbd5dd27b6eb,Drake Ave & Fullerton Ave,station,2015-05-01 12:03:00,41.924398819,-87.7154410355,divvy_7386dbd5dd27b6eb,Drake Ave & Fullerton Ave,2015-05-01 12:03:00,41.924398819,-87.7154410355,True,station,27530,same_key
divvy_73c994d9e2d30d94,Keeler Ave & 55th St,station,2022-06-20 17:25:43,41.79,-87.73,divvy_fc150f587f58fcd8,Keeler Ave & 55th St,2022-06-20 17:25:43,,,,station,6,retained_unlocated
divvy_73e6b8c2703a7f83,Public Rack - St Louis Ave & Berteau Ave,public_rack,2023-06-24 00:13:13,41.958373,-87.715685,divvy_73e6b8c2703a7f83,Public Rack - St Louis Ave & Berteau Ave,2022-06-14 13:11:13,41.958373,-87.715685,True,public_rack,353,same_key
divvy_73ebab011a709849,Public Rack - Kedvale Ave & 26th St,public_rack,2022-08-31 10:49:04,41.84,-87.73,divvy_4e1b49fc797e3471,Public Rack - Kedvale Ave & 26th St,2022-08-31 10:49:04,41.844265,-87.728103,True,public_rack,10,reassigned_or_rekeyed
divvy_73f62aa9d21b8d47,Public Rack - Kostner Ave & North Ave,public_rack,2023-06-19 16:13:41,41.908816,-87.736463,divvy_73f62aa9d21b8d47,Public Rack - Kostner Ave & North Ave,2022-06-14 14:12:56,41.908816,-87.736463,True,public_rack,116,same_key
divvy_73f9c66106552846,Honore St & 71st St,station,2026-07-20 10:01:06.298000,41.76498,-87.66983,divvy_73f9c66106552846,Honore St & 71st St,2026-07-20 10:01:06.298000,41.76498,-87.66983,True,station,1,same_key
divvy_73faa52b279c9d9a,Sacramento Ave & Polk St,station,2026-05-08 08:21:41.642000,41.87096,-87.7003,divvy_73faa52b279c9d9a,Sacramento Ave & Polk St,2026-05-08 08:21:41.642000,41.87096,-87.7003,True,station,13,same_key
divvy_740ab3e1fb1770f7,State St & 79th St,station,2016-07-25 20:19:34,41.750794,-87.624424,divvy_740ab3e1fb1770f7,State St & 79th St,2016-07-25 20:19:34,41.750794,-87.624424,True,station,5733,same_key
divvy_7411f10f8348a21a,Calumet Ave & 21st St,station,2015-05-01 16:53:00,41.85418424947,-87.6191537415,divvy_7411f10f8348a21a,Calumet Ave & 21st St,2015-05-01 16:53:00,41.85418424947,-87.6191537415,True,station,92652,same_key
divvy_741d4f98caac5b7f,Columbus Dr & Randolph St,station,2013-06-29 12:37:00,41.884728,-87.619521,divvy_741d4f98caac5b7f,Columbus Dr & Randolph St,2013-06-29 12:37:00,41.884728,-87.619521,True,station,594932,same_key
divvy_741fc8f6f8067f48,Clinton St & Madison St,station,2013-06-27 21:15:00,41.88166,-87.64115,divvy_741fc8f6f8067f48,Clinton St & Madison St,2013-06-27 21:15:00,41.88166,-87.64115,True,station,825443,same_key
divvy_742a548ddedd6ae7,Public Rack - Laramie Ave & Fullerton Ave,public_rack,2023-06-05 18:03:32,41.9240754,-87.7568589,divvy_742a548ddedd6ae7,Public Rack - Laramie Ave & Fullerton Ave,2022-06-15 21:16:12,41.9240754,-87.7568589,True,public_rack,106,same_key
divvy_74339e30cc4d3050,Public Rack - Chase Ave & Touhy Ave - NW,public_rack,2022-06-16 03:23:05,42.01,-87.69,divvy_cfc0ced5d0a2ca20,Public Rack - Chase Ave & Touhy Ave - NW,2022-06-16 03:23:05,42.014271,-87.690408,True,public_rack,25,reassigned_or_rekeyed
divvy_7444ab5cd5a65d59,Elizabeth St & 47th St,station,2016-06-27 09:52:00,41.80839,-87.656526,divvy_7444ab5cd5a65d59,Elizabeth St & 47th St,2016-06-27 09:52:00,41.80839,-87.656526,True,station,1911,same_key
divvy_744a8de37084f7fa,Lavergne Ave & Fullerton Ave,station,2023-10-16 12:44:12,41.924034,-87.751191,divvy_744a8de37084f7fa,Lavergne Ave & Fullerton Ave,2023-10-16 12:44:12,41.924034,-87.751191,True,station,1701,same_key
divvy_74596ff0677799c9,Public Rack - Exchange Ave & 131st St,public_rack,2024-05-04 19:50:10,41.65717,-87.552594,divvy_74596ff0677799c9,Public Rack - Exchange Ave & 131st St,2024-05-04 19:50:10,41.65717,-87.552594,True,public_rack,8,same_key
divvy_7459b38f681141ad,Public Rack - Austin Branch Chicago Public Library,public_rack,2023-07-26 21:23:33,41.889161,-87.765738,divvy_7459b38f681141ad,Public Rack - Austin Branch Chicago Public Library,2022-09-10 11:20:31,41.889161,-87.765738,True,public_rack,21,same_key
divvy_745de03dcda3801f,Public Rack - Bishop St & 46th St,public_rack,2023-04-21 17:20:09,41.80994,-87.661522,divvy_745de03dcda3801f,Public Rack - Bishop St & 46th St,2023-04-21 17:20:09,41.80994,-87.661522,True,public_rack,109,same_key
divvy_746caad23c82a064,Public Rack - Rockwell St & Chicago Ave,public_rack,2026-04-08 18:36:37.541000,41.895855,-87.691857,divvy_746caad23c82a064,Public Rack - Rockwell St & Chicago Ave,2026-04-08 18:36:37.541000,41.895855,-87.691857,True,public_rack,719,same_key
divvy_747cfbc0fd3afecf,Public Rack - Neenah & Archer,public_rack,2023-06-12 16:24:01,41.792142,-87.785406,divvy_747cfbc0fd3afecf,Public Rack - Neenah & Archer,2023-05-17 09:35:30,41.792142,-87.785406,True,public_rack,51,same_key
divvy_747ffef5eef3251e,Public Rack - Kostner & Bryn Mawr,public_rack,2023-05-05 15:36:10,41.98,-87.74,divvy_c14b9dca8a636a76,Public Rack - Kostner & Bryn Mawr,2023-05-05 15:36:10,41.982741,-87.737548,True,public_rack,4,reassigned_or_rekeyed
divvy_7480c742a220924b,Sheffield/Newport Corral,station,2025-07-02 15:23:12.512000,41.9446132,-87.6542018,divvy_7480c742a220924b,Sheffield/Newport Corral,2025-07-02 15:23:12.512000,41.9446132,-87.6542018,True,station,7473,same_key
divvy_7486340fc0fde795,Cicero Ave & Cortland St - midblock,station,2022-05-13 10:55:00,41.92,-87.75,divvy_428b308150122a9d,Cicero Ave & Cortland St - midblock,2022-05-13 10:55:00,,,,station,14,retained_unlocated
divvy_748876880617ee75,Public Rack - May St & 87th St,public_rack,2022-08-30 08:41:57,41.74,-87.65,divvy_114e3c91900115ea,Public Rack - May St & 87th St,2022-08-30 08:41:57,41.73556,-87.651701,True,public_rack,1,reassigned_or_rekeyed
divvy_74a1cac849b9998e,Public Rack - Lawndale Ave & Diversey Ave,public_rack,2022-06-14 14:39:54,41.93,-87.72,divvy_98356c57aae6a544,Public Rack - Lawndale Ave & Diversey Ave,2022-06-14 14:39:54,41.931702,-87.719254,True,public_rack,896,reassigned_or_rekeyed
divvy_74b3ccd4e403822d,Public Rack - Washtenaw Ave & Devon Ave,public_rack,2022-06-03 15:27:17,42.0,-87.7,divvy_5fb47d68765c7260,Public Rack - Washtenaw Ave & Devon Ave,2022-06-03 15:27:17,41.997764,-87.697221,True,public_rack,726,reassigned_or_rekeyed
divvy_74cef0682dc5f72a,Public Rack - King Dr & Oakwood Blvd,public_rack,2023-07-06 19:16:18,41.822827,-87.616486,divvy_74cef0682dc5f72a,Public Rack - King Dr & Oakwood Blvd,2022-06-03 14:23:22,41.822827,-87.616486,True,public_rack,92,same_key
divvy_74d7d5dc9a0cb6f8,Delano Ct & Roosevelt Rd,station,2017-12-21 13:54:00,41.867491,-87.63219,divvy_74d7d5dc9a0cb6f8,Delano Ct & Roosevelt Rd,2017-12-21 13:54:00,41.867491,-87.63219,True,station,113462,same_key
divvy_74e04fd647071b76,Wilton Ave & Addison St,station,2025-06-13 12:13:46.164000,41.947459,-87.653216,divvy_74e04fd647071b76,Wilton Ave & Addison St,2025-06-13 12:13:46.164000,41.947459,-87.653216,True,station,16669,same_key
divvy_752785c1333953f2,Damen Ave & Division St,station,2013-07-26 22:56:00,41.903266,-87.678435,divvy_752785c1333953f2,Damen Ave & Division St,2013-07-26 22:56:00,41.903266,-87.678435,True,station,237710,same_key
divvy_7527c18f6ead17f5,Public Rack - Kildare Ave & Washignton Blvd,public_rack,2023-05-22 19:52:50,41.881838,-87.733661,divvy_7527c18f6ead17f5,Public Rack - Kildare Ave & Washignton Blvd,2022-10-19 11:27:39,41.881838,-87.733661,True,public_rack,74,same_key
divvy_752af1ffaeb78e15,Central Ave & Madison St,station,2016-06-17 18:03:00,41.880121,-87.763238,divvy_752af1ffaeb78e15,Central Ave & Madison St,2016-06-17 18:03:00,41.880121,-87.763238,True,station,3147,same_key
divvy_753eeb5ea97586fe,Lincoln Ave & Byron St,station,2023-06-01 06:32:58,41.952372,-87.677296,divvy_753eeb5ea97586fe,Lincoln Ave & Byron St,2023-04-12 10:35:11,41.952372,-87.677296,True,station,30618,same_key
divvy_75442b80566237e8,St. Clair St & Erie St 1,station,2013-08-15 17:13:00,41.8944,-87.62286,divvy_75442b80566237e8,St. Clair St & Erie St 1,2013-08-15 17:13:00,41.8944,-87.62286,True,station,553408,same_key
divvy_755360fe02c046bc,Clarendon Ave & Leland Ave,station,2013-06-27 19:10:00,41.967968,-87.650001,divvy_755360fe02c046bc,Clarendon Ave & Leland Ave,2013-06-27 19:10:00,41.967968,-87.650001,True,station,141360,same_key
divvy_758f8db3b5c9f6b8,Public Rack - Kimbark Ave & 67th St,public_rack,2022-09-07 19:18:37,41.77,-87.59,divvy_dc3a0e6eb1709ae1,Public Rack - Kimbark Ave & 67th St,2022-09-07 19:18:37,41.774045,-87.594322,True,public_rack,96,reassigned_or_rekeyed
divvy_759bf488067b7cd3,Public Rack - Newcastle Ave & Wellington Ave,public_rack,2023-07-15 13:14:42,41.934997,-87.795777,divvy_759bf488067b7cd3,Public Rack - Newcastle Ave & Wellington Ave,2022-12-11 22:18:42,41.934997,-87.795777,True,public_rack,13,same_key
divvy_759e5c6c2db70e98,Washington/Green (Green Side) Corral,station,2026-06-23 10:15:09.147000,41.8833012,-87.6486656,divvy_759e5c6c2db70e98,Washington/Green (Green Side) Corral,2026-06-23 10:15:09.147000,41.8833012,-87.6486656,True,station,354,same_key
divvy_75e49bc3e7fc3f26,Brighton Park Branch Chicago Library,station,2022-05-12 01:49:09,41.82,-87.7,divvy_17cb73ed488181df,Brighton Park Branch Chicago Library,2022-05-12 01:49:09,,,,station,20,retained_unlocated
divvy_75ebb600daf703c4,Halsted St & North Branch St,station,2015-05-16 13:57:00,41.89939028549696,-87.64854490756989,divvy_75ebb600daf703c4,Halsted St & North Branch St,2015-05-16 13:57:00,41.89939028549696,-87.64854490756989,True,station,42598,same_key
divvy_75f565842814bd58,Talman Ave & Addison St,station,2015-05-04 18:17:00,41.9466358306,-87.694614758,divvy_75f565842814bd58,Talman Ave & Addison St,2015-05-04 18:17:00,41.9466358306,-87.694614758,True,station,63561,same_key
divvy_760ccf9f650e9b11,Public Rack - Morgan St & 95th St,public_rack,2023-11-24 03:50:17,41.721215,-87.647435,divvy_760ccf9f650e9b11,Public Rack - Morgan St & 95th St,2022-09-12 15:24:17,41.721215,-87.647435,True,public_rack,11,same_key
divvy_760f57bb2ad5c8c4,Narragansett & McLean,station,2021-09-10 15:17:07,41.92,-87.79,divvy_36f6a1aa85795ae1,Narragansett & McLean,2021-09-10 15:17:07,41.9158931,-87.7851104,True,station,466,reassigned_or_rekeyed
divvy_7611181e20ebfeeb,Pulaski Rd & Congress Pkwy,station,2016-06-18 01:11:00,41.87441021003816,-87.72609159350395,divvy_7611181e20ebfeeb,Pulaski Rd & Congress Pkwy,2016-06-18 01:11:00,41.87441021003816,-87.72609159350395,True,station,2990,same_key
divvy_7612189495bc8239,Public Rack - McVicker Ave & Grand Ave,public_rack,2023-07-30 11:07:12,41.921251,-87.776662,divvy_7612189495bc8239,Public Rack - McVicker Ave & Grand Ave,2022-06-18 13:06:29,41.921251,-87.776662,True,public_rack,23,same_key
divvy_761e415ceea41b83,Bernard St & Elston Ave,station,2018-10-12 19:10:30,41.949923,-87.713949,divvy_761e415ceea41b83,Bernard St & Elston Ave,2018-10-12 19:10:30,41.949923,-87.713949,True,station,19899,same_key
divvy_7620f1814e542b4a,Public Rack - Perry Ave & 108th Pl,public_rack,2023-06-16 17:02:30,41.696967,-87.626143,divvy_7620f1814e542b4a,Public Rack - Perry Ave & 108th Pl,2022-10-05 21:09:20,41.696967,-87.626143,True,public_rack,9,same_key
divvy_762e35d4821604ef,Homewood Ave & Monterey Ave,station,2022-05-18 07:02:34,41.69,-87.67,divvy_f6ab9553a2eccb1a,Homewood Ave & Monterey Ave,2022-05-18 07:02:34,,,,station,95,retained_unlocated
divvy_7648ed0ade53eb65,Public Rack - Kedzie Ave & Arthington St,public_rack,2022-07-02 20:30:40,41.87,-87.71,divvy_c572709c2213338d,Public Rack - Kedzie Ave & Arthington St,2022-07-02 20:30:40,41.8700949,-87.7062429,True,public_rack,2,reassigned_or_rekeyed
divvy_767986ce5ff40786,Lincoln Ave & Balmoral Ave,station,2021-10-29 12:55:28,41.98,-87.69,divvy_07c8490d4ea6d2f1,Lincoln Ave & Balmoral Ave,2021-10-29 12:55:28,41.979461,-87.693013,True,station,2011,reassigned_or_rekeyed
divvy_767bba906e8a911a,Public Rack - Neenah & Dakin,public_rack,2023-06-13 10:24:13,41.951708,-87.790746,divvy_767bba906e8a911a,Public Rack - Neenah & Dakin,2023-05-11 00:01:26,41.951708,-87.790746,True,public_rack,103,same_key
divvy_768e6a53a1618649,Halsted St & 83rd St,station,2024-11-12 17:36:17.241000,41.74307,-87.6437,divvy_768e6a53a1618649,Halsted St & 83rd St,2024-11-12 17:36:17.241000,41.74307,-87.6437,True,station,148,same_key
divvy_768efd0049a2ed17,Lincoln Ave & Belle Plaine Ave,station,2013-10-01 19:40:00,41.95600355078549,-87.68016144633293,divvy_768efd0049a2ed17,Lincoln Ave & Belle Plaine Ave,2013-10-01 19:40:00,41.95600355078549,-87.68016144633293,True,station,128854,same_key
divvy_76931e8955278a3e,Long & Irving Park,station,2021-08-12 16:46:14,41.95,-87.76,divvy_887de9e0217046fc,Long & Irving Park,2021-08-12 16:46:14,41.953038,-87.7621632,True,station,2948,reassigned_or_rekeyed
divvy_76a8c0ecf6358a18,Public Rack - Kedzie Ave & 54th St - SE,public_rack,2022-08-31 13:44:14,41.79,-87.7,divvy_b4a493a57736fe0b,Public Rack - Kedzie Ave & 54th St - SE,2022-08-31 13:44:14,41.794326,-87.703471,True,public_rack,49,reassigned_or_rekeyed
divvy_76a8f51350ad6628,Public Rack - 82nd st & Kedzie Ave,public_rack,2023-05-14 04:20:14,41.74,-87.7,divvy_ac1fbe3018f47cf6,Public Rack - 82nd st & Kedzie Ave,2023-05-14 04:20:14,41.743336,-87.702362,True,public_rack,8,reassigned_or_rekeyed
divvy_76abfef17811d466,Public Rack - Kedzie Ave & 61st Pl E,public_rack,2023-06-21 16:35:24,41.782281,-87.703047,divvy_76abfef17811d466,Public Rack - Kedzie Ave & 61st Pl E,2022-09-07 19:49:15,41.782281,-87.703047,True,public_rack,31,same_key
divvy_76be62cf9088e9a1,California Ave & Cortez St,station,2017-04-27 11:01:15,41.900363,-87.696704,divvy_76be62cf9088e9a1,California Ave & Cortez St,2017-04-27 11:01:15,41.900363,-87.696704,True,station,95178,same_key
divvy_77124a9d3e47e6ff,Ashland Ave & 73rd St,station,2020-07-26 21:01:11,41.76122581767003,-87.6633617096195,divvy_77124a9d3e47e6ff,Ashland Ave & 73rd St,2020-07-26 21:01:11,41.76122581767003,-87.6633617096195,True,station,17,same_key
divvy_77347c9c7c9c9e0a,William Rainey Harper High School,station,2022-09-06 12:22:33,41.77,-87.67,divvy_3e3a7f6f929e1c9d,William Rainey Harper High School,2022-07-31 17:58:12,,,,station,1,retained_unlocated
divvy_7743df387edb723b,Eberhart Ave & 61st St,station,2015-04-27 08:38:00,41.784071072761,-87.61448353528975,divvy_7743df387edb723b,Eberhart Ave & 61st St,2015-04-27 08:38:00,41.784071072761,-87.61448353528975,True,station,7501,same_key
divvy_778dc06c96ab29bd,Public Rack - Vincennes Ave & 87th St,public_rack,2023-08-27 09:31:59,41.735607,-87.645345,divvy_778dc06c96ab29bd,Public Rack - Vincennes Ave & 87th St,2023-08-27 09:31:59,41.735607,-87.645345,True,public_rack,17,same_key
divvy_779ad78ea0fdc5cd,Public Rack - Avenue J & 112th St,public_rack,2024-04-08 15:54:32,41.691844,-87.534181,divvy_779ad78ea0fdc5cd,Public Rack - Avenue J & 112th St,2022-12-11 17:55:50,41.691844,-87.534181,True,public_rack,34,same_key
divvy_779d28eee55b66ca,Albany Ave & 111th St - NW,station,2022-05-17 12:32:51,41.69,-87.7,divvy_c9baacf0c8120173,Albany Ave & 111th St - NW,2022-05-17 12:32:51,,,,station,10,retained_unlocated
divvy_779e36d7b6304dc4,Clark St & Grace St,station,2014-07-01 01:24:00,41.95078,-87.659172,divvy_779e36d7b6304dc4,Clark St & Grace St,2014-07-01 01:24:00,41.95078,-87.659172,True,station,244000,same_key
divvy_77b78a06a8925319,Marshfield Ave & 44th St,station,2016-07-01 16:13:25,41.81399,-87.66658,divvy_77b78a06a8925319,Marshfield Ave & 44th St,2016-07-01 16:13:25,41.81399,-87.66658,True,station,3856,same_key
divvy_77b84dfb369d5ed4,Public Rack - Roscoe St & Osceola Ave,public_rack,2022-09-15 14:06:20,41.94,-87.81,divvy_54228a7da6d8020d,Public Rack - Roscoe St & Osceola Ave,2022-09-15 14:06:20,41.942201,-87.813168,True,public_rack,2,reassigned_or_rekeyed
divvy_77bd6cfc73896820,Le Mai Ave & Devon Ave,station,2025-05-17 08:56:42.752000,41.99722,-87.75687,divvy_77bd6cfc73896820,Le Mai Ave & Devon Ave,2025-05-17 08:56:42.752000,41.99722,-87.75687,True,station,303,same_key
divvy_77c0353590af3f05,Public Rack - Marquette Ave & 79th St,public_rack,2023-09-04 13:09:38,41.75163,-87.558707,divvy_77c0353590af3f05,Public Rack - Marquette Ave & 79th St,2023-09-04 13:09:38,41.75163,-87.558707,True,public_rack,9,same_key
divvy_77e07a8f091f3585,Public Rack - Western Ave & 111th St - SW,public_rack,2022-09-13 22:53:01,41.69,-87.68,divvy_02da01502e8c0d6d,Public Rack - Western Ave & 111th St - SW,2022-09-13 22:53:01,41.69161,-87.681523,True,public_rack,11,reassigned_or_rekeyed
divvy_77ecdfb9fb27bede,Wentworth Ave & 92nd St,station,2024-08-12 19:02:48.590000,41.72714,-87.62886,divvy_77ecdfb9fb27bede,Wentworth Ave & 92nd St,2024-08-12 19:02:48.590000,41.72714,-87.62886,True,station,278,same_key
divvy_77eeb8b660e28e76,Artesian Ave & Marquette Rd,station,2023-10-08 01:11:19,41.77203,-87.684637,divvy_77eeb8b660e28e76,Artesian Ave & Marquette Rd,2023-10-08 01:11:19,41.77203,-87.684637,True,station,541,same_key
divvy_77ff0abfe90d48ff,Emerald Ave & 31st St,station,2013-09-28 23:14:00,41.838198,-87.645143,divvy_77ff0abfe90d48ff,Emerald Ave & 31st St,2013-09-28 23:14:00,41.838198,-87.645143,True,station,104010,same_key
divvy_782f866c59eb8773,Public Rack - Lafayette Ave & 87th St - NW,public_rack,2023-09-12 17:34:30,41.736354,-87.626741,divvy_782f866c59eb8773,Public Rack - Lafayette Ave & 87th St - NW,2023-01-21 10:00:47,41.736354,-87.626741,True,public_rack,48,same_key
divvy_783357d6fb637e56,Public Rack - Wacker Dr & Madison St (East),public_rack,2026-05-01 18:11:07.835000,41.88184658,-87.63650719,divvy_783357d6fb637e56,Public Rack - Wacker Dr & Madison St (East),2026-05-01 18:11:07.835000,41.88184658,-87.63650719,True,public_rack,428,same_key
divvy_7853bb55f0818db8,Damen Ave & Wabansia Ave,station,2023-05-25 18:18:52,41.91225,-87.67722,divvy_7853bb55f0818db8,Damen Ave & Wabansia Ave,2021-03-25 12:59:51,41.91225,-87.67722,True,station,25329,same_key
divvy_78659ae63deb7737,Public Rack - Austin Ave & Wrightwood Ave,public_rack,2023-06-09 13:54:50,41.927666,-87.775682,divvy_78659ae63deb7737,Public Rack - Austin Ave & Wrightwood Ave,2022-06-19 18:00:38,41.927666,-87.775682,True,public_rack,232,same_key
divvy_787e5d6fbf9437bd,Leavitt St & Belmont Ave,station,2018-12-14 11:12:21,41.939354,-87.683282,divvy_787e5d6fbf9437bd,Leavitt St & Belmont Ave,2018-12-14 11:12:21,41.939354,-87.683282,True,station,59453,same_key
divvy_7890274a97fc1700,Public Rack - Western Ave & 62nd St,public_rack,2024-07-12 13:31:20.901000,41.780964,-87.683757,divvy_7890274a97fc1700,Public Rack - Western Ave & 62nd St,2023-02-19 22:37:47,41.780964,-87.683757,True,public_rack,7,same_key
divvy_7892a3d95b0a1ed7,Public Rack - Nordica & Archer,public_rack,2023-05-05 15:07:53,41.79,-87.8,divvy_d03c471ad3223e80,Public Rack - Nordica & Archer,2023-05-05 15:07:53,41.792212,-87.797662,True,public_rack,3,reassigned_or_rekeyed
divvy_78a246d128f30d29,Chopin Park,station,2022-05-13 20:51:53,41.94,-87.76,divvy_d1b24c4106e58b3c,Chopin Park,2022-05-13 20:51:53,,,,station,8,retained_unlocated
divvy_78a8e554eb75b0b6,Karlov Ave & Kamerling Ave,station,2022-05-11 14:34:33,41.91,-87.73,divvy_5f8be8f979806a37,Karlov Ave & Kamerling Ave,2022-05-11 14:34:33,,,,station,39,retained_unlocated
divvy_78ad05c29442b15c,Public Rack - Homan Ave & 26th St,public_rack,2022-06-20 19:36:58,41.84,-87.71,divvy_32d02696ff27161b,Public Rack - Homan Ave & 26th St,2022-06-20 19:36:58,41.84456,-87.710058,True,public_rack,31,reassigned_or_rekeyed
divvy_78bd55e5d0212105,Martin Luther King Dr & 87th St,station,2024-07-30 15:46:06.288000,41.73677,-87.61439,divvy_78bd55e5d0212105,Martin Luther King Dr & 87th St,2024-07-30 15:46:06.288000,41.73677,-87.61439,True,station,250,same_key
divvy_78cc9321d6142de9,Kedvale Ave & Avondale Ave,station,2022-05-09 14:04:23,41.95,-87.73,divvy_fce755c3891f068c,Kedvale Ave & Avondale Ave,2022-05-09 14:04:23,,,,station,50,retained_unlocated
divvy_78cf110c0c2cfb34,Clark St & Washington St,station,2025-11-19 12:49:30.959000,41.88301,-87.631,divvy_78cf110c0c2cfb34,Clark St & Washington St,2025-11-19 12:49:30.959000,41.88301,-87.631,True,station,4539,same_key
divvy_78d145ce16c55535,Public Rack - S Kostner Ave & W 18th Pl,public_rack,2022-08-03 11:55:03,41.86,-87.73,divvy_fa36be54432922d2,Public Rack - S Kostner Ave & W 18th Pl,2022-08-03 11:55:03,41.8551905,-87.7345547,True,public_rack,2,reassigned_or_rekeyed
divvy_78e4486e9dc5ef91,Indiana Ave & 40th St,station,2013-08-14 17:09:00,41.82168,-87.6216,divvy_78e4486e9dc5ef91,Indiana Ave & 40th St,2013-08-14 17:09:00,41.82168,-87.6216,True,station,10264,same_key
divvy_78f50afbd3f34205,King Dr & 83rd St,station,2022-05-25 16:27:03,41.74,-87.61,divvy_a6d319dc23f2aba4,King Dr & 83rd St,2022-05-25 16:27:03,,,,station,5,retained_unlocated
divvy_78f77543a7d285e1,Public Rack - Lake Park Ave & 47th St,public_rack,2022-09-16 15:54:51,41.81,-87.59,divvy_d7902e734483685e,Public Rack - Lake Park Ave & 47th St,2022-09-16 15:54:51,41.809797,-87.591824,True,public_rack,9,reassigned_or_rekeyed
divvy_7937ee1ad911f259,Public Rack - Michigan Ave & 67th St,public_rack,2023-06-01 16:26:27,41.772068,-87.621686,divvy_7937ee1ad911f259,Public Rack - Michigan Ave & 67th St,2023-06-01 16:26:27,41.772068,-87.621686,True,public_rack,24,same_key
divvy_79435e1ef01e1389,Leamington Ave & Hirsch St,station,2023-06-01 07:38:16,41.9058405,-87.7548602,divvy_79435e1ef01e1389,Leamington Ave & Hirsch St,2021-10-15 18:13:17,41.9058405,-87.7548602,True,station,495,same_key
divvy_7946da07e78ff5f3,Loomis St & Jackson Blvd,station,2013-07-28 13:56:00,41.877945,-87.662007,divvy_7946da07e78ff5f3,Loomis St & Jackson Blvd,2013-07-28 13:56:00,41.877945,-87.662007,True,station,129963,same_key
divvy_794948cddec6ffa1,Kedzie Ave & 73rd St,station,2023-10-20 18:01:59,41.760703,-87.702292,divvy_794948cddec6ffa1,Kedzie Ave & 73rd St,2023-10-20 18:01:59,41.760703,-87.702292,True,station,283,same_key
divvy_794dc82baae69c49,Public Rack - May St & 63rd St,public_rack,2022-11-11 17:39:29,41.78,-87.65,divvy_85b8a412c795f15a,Public Rack - May St & 63rd St,2022-11-11 17:39:29,41.77977,-87.652943,True,public_rack,2,reassigned_or_rekeyed
divvy_796b9cae6a00ccaf,Clinton St & 18th St,station,2013-07-23 13:44:00,41.85795,-87.640826,divvy_796b9cae6a00ccaf,Clinton St & 18th St,2013-07-23 13:44:00,41.85795,-87.640826,True,station,73570,same_key
divvy_7976ad31b1e498ce,Damen Ave & 33rd St,station,2023-05-26 17:14:32,41.834108,-87.67559,divvy_7976ad31b1e498ce,Damen Ave & 33rd St,2021-10-10 10:01:53,41.834108,-87.67559,True,station,320,same_key
divvy_7985d56f5d8a83ec,Racine Ave & 76th,station,2022-05-28 14:42:31,41.76,-87.65,divvy_25bfbd5ce0ba6726,Racine Ave & 76th,2022-05-28 14:42:31,,,,station,30,retained_unlocated
divvy_79c224396ad840ab,Halsted St & Archer Ave,station,2013-08-15 07:25:00,41.847203,-87.646795,divvy_79c224396ad840ab,Halsted St & Archer Ave,2013-08-15 07:25:00,41.847203,-87.646795,True,station,58836,same_key
divvy_79db611a49e71440,Nagle Ave & Belmont Ave,station,2024-08-14 16:27:10.955000,41.93852,-87.78735,divvy_79db611a49e71440,Nagle Ave & Belmont Ave,2022-06-21 17:49:40,41.93852,-87.78735,True,station,507,same_key
divvy_79e87e85dbdc5af3,Conservatory Dr & Lake St,station,2016-06-02 14:12:00,41.885502,-87.716866,divvy_79e87e85dbdc5af3,Conservatory Dr & Lake St,2016-06-02 14:12:00,41.885502,-87.716866,True,station,14162,same_key
divvy_79fd93d651e2e2ca,Public Rack - Laramie Ave & Belmont Ave,public_rack,2022-06-14 10:07:01,41.94,-87.76,divvy_d91d8c4b375da42a,Public Rack - Laramie Ave & Belmont Ave,2022-06-14 10:07:01,41.9386855,-87.75563,True,public_rack,208,reassigned_or_rekeyed
divvy_7a0bcd9db963028c,Broadway & Thorndale Ave,station,2015-05-11 18:17:00,41.98974251144,-87.6601406209,divvy_7a0bcd9db963028c,Broadway & Thorndale Ave,2015-05-11 18:17:00,41.98974251144,-87.6601406209,True,station,133787,same_key
divvy_7a1c75ed38ea7077,Midway Corral,station,2026-06-23 17:18:45.795000,41.7868405,-87.738735,divvy_7a1c75ed38ea7077,Midway Corral,2026-06-23 17:18:45.795000,41.7868405,-87.738735,True,station,6,same_key
divvy_7a1fe938f28810ad,Lawler Ave & North Ave,station,2024-04-30 13:32:13,41.9091754,-87.7522545,divvy_7a1fe938f28810ad,Lawler Ave & North Ave,2024-04-30 13:32:13,41.9091754,-87.7522545,True,station,660,same_key
divvy_7a2aa2b27a3386b1,Public Rack - Cicero Ave & Cortland St - midblock,public_rack,2022-06-15 12:49:34,41.92,-87.75,divvy_62b5e936b746e0a2,Public Rack - Cicero Ave & Cortland St - midblock,2022-06-15 12:49:34,41.91582,-87.746074,True,public_rack,80,reassigned_or_rekeyed
divvy_7a46494805624737,Public Rack - Ewing Ave & 101st St,public_rack,2023-07-13 12:50:30,41.7117328,-87.5350591,divvy_7a46494805624737,Public Rack - Ewing Ave & 101st St,2022-09-11 17:13:28,41.7117328,-87.5350591,True,public_rack,63,same_key
divvy_7a711e07f512f544,Ellis Ave & 58th St,station,2013-06-30 13:42:00,41.788746,-87.601334,divvy_7a711e07f512f544,Ellis Ave & 58th St,2013-06-30 13:42:00,41.788746,-87.601334,True,station,168053,same_key
divvy_7a8c65512f81d2ce,Kenneth Ave & 50th St,station,2023-06-02 18:46:11,41.80231,-87.7344,divvy_7a8c65512f81d2ce,Kenneth Ave & 50th St,2021-10-30 15:21:24,41.80231,-87.7344,True,station,524,same_key
divvy_7abae6fb9f613143,Mango Ave & Grand Ave,station,2025-07-28 02:40:37.292000,41.91965,-87.76941,divvy_7abae6fb9f613143,Mango Ave & Grand Ave,2025-07-28 02:40:37.292000,41.91965,-87.76941,True,station,94,same_key
divvy_7ac1ae2aa9135bf1,Pulaski Rd & 51st St,station,2021-10-20 08:40:13,41.8,-87.72,divvy_a31a31d54da5f2dc,Pulaski Rd & 51st St,2021-10-20 08:40:13,41.800434,-87.7247496,True,station,2359,reassigned_or_rekeyed
divvy_7ac1e5a05b78c27c,Franklin St & Adams St,station,2019-07-01 04:15:59,41.87943409140013,-87.63550400733948,divvy_7ac1e5a05b78c27c,Franklin St & Adams St,2019-07-01 04:15:59,41.87943409140013,-87.63550400733948,True,station,133511,same_key
divvy_7ad63242397b9abe,Public Rack - Mont Clare Ave & Higgins Ave,public_rack,2023-05-05 22:57:06,41.980602,-87.804963,divvy_7ad63242397b9abe,Public Rack - Mont Clare Ave & Higgins Ave,2023-05-05 22:57:06,41.980602,-87.804963,True,public_rack,138,same_key
divvy_7ae7a39e9369c0d9,Clark St & Fletcher St,station,2025-09-26 11:32:13.512000,41.93894,-87.65031,divvy_7ae7a39e9369c0d9,Clark St & Fletcher St,2025-09-26 11:32:13.512000,41.93894,-87.65031,True,station,7740,same_key
divvy_7afa31b1bc37b359,Public Rack - Lowe Park,public_rack,2023-05-28 10:55:27,41.799605,-87.641464,divvy_7afa31b1bc37b359,Public Rack - Lowe Park,2023-05-28 10:55:27,41.799605,-87.641464,True,public_rack,71,same_key
divvy_7afd8aaf4a4ed80b,Public Rack - Stony Island & 87th St,public_rack,2023-05-24 13:27:14,41.7367,-87.585815,divvy_7afd8aaf4a4ed80b,Public Rack - Stony Island & 87th St,2022-07-04 17:02:42,41.7367,-87.585815,True,public_rack,30,same_key
divvy_7b1c1c933fd99cf2,Public Rack - Hamlin Ave & Fullerton Ave,public_rack,2022-06-14 15:51:27,41.92,-87.72,divvy_9dc03b10d55f58e2,Public Rack - Hamlin Ave & Fullerton Ave,2022-06-14 15:51:27,41.924319,-87.721446,True,public_rack,1051,reassigned_or_rekeyed
divvy_7b304ec0da4fd6c0,California Ave & Cortez St,station,2022-05-09 11:21:01,41.9,-87.7,divvy_76be62cf9088e9a1,California Ave & Cortez St,2017-04-27 11:01:15,41.900363,-87.696704,True,station,139,reassigned_or_rekeyed
divvy_7b331e8dc5c72258,Halsted St & 47th Pl,station,2015-04-17 07:58:00,41.80813391481,-87.6456165545,divvy_7b331e8dc5c72258,Halsted St & 47th Pl,2015-04-17 07:58:00,41.80813391481,-87.6456165545,True,station,8310,same_key
divvy_7b3fa896472faff5,Canal St & Monroe St,station,2013-08-07 11:57:00,41.88169,-87.63953,divvy_7b3fa896472faff5,Canal St & Monroe St,2013-08-07 11:57:00,41.88169,-87.63953,True,station,268385,same_key
divvy_7b4120886bdfebf0,Cicero Ave & Wrightwood Ave,station,2024-03-23 13:38:39,41.9279057,-87.7467295,divvy_7b4120886bdfebf0,Cicero Ave & Wrightwood Ave,2022-05-09 19:56:07,41.9279057,-87.7467295,True,station,1689,same_key
divvy_7b4642808cc1bb62,Kenosha Ave & Wellington Ave,station,2023-09-28 17:14:54,41.934457,-87.733795,divvy_7b4642808cc1bb62,Kenosha Ave & Wellington Ave,2023-09-28 17:14:54,41.934457,-87.733795,True,station,2367,same_key
divvy_7b473e0f5f24b928,Public Rack - Kedzie & 73rd,public_rack,2023-05-25 18:40:02,41.760696,-87.70238,divvy_7b473e0f5f24b928,Public Rack - Kedzie & 73rd,2023-05-10 12:33:42,41.760696,-87.70238,True,public_rack,34,same_key
divvy_7b5487b53f8cd7b4,Rockwell St & Cermak Rd,station,2023-06-01 11:35:36,41.851644,-87.690621,divvy_7b5487b53f8cd7b4,Rockwell St & Cermak Rd,2021-11-03 22:25:33,41.851644,-87.690621,True,station,3819,same_key
divvy_7b8c8cfede57433e,Public Rack - Ashland Ave & 46th St,public_rack,2023-06-26 14:57:02,41.810537,-87.665404,divvy_7b8c8cfede57433e,Public Rack - Ashland Ave & 46th St,2023-06-26 14:57:02,41.810537,-87.665404,True,public_rack,37,same_key
divvy_7b9cbe22a39fe1d5,Granville Ave & Clark St,station,2025-10-21 15:01:40.734000,41.9944,-87.66983,divvy_7b9cbe22a39fe1d5,Granville Ave & Clark St,2025-10-21 15:01:40.734000,41.9944,-87.66983,True,station,3675,same_key
divvy_7ba891cb4bde6c13,Ellis Ave & 53rd St,station,2015-04-18 09:44:00,41.79933626261,-87.6009581145,divvy_7ba891cb4bde6c13,Ellis Ave & 53rd St,2015-04-18 09:44:00,41.79933626261,-87.6009581145,True,station,111543,same_key
divvy_7bb79c71d83a4187,Public Rack - Kimball Ave & Carmen Ave,public_rack,2023-06-01 07:33:30,41.973896,-87.713297,divvy_401b146909a3165e,Public Rack - Kimball Ave & Carmen Ave,2022-06-15 13:22:42,41.973896,-87.713297,True,public_rack,328,reassigned_or_rekeyed
divvy_7bba43a396e87046,Michigan Ave & Washington St,station,2013-06-28 15:49:00,41.8839840647265,-87.6246839761734,divvy_7bba43a396e87046,Michigan Ave & Washington St,2013-06-28 15:49:00,41.8839840647265,-87.6246839761734,True,station,691508,same_key
divvy_7bed4de7c3807138,Public Rack - Oak Park Ave & Foster Ave,public_rack,2023-06-22 17:43:04,41.9746022,-87.8119558,divvy_7bed4de7c3807138,Public Rack - Oak Park Ave & Foster Ave,2023-05-17 19:24:05,41.9746022,-87.8119558,True,public_rack,73,same_key
divvy_7befe896e4ea4bba,Greenwood Ave & 91st St,station,2020-09-01 21:02:36,41.728264268162725,-87.59729862213135,divvy_7befe896e4ea4bba,Greenwood Ave & 91st St,2020-09-01 21:02:36,41.728264268162725,-87.59729862213135,True,station,937,same_key
divvy_7bf01be34b48031c,Throop St & 99th St,station,2024-11-12 18:37:30.870000,41.71414,-87.6547,divvy_7bf01be34b48031c,Throop St & 99th St,2024-11-12 18:37:30.870000,41.71414,-87.6547,True,station,144,same_key
divvy_7bf84d87bf11d9fd,Kedzie Ave & Pershing Rd,station,2022-05-19 17:42:33,41.82,-87.7,divvy_31d6da1cc7bb7ab4,Kedzie Ave & Pershing Rd,2022-05-19 17:42:33,,,,station,38,retained_unlocated
divvy_7bf8b921b9e96077,532 E 43rd St,station,2022-05-19 18:19:11,41.82,-87.61,divvy_dfbe95f0d23b41b4,532 E 43rd St,2022-05-19 18:19:11,,,,station,67,retained_unlocated
divvy_7c153c41ae8ca601,Ritchie Ct & Banks St,station,2015-05-09 14:29:00,41.906866,-87.626217,divvy_7c153c41ae8ca601,Ritchie Ct & Banks St,2015-05-09 14:29:00,41.906866,-87.626217,True,station,232037,same_key
divvy_7c1e8d818febc6a5,Mulligan Ave & Wellington Ave,station,2021-08-03 16:01:18,41.93,-87.78,divvy_c0664aaffc590dfe,Mulligan Ave & Wellington Ave,2021-08-03 16:01:18,41.9347409,-87.7844017,True,station,1378,reassigned_or_rekeyed
divvy_7c2aafe6ae2b10c7,Wolcott Ave & Fargo Ave,station,2016-07-08 07:56:19,42.016977,-87.677725,divvy_7c2aafe6ae2b10c7,Wolcott Ave & Fargo Ave,2016-07-08 07:56:19,42.016977,-87.677725,True,station,8742,same_key
divvy_7c3e2055cbed8845,Western Ave & Leland Ave,station,2013-08-21 17:12:00,41.96572,-87.68844,divvy_7c3e2055cbed8845,Western Ave & Leland Ave,2013-08-21 17:12:00,41.96572,-87.68844,True,station,157320,same_key
divvy_7c40722b792b5a0e,Central Ave & George St,station,2022-05-09 12:09:50,41.93,-87.77,divvy_22003f785a325b58,Central Ave & George St,2022-05-09 12:09:50,,,,station,33,retained_unlocated
divvy_7c454f09486c5fec,St Louis Ave & Norman Bobbins Pl,station,2024-04-24 07:31:08,41.79439,-87.71132,divvy_7c454f09486c5fec,St Louis Ave & Norman Bobbins Pl,2024-04-24 07:31:08,41.79439,-87.71132,True,station,672,same_key
divvy_7c46f0106c29af7e,Cottage Grove & 84th St,station,2022-05-10 20:24:48,41.74,-87.6,divvy_f1034288bb3f78cd,Cottage Grove & 84th St,2022-05-10 20:24:48,,,,station,5,retained_unlocated
divvy_7c5565d156556248,Kedzie Ave & 110th St,station,2021-01-10 05:20:59,41.69239474587557,-87.70096063613892,divvy_7c5565d156556248,Kedzie Ave & 110th St,2021-01-10 05:20:59,41.69239474587557,-87.70096063613892,True,station,1251,same_key
divvy_7c6bf1ba1d6742fa,Carpenter St & 63rd St,station,2018-10-26 12:26:00,41.77987,-87.650919,divvy_7c6bf1ba1d6742fa,Carpenter St & 63rd St,2018-10-26 12:26:00,41.77987,-87.650919,True,station,416,same_key
divvy_7c6d935f4e63acd6,Public Rack - Pullman - Walmart,public_rack,2023-05-29 11:18:19,41.69696,-87.59829,divvy_7c6d935f4e63acd6,Public Rack - Pullman - Walmart,2022-09-02 16:31:45,41.69696,-87.59829,True,public_rack,49,same_key
divvy_7c80a4470d3c082a,Milwaukee Ave & Wolfram St,station,2026-01-06 18:34:26.633000,41.93301,-87.71428,divvy_7c80a4470d3c082a,Milwaukee Ave & Wolfram St,2026-01-06 18:34:26.633000,41.93301,-87.71428,True,station,2167,same_key
divvy_7c83640aadebbb4f,Adler Planetarium,station,2013-06-28 09:49:00,41.866095,-87.607267,divvy_7c83640aadebbb4f,Adler Planetarium,2013-06-28 09:49:00,41.866095,-87.607267,True,station,419712,same_key
divvy_7c8de50e2c62a6ef,Public Rack - Indiana Ave & 111th St,public_rack,2023-02-16 16:03:45,41.69,-87.62,divvy_f6749d876b616251,Public Rack - Indiana Ave & 111th St,2023-02-16 16:03:45,41.692535,-87.617711,True,public_rack,4,reassigned_or_rekeyed
divvy_7ca0986e39a13f12,Public Rack - Western Ave & 100th St,public_rack,2023-06-27 17:47:37,41.711666,-87.681963,divvy_7ca0986e39a13f12,Public Rack - Western Ave & 100th St,2022-09-18 15:25:16,41.711666,-87.681963,True,public_rack,170,same_key
divvy_7ca9eda48fa29d7f,Albany Ave & Douglas Blvd,station,2022-03-15 19:27:47,41.86,-87.7,divvy_4d0ea619d0f8164c,Albany Ave & Douglas Blvd,2022-03-15 19:27:47,41.86280283744392,-87.70333330268197,True,station,181,reassigned_or_rekeyed
divvy_7caab0e9f49ea3f8,Franklin St & Arcade Pl,station,2013-09-13 15:10:00,41.881469,-87.635177,divvy_7caab0e9f49ea3f8,Franklin St & Arcade Pl,2013-09-13 15:10:00,41.881469,-87.635177,True,station,70885,same_key
divvy_7cdfaac68dfa9e92,Keeler Ave & Roosevelt Rd,station,2021-07-30 19:51:10,41.87,-87.73,divvy_c0c6b9037df419be,Keeler Ave & Roosevelt Rd,2021-07-30 19:51:10,41.8664,-87.73001,True,station,246,reassigned_or_rekeyed
divvy_7ce642a060368bf2,Public Rack - Langley Ave & Oakwood Blvd,public_rack,2022-06-05 19:40:43,41.82,-87.61,divvy_96b802eb43be6734,Public Rack - Langley Ave & Oakwood Blvd,2022-06-05 19:40:43,41.822839,-87.609525,True,public_rack,11,reassigned_or_rekeyed
divvy_7ce6ddd6565aeeb7,Public Rack - Halsted St & 95th St - SE,public_rack,2023-07-13 12:25:30,41.721004,-87.643031,divvy_7ce6ddd6565aeeb7,Public Rack - Halsted St & 95th St - SE,2022-09-13 20:36:14,41.721004,-87.643031,True,public_rack,137,same_key
divvy_7d0ec72a951b2f98,Public Rack - Kenneth Ave & 63rd St E,public_rack,2023-05-11 17:28:54,41.778411,-87.733387,divvy_55a1499331ba66b2,Public Rack - Kenneth Ave & 63rd St E,2022-09-14 15:16:29,41.778411,-87.733387,True,public_rack,26,reassigned_or_rekeyed
divvy_7d1b3c00c75bbc0c,LaSalle St & Jackson Blvd,station,2013-09-14 13:11:00,41.878166,-87.631929,divvy_7d1b3c00c75bbc0c,LaSalle St & Jackson Blvd,2013-09-14 13:11:00,41.878166,-87.631929,True,station,465304,same_key
divvy_7d1fd572066fd35e,Marshfield Ave & Diversey Pkwy,station,2025-10-16 18:25:34.536000,41.93204,-87.6697,divvy_7d1fd572066fd35e,Marshfield Ave & Diversey Pkwy,2025-10-16 18:25:34.536000,41.93204,-87.6697,True,station,3632,same_key
divvy_7d255777b26b8055,Clark/Newport,station,2025-05-16 12:24:33.263000,41.9449,-87.6546,divvy_7d255777b26b8055,Clark/Newport,2025-05-16 12:24:33.263000,41.9449,-87.6546,True,station,1098,same_key
divvy_7d58791eedd75683,Public Rack - Wells St & Scott St,public_rack,2026-05-01 17:24:22.289000,41.90478243,-87.63458456,divvy_7d58791eedd75683,Public Rack - Wells St & Scott St,2026-05-01 17:24:22.289000,41.90478243,-87.63458456,True,public_rack,3419,same_key
divvy_7d6591bc03444e5f,Lake Park Ave & 53rd St,station,2015-04-17 09:28:00,41.79949429373,-87.5864498959,divvy_7d6591bc03444e5f,Lake Park Ave & 53rd St,2015-04-17 09:28:00,41.79949429373,-87.5864498959,True,station,126199,same_key
divvy_7d8a1cdb422e3c37,Dearborn St & Erie St,station,2015-01-01 01:00:00,41.894,-87.62922,divvy_7d8a1cdb422e3c37,Dearborn St & Erie St,2015-01-01 01:00:00,41.894,-87.62922,True,station,568249,same_key
divvy_7d8f39a3d9c031ae,Public Rack - South Shore Dr & 71st St,public_rack,2023-06-12 19:32:34,41.766206,-87.562789,divvy_7d8f39a3d9c031ae,Public Rack - South Shore Dr & 71st St,2022-06-08 21:19:30,41.766206,-87.562789,True,public_rack,634,same_key
divvy_7d96e183da24b8c7,Glenwood Ave & Morse Ave,station,2015-05-15 22:57:00,42.00797192287,-87.6655023944,divvy_7d96e183da24b8c7,Glenwood Ave & Morse Ave,2015-05-15 22:57:00,42.00797192287,-87.6655023944,True,station,91854,same_key
divvy_7da4203923d152d8,Lockwood Ave & Wrightwood Ave,station,2023-06-01 11:36:35,41.927766,-87.758544,divvy_7da4203923d152d8,Lockwood Ave & Wrightwood Ave,2021-08-04 14:22:28,41.927766,-87.758544,True,station,3327,same_key
divvy_7daae67ca45b94d8,Public Rack - Dearborn St & Jackson Ave,public_rack,2026-05-03 00:23:00.155000,41.87802962,-87.62940128,divvy_7daae67ca45b94d8,Public Rack - Dearborn St & Jackson Ave,2026-05-03 00:23:00.155000,41.87802962,-87.62940128,True,public_rack,589,same_key
divvy_7db0a773b6b2c101,Michigan Ave & Lake St,station,2013-06-27 19:42:00,41.886022,-87.624398,divvy_7db0a773b6b2c101,Michigan Ave & Lake St,2013-06-27 19:42:00,41.886022,-87.624398,True,station,585332,same_key
divvy_7dcdbebf3fe9b626,Public Rack - Evans Ave & 63rd St,public_rack,2022-09-10 11:38:55,41.78,-87.61,divvy_41a3e94a0095483d,Public Rack - Evans Ave & 63rd St,2022-09-10 11:38:55,41.780506,-87.607519,True,public_rack,73,reassigned_or_rekeyed
divvy_7dd89aeacf0bf313,Hamlin Ave & Grand Ave,station,2022-05-10 03:22:49,41.9,-87.72,divvy_c43dfd8de9af26ff,Hamlin Ave & Grand Ave,2022-05-10 03:22:49,41.90403,-87.72156,True,station,38,reassigned_or_rekeyed
divvy_7ddab6494defb286,Karlov Ave & Fillmore St,station,2025-04-11 12:41:23.874000,41.86815,-87.7276,divvy_7ddab6494defb286,Karlov Ave & Fillmore St,2025-04-11 12:41:23.874000,41.86815,-87.7276,True,station,126,same_key
divvy_7e0a11bf3bdc39d6,Pulaski Rd & Fullerton Ave,station,2022-05-09 16:04:12,41.92,-87.73,divvy_20c1dafb3b46dac0,Pulaski Rd & Fullerton Ave,2022-05-09 16:04:12,,,,station,153,retained_unlocated
divvy_7e15f9f8064c3489,Public Rack - Sawyer Ave & Bryn Mawr Ave - SW,public_rack,2023-05-22 18:01:44,41.982879,-87.710534,divvy_7e15f9f8064c3489,Public Rack - Sawyer Ave & Bryn Mawr Ave - SW,2022-06-25 20:14:49,41.982879,-87.710534,True,public_rack,87,same_key
divvy_7e19af756c438e6c,Public Rack - Lake Park Ave & 47th St,public_rack,2023-05-03 14:32:35,41.809797,-87.591824,divvy_d7902e734483685e,Public Rack - Lake Park Ave & 47th St,2022-09-16 15:54:51,41.809797,-87.591824,True,public_rack,23,reassigned_or_rekeyed
divvy_7e3246cf94c97b56,California Ave & Granville Ave,station,2024-08-01 07:19:44.925000,41.9957805,-87.6993071,divvy_7e3246cf94c97b56,California Ave & Granville Ave,2024-08-01 07:19:44.925000,41.9957805,-87.6993071,True,station,156,same_key
divvy_7e64c01e2dfed1b3,Kostner Ave & Wrightwood Ave,station,2023-06-01 08:48:38,41.927957,-87.735952,divvy_7e64c01e2dfed1b3,Kostner Ave & Wrightwood Ave,2021-08-03 14:24:54,41.927957,-87.735952,True,station,4226,same_key
divvy_7e722c669bcd10dd,Narragansett Ave & Fullerton Ave,station,2022-05-09 13:43:30,41.92,-87.78,divvy_e19c4fac73705c43,Narragansett Ave & Fullerton Ave,2022-05-09 13:43:30,,,,station,41,retained_unlocated
divvy_7e9887e7ffaff9ef,Grace/Sheffield Corral,station,2025-07-02 16:48:02.693000,41.9511586,-87.6546115,divvy_7e9887e7ffaff9ef,Grace/Sheffield Corral,2025-07-02 16:48:02.693000,41.9511586,-87.6546115,True,station,2459,same_key
divvy_7ea84795cea2e702,Lincoln Ave & Leavitt St,station,2013-08-22 16:59:00,41.962391,-87.684146,divvy_7ea84795cea2e702,Lincoln Ave & Leavitt St,2013-08-22 16:59:00,41.962391,-87.684146,True,station,44288,same_key
divvy_7eb6316e180bdf9b,Laflin St & 79th St,station,2022-08-24 13:23:29,41.75,-87.66,divvy_30865d72225d4b74,Laflin St & 79th St,2022-08-24 13:23:29,,,,station,3,retained_unlocated
divvy_7ec59acb78df88ad,Lavergne Ave & Lawrence Ave,station,2024-07-12 17:36:08.744000,41.96775,-87.75259,divvy_7ec59acb78df88ad,Lavergne Ave & Lawrence Ave,2024-07-12 17:36:08.744000,41.96775,-87.75259,True,station,1282,same_key
divvy_7ee2b3b4dd2602c5,Budlong Woods Library,station,2015-05-06 23:09:00,41.98366470886,-87.6964225611,divvy_7ee2b3b4dd2602c5,Budlong Woods Library,2015-05-06 23:09:00,41.98366470886,-87.6964225611,True,station,17906,same_key
divvy_7f10e9f5b38483f4,Langley Ave & 79th St,station,2022-05-18 12:44:40,41.75,-87.61,divvy_67037ddfbba28508,Langley Ave & 79th St,2022-05-18 12:44:40,,,,station,58,retained_unlocated
divvy_7f1bed49f39ff700,Burling St & Armitage Ave,station,2025-08-29 11:18:31.004000,41.91808,-87.64728,divvy_7f1bed49f39ff700,Burling St & Armitage Ave,2025-08-29 11:18:31.004000,41.91808,-87.64728,True,station,1819,same_key
divvy_7f2e668fca76767b,Public Rack - Newcastle Ave & Wellington Ave,public_rack,2022-12-11 22:18:42,41.94,-87.8,divvy_759bf488067b7cd3,Public Rack - Newcastle Ave & Wellington Ave,2022-12-11 22:18:42,41.934997,-87.795777,True,public_rack,3,reassigned_or_rekeyed
divvy_7f46843c8a8d018d,Public Rack - 53rd St & Indiana Ave,public_rack,2022-07-31 13:51:53,41.8,-87.62,divvy_45abb1a7d41e6e9c,Public Rack - 53rd St & Indiana Ave,2022-07-31 13:51:53,41.798015,-87.620745,True,public_rack,2,reassigned_or_rekeyed
divvy_7f519efe242a92b9,Stony Island Ave & 86th St,station,2022-05-18 13:24:02,41.74,-87.59,divvy_76f99c01d84f25b3,Stony Island Ave & 86th St,2022-05-18 13:24:02,,,,station,12,retained_unlocated
divvy_7f70a72203d75b67,Kedzie Ave & 104th St,station,2021-04-11 13:09:10,41.7,-87.7,divvy_7375b03a8cd93eb6,Kedzie Ave & 104th St,2021-04-11 13:09:10,41.7037764,-87.7013952,True,station,226,reassigned_or_rekeyed
divvy_7f70acdb8700a013,Manistee Ave & 95th St,station,2024-09-09 08:21:14.887000,41.7226,-87.55692,divvy_7f70acdb8700a013,Manistee Ave & 95th St,2024-09-09 08:21:14.887000,41.7226,-87.55692,True,station,86,same_key
divvy_7f85400c3adb4c0c,California & 16th St,station,2022-02-27 13:28:49,41.86,-87.7,divvy_a1f734f6be153542,California & 16th St,2022-02-27 13:28:49,41.859228,-87.695562,True,station,370,reassigned_or_rekeyed
divvy_7f8cb9991a8befb6,State St & Wacker Dr,station,2013-08-10 12:35:00,41.887155,-87.62775,divvy_7f8cb9991a8befb6,State St & Wacker Dr,2013-08-10 12:35:00,41.887155,-87.62775,True,station,16459,same_key
divvy_7fa8f9ca6c38fe4f,Monitor Ave & Division St,station,2024-05-01 18:34:14,41.90192,-87.77178,divvy_7fa8f9ca6c38fe4f,Monitor Ave & Division St,2024-05-01 18:34:14,41.90192,-87.77178,True,station,321,same_key
divvy_7fba2d7f8c2c1784,Larrabee St & Oak St,station,2015-05-02 16:40:00,41.900381,-87.642002,divvy_7fba2d7f8c2c1784,Larrabee St & Oak St,2015-05-02 16:40:00,41.900381,-87.642002,True,station,181433,same_key
divvy_7fc8af5f81731470,Lavergne Ave & 46th St,station,2023-05-30 18:17:24,41.80934,-87.7478312,divvy_7fc8af5f81731470,Lavergne Ave & 46th St,2021-10-22 17:08:02,41.80934,-87.7478312,True,station,278,same_key
divvy_7fe66e4d9c06191b,Racine Ave & 19th St,station,2014-07-01 07:15:00,41.856453,-87.656471,divvy_7fe66e4d9c06191b,Racine Ave & 19th St,2014-07-01 07:15:00,41.856453,-87.656471,True,station,3924,same_key
divvy_7ff68c2716178d1d,Public Rack - King Dr & 71st St,public_rack,2022-08-06 18:56:06,41.77,-87.62,divvy_b7c29f9c66275d27,Public Rack - King Dr & 71st St,2022-07-11 15:01:20,41.765862,-87.614787,True,public_rack,9,reassigned_or_rekeyed
divvy_7ff9d0e6908a5bef,Spaulding Ave & 16th St,station,2021-07-16 17:41:55,41.86,-87.71,divvy_4a1a85a947d7e2a6,Spaulding Ave & 16th St,2021-07-16 17:41:55,41.8590732,-87.7078929,True,station,377,reassigned_or_rekeyed
divvy_7ffaf333f8070fe9,Public Rack - Legler Regional Library,public_rack,2024-06-16 17:26:09.821000,41.879312,-87.725428,divvy_7ffaf333f8070fe9,Public Rack - Legler Regional Library,2022-06-18 14:36:38,41.879312,-87.725428,True,public_rack,36,same_key
divvy_800265fea460c45c,Franklin St & Washington St,station,2025-07-09 10:34:01.625000,41.88318,-87.63511,divvy_800265fea460c45c,Franklin St & Washington St,2025-07-09 10:34:01.625000,41.88318,-87.63511,True,station,19402,same_key
divvy_800f40d5489ebe6a,Public Rack - Walden Pkwy & 103rd St,public_rack,2022-09-13 15:35:50,41.71,-87.67,divvy_06b63e81d386b40c,Public Rack - Walden Pkwy & 103rd St,2022-09-13 15:35:50,41.706205,-87.668965,True,public_rack,263,reassigned_or_rekeyed
divvy_8019e36bddb58f66,California Ave & Pershing Rd,station,2022-05-22 15:59:05,41.82,-87.7,divvy_a6471d0ffb3848b0,California Ave & Pershing Rd,2022-05-22 15:59:05,,,,station,17,retained_unlocated
divvy_80427b75dd52b04b,Southport Ave & Wellington Ave,station,2013-07-25 17:19:00,41.93577461766458,-87.66360014677048,divvy_80427b75dd52b04b,Southport Ave & Wellington Ave,2013-07-25 17:19:00,41.93577461766458,-87.66360014677048,True,station,297095,same_key
divvy_80619fc4d3eaf761,Public Rack - Michigan Ave & 119th St,public_rack,2023-06-30 20:29:02,41.677934,-87.620754,divvy_80619fc4d3eaf761,Public Rack - Michigan Ave & 119th St,2022-11-07 19:18:38,41.677934,-87.620754,True,public_rack,35,same_key
divvy_806258cab3597cc8,Austin Blvd & Lake St,station,2016-06-14 13:57:00,41.88794379427211,-87.77427345514297,divvy_806258cab3597cc8,Austin Blvd & Lake St,2016-06-14 13:57:00,41.88794379427211,-87.77427345514297,True,station,8817,same_key
divvy_8069ad7379a30b91,Public Rack - Christiana & Lincoln,public_rack,2023-06-04 11:24:47,41.99346,-87.712734,divvy_8069ad7379a30b91,Public Rack - Christiana & Lincoln,2023-05-04 17:02:31,41.99346,-87.712734,True,public_rack,237,same_key
divvy_8084116794ab24f9,Public Rack - Kenneth & Carmen,public_rack,2023-05-04 15:28:47,41.97,-87.74,divvy_2ad7f30f54d9dfa1,Public Rack - Kenneth & Carmen,2023-05-04 15:28:47,41.972642,-87.739239,True,public_rack,3,reassigned_or_rekeyed
divvy_80c26acc25a8f8b0,Rockwell St & Eastwood Ave,station,2015-05-05 15:21:00,41.96590013976,-87.6936384935,divvy_80c26acc25a8f8b0,Rockwell St & Eastwood Ave,2015-05-05 15:21:00,41.96590013976,-87.6936384935,True,station,65555,same_key
divvy_80ccfe64b9bf493a,Damen Ave & 51st St,station,2016-06-21 12:33:00,41.800908,-87.674684,divvy_80ccfe64b9bf493a,Damen Ave & 51st St,2016-06-21 12:33:00,41.800908,-87.674684,True,station,1913,same_key
divvy_80cffc462708ca55,State St & 95th St,station,2020-08-20 13:04:24,41.7218499,-87.6228544,divvy_80cffc462708ca55,State St & 95th St,2020-08-20 13:04:24,41.7218499,-87.6228544,True,station,6311,same_key
divvy_80defc1bd395c1f0,Green St & Madison Ave*,station,2022-11-09 11:06:21,41.88182737657135,-87.64883190393448,divvy_80defc1bd395c1f0,Green St & Madison Ave*,2022-11-09 11:06:21,41.88182737657135,-87.64883190393448,True,station,989,same_key
divvy_80efb7b2fa371fed,Public Rack - Central Ave & George St,public_rack,2023-06-01 17:00:39,41.9326579,-87.7662058,divvy_80efb7b2fa371fed,Public Rack - Central Ave & George St,2022-06-14 12:42:05,41.9326579,-87.7662058,True,public_rack,87,same_key
divvy_80f09f68e98d13d3,Public Rack - Austin Blvd & North Ave,public_rack,2023-05-22 02:08:13,41.909281,-87.775613,divvy_80f09f68e98d13d3,Public Rack - Austin Blvd & North Ave,2022-06-20 21:45:03,41.909281,-87.775613,True,public_rack,335,same_key
divvy_810c8ed406cb9d69,Damen Ave & Coulter St,station,2013-07-24 13:46:00,41.850434,-87.674989,divvy_810c8ed406cb9d69,Damen Ave & Coulter St,2013-07-24 13:46:00,41.850434,-87.674989,True,station,11200,same_key
divvy_810e967b8a921323,Edgebrook Metra,station,2025-03-08 23:56:56.880000,41.99751,-87.76539,divvy_810e967b8a921323,Edgebrook Metra,2025-03-08 23:56:56.880000,41.99751,-87.76539,True,station,1297,same_key
divvy_811104341ff28ebe,Public Rack - Baltimore Ave & 132nd St,public_rack,2023-05-20 12:35:52,41.655201,-87.546942,divvy_7277c6c011f6d111,Public Rack - Baltimore Ave & 132nd St,2022-11-08 12:24:06,41.655201,-87.546942,True,public_rack,31,reassigned_or_rekeyed
divvy_81132a8bcf282ca7,Meade Ave & Diversey Ave,station,2023-06-02 13:44:15,41.93086,-87.77845,divvy_81132a8bcf282ca7,Meade Ave & Diversey Ave,2021-07-27 20:22:00,41.93086,-87.77845,True,station,858,same_key
divvy_811514804e60aef1,Public Rack - Langley Ave & 79th St,public_rack,2023-05-28 11:53:53,41.751103,-87.607432,divvy_811514804e60aef1,Public Rack - Langley Ave & 79th St,2022-09-08 16:20:16,41.751103,-87.607432,True,public_rack,70,same_key
divvy_8137123b38b72bee,Halsted St & 63rd St,station,2022-05-13 11:26:13,41.78,-87.64,divvy_16e6575244d7f0ef,Halsted St & 63rd St,2015-04-25 18:23:00,41.77938114228,-87.6446208145,True,station,31,reassigned_or_rekeyed
divvy_813b6a7b7d0f3b57,Woodlawn & 103rd - Olive Harvey Vaccination Site,station,2021-04-03 09:26:53,41.71,-87.59,divvy_343c2af5d27156df,Woodlawn & 103rd,2021-04-03 09:26:53,41.707338,-87.59399,True,station,234,reassigned_or_rekeyed
divvy_814aa68392c832e2,Ashland Ave & 66th St,station,2016-06-21 20:44:00,41.774074,-87.663815,divvy_814aa68392c832e2,Ashland Ave & 66th St,2016-06-21 20:44:00,41.774074,-87.663815,True,station,1291,same_key
divvy_81579fa88f307b83,Sacramento Blvd & Addison St,station,2023-06-01 01:50:36,41.94609,-87.70298,divvy_81579fa88f307b83,Sacramento Blvd & Addison St,2021-11-23 19:17:52,41.94609,-87.70298,True,station,5962,same_key
divvy_816b5de51424c3a1,Tripp Ave & 15th St,station,2021-07-15 21:17:00,41.86077,-87.73136,divvy_816b5de51424c3a1,Tripp Ave & 15th St,2021-07-15 21:17:00,41.86077,-87.73136,True,station,735,same_key
divvy_816b77473c09a501,Public Rack - Kedvale Ave & Avondale Ave,public_rack,2022-06-14 09:16:37,41.95,-87.73,divvy_4eea6fe78a182ef9,Public Rack - Kedvale Ave & Avondale Ave,2022-06-14 09:16:37,41.952874,-87.731229,True,public_rack,125,reassigned_or_rekeyed
divvy_817b7db0a43794de,Major Ave & Addison St,station,2025-04-02 23:31:53.491000,41.94602,-87.7717,divvy_817b7db0a43794de,Major Ave & Addison St,2025-04-02 23:31:53.491000,41.94602,-87.7717,True,station,187,same_key
divvy_8186141345ccde99,Public Rack - McVicker & 52nd,public_rack,2023-06-02 21:02:00,41.797981,-87.773241,divvy_8186141345ccde99,Public Rack - McVicker & 52nd,2023-05-15 16:14:59,41.797981,-87.773241,True,public_rack,23,same_key
divvy_8192641bfa02c75f,Lamon Ave & Armitage Ave,station,2021-08-05 17:58:13,41.92,-87.75,divvy_9731db89cf243d5b,Lamon Ave & Armitage Ave,2021-08-05 17:58:13,41.91676,-87.749458,True,station,1007,reassigned_or_rekeyed
divvy_81a993dbc9591715,California Ave & 36th St,station,2021-09-29 12:57:28,41.83,-87.69,divvy_68d215924feebfc6,California Ave & 36th St,2021-09-29 12:57:28,41.828098,-87.694684,True,station,287,reassigned_or_rekeyed
divvy_81abe77c7a63af62,Public Rack - Ashland Ave & 74th St,public_rack,2023-05-19 14:16:49,41.7598135,-87.66187491666666,divvy_6242300b8388d4ad,Public Rack - Ashland Ave & 74th St,2022-12-11 11:50:38,41.759735,-87.663736,True,public_rack,2,reassigned_or_rekeyed
divvy_81bc7dc055de25a6,Rockwell & 111th St,station,2022-05-19 17:55:13,41.69,-87.69,divvy_28d4ba55467493f9,Rockwell & 111th St,2022-05-19 17:55:13,,,,station,38,retained_unlocated
divvy_81d7754579cb5236,Public Rack - Menard Ave & Adams Blvd,public_rack,2024-06-02 16:10:19.425000,41.877684,-87.769356,divvy_81d7754579cb5236,Public Rack - Menard Ave & Adams Blvd,2022-09-05 15:27:22,41.877684,-87.769356,True,public_rack,34,same_key
divvy_81da639ac751ff16,Public Rack - Narragansett Ave & Fullerton Ave,public_rack,2022-06-14 23:17:11,41.92,-87.78,divvy_18c8dc247e576fe1,Public Rack - Narragansett Ave & Fullerton Ave,2022-06-14 23:17:11,41.92378,-87.7843998,True,public_rack,64,reassigned_or_rekeyed
divvy_81db95d6b33f7172,Public Rack - Pulaski Rd & 83rd St,public_rack,2023-05-06 19:20:47,41.74,-87.72,divvy_fca2bb147bade8df,Public Rack - Pulaski Rd & 83rd St,2023-05-06 19:20:47,41.7413923,-87.7218231,True,public_rack,9,reassigned_or_rekeyed
divvy_81fb9f564866e9b7,Pulaski Rd & 68th St,station,2024-04-26 15:08:01,41.769499,-87.72279,divvy_81fb9f564866e9b7,Pulaski Rd & 68th St,2024-04-26 15:08:01,41.769499,-87.72279,True,station,405,same_key
divvy_81fc4da54a5840eb,Public Rack - Kostner & Peterson,public_rack,2023-05-03 10:47:04,41.99,-87.74,divvy_b435c9b02afab0a0,Public Rack - Kostner & Peterson,2023-05-03 10:47:04,41.98993,-87.737967,True,public_rack,10,reassigned_or_rekeyed
divvy_820bae373a8e55c8,Public Rack - Cicero Ave & Roscoe St,public_rack,2023-06-01 10:54:06,41.94242925,-87.74713,divvy_820bae373a8e55c8,Public Rack - Cicero Ave & Roscoe St,2022-06-27 17:18:48,41.94242925,-87.74713,True,public_rack,148,same_key
divvy_821251c4d26ff69c,Jeffery Blvd & 67th St,station,2015-04-28 09:47:00,41.77351755125,-87.5771428255,divvy_821251c4d26ff69c,Jeffery Blvd & 67th St,2015-04-28 09:47:00,41.77351755125,-87.5771428255,True,station,12689,same_key
divvy_82131b1d1b07d958,Public Rack - Wabash Ave & 87th St,public_rack,2022-10-07 10:20:10,41.74,-87.62,divvy_c9fdee2d1ebf569d,Public Rack - Wabash Ave & 87th St,2022-10-07 10:20:10,41.736063,-87.622952,True,public_rack,6,reassigned_or_rekeyed
divvy_825996fc6d6943a3,Broadway & Sunnyside Ave,station,2025-08-08 14:29:51.103000,41.963419,-87.656069,divvy_825996fc6d6943a3,Broadway & Sunnyside Ave,2025-08-08 14:29:51.103000,41.963419,-87.656069,True,station,15351,same_key
divvy_8271b524e8e74c5c,Southport Ave & Grace St,station,2025-10-23 12:38:55.197000,41.95155,-87.66404,divvy_8271b524e8e74c5c,Southport Ave & Grace St,2025-10-23 12:38:55.197000,41.95155,-87.66404,True,station,6631,same_key
divvy_828f1c805c7fabaa,Mackinaw Ave & 106th St,station,2022-06-15 01:13:49,41.7,-87.54,divvy_151bbecaeff28309,Mackinaw Ave & 106th St,2022-06-15 01:13:49,,,,station,11,retained_unlocated
divvy_82ad3c18d8bf5201,Legler Regional Library,station,2022-05-12 18:07:40,41.88,-87.73,divvy_f5674d2c12ecb48d,Legler Regional Library,2022-05-12 18:07:40,,,,station,2,retained_unlocated
divvy_82b7f802529d488b,Kedzie Ave & 63rd St,station,2022-05-12 17:55:35,41.78,-87.7,divvy_f35ac2263b57a8f8,Kedzie Ave & 63rd St,2022-05-12 17:55:35,,,,station,75,retained_unlocated
divvy_82e0ca295275be99,Public Rack - Nagel & Higgins,public_rack,2023-06-01 22:02:30,41.976312,-87.78764,divvy_82e0ca295275be99,Public Rack - Nagel & Higgins,2023-05-03 14:53:13,41.976312,-87.78764,True,public_rack,411,same_key
divvy_830a09866628325a,Public Rack - Mason & Archer,public_rack,2023-05-09 13:23:06,41.79,-87.77,divvy_aaed6fbb31826e65,Public Rack - Mason & Archer,2023-05-09 13:23:06,41.79456,-87.77092,True,public_rack,4,reassigned_or_rekeyed
divvy_8310fa7655631fef,Maplewood Ave & 59th St,station,2023-05-26 12:31:34,41.78633,-87.68743,divvy_8310fa7655631fef,Maplewood Ave & 59th St,2021-09-23 13:03:13,41.78633,-87.68743,True,station,631,same_key
divvy_832d0044be522dbe,Public Rack - Cicero & Rosemont,public_rack,2023-07-01 15:37:31,41.995567,-87.74864,divvy_832d0044be522dbe,Public Rack - Cicero & Rosemont,2023-05-04 11:20:23,41.995567,-87.74864,True,public_rack,44,same_key
divvy_833b61addf5a6fad,Cicero Ave & Wellington Ave,station,2024-05-26 08:19:52,41.93515,-87.74636,divvy_833b61addf5a6fad,Cicero Ave & Wellington Ave,2022-05-09 14:54:23,41.93515,-87.74636,True,station,435,same_key
divvy_8340e232077619c3,Buckingham Fountain (Columbus/Balbo),station,2023-09-20 19:05:53,41.870748,-87.623997,divvy_8340e232077619c3,Buckingham Fountain (Columbus/Balbo),2023-09-20 19:05:53,41.870748,-87.623997,True,station,306,same_key
divvy_835dfaf121b4d86c,Public Rack - Homewood Ave & Monterey Ave,public_rack,2024-07-30 16:08:47.008000,41.691691,-87.670161,divvy_835dfaf121b4d86c,Public Rack - Homewood Ave & Monterey Ave,2024-07-30 16:08:47.008000,41.691691,-87.670161,True,public_rack,9,same_key
divvy_837d844316cb783b,Grace St & Central Ave,station,2024-04-18 17:52:51,41.9495327,-87.7672648,divvy_837d844316cb783b,Grace St & Central Ave,2024-04-18 17:52:51,41.9495327,-87.7672648,True,station,895,same_key
divvy_8380d2000a2dbc0e,Humboldt Dr & Luis Munoz Marin Dr,station,2015-07-01 00:21:00,41.900146,-87.702882,divvy_8380d2000a2dbc0e,Humboldt Dr & Luis Munoz Marin Dr,2015-07-01 00:21:00,41.900146,-87.702882,True,station,6980,same_key
divvy_839c98a57a650a81,Public Rack - California & 71st,public_rack,2023-05-05 15:00:53,41.764618,-87.693452,divvy_e14da63845d1a33a,Public Rack - California & 71st,2023-05-05 15:00:53,41.764618,-87.693452,True,public_rack,47,reassigned_or_rekeyed
divvy_83a7bc2072379a58,Kedzie Ave & Montrose Ave,station,2015-05-06 15:46:00,41.96199,-87.708168,divvy_83a7bc2072379a58,Kedzie Ave & Montrose Ave,2015-05-06 15:46:00,41.96199,-87.708168,True,station,2912,same_key
divvy_83c12ef30ff8f796,Public Rack - Cornell Ave & 87th Pl,public_rack,2022-07-19 17:31:31,41.74,-87.58,divvy_fec71507d32ea3dc,Public Rack - Cornell Ave & 87th Pl,2022-07-19 17:31:31,41.73688127,-87.58314552,True,public_rack,23,reassigned_or_rekeyed
divvy_83c560debcbbcc47,Clark/Racine Corral,station,2025-07-02 17:00:07.389000,41.950436,-87.6593212,divvy_83c560debcbbcc47,Clark/Racine Corral,2025-07-02 17:00:07.389000,41.950436,-87.6593212,True,station,3532,same_key
divvy_83eed2da91398dc9,Public Rack - Holbrook St & Milwaukee Ave,public_rack,2023-06-04 13:52:41,41.992273,-87.783303,divvy_83eed2da91398dc9,Public Rack - Holbrook St & Milwaukee Ave,2023-05-07 16:04:55,41.992273,-87.783303,True,public_rack,247,same_key
divvy_8402269987c1780d,Leavitt St & Division St,station,2018-10-25 16:35:09,41.902997,-87.683825,divvy_8402269987c1780d,Leavitt St & Division St,2018-10-25 16:35:09,41.902997,-87.683825,True,station,60876,same_key
divvy_840cc23d666d11e8,Western Ave & Wabansia Ave,station,2025-09-05 13:36:14.989000,41.91208,-87.68752,divvy_840cc23d666d11e8,Western Ave & Wabansia Ave,2025-09-05 13:36:14.989000,41.91208,-87.68752,True,station,5443,same_key
divvy_841fee98b4155c32,Public Rack - Eggleston Ave & 92nd St,public_rack,2024-11-12 17:54:28.831000,41.726182,-87.63466,divvy_841fee98b4155c32,Public Rack - Eggleston Ave & 92nd St,2024-11-12 17:54:28.831000,41.726182,-87.63466,True,public_rack,4,same_key
divvy_8445b8572ea91ba8,Public Rack - Elston Ave & Kenneth Ave,public_rack,2023-06-02 07:11:29,41.9676176,-87.7395673,divvy_8445b8572ea91ba8,Public Rack - Elston Ave & Kenneth Ave,2023-05-02 07:47:56,41.9676176,-87.7395673,True,public_rack,146,same_key
divvy_847920995cf49dd6,Sheffield Ave & Webster Ave,station,2013-09-25 12:07:00,41.92154,-87.653818,divvy_847920995cf49dd6,Sheffield Ave & Webster Ave,2013-09-25 12:07:00,41.92154,-87.653818,True,station,335965,same_key
divvy_847b1f86d21f3567,Western Ave & Lyndale St,station,2025-09-18 17:03:49.531000,41.9226,-87.68772,divvy_847b1f86d21f3567,Western Ave & Lyndale St,2025-09-18 17:03:49.531000,41.9226,-87.68772,True,station,3856,same_key
divvy_84aab923fd1dd11d,Public Rack - West Chatham Park,public_rack,2023-12-19 15:34:18,41.745834,-87.631562,divvy_84aab923fd1dd11d,Public Rack - West Chatham Park,2022-09-18 18:38:10,41.745834,-87.631562,True,public_rack,10,same_key
divvy_84c1955cebc3142c,Public Rack - Green St & 103rd St,public_rack,2023-09-24 05:54:33,41.70665,-87.643422,divvy_84c1955cebc3142c,Public Rack - Green St & 103rd St,2022-09-15 19:00:04,41.70665,-87.643422,True,public_rack,13,same_key
divvy_84c828028dbaf247,Kingsbury St & Erie St,station,2013-06-27 20:57:00,41.8939139,-87.6417358,divvy_84c828028dbaf247,Kingsbury St & Erie St,2013-06-27 20:57:00,41.8939139,-87.6417358,True,station,474949,same_key
divvy_84d7a033f6823ce2,Public Rack - Central Park Ave & Fillmore St,public_rack,2022-07-07 10:11:36,41.87,-87.72,divvy_ebb8c38d460eab3e,Public Rack - Central Park Ave & Fillmore St,2022-07-07 10:11:36,41.8680617,-87.7153897,True,public_rack,18,reassigned_or_rekeyed
divvy_852d4ab2175c93b8,Kildare Ave & Archer Ave,station,2024-07-03 13:39:56.261000,41.800521,-87.730013,divvy_852d4ab2175c93b8,Kildare Ave & Archer Ave,2024-07-03 13:39:56.261000,41.800521,-87.730013,True,station,331,same_key
divvy_85463d0d4c70b01d,Spaulding Ave & North Ave,station,2022-05-09 21:07:49,41.91,-87.71,divvy_2031c07582f7c618,Spaulding Ave & North Ave,2022-05-09 21:07:49,,,,station,79,retained_unlocated
divvy_855054b7fa69dd65,Public Rack - Kedzie Ave & Archer Ave,public_rack,2023-06-01 23:28:40,41.81359,-87.70478,divvy_8f9c879386a75fb6,Public Rack - Kedzie Ave & Archer Ave,2022-08-31 17:25:00,41.81359,-87.70478,True,public_rack,119,reassigned_or_rekeyed
divvy_8551044de9f2f7ac,Public Rack - Elston Ave & Kenneth Ave,public_rack,2023-05-02 07:47:56,41.97,-87.74,divvy_8445b8572ea91ba8,Public Rack - Elston Ave & Kenneth Ave,2023-05-02 07:47:56,41.9676176,-87.7395673,True,public_rack,10,reassigned_or_rekeyed
divvy_856268ba001b2f83,Damen Ave & Wabansia Ave,station,2021-03-25 12:59:51,41.91,-87.68,divvy_7853bb55f0818db8,Damen Ave & Wabansia Ave,2021-03-25 12:59:51,41.91225,-87.67722,True,station,8692,reassigned_or_rekeyed
divvy_85660439787c7171,Harding Ave & Chicago Ave,station,2024-04-19 20:10:18,41.895313,-87.724738,divvy_85660439787c7171,Harding Ave & Chicago Ave,2024-04-19 20:10:18,41.895313,-87.724738,True,station,680,same_key
divvy_85714a8d7a1dc08c,Public Rack - Lowell Ave & Elston Ave,public_rack,2023-06-06 04:09:00,41.96614,-87.737,divvy_85714a8d7a1dc08c,Public Rack - Lowell Ave & Elston Ave,2022-06-15 08:51:57,41.96614,-87.737,True,public_rack,713,same_key
divvy_85b8a412c795f15a,Public Rack - May St & 63rd St,public_rack,2023-08-18 13:24:35,41.77977,-87.652943,divvy_85b8a412c795f15a,Public Rack - May St & 63rd St,2022-11-11 17:39:29,41.77977,-87.652943,True,public_rack,9,same_key
divvy_85c37b553fa02aef,Michigan Ave & Oak St,station,2013-06-27 12:06:00,41.90096039,-87.62377664,divvy_85c37b553fa02aef,Michigan Ave & Oak St,2013-06-27 12:06:00,41.90096039,-87.62377664,True,station,962142,same_key
divvy_85c7d74406f67ba9,Public Rack - Hiawatha Park,public_rack,2023-06-07 13:10:27,41.944068,-87.827302,divvy_7374b299de4d31b8,Public Rack - Hiawatha Park,2022-10-04 15:50:37,41.944068,-87.827302,True,public_rack,26,reassigned_or_rekeyed
divvy_85cebc32c729a8a5,Public Rack - Roscoe St & Osceola Ave,public_rack,2023-06-07 02:45:43,41.942201,-87.813168,divvy_54228a7da6d8020d,Public Rack - Roscoe St & Osceola Ave,2022-09-15 14:06:20,41.942201,-87.813168,True,public_rack,11,reassigned_or_rekeyed
divvy_85d5ec60d83e707c,Ashland Ave & Division St,station,2013-08-16 11:01:00,41.90301,-87.66877,divvy_85d5ec60d83e707c,Ashland Ave & Division St,2013-08-16 11:01:00,41.90301,-87.66877,True,station,426732,same_key
divvy_85f104319da002fc,Public Rack - Kinzua Ave & Devon Ave,public_rack,2023-05-12 22:19:15,42.0,-87.77,divvy_1d17371af6d3ccb8,Public Rack - Kinzua Ave & Devon Ave,2023-05-12 22:19:15,41.9979207,-87.7653719,True,public_rack,2,reassigned_or_rekeyed
divvy_8608c0a8baadbf58,Public Rack - Martin Luther King Dr & 69th St,public_rack,2023-09-22 17:15:03,41.769234,-87.615206,divvy_8608c0a8baadbf58,Public Rack - Martin Luther King Dr & 69th St,2022-09-10 21:30:24,41.769234,-87.615206,True,public_rack,29,same_key
divvy_861aefaaf708f8ba,Richmond St & 59th St,station,2023-06-01 16:33:25,41.78649,-87.69733,divvy_861aefaaf708f8ba,Richmond St & 59th St,2021-09-23 03:39:01,41.78649,-87.69733,True,station,932,same_key
divvy_8620c4e16a5faaab,Oakley Ave & Irving Park Rd,station,2015-05-13 14:22:00,41.95434085219,-87.6860796243,divvy_8620c4e16a5faaab,Oakley Ave & Irving Park Rd,2015-05-13 14:22:00,41.95434085219,-87.6860796243,True,station,51451,same_key
divvy_8625f05d26c292cb,Public Rack - Jeffery Blvd & 81st St,public_rack,2022-07-24 20:52:35,41.75,-87.58,divvy_f9b0be640b6c6dda,Public Rack - Jeffery Blvd & 81st St,2022-07-24 20:41:40,41.74927751,-87.57585394,True,public_rack,4,reassigned_or_rekeyed
divvy_864a0a2559051d61,Public Rack - Halsted St & 113th St,public_rack,2023-05-21 19:14:09,41.68851,-87.642512,divvy_864a0a2559051d61,Public Rack - Halsted St & 113th St,2022-07-25 15:12:15,41.68851,-87.642512,True,public_rack,29,same_key
divvy_865c382d74a9b080,Public Rack - Wells St & Monroe St,public_rack,2026-05-01 16:15:40.516000,41.8806039,-87.63357568,divvy_865c382d74a9b080,Public Rack - Wells St & Monroe St,2026-05-01 16:15:40.516000,41.8806039,-87.63357568,True,public_rack,534,same_key
divvy_866a6c89b301d747,Long Ave & Diversey Ave,station,2024-06-22 10:35:01.778000,41.93104,-87.76124,divvy_866a6c89b301d747,Long Ave & Diversey Ave,2024-06-22 10:35:01.778000,41.93104,-87.76124,True,station,818,same_key
divvy_86941cc6e41b6c31,Sheridan Rd & Loyola Ave,station,2015-05-15 15:10:00,42.00104377979,-87.6611982433,divvy_86941cc6e41b6c31,Sheridan Rd & Loyola Ave,2015-05-15 15:10:00,42.00104377979,-87.6611982433,True,station,96192,same_key
divvy_869d54eedbd24fab,Pulaski Rd & Lake St,station,2016-06-16 15:30:00,41.885409,-87.726491,divvy_869d54eedbd24fab,Pulaski Rd & Lake St,2016-06-16 15:30:00,41.885409,-87.726491,True,station,3626,same_key
divvy_86a341c2f94f659f,Public Rack - Kenneth Ave & 63rd St E,public_rack,2022-09-14 15:16:29,41.78,-87.73,divvy_55a1499331ba66b2,Public Rack - Kenneth Ave & 63rd St E,2022-09-14 15:16:29,41.778411,-87.733387,True,public_rack,19,reassigned_or_rekeyed
divvy_86b06fe65dee14b1,Public Rack - Clark St & Diversey Pkwy (South),public_rack,2026-05-01 20:17:19.018000,41.93256596,-87.6447809,divvy_86b06fe65dee14b1,Public Rack - Clark St & Diversey Pkwy (South),2026-05-01 20:17:19.018000,41.93256596,-87.6447809,True,public_rack,1173,same_key
divvy_86e3f9902ee053f4,Public Rack - Christiana Ave & Bryn Mawr Ave,public_rack,2022-06-15 09:09:00,41.98,-87.71,divvy_db5e9a603b40c74d,Public Rack - Christiana Ave & Bryn Mawr Ave,2022-06-15 09:09:00,41.982838,-87.71233,True,public_rack,46,reassigned_or_rekeyed
divvy_86eb08d86877fd86,Public Rack - Michele Clark Magnet High School,public_rack,2022-07-12 18:07:36,41.87,-87.75,divvy_e67489337b2d7c45,Public Rack - Michele Clark Magnet High School,2022-07-12 18:07:36,41.872849,-87.753432,True,public_rack,22,reassigned_or_rekeyed
divvy_86ee26db0884059a,Paulina St & Division St,station,2025-08-31 19:46:59.939000,41.9035529,-87.6704292,divvy_86ee26db0884059a,Paulina St & Division St,2025-08-31 19:46:59.939000,41.9035529,-87.6704292,True,station,31756,same_key
divvy_87025f8636171647,Public Rack - Bensley Ave & 103rd St,public_rack,2024-07-12 20:35:34.981000,41.7084,-87.56319,divvy_87025f8636171647,Public Rack - Bensley Ave & 103rd St,2022-11-01 18:40:19,41.7084,-87.56319,True,public_rack,16,same_key
divvy_870fd2e9630e72ff,Public Rack - Pulaski Rd & 44th St,public_rack,2022-08-31 05:54:17,41.81,-87.72,divvy_eedcb3c01f6cd9f2,Public Rack - Pulaski Rd & 44th St,2022-08-31 05:54:17,41.8129,-87.7225,True,public_rack,194,reassigned_or_rekeyed
divvy_87188215fc856c43,St. Louis Ave & Balmoral Ave,station,2015-05-17 11:25:00,41.98039423475,-87.7161149615,divvy_87188215fc856c43,St. Louis Ave & Balmoral Ave,2015-05-17 11:25:00,41.98039423475,-87.7161149615,True,station,22521,same_key
divvy_873ebc54b19f597f,Eggleston Ave & 114th St,station,2022-07-23 20:11:57,41.69,-87.63,divvy_1a93ae238d7d86c8,Eggleston Ave & 114th St,2022-07-23 20:11:57,,,,station,4,retained_unlocated
divvy_878793cdf4719b4e,Kilbourn Ave & Roscoe St,station,2023-10-19 14:33:01,41.942722,-87.739557,divvy_878793cdf4719b4e,Kilbourn Ave & Roscoe St,2023-10-19 14:33:01,41.942722,-87.739557,True,station,2287,same_key
divvy_87b10fbebb235a03,Longwood Dr & 111th St,station,2022-06-02 20:28:23,41.69,-87.67,divvy_5a924775a34dc286,Longwood Dr & 111th St,2022-06-02 20:28:23,,,,station,16,retained_unlocated
divvy_87c802c6a21ab572,Public Rack - Austin & Higgins,public_rack,2023-06-15 17:20:23,41.973152,-87.77791,divvy_290e572b48a23880,Public Rack - Austin & Higgins,2023-05-04 08:40:14,41.973152,-87.77791,True,public_rack,60,reassigned_or_rekeyed
divvy_87d3a44d383da6f0,Wells St & Elm St,station,2015-06-16 13:31:00,41.903222,-87.634324,divvy_87d3a44d383da6f0,Wells St & Elm St,2015-06-16 13:31:00,41.903222,-87.634324,True,station,509976,same_key
divvy_87f3239fd18dcbe6,Kildare Ave & Division Ave,station,2022-06-28 23:31:04,41.9,-87.73,divvy_8750436a10053e59,Kildare Ave & Division Ave,2022-06-28 23:31:04,,,,station,8,retained_unlocated
divvy_8813304f91f53ada,Ogden Ave & Chicago Ave,station,2013-06-27 19:34:00,41.896362458,-87.6540612729,divvy_8813304f91f53ada,Ogden Ave & Chicago Ave,2013-06-27 19:34:00,41.896362458,-87.6540612729,True,station,253829,same_key
divvy_881c1a32d50ce5ef,Central Ave & Harrison St,station,2016-06-16 08:59:00,41.872993,-87.764499,divvy_881c1a32d50ce5ef,Central Ave & Harrison St,2016-06-16 08:59:00,41.872993,-87.764499,True,station,2208,same_key
divvy_881cedb4b9d32fad,Winthrop Ave & Lawrence Ave,station,2013-09-05 21:23:00,41.968812,-87.657659,divvy_881cedb4b9d32fad,Winthrop Ave & Lawrence Ave,2013-09-05 21:23:00,41.968812,-87.657659,True,station,129927,same_key
divvy_88360a952da1af34,Public Rack - Western & 83rd,public_rack,2023-06-03 10:04:59,41.74385,-87.682864,divvy_88360a952da1af34,Public Rack - Western & 83rd,2023-05-07 18:44:28,41.74385,-87.682864,True,public_rack,95,same_key
divvy_883eda3d74673268,Halsted St & Willow St,station,2013-08-01 16:24:00,41.913865,-87.648755,divvy_883eda3d74673268,Halsted St & Willow St,2013-08-01 16:24:00,41.913865,-87.648755,True,station,216096,same_key
divvy_885120811cf591f8,Lakefront Trail & Bryn Mawr Ave,station,2015-05-11 17:04:00,41.98404411519213,-87.65228122472763,divvy_885120811cf591f8,Lakefront Trail & Bryn Mawr Ave,2015-05-11 17:04:00,41.98404411519213,-87.65228122472763,True,station,285579,same_key
divvy_8857f8a8a1f88c31,Washtenaw Ave & Madison St,station,2023-07-03 11:17:36,41.881286,-87.69396,divvy_8857f8a8a1f88c31,Washtenaw Ave & Madison St,2021-11-30 14:55:12,41.881286,-87.69396,True,station,405,same_key
divvy_885f74431bbea165,Tuley (Murray) Park,station,2022-05-22 09:46:35,41.73,-87.61,divvy_76868834d8432fe2,Tuley (Murray) Park,2022-05-22 09:46:35,,,,station,4,retained_unlocated
divvy_887de9e0217046fc,Long & Irving Park,station,2023-06-01 08:12:09,41.953038,-87.7621632,divvy_887de9e0217046fc,Long & Irving Park,2021-08-12 16:46:14,41.953038,-87.7621632,True,station,2830,same_key
divvy_8882a1c486aefe29,Halsted St & Fulton St,station,2023-03-16 13:50:39,41.89,-87.65,divvy_a11a1f6bd9201dc7,Halsted St & Fulton St,2023-03-16 13:50:39,41.88672,-87.64729,True,station,2522,reassigned_or_rekeyed
divvy_8897db4aeb8efd7f,California Ave & Touhy Ave - NW,station,2022-05-10 00:18:08,42.01,-87.7,divvy_0babd7dc5017b35d,California Ave & Touhy Ave - NW,2022-05-10 00:18:08,,,,station,30,retained_unlocated
divvy_88a25fb7f2a05ca2,Public Rack - Ashland Orange Line CTA,public_rack,2026-04-08 21:01:34.069000,41.83922899,-87.6656411,divvy_88a25fb7f2a05ca2,Public Rack - Ashland Orange Line CTA,2026-04-08 21:01:34.069000,41.83922899,-87.6656411,True,public_rack,390,same_key
divvy_88a3aa9701d33bb1,Central Ave & Chicago Ave,station,2016-07-24 18:00:27,41.894958,-87.764902,divvy_88a3aa9701d33bb1,Central Ave & Chicago Ave,2016-07-24 18:00:27,41.894958,-87.764902,True,station,5503,same_key
divvy_88a49f3e58ec3f9d,Aberdeen St & 103rd St,station,2024-11-12 18:52:17.911000,41.70704,-87.65022,divvy_88a49f3e58ec3f9d,Aberdeen St & 103rd St,2024-11-12 18:52:17.911000,41.70704,-87.65022,True,station,162,same_key
divvy_88a5a862f221ccb9,Public Rack - Walden Pkwy & 99th St,public_rack,2022-10-06 11:37:49,41.71,-87.67,divvy_a7704d9353f0ba6e,Public Rack - Walden Pkwy & 99th St,2022-10-06 11:37:49,41.71397,-87.667798,True,public_rack,12,reassigned_or_rekeyed
divvy_88b8170eb7eed745,Public Rack - Sheffield Ave & Dickens Ave,public_rack,2026-05-02 09:00:31.508000,41.91999262,-87.65357154,divvy_88b8170eb7eed745,Public Rack - Sheffield Ave & Dickens Ave,2026-05-02 09:00:31.508000,41.91999262,-87.65357154,True,public_rack,264,same_key
divvy_88d9b799224f53ca,Long Ave & Belden Ave,station,2023-06-01 08:36:50,41.92273,-87.76095,divvy_88d9b799224f53ca,Long Ave & Belden Ave,2021-07-22 18:24:39,41.92273,-87.76095,True,station,837,same_key
divvy_88dd2f68692add94,Public Rack - Homan Ave & Roosevelt,public_rack,2023-05-23 09:37:23,41.86649,-87.710786,divvy_88dd2f68692add94,Public Rack - Homan Ave & Roosevelt,2022-09-09 12:55:38,41.86649,-87.710786,True,public_rack,47,same_key
divvy_88e24b47f283efa5,Lawler Ave & 50th St,station,2023-06-06 12:45:53,41.80217,-87.74894,divvy_88e24b47f283efa5,Lawler Ave & 50th St,2021-10-27 11:28:59,41.80217,-87.74894,True,station,873,same_key
divvy_88ea2bc918eda421,Wells St & Huron St,station,2016-01-01 07:41:00,41.8947953,-87.6343743,divvy_88ea2bc918eda421,Wells St & Huron St,2016-01-01 07:41:00,41.8947953,-87.6343743,True,station,459920,same_key
divvy_88ecbd8b942b035a,LaSalle St & Calhoun Pl Corral,station,2025-04-28 12:25:59.460000,41.88288,-87.63251,divvy_88ecbd8b942b035a,LaSalle St & Calhoun Pl Corral,2025-04-28 12:25:59.460000,41.88288,-87.63251,True,station,4132,same_key
divvy_88f36552e32b20a4,Hamilton Ave & 95th St,station,2022-05-22 16:58:05,41.72,-87.68,divvy_365c773060903c61,Hamilton Ave & 95th St,2022-05-22 16:58:05,,,,station,23,retained_unlocated
divvy_88fcf21ea49f1467,Pine Ave & Division St,station,2025-02-09 17:03:46.573000,41.90234,-87.76103,divvy_88fcf21ea49f1467,Pine Ave & Division St,2025-02-09 17:03:46.573000,41.90234,-87.76103,True,station,25,same_key
divvy_89006a49c6e72433,S Wentworth Ave & W 111th St,station,2021-03-23 11:04:36,41.69,-87.63,divvy_379e925d8503011e,S Wentworth Ave & W 111th St,2021-03-23 11:04:36,41.6926176,-87.6280518,True,station,143,reassigned_or_rekeyed
divvy_89494ef516f9f3ac,Albany Ave & Montrose Ave,station,2016-07-01 08:43:18,41.961041,-87.705866,divvy_89494ef516f9f3ac,Albany Ave & Montrose Ave,2016-07-01 08:43:18,41.961041,-87.705866,True,station,36465,same_key
divvy_8952e97a123eddf3,Public Rack - Calumet Ave & 51st St,public_rack,2023-05-24 11:43:06,41.802221,-87.618457,divvy_8952e97a123eddf3,Public Rack - Calumet Ave & 51st St,2022-09-07 08:13:07,41.802221,-87.618457,True,public_rack,406,same_key
divvy_89718c7236502242,Damen Ave & Wicker Park Ave,station,2025-06-25 11:57:36.707000,41.9088152,-87.6771937,divvy_89718c7236502242,Damen Ave & Wicker Park Ave,2025-06-25 11:57:36.707000,41.9088152,-87.6771937,True,station,19615,same_key
divvy_8986b67eb523a810,Avenue J & 112th St,station,2022-05-13 10:46:45,41.69,-87.53,divvy_c9734305f9a672c3,Avenue J & 112th St,2022-05-13 10:46:45,,,,station,8,retained_unlocated
divvy_899a869d91e04d8b,Western Ave & 104th St,station,2020-10-06 14:38:17,41.70458710218908,-87.68120348453522,divvy_899a869d91e04d8b,Western Ave & 104th St,2020-10-06 14:38:17,41.70458710218908,-87.68120348453522,True,station,1844,same_key
divvy_899bbf5d42be09b4,Public Rack - Torrence Ave & 106th St,public_rack,2023-06-27 17:42:51,41.702566,-87.559923,divvy_899bbf5d42be09b4,Public Rack - Torrence Ave & 106th St,2023-06-27 17:42:51,41.702566,-87.559923,True,public_rack,15,same_key
divvy_89ae2a637e52576e,Public Rack - Menard Ave & Grand Ave,public_rack,2022-06-18 21:21:15,41.9197904,-87.7709818,divvy_89ae2a637e52576e,Public Rack - Menard Ave & Grand Ave,2022-06-18 21:21:15,41.9197904,-87.7709818,True,public_rack,191,same_key
divvy_89b5b2a44c9fddaf,Public Rack - Kildare Ave & North Ave,public_rack,2023-06-02 11:08:23,41.909866,-87.73399,divvy_89b5b2a44c9fddaf,Public Rack - Kildare Ave & North Ave,2022-09-16 23:35:13,41.909866,-87.73399,True,public_rack,148,same_key
divvy_89be7e21ffd93937,Public Rack - Springfield & 79th,public_rack,2023-05-08 12:22:38,41.749649,-87.721001,divvy_89be7e21ffd93937,Public Rack - Springfield & 79th,2023-05-08 12:22:38,41.749649,-87.721001,True,public_rack,67,same_key
divvy_89d8d0eae3900b3e,Public Rack - McVicker Ave & Grand Ave,public_rack,2022-06-18 13:06:29,41.92,-87.78,divvy_7612189495bc8239,Public Rack - McVicker Ave & Grand Ave,2022-06-18 13:06:29,41.921251,-87.776662,True,public_rack,16,reassigned_or_rekeyed
divvy_89e308a90cb4d4cb,Clark St & Schiller St,station,2013-09-19 13:02:00,41.907993,-87.631501,divvy_89e308a90cb4d4cb,Clark St & Schiller St,2013-09-19 13:02:00,41.907993,-87.631501,True,station,396904,same_key
divvy_89fa8c360375437b,Southport Ave & Roscoe St,station,2013-08-02 21:34:00,41.943739,-87.66402,divvy_89fa8c360375437b,Southport Ave & Roscoe St,2013-08-02 21:34:00,41.943739,-87.66402,True,station,379701,same_key
divvy_8a047aa600a3c7ee,Sangamon St & 79th St,station,2022-06-07 14:36:17,41.75,-87.65,divvy_086d22f819707513,Sangamon St & 79th St,2022-06-07 14:36:17,,,,station,10,retained_unlocated
divvy_8a187d0d3f6462c1,Wood St & Walnut St,station,2025-10-01 00:29:29.594000,41.886124778383035,-87.67198414416876,divvy_8a187d0d3f6462c1,Wood St & Walnut St,2025-10-01 00:29:29.594000,41.886124778383035,-87.67198414416876,True,station,1887,same_key
divvy_8a5416fa5f93029d,Public Rack - California Ave & Pershing Rd,public_rack,2022-09-08 20:06:26,41.82,-87.7,divvy_5ef842f231aae2bd,Public Rack - California Ave & Pershing Rd,2022-09-08 20:06:26,41.822632,-87.695024,True,public_rack,6,reassigned_or_rekeyed
divvy_8a7076dc46a78447,Kedzie Ave & 48th Pl,station,2023-06-01 14:55:17,41.804758123768394,-87.70421936879356,divvy_8a7076dc46a78447,Kedzie Ave & 48th Pl,2021-09-21 17:55:34,41.804758123768394,-87.70421936879356,True,station,4885,same_key
divvy_8a82c6bbac0bd006,Washtenaw Ave & 63rd St,station,2022-06-12 16:57:27,41.78,-87.69,divvy_12499e17dd4d2070,Washtenaw Ave & 63rd St,2022-06-12 16:57:27,,,,station,24,retained_unlocated
divvy_8a867b38b4083b24,Public Rack - Neva & Foster,public_rack,2023-05-04 22:11:07,41.974849,-87.806023,divvy_2adfab477fba2b38,Public Rack - Neva & Foster,2023-05-04 22:11:07,41.974849,-87.806023,True,public_rack,132,reassigned_or_rekeyed
divvy_8a8c737f9a1d67d0,Kildare Ave & 63rd St,station,2022-05-09 17:47:31,41.78,-87.73,divvy_09b26173e7bf74d8,Kildare Ave & 63rd St,2022-05-09 17:47:31,,,,station,15,retained_unlocated
divvy_8a98942e4ec5050c,Public Rack - Harlem and W. 59th,public_rack,2023-05-25 16:20:39,41.78495,-87.8011,divvy_8a98942e4ec5050c,Public Rack - Harlem and W. 59th,2023-05-25 16:20:39,41.78495,-87.8011,True,public_rack,27,same_key
divvy_8aa3ede88ac95e22,Public Rack - Kingsbury Ave & Blackhawk St,public_rack,2026-05-01 17:21:47.040000,41.90822033,-87.65166629,divvy_8aa3ede88ac95e22,Public Rack - Kingsbury Ave & Blackhawk St,2026-05-01 17:21:47.040000,41.90822033,-87.65166629,True,public_rack,2370,same_key
divvy_8ab6581fdbe43d0f,Public Rack - Lafayette Ave & 119th St,public_rack,2023-09-14 16:42:12,41.677853,-87.623447,divvy_8ab6581fdbe43d0f,Public Rack - Lafayette Ave & 119th St,2023-09-14 16:42:12,41.677853,-87.623447,True,public_rack,15,same_key
divvy_8ad20e38ad99a05d,Public Rack - Houston Ave & 131st St,public_rack,2023-06-23 19:02:20,41.656961,-87.548521,divvy_8ad20e38ad99a05d,Public Rack - Houston Ave & 131st St,2022-12-10 15:58:04,41.656961,-87.548521,True,public_rack,94,same_key
divvy_8ae93f8d7007ee96,Lyft Driver Center Private Rack,station,2021-06-03 18:45:20,41.9,-87.66,divvy_6b65676ec16da8a9,Lyft Driver Center Private Rack,2021-06-03 18:45:20,,,,operational,2,retained_unlocated
divvy_8b02881bd1189eb4,Ravenswood Ave & Roscoe St,station,2026-08-25 17:59:57.452000,41.94334,-87.67383,divvy_8b02881bd1189eb4,Ravenswood Ave & Roscoe St,2026-08-25 17:59:57.452000,41.94334,-87.67383,True,station,108,same_key
divvy_8b0d2b45b43d92c6,Longwood Dr & 95th St,station,2022-05-30 07:54:27,41.72,-87.67,divvy_4829948ec98f488a,Longwood Dr & 95th St,2022-05-30 07:54:27,,,,station,9,retained_unlocated
divvy_8b15181a5ee1b734,Public Rack - Bensley Ave & 103rd St,public_rack,2022-11-01 18:40:19,41.71,-87.56,divvy_87025f8636171647,Public Rack - Bensley Ave & 103rd St,2022-11-01 18:40:19,41.7084,-87.56319,True,public_rack,4,reassigned_or_rekeyed
divvy_8b1e21cd3bd10c79,Morgan St & 87th St,station,2022-05-31 13:54:53,41.74,-87.65,divvy_a8fc1ddb14a36ff4,Morgan St & 87th St,2022-05-31 13:54:53,,,,station,14,retained_unlocated
divvy_8b920a3eb435657a,Public Rack - Maplewood Ave & Chicago Ave,public_rack,2026-04-09 18:05:32.011000,41.892492,-87.691574,divvy_8b920a3eb435657a,Public Rack - Maplewood Ave & Chicago Ave,2026-04-09 18:05:32.011000,41.892492,-87.691574,True,public_rack,154,same_key
divvy_8b9ed7745bf78a67,Ingleside Ave & 79th St,station,2022-06-27 18:56:57,41.75,-87.6,divvy_bade0774597c446a,Ingleside Ave & 79th St,2022-06-27 18:56:57,,,,station,15,retained_unlocated
divvy_8ba2ffe9b0194ac8,Spaulding Ave & 63rd,station,2024-05-16 00:03:57,41.7791655,-87.7056392,divvy_8ba2ffe9b0194ac8,Spaulding Ave & 63rd,2024-05-16 00:03:57,41.7791655,-87.7056392,True,station,311,same_key
divvy_8bb34d13d3f6bcdc,Public Rack - Sawyer Ave & Chicago Ave,public_rack,2022-09-02 15:03:49,41.9,-87.71,divvy_e64d9b259eb3c3f0,Public Rack - Sawyer Ave & Chicago Ave,2022-09-02 15:03:49,41.8954597,-87.7080933,True,public_rack,11,reassigned_or_rekeyed
divvy_8bb7ddc49ec4771b,Public Rack - Washington Park Ct & 51st St,public_rack,2023-05-24 15:12:36,41.8021917,-87.6151444,divvy_8bb7ddc49ec4771b,Public Rack - Washington Park Ct & 51st St,2022-09-01 09:10:50,41.8021917,-87.6151444,True,public_rack,436,same_key
divvy_8bb90b1e53894895,Sacramento Blvd & Fulton St,station,2026-04-27 16:29:56.180000,41.88653,-87.70165,divvy_8bb90b1e53894895,Sacramento Blvd & Fulton St,2026-04-27 16:29:56.180000,41.88653,-87.70165,True,station,502,same_key
divvy_8bbbc0aa1ab75873,Lavergne Ave & 44th St,station,2024-06-17 11:42:20.294000,41.81311,-87.74869,divvy_8bbbc0aa1ab75873,Lavergne Ave & 44th St,2024-06-17 11:42:20.294000,41.81311,-87.74869,True,station,62,same_key
divvy_8c058ba19bcf3448,Francisco Ave & Foster Ave,station,2015-05-14 17:24:00,41.97563272521,-87.7014194389,divvy_8c058ba19bcf3448,Francisco Ave & Foster Ave,2015-05-14 17:24:00,41.97563272521,-87.7014194389,True,station,46438,same_key
divvy_8c13c7653339206e,Public Rack - Claremont Ave & 71st St,public_rack,2023-09-07 16:24:21,41.764585,-87.682253,divvy_8c13c7653339206e,Public Rack - Claremont Ave & 71st St,2022-09-10 02:21:35,41.764585,-87.682253,True,public_rack,5,same_key
divvy_8c1a564d30ab8f8b,Public Rack - The Montessori School of Englewood,public_rack,2023-06-30 00:16:37,41.76766,-87.66781,divvy_8c1a564d30ab8f8b,Public Rack - The Montessori School of Englewood,2023-02-18 04:32:51,41.76766,-87.66781,True,public_rack,34,same_key
divvy_8c1a5a181894bf05,Public Rack - Damen Ave & Division St,public_rack,2026-05-01 18:41:08.828000,41.90328073,-87.67622971,divvy_8c1a5a181894bf05,Public Rack - Damen Ave & Division St,2026-05-01 18:41:08.828000,41.90328073,-87.67622971,True,public_rack,597,same_key
divvy_8c2223f2af24e549,Public Rack - Kedzie Ave & Chicago Ave,public_rack,2022-08-29 23:24:36,41.9,-87.71,divvy_943a3ba8fbed79fd,Public Rack - Kedzie Ave & Chicago Ave,2022-08-29 23:24:36,41.89556,-87.70641,True,public_rack,27,reassigned_or_rekeyed
divvy_8c5759781a31f010,Avers Ave & Archer Ave,station,2022-05-13 13:17:08,41.8,-87.72,divvy_a9fb54887bf40b1e,Avers Ave & Archer Ave,2022-05-13 13:17:08,,,,station,63,retained_unlocated
divvy_8c5d337169ee7be5,Public Rack - Kilpatrick & Elston,public_rack,2023-05-04 08:38:47,41.97,-87.74,divvy_5ca0667208ae1419,Public Rack - Kilpatrick & Elston,2023-05-04 08:38:47,41.970024,-87.74341,True,public_rack,16,reassigned_or_rekeyed
divvy_8c66f63e0ed6e8a3,Public Rack - Milwaukee Ave & Diversey Ave,public_rack,2023-06-01 11:02:32,41.93123,-87.711501,divvy_8c66f63e0ed6e8a3,Public Rack - Milwaukee Ave & Diversey Ave,2022-06-14 11:28:29,41.93123,-87.711501,True,public_rack,1986,same_key
divvy_8c9864a57e2dc235,Public Rack - Halsted St & 76th St,public_rack,2023-05-27 00:58:57,41.756003,-87.64409,divvy_8c9864a57e2dc235,Public Rack - Halsted St & 76th St,2022-11-03 01:24:42,41.756003,-87.64409,True,public_rack,69,same_key
divvy_8ca82b9897af994c,Lafayette Ave & 95th St,station,2022-05-09 17:31:17,41.72,-87.62,divvy_c9239b3522afc6ab,Lafayette Ave & 95th St,2022-05-09 17:31:17,,,,station,195,retained_unlocated
divvy_8caa91843e8e44cc,Public Rack - Parnell Ave & 103rd St,public_rack,2022-10-17 16:59:50,41.71,-87.64,divvy_e3708b21ed79cd48,Public Rack - Parnell Ave & 103rd St,2022-10-17 16:59:50,41.706868,-87.637208,True,public_rack,5,reassigned_or_rekeyed
divvy_8cac9f3fdfcf8e0f,Public Rack - Kedzie Ave & 58th St,public_rack,2023-06-01 19:41:02,41.788263,-87.703576,divvy_987c1c346e8c5238,Public Rack - Kedzie Ave & 58th St,2022-09-11 08:12:35,41.788263,-87.703576,True,public_rack,131,reassigned_or_rekeyed
divvy_8cc314f7966d635b,Public Rack - Ottowa Ave & Touhy Ave,public_rack,2023-05-28 17:41:47,42.0114922,-87.8182017,divvy_8cc314f7966d635b,Public Rack - Ottowa Ave & Touhy Ave,2023-05-11 10:08:29,42.0114922,-87.8182017,True,public_rack,68,same_key
divvy_8cd0d4c977790616,Public Rack - Marquette Rd & 67th St,public_rack,2022-07-11 16:05:59,41.77,-87.61,divvy_3e5898f163e1d420,Public Rack - Marquette Rd & 67th St,2022-07-11 16:05:59,41.773095,-87.612886,True,public_rack,23,reassigned_or_rekeyed
divvy_8cd3ddb924f728ad,Daley Center Plaza Corral,station,2025-05-01 14:06:21.118000,41.8841951,-87.629701,divvy_8cd3ddb924f728ad,Daley Center Plaza Corral,2025-05-01 14:06:21.118000,41.8841951,-87.629701,True,station,327,same_key
divvy_8cda9b7dc17f593a,Eddy/Seminary Corral,station,2025-07-02 17:49:16.111000,41.9461279,-87.6566721,divvy_8cda9b7dc17f593a,Eddy/Seminary Corral,2025-07-02 17:49:16.111000,41.9461279,-87.6566721,True,station,6376,same_key
divvy_8cde84db75e60c69,Kildare Ave & Chicago Ave,station,2023-06-02 13:34:32,41.8954357,-87.7334818,divvy_8cde84db75e60c69,Kildare Ave & Chicago Ave,2021-09-26 13:34:31,41.8954357,-87.7334818,True,station,646,same_key
divvy_8cea6f89bc07fa78,Public Rack - Western Ave & 106th St - West,public_rack,2023-07-07 14:56:20,41.701379,-87.681826,divvy_8cea6f89bc07fa78,Public Rack - Western Ave & 106th St - West,2023-04-09 22:02:26,41.701379,-87.681826,True,public_rack,10,same_key
divvy_8cf414e553235248,Linder Ave & Belmont Ave,station,2022-05-09 19:56:09,41.94,-87.76,divvy_aa95fcb020960e5f,Linder Ave & Belmont Ave,2022-05-09 19:56:09,,,,station,15,retained_unlocated
divvy_8cf7707aac02bf5b,Public Rack - Holbrook St & Milwaukee Ave,public_rack,2023-05-07 16:04:55,41.99,-87.78,divvy_83eed2da91398dc9,Public Rack - Holbrook St & Milwaukee Ave,2023-05-07 16:04:55,41.992273,-87.783303,True,public_rack,9,reassigned_or_rekeyed
divvy_8cfd6b0bd4e066c6,Elizabeth St & Randolph St,station,2023-06-01 04:40:25,41.884336,-87.658902,divvy_8cfd6b0bd4e066c6,Elizabeth St & Randolph St,2023-02-07 07:48:18,41.884336,-87.658902,True,station,69101,same_key
divvy_8d1fcbb2207bdaa8,Public Rack - Lawndale & 63rd St,public_rack,2022-08-30 12:26:30,41.78,-87.71,divvy_c85ad9fbb938735e,Public Rack - Lawndale & 63rd St,2022-08-30 12:26:30,41.777732,-87.713878,True,public_rack,15,reassigned_or_rekeyed
divvy_8d28b519f5cbdc33,Troy St & North Ave,station,2015-05-01 19:50:00,41.90976930169,-87.7052804871,divvy_8d28b519f5cbdc33,Troy St & North Ave,2015-05-01 19:50:00,41.90976930169,-87.7052804871,True,station,54173,same_key
divvy_8d2bf618b2365353,Public Rack - Princeton Ave & 43rd St,public_rack,2023-07-11 19:43:53,41.815883,-87.633718,divvy_8d2bf618b2365353,Public Rack - Princeton Ave & 43rd St,2023-02-14 13:24:43,41.815883,-87.633718,True,public_rack,86,same_key
divvy_8d4136c5a061a55b,Sheffield Ave & Armitage Ave Public Rack,public_rack,2026-02-11 17:09:22.549000,41.917805,-87.653449,divvy_8d4136c5a061a55b,Sheffield Ave & Armitage Ave Public Rack,2026-02-11 17:09:22.549000,41.917805,-87.653449,True,public_rack,6579,same_key
divvy_8d5c339650deb2ab,Public Rack - Spaulding Ave & 71st St,public_rack,2023-07-07 13:27:24,41.7645054,-87.7064722,divvy_8d5c339650deb2ab,Public Rack - Spaulding Ave & 71st St,2023-07-07 13:27:24,41.7645054,-87.7064722,True,public_rack,11,same_key
divvy_8d62c2c002fb7a98,Mozart St & 55th St,station,2024-07-24 13:55:02.842000,41.79375,-87.69472,divvy_8d62c2c002fb7a98,Mozart St & 55th St,2024-07-24 13:55:02.842000,41.79375,-87.69472,True,station,304,same_key
divvy_8da8f5f4dcd4ae99,Oglesby Ave & 105th St,station,2022-08-27 07:10:38,41.7,-87.56,divvy_9ca673f62bc8d30d,Oglesby Ave & 105th St,2022-05-26 10:51:21,,,,station,1,retained_unlocated
divvy_8dac1fb9055e52bd,Clark St & North Ave,station,2013-07-29 12:19:00,41.911974,-87.631942,divvy_8dac1fb9055e52bd,Clark St & North Ave,2013-07-29 12:19:00,41.911974,-87.631942,True,station,303083,same_key
divvy_8dbd645d518dd8e6,Kildare Ave & Washignton Blvd,station,2022-05-11 06:45:01,41.88,-87.73,divvy_23d013dc678915f8,Kildare Ave & Washignton Blvd,2022-05-11 06:45:01,,,,station,7,retained_unlocated
divvy_8dddda0005866ac6,Carpenter St & Huron St,station,2013-06-29 15:54:00,41.894556,-87.653449,divvy_8dddda0005866ac6,Carpenter St & Huron St,2013-06-29 15:54:00,41.894556,-87.653449,True,station,197764,same_key
divvy_8df25bb069eeb28c,Kedzie Ave & Bryn Mawr Ave,station,2015-05-18 19:11:00,41.98222975911517,-87.70888656377792,divvy_8df25bb069eeb28c,Kedzie Ave & Bryn Mawr Ave,2015-05-18 19:11:00,41.98222975911517,-87.70888656377792,True,station,18986,same_key
divvy_8e0175ca92a56c3e,Front Ave & 115th St,station,2026-02-10 15:22:03.220000,41.68577,-87.61248,divvy_8e0175ca92a56c3e,Front Ave & 115th St,2026-02-10 15:22:03.220000,41.68577,-87.61248,True,station,182,same_key
divvy_8e080301d6cf8d9b,Public Rack - Spaulding Ave & North Ave,public_rack,2022-06-15 17:42:04,41.910138,-87.709553,divvy_b3598d578352af2c,Public Rack - Spaulding Ave & North Ave,2022-06-15 17:42:04,41.910138,-87.709553,True,public_rack,1973,reassigned_or_rekeyed
divvy_8e0aa95480b62eec,Kedzie Ave & 57th St,station,2021-10-08 16:20:51,41.79,-87.7,divvy_defb9e0df1839390,Kedzie Ave & 57th St,2021-10-08 16:20:51,41.78983,-87.7031,True,station,1194,reassigned_or_rekeyed
divvy_8e0dfcf085586fb7,Western Ave & 105th St,station,2022-05-17 09:51:30,41.7,-87.68,divvy_90bf916391893fe3,Western Ave & 105th St,2022-05-17 09:51:30,,,,station,28,retained_unlocated
divvy_8e0e08ef3deb5101,Wolcott Ave & Lawrence Ave,station,2013-10-02 11:37:00,41.968641,-87.676335,divvy_8e0e08ef3deb5101,Wolcott Ave & Lawrence Ave,2013-10-02 11:37:00,41.968641,-87.676335,True,station,5894,same_key
divvy_8e1f1b5c4fe64f46,Public Rack - 2302 S Pulaski Rd,public_rack,2023-04-05 14:21:02,41.85,-87.72,divvy_c958d4f7ccd2db89,Public Rack - 2302 S Pulaski Rd,2023-04-05 14:21:02,41.849437,-87.724879,True,public_rack,3,reassigned_or_rekeyed
divvy_8e42ae57b6825dce,Public Rack - Irving Park Rd & Austin Ave,public_rack,2023-05-04 16:34:49,41.95,-87.78,divvy_1b939f6df06c1218,Public Rack - Irving Park Rd & Austin Ave,2023-05-04 16:34:49,41.9531135,-87.777135372,True,public_rack,6,reassigned_or_rekeyed
divvy_8e4b58af4df3ae39,Lavergne Ave & Division St,station,2023-05-13 20:24:47,41.9021077,-87.7508698,divvy_8e4b58af4df3ae39,Lavergne Ave & Division St,2021-09-19 01:43:46,41.9021077,-87.7508698,True,station,665,same_key
divvy_8e4e69cc14de5864,Rockwell St & Fletcher St,station,2023-06-01 06:49:58,41.93885,-87.69299,divvy_8e4e69cc14de5864,Rockwell St & Fletcher St,2021-11-16 12:59:17,41.93885,-87.69299,True,station,13095,same_key
divvy_8e4eefea02281663,Public Rack - Mackinaw Ave & 106th St,public_rack,2023-05-28 23:45:44,41.702557,-87.542728,divvy_8e4eefea02281663,Public Rack - Mackinaw Ave & 106th St,2022-10-20 22:28:03,41.702557,-87.542728,True,public_rack,19,same_key
divvy_8e5001dba70c0f39,North Ave Beach Public Rack - 1,public_rack,2026-08-07 05:47:46.696000,41.922648,-87.629767,divvy_8e5001dba70c0f39,North Ave Beach Public Rack - 1,2026-08-07 05:47:46.696000,41.922648,-87.629767,True,public_rack,21,same_key
divvy_8e569a1900354a37,Public Rack - Milwaukee Ave & Catalpa Ave,public_rack,2023-06-01 15:34:44,41.9772313,-87.7689731,divvy_8e569a1900354a37,Public Rack - Milwaukee Ave & Catalpa Ave,2023-05-05 18:05:35,41.9772313,-87.7689731,True,public_rack,443,same_key
divvy_8e5b43749e0d84ca,Public Rack - Emerald Ave & 43rd St,public_rack,2023-05-26 16:29:50,41.81643,-87.644754,divvy_8e5b43749e0d84ca,Public Rack - Emerald Ave & 43rd St,2022-09-13 00:14:36,41.81643,-87.644754,True,public_rack,582,same_key
divvy_8e5d18384158c51a,Public Rack - Keating & Peterson,public_rack,2023-05-23 16:03:45,41.990159,-87.747183,divvy_8e5d18384158c51a,Public Rack - Keating & Peterson,2023-05-23 16:03:45,41.990159,-87.747183,True,public_rack,669,same_key
divvy_8e7ad916f7c8015f,Public Rack - Central Ave & George St,public_rack,2022-06-14 12:42:05,41.93,-87.77,divvy_80efb7b2fa371fed,Public Rack - Central Ave & George St,2022-06-14 12:42:05,41.9326579,-87.7662058,True,public_rack,83,reassigned_or_rekeyed
divvy_8e7de568c32c5b1a,Public Rack - Rush St & Ohio St,public_rack,2026-05-01 18:44:35.006000,41.89259223,-87.62585969,divvy_8e7de568c32c5b1a,Public Rack - Rush St & Ohio St,2026-05-01 18:44:35.006000,41.89259223,-87.62585969,True,public_rack,1093,same_key
divvy_8ea7382cb5bf63f8,Pulaski Rd & Eddy St,station,2020-01-01 01:12:37,41.946264,-87.731023,divvy_8ea7382cb5bf63f8,Pulaski Rd & Eddy St,2020-01-01 01:12:37,41.946264,-87.731023,True,station,9093,same_key
divvy_8eab88f27c67fc07,Public Rack - Woodlawn Ave & 63rd St N,public_rack,2022-06-04 12:29:38,41.78,-87.6,divvy_1e46cf5d6b77ca30,Public Rack - Woodlawn Ave & 63rd St - NE,2022-06-04 12:29:38,,,,public_rack,265,retained_unlocated
divvy_8eab88f27c67fc07,Public Rack - Woodlawn Ave & 63rd St N,public_rack,2022-06-04 12:29:38,41.78,-87.6,divvy_f81806113e7de54b,Public Rack - Woodlawn Ave & 63rd St N,2022-09-07 14:18:22,41.780621,-87.596033,True,public_rack,288,reassigned_or_rekeyed
divvy_8ec042c0fc129a57,Public Rack - Lake Park Ave & 44th St,public_rack,2023-06-19 12:39:31,41.814697,-87.598006,divvy_8ec042c0fc129a57,Public Rack - Lake Park Ave & 44th St,2023-06-19 12:39:31,41.814697,-87.598006,True,public_rack,12,same_key
divvy_8ee4808cc1f79ebb,Woodlawn Ave & 58th St,station,2023-09-15 12:30:32,41.789381,-87.596479,divvy_8ee4808cc1f79ebb,Woodlawn Ave & 58th St,2023-09-15 12:30:32,41.789381,-87.596479,True,station,49946,same_key
divvy_8ee68c5e95946bdb,Public Rack - Pulaski & 84th,public_rack,2023-05-11 18:01:41,41.739387,-87.721373,divvy_8ee68c5e95946bdb,Public Rack - Pulaski & 84th,2023-05-11 18:01:41,41.739387,-87.721373,True,public_rack,13,same_key
divvy_8eebccbcf7d9ec76,Public Rack - Oleander Ave & Addison St,public_rack,2023-09-05 15:47:13,41.944983,-87.815865,divvy_8eebccbcf7d9ec76,Public Rack - Oleander Ave & Addison St,2022-10-07 08:31:20,41.944983,-87.815865,True,public_rack,6,same_key
divvy_8eef5907831840d4,Public Rack - Neenah & Archer,public_rack,2023-05-17 09:35:30,41.79,-87.79,divvy_747cfbc0fd3afecf,Public Rack - Neenah & Archer,2023-05-17 09:35:30,41.792142,-87.785406,True,public_rack,2,reassigned_or_rekeyed
divvy_8ef9db0f3a7e9a97,Public Rack - The Montessori School of Englewood,public_rack,2023-02-18 04:32:51,41.77,-87.67,divvy_8c1a564d30ab8f8b,Public Rack - The Montessori School of Englewood,2023-02-18 04:32:51,41.76766,-87.66781,True,public_rack,2,reassigned_or_rekeyed
divvy_8efc217db7959fd1,Public Rack - Irving Park Rd & Menard Ave,public_rack,2023-05-06 12:48:58,41.9532339,-87.7721894,divvy_8efc217db7959fd1,Public Rack - Irving Park Rd & Menard Ave,2023-05-06 12:48:58,41.9532339,-87.7721894,True,public_rack,78,same_key
divvy_8f02ab67f6aeda9b,Public Rack - 83rd Pl & Kedzie Ave N,public_rack,2023-05-20 13:53:07,41.74,-87.7,divvy_6267adf3c0c5e6dc,Public Rack - 83rd Pl & Kedzie Ave N,2023-05-20 13:53:07,41.7417227,-87.702287,True,public_rack,2,reassigned_or_rekeyed
divvy_8f148c205e49d0f5,Pittsburgh Ave & Irving Park Rd,station,2024-05-06 15:29:56,41.951997,-87.832958,divvy_8f148c205e49d0f5,Pittsburgh Ave & Irving Park Rd,2024-05-06 15:29:56,41.951997,-87.832958,True,station,144,same_key
divvy_8f666a3eb25ced3d,Indiana Ave & 133rd St,station,2023-06-01 11:34:18,41.6538,-87.61719,divvy_8f666a3eb25ced3d,Indiana Ave & 133rd St,2021-10-21 21:40:52,41.6538,-87.61719,True,station,131,same_key
divvy_8fb3213d7a98251d,Public Rack - Pullman Community Center,public_rack,2022-09-26 09:57:11,41.7,-87.59,divvy_f328cfea2218f333,Public Rack - Pullman Community Center,2022-09-26 09:57:11,41.70428,-87.59313,True,public_rack,10,reassigned_or_rekeyed
divvy_8fb52be4f5337886,Oketo Ave & Addison St,station,2022-02-19 15:01:15,41.95,-87.81,divvy_6a082c025ea77492,Oketo Ave & Addison St,2021-08-25 14:29:06,41.94496,-87.81189,True,station,2,reassigned_or_rekeyed
divvy_8fd1bbef1589fafc,Public Rack - Wabash Ave & Balbo Dr,public_rack,2026-05-01 19:57:44.907000,41.87318756,-87.62619832,divvy_8fd1bbef1589fafc,Public Rack - Wabash Ave & Balbo Dr,2026-05-01 19:57:44.907000,41.87318756,-87.62619832,True,public_rack,545,same_key
divvy_8fd3fc1ce384be57,Sheffield Ave & School St,station,2026-02-19 20:09:16.783000,41.94236,-87.65427,divvy_8fd3fc1ce384be57,Sheffield Ave & School St,2026-02-19 20:09:16.783000,41.94236,-87.65427,True,station,6559,same_key
divvy_8fda10cd86033d61,Public Rack - Pulaski Rd & 5th Ave,public_rack,2022-07-07 07:56:10,41.87,-87.73,divvy_5ffa44db2444306b,Public Rack - Pulaski Rd & 5th Ave,2022-07-07 07:56:10,41.8730082,-87.7252516,True,public_rack,20,reassigned_or_rekeyed
divvy_8ff65e4eb06fd830,Harlem Ave & Irving Park Rd,station,2024-05-09 15:39:42,41.95326,-87.80714,divvy_8ff65e4eb06fd830,Harlem Ave & Irving Park Rd,2024-05-09 15:39:42,41.95326,-87.80714,True,station,1253,same_key
divvy_9008432ea61f5fa6,Burling St & Diversey Pkwy,station,2018-01-01 13:55:40,41.93314,-87.64776,divvy_9008432ea61f5fa6,Burling St & Diversey Pkwy,2018-01-01 13:55:40,41.93314,-87.64776,True,station,206366,same_key
divvy_900a5aa6278aa3d2,Michigan Ave & 71st St,station,2018-11-22 12:21:39,41.765286,-87.621748,divvy_900a5aa6278aa3d2,Michigan Ave & 71st St,2018-11-22 12:21:39,41.765286,-87.621748,True,station,1834,same_key
divvy_900a7d174e9738dd,Clinton St & Tilden St,station,2013-06-27 14:56:00,41.875885,-87.640795,divvy_900a7d174e9738dd,Clinton St & Tilden St,2013-06-27 14:56:00,41.875885,-87.640795,True,station,149052,same_key
divvy_900ec8a1a913d21d,Cottage Grove Ave & 83rd St,station,2016-07-31 11:18:57,41.743441,-87.604836,divvy_900ec8a1a913d21d,Cottage Grove Ave & 83rd St,2016-07-31 11:18:57,41.743441,-87.604836,True,station,4614,same_key
divvy_902a594467c096d8,Public Rack - Homan Ave & 111th St,public_rack,2024-11-13 00:30:31.633000,41.691578,-87.705842,divvy_902a594467c096d8,Public Rack - Homan Ave & 111th St,2022-09-09 22:25:00,41.691578,-87.705842,True,public_rack,7,same_key
divvy_902e3def0b0b65c8,Public Rack - Harvard Ave & 103rd St,public_rack,2023-06-27 21:25:23,41.706863,-87.631674,divvy_902e3def0b0b65c8,Public Rack - Harvard Ave & 103rd St,2022-12-12 15:56:59,41.706863,-87.631674,True,public_rack,13,same_key
divvy_903eca503bc782c9,Public Rack - Ashland Ave & 71st St,public_rack,2023-07-23 12:25:44,41.76577,-87.66433,divvy_903eca503bc782c9,Public Rack - Ashland Ave & 71st St,2022-08-30 15:35:04,41.76577,-87.66433,True,public_rack,81,same_key
divvy_90412ef17cb14d9a,Calumet Ave & 33rd St,station,2013-06-28 09:59:00,41.83472,-87.61797,divvy_90412ef17cb14d9a,Calumet Ave & 33rd St,2013-06-28 09:59:00,41.83472,-87.61797,True,station,131519,same_key
divvy_906712c0f0c9f752,Oakley Ave & Roscoe St,station,2017-01-01 01:10:42,41.942916,-87.685801,divvy_906712c0f0c9f752,Oakley Ave & Roscoe St,2017-01-01 01:10:42,41.942916,-87.685801,True,station,6695,same_key
divvy_9090ad272531d11b,State St & Van Buren St,station,2013-06-28 14:53:00,41.877181,-87.627844,divvy_9090ad272531d11b,State St & Van Buren St,2013-06-28 14:53:00,41.877181,-87.627844,True,station,266615,same_key
divvy_90936ddebaf224ee,Public Rack - Racine Ave & 83rd St,public_rack,2023-09-12 09:42:10,41.743367,-87.653661,divvy_90936ddebaf224ee,Public Rack - Racine Ave & 83rd St,2023-09-12 09:42:10,41.743367,-87.653661,True,public_rack,20,same_key
divvy_90b2ea5f9f25ba18,Public Rack - Norwood Park,public_rack,2023-05-17 18:22:11,41.986604,-87.79394,divvy_90b2ea5f9f25ba18,Public Rack - Norwood Park,2023-05-17 18:22:11,41.986604,-87.79394,True,public_rack,89,same_key
divvy_90e2cd1ea8d66b07,Public Rack - Odell & Talcott,public_rack,2023-05-15 20:02:41,41.98731,-87.81023,divvy_90e2cd1ea8d66b07,Public Rack - Odell & Talcott,2023-05-15 20:02:41,41.98731,-87.81023,True,public_rack,106,same_key
divvy_90f5234cef2d0611,Public Rack - Laramie Ave & Fullerton Ave,public_rack,2022-06-15 21:16:12,41.92,-87.76,divvy_742a548ddedd6ae7,Public Rack - Laramie Ave & Fullerton Ave,2022-06-15 21:16:12,41.9240754,-87.7568589,True,public_rack,194,reassigned_or_rekeyed
divvy_90f5a6fbe37b7c30,Broadway & Belmont Ave,station,2013-09-13 19:01:00,41.940106,-87.645451,divvy_90f5a6fbe37b7c30,Broadway & Belmont Ave,2013-09-13 19:01:00,41.940106,-87.645451,True,station,331176,same_key
divvy_90f67283e24cec41,Public Rack - Menard Ave & Leland Ave,public_rack,2023-11-07 10:24:30,41.965413,-87.772424,divvy_90f67283e24cec41,Public Rack - Menard Ave & Leland Ave,2023-11-07 10:24:30,41.965413,-87.772424,True,public_rack,9,same_key
divvy_91031684b9507b8d,Public Rack - Cicero Ave & Wrightwood Ave,public_rack,2022-06-14 14:42:31,41.93,-87.75,divvy_8c2c8a7841c15313,Public Rack - Cicero Ave & Wrightwood Ave,2022-06-14 14:42:31,41.927944,-87.7466394,True,public_rack,634,reassigned_or_rekeyed
divvy_911438f3df93f17a,St Louis Ave & 51st St,station,2024-11-27 19:41:44.882000,41.80095,-87.71104,divvy_911438f3df93f17a,St Louis Ave & 51st St,2024-11-27 19:41:44.882000,41.80095,-87.71104,True,station,208,same_key
divvy_914c2073d487cc7f,Cottage Grove Ave & 63rd St,station,2015-04-24 09:33:00,41.78053094070882,-87.6059702038765,divvy_914c2073d487cc7f,Cottage Grove Ave & 63rd St,2015-04-24 09:33:00,41.78053094070882,-87.6059702038765,True,station,19992,same_key
divvy_91587bde0ebe78dd,Oak Park & Wellington,station,2021-09-04 17:17:56,41.93,-87.8,divvy_c31647f05fea6242,Oak Park & Wellington,2021-09-04 17:17:56,41.934586,-87.7959613,True,station,740,reassigned_or_rekeyed
divvy_9187a6acbf304e75,Public Rack - Karlov Ave & 26th St,public_rack,2023-06-14 12:56:06,41.844287,-87.727078,divvy_9187a6acbf304e75,Public Rack - Karlov Ave & 26th St,2022-06-30 19:07:33,41.844287,-87.727078,True,public_rack,33,same_key
divvy_91bcd98767c662e7,Public Rack - Maplewood Ave & 47th St,public_rack,2023-06-19 17:19:50,41.808413,-87.688535,divvy_91bcd98767c662e7,Public Rack - Maplewood Ave & 47th St,2022-09-17 06:59:40,41.808413,-87.688535,True,public_rack,53,same_key
divvy_91bd56d63b85a752,Public Rack - Nordica Ave & Higgins Ave,public_rack,2023-05-05 12:19:29,41.98,-87.8,divvy_6f9e062f79a64210,Public Rack - Nordica Ave & Higgins Ave,2023-05-05 12:19:29,41.98012149,-87.80211339,True,public_rack,1,reassigned_or_rekeyed
divvy_91c41d6674950da9,Pine Ave & Division St,station,2024-04-13 10:30:21,41.9019,-87.76389,divvy_91c41d6674950da9,Pine Ave & Division St,2024-04-13 10:30:21,41.9019,-87.76389,True,station,621,same_key
divvy_91c50995b91db46a,Public Rack - Winona St & Elston Ave,public_rack,2023-05-04 08:55:08,41.97,-87.75,divvy_b4ba15db28062d1f,Public Rack - Winona St & Elston Ave,2023-05-04 08:55:08,41.9743427,-87.7503874,True,public_rack,10,reassigned_or_rekeyed
divvy_9201f31147c03f0c,Public Rack - Ottowa Ave & Touhy Ave,public_rack,2023-05-11 10:08:29,42.01,-87.82,divvy_8cc314f7966d635b,Public Rack - Ottowa Ave & Touhy Ave,2023-05-11 10:08:29,42.0114922,-87.8182017,True,public_rack,1,reassigned_or_rekeyed
divvy_92090cf161188026,Public Rack - Kostner & 83rd,public_rack,2023-05-21 14:48:43,41.74,-87.73,divvy_6c7937f3ebd6c376,Public Rack - Kostner & 83rd,2023-05-21 14:48:43,41.742067,-87.731554,True,public_rack,6,reassigned_or_rekeyed
divvy_92183fc2e749d0c1,Public Rack - Newcastle Ave & Belden Ave,public_rack,2023-07-23 19:04:27,41.921017,-87.797388,divvy_92183fc2e749d0c1,Public Rack - Newcastle Ave & Belden Ave,2023-02-25 14:35:43,41.921017,-87.797388,True,public_rack,28,same_key
divvy_92233e6b8a0691e6,Greenview Ave & Diversey Pkwy,station,2013-06-29 19:40:00,41.93258963429789,-87.66593635082245,divvy_92233e6b8a0691e6,Greenview Ave & Diversey Pkwy,2013-06-29 19:40:00,41.93258963429789,-87.66593635082245,True,station,121736,same_key
divvy_9235ae1493a40c57,Ewing Ave & 99th St,station,2022-05-10 20:14:56,41.72,-87.54,divvy_813706e11ee0101d,Ewing Ave & 99th St,2022-05-10 20:14:56,,,,station,2,retained_unlocated
divvy_923ccf0642b510de,Public Rack - Strohacker Park,public_rack,2023-05-31 00:14:28,41.79482,-87.732112,divvy_923ccf0642b510de,Public Rack - Strohacker Park,2022-09-29 10:57:46,41.79482,-87.732112,True,public_rack,44,same_key
divvy_927f581493e6e7cf,Damen Ave & Leland Ave,station,2013-08-22 19:33:00,41.967081,-87.679076,divvy_927f581493e6e7cf,Damen Ave & Leland Ave,2013-08-22 19:33:00,41.967081,-87.679076,True,station,141023,same_key
divvy_92a28c9b0d8d88ef,Halsted St & Diversey Pkwy,station,2013-09-28 11:20:00,41.933666,-87.648959,divvy_92a28c9b0d8d88ef,Halsted St & Diversey Pkwy,2013-09-28 11:20:00,41.933666,-87.648959,True,station,72614,same_key
divvy_92c3db9b300f0e22,Komensky Ave & 47th St,station,2024-06-26 12:22:36.127000,41.80769,-87.72472,divvy_92c3db9b300f0e22,Komensky Ave & 47th St,2024-06-26 12:22:36.127000,41.80769,-87.72472,True,station,704,same_key
divvy_92d7eb45b6e971c6,Public Rack - California Ave & Devon Ave - NW,public_rack,2023-06-04 18:17:09,41.998481,-87.69985,divvy_92d7eb45b6e971c6,Public Rack - California Ave & Devon Ave - NW,2022-06-17 17:26:31,41.998481,-87.69985,True,public_rack,219,same_key
divvy_92e259aec5cd9419,Public Rack - Panama Ave & Forest Preserve Ave,public_rack,2023-06-04 01:35:43,41.943162,-87.82909,divvy_92e259aec5cd9419,Public Rack - Panama Ave & Forest Preserve Ave,2023-05-10 17:42:49,41.943162,-87.82909,True,public_rack,13,same_key
divvy_92f1b0481b41db90,Woodlawn Ave & 55th St,station,2013-08-23 16:14:00,41.795264,-87.596471,divvy_92f1b0481b41db90,Woodlawn Ave & 55th St,2013-08-23 16:14:00,41.795264,-87.596471,True,station,148849,same_key
divvy_930c7ee70bcefafc,Ada St & 119th St,station,2022-08-02 15:13:16,41.68,-87.66,divvy_83299cff5fdf4799,Ada St & 119th St,2022-07-19 21:36:15,,,,station,1,retained_unlocated
divvy_931a3b25de7d035c,Public Rack - Homan Ave & 62nd Pl,public_rack,2023-01-04 17:39:49,41.78,-87.71,divvy_38197c264973489f,Public Rack - Homan Ave & 62nd Pl,2023-01-04 17:39:49,41.779668,-87.707834,True,public_rack,7,reassigned_or_rekeyed
divvy_931bee88f6948153,Public Rack - Halsted St & 95th St - SE,public_rack,2022-09-13 20:36:14,41.72032475,-87.64148791666668,divvy_7ce6ddd6565aeeb7,Public Rack - Halsted St & 95th St - SE,2022-09-13 20:36:14,41.721004,-87.643031,True,public_rack,68,reassigned_or_rekeyed
divvy_933e4dc212880b7e,Penn Elementary School / KIPP Ascend Middle School,station,2022-05-17 15:50:23,41.86,-87.72,divvy_71a5948348553122,Penn Elementary School / KIPP Ascend Middle School,2022-05-17 15:50:23,,,,station,3,retained_unlocated
divvy_934ae163d07030f7,Public Rack - Marshfield Ave & 45th St,public_rack,2022-10-04 09:29:22,41.81,-87.67,divvy_26d3410cb1021535,Public Rack - Marshfield Ave & 45th St,2022-10-04 09:29:22,41.812343,-87.666239,True,public_rack,10,reassigned_or_rekeyed
divvy_935d70ee23d12f79,Public Rack - Pulaski Rd & Flournoy St,public_rack,2023-07-04 21:44:07,41.8724252,-87.7253448,divvy_935d70ee23d12f79,Public Rack - Pulaski Rd & Flournoy St,2022-07-18 22:21:58,41.8724252,-87.7253448,True,public_rack,13,same_key
divvy_935f252d59c99361,Lincoln Ave & Melrose St,station,2023-07-10 16:47:57,41.9406,-87.669435,divvy_935f252d59c99361,Lincoln Ave & Melrose St,2023-07-10 16:47:57,41.9406,-87.669435,True,station,64620,same_key
divvy_9371b60cc3596dcb,Orleans St & Merchandise Mart Plaza,station,2013-07-17 07:56:00,41.888243,-87.63639,divvy_9371b60cc3596dcb,Orleans St & Merchandise Mart Plaza,2013-07-17 07:56:00,41.888243,-87.63639,True,station,501079,same_key
divvy_938b6fb2ef5ef98c,Karlov Ave & Madison St,station,2018-03-21 08:15:14,41.88085,-87.727907,divvy_938b6fb2ef5ef98c,Karlov Ave & Madison St,2018-03-21 08:15:14,41.88085,-87.727907,True,station,2022,same_key
divvy_938c26e4166248f8,Wentworth Ave & 24th St,station,2013-09-05 18:56:00,41.85008369347577,-87.6321405172348,divvy_938c26e4166248f8,Wentworth Ave & 24th St,2013-09-05 18:56:00,41.85008369347577,-87.6321405172348,True,station,45269,same_key
divvy_93d80dabc2e2aa5f,Central Ave & Adams St,station,2022-08-21 14:56:46,41.88,-87.76,divvy_ef994b11a2ac4fcb,Central Ave & Adams St,2022-08-21 14:56:46,,,,station,1,retained_unlocated
divvy_942c0dba95afd3eb,North Ave & New England Ave,station,2023-06-05 16:44:31,41.9092204,-87.7971406,divvy_942c0dba95afd3eb,North Ave & New England Ave,2021-08-31 06:48:00,41.9092204,-87.7971406,True,station,343,same_key
divvy_943a3ba8fbed79fd,Public Rack - Kedzie Ave & Chicago Ave,public_rack,2023-06-27 14:50:48,41.89556,-87.70641,divvy_943a3ba8fbed79fd,Public Rack - Kedzie Ave & Chicago Ave,2022-08-29 23:24:36,41.89556,-87.70641,True,public_rack,290,same_key
divvy_943d77895ba6b4ed,"Public Rack - Senka ""Edward Duke"" Park",public_rack,2022-10-11 17:23:56,41.790565,-87.710992,divvy_69aafd7c62d7b724,"Public Rack - Senka ""Edward Duke"" Park",2022-10-11 17:23:56,41.790565,-87.710992,True,public_rack,17,reassigned_or_rekeyed
divvy_943fbeb6008f74fa,Lawndale Ave & 16th St,station,2023-05-03 16:06:49,41.8591606,-87.7176965,divvy_943fbeb6008f74fa,Lawndale Ave & 16th St,2021-07-11 10:05:49,41.8591606,-87.7176965,True,station,434,same_key
divvy_9445f028dd34b879,Public Rack - Maplewood Ave & 63rd St,public_rack,2023-07-15 20:34:31,41.779343,-87.686763,divvy_9445f028dd34b879,Public Rack - Maplewood Ave & 63rd St,2022-09-22 21:50:34,41.779343,-87.686763,True,public_rack,44,same_key
divvy_9456fc4cba0ca236,California Ave & Lake St,station,2015-04-27 23:09:00,41.88445395657,-87.6962981368,divvy_9456fc4cba0ca236,California Ave & Lake St,2015-04-27 23:09:00,41.88445395657,-87.6962981368,True,station,18113,same_key
divvy_94625c5c1d8ba066,Marshfield Ave & 87th St,station,2022-06-11 13:29:38,41.74,-87.66,divvy_546c9f8154c10085,Marshfield Ave & 87th St,2022-06-11 13:29:38,,,,station,9,retained_unlocated
divvy_94810f94ba0be03c,Public Rack - 83rd St (Avalon Park) Metra,public_rack,2022-09-25 12:34:20,41.74,-87.6,divvy_52eadf3c4d679351,Public Rack - 83rd St (Avalon Park) Metra,2022-09-25 12:34:20,41.743916,-87.598786,True,public_rack,1,reassigned_or_rekeyed
divvy_949f98ca99cc4d14,Keeler Ave & Irving Park Rd,station,2015-05-06 19:32:00,41.953858,-87.73257,divvy_949f98ca99cc4d14,Keeler Ave & Irving Park Rd,2015-05-06 19:32:00,41.953858,-87.73257,True,station,2622,same_key
divvy_94d5fcc8a8180662,Public Rack - Rutherford Ave & Belmont Ave,public_rack,2023-06-08 11:50:45,41.938315,-87.793848,divvy_94d5fcc8a8180662,Public Rack - Rutherford Ave & Belmont Ave,2022-09-10 11:36:53,41.938315,-87.793848,True,public_rack,86,same_key
divvy_94d82932d286d761,Lawndale Ave & 16th St,station,2021-07-11 10:05:49,41.86,-87.72,divvy_943fbeb6008f74fa,Lawndale Ave & 16th St,2021-07-11 10:05:49,41.8591606,-87.7176965,True,station,291,reassigned_or_rekeyed
divvy_94daec4afa51ced3,State St & 29th St,station,2013-08-23 16:52:00,41.8417,-87.62693,divvy_94daec4afa51ced3,State St & 29th St,2013-08-23 16:52:00,41.8417,-87.62693,True,station,19459,same_key
divvy_94f33f1ac5ff2d4c,Laramie Ave & Madison St,station,2016-06-15 11:11:00,41.880207,-87.755337,divvy_94f33f1ac5ff2d4c,Laramie Ave & Madison St,2016-06-15 11:11:00,41.880207,-87.755337,True,station,2809,same_key
divvy_95011e5149e8a1db,Public Rack - Lowell Ave & Elston Ave,public_rack,2022-06-15 08:51:57,41.97,-87.74,divvy_85714a8d7a1dc08c,Public Rack - Lowell Ave & Elston Ave,2022-06-15 08:51:57,41.96614,-87.737,True,public_rack,605,reassigned_or_rekeyed
divvy_9502965889bb1fec,Public Rack - Fullerton Ave & Lavergne Ave,public_rack,2022-07-06 18:05:45,41.92,-87.75,divvy_414c794b0cb6bbce,Public Rack - Fullerton Ave & Lavergne Ave,2022-07-06 18:05:45,41.92398,-87.75195,True,public_rack,62,reassigned_or_rekeyed
divvy_952133ebc5c6eb3d,Piotrowski Park,station,2022-06-01 16:19:58,41.84,-87.73,divvy_9bb5c5d437e91e20,Piotrowski Park,2022-06-01 16:19:58,,,,station,7,retained_unlocated
divvy_952fe4d936585f23,Pulaski Rd & 40th St,station,2022-06-10 14:55:47,41.82,-87.72,divvy_43cbee64fbd92623,Pulaski Rd & 40th St,2022-06-10 14:55:47,,,,station,11,retained_unlocated
divvy_953110c7e5c8a121,Clark/Racine,station,2025-05-16 12:26:52.990000,41.9505,-87.6593,divvy_953110c7e5c8a121,Clark/Racine,2025-05-16 12:26:52.990000,41.9505,-87.6593,True,station,373,same_key
divvy_95432cb7b390107a,Public Rack - Homan & 77th,public_rack,2023-05-26 13:53:19,41.753451,-87.707037,divvy_95432cb7b390107a,Public Rack - Homan & 77th,2023-05-26 13:53:19,41.753451,-87.707037,True,public_rack,14,same_key
divvy_9545a384bfeb4624,Francisco Ave & Hollywood Ave,station,2023-06-01 07:26:10,41.98443,-87.70157,divvy_9545a384bfeb4624,Francisco Ave & Hollywood Ave,2021-11-05 16:35:27,41.98443,-87.70157,True,station,817,same_key
divvy_95526e7e5a58c62c,Park Manor Elementary School,station,2022-06-12 08:50:26,41.77,-87.61,divvy_0577d2ed0eea242a,Park Manor Elementary School,2022-06-12 08:50:26,,,,station,5,retained_unlocated
divvy_95527e8b7637328b,Public Rack - Damen & 87th,public_rack,2023-05-16 12:34:21,41.74,-87.67,divvy_c7fb5a1ec0611615,Public Rack - Damen & 87th,2023-05-16 12:34:21,41.736037,-87.672691,True,public_rack,4,reassigned_or_rekeyed
divvy_958363f26fd84b22,Kildare & Cermak,station,2023-06-02 16:49:23,41.851414,-87.73215,divvy_958363f26fd84b22,Kildare & Cermak,2022-03-03 16:21:09,41.851414,-87.73215,True,station,306,same_key
divvy_959651eb5285f50a,Public Rack - Washtenaw Ave & Superior St,public_rack,2023-06-01 17:55:42,41.894738,-87.695204,divvy_959651eb5285f50a,Public Rack - Washtenaw Ave & Superior St,2022-09-08 23:34:47,41.894738,-87.695204,True,public_rack,4605,same_key
divvy_95a5caf76f64923c,Public Rack - Mason Ave & Archer Ave,public_rack,2023-07-21 00:07:21,41.794199,-87.771388,divvy_95a5caf76f64923c,Public Rack - Mason Ave & Archer Ave,2023-07-21 00:07:21,41.794199,-87.771388,True,public_rack,17,same_key
divvy_95a87dd3587fb7f0,Clark/Eddy,station,2025-05-16 12:37:43.168000,41.9466,-87.6561,divvy_95a87dd3587fb7f0,Clark/Eddy,2025-05-16 12:37:43.168000,41.9466,-87.6561,True,station,1665,same_key
divvy_95b09f7626f8ed57,Yale Ave & 119th St,station,2022-07-10 23:45:49,41.68,-87.63,divvy_f8c1370ccc3e9660,Yale Ave & 119th St,2022-07-10 23:45:49,,,,station,4,retained_unlocated
divvy_95c61180c35beda0,Narragansett & Wrightwood,station,2021-09-09 11:42:24,41.93,-87.79,divvy_a284000b57c8f996,Narragansett & Wrightwood,2021-09-09 11:42:24,41.927294,-87.7852027,True,station,2802,reassigned_or_rekeyed
divvy_95eec659f8681e1b,Public Rack - Buffalo Ave & 89th St,public_rack,2023-05-29 16:54:44,41.73341,-87.54454,divvy_95eec659f8681e1b,Public Rack - Buffalo Ave & 89th St,2022-09-16 13:33:16,41.73341,-87.54454,True,public_rack,34,same_key
divvy_95f1d48d9a5e05ac,Commercial Ave & 97th St,station,2024-08-06 15:04:34.050000,41.71893,-87.55112,divvy_95f1d48d9a5e05ac,Commercial Ave & 97th St,2024-08-06 15:04:34.050000,41.71893,-87.55112,True,station,252,same_key
divvy_95f4a6cd6ef7614e,Hamilton Park,station,2024-07-03 13:10:13.874000,41.76252,-87.63734,divvy_95f4a6cd6ef7614e,Hamilton Park,2022-05-16 06:24:42,41.76252,-87.63734,True,station,223,same_key
divvy_95f810aa1b499680,Public Rack - California Ave & Touhy Ave - SW,public_rack,2022-07-31 19:46:11,42.01,-87.7,divvy_114b9174145d7607,Public Rack - California Ave & Touhy Ave - SW,2022-07-31 19:46:11,42.011867,-87.700407,True,public_rack,19,reassigned_or_rekeyed
divvy_95f93b98cba5ac2e,Orleans St & Elm St,station,2013-06-28 20:54:00,41.902924,-87.637715,divvy_95f93b98cba5ac2e,Orleans St & Elm St,2013-06-28 20:54:00,41.902924,-87.637715,True,station,129366,same_key
divvy_95fb62a1e685377e,Leavitt St & Armitage Ave,station,2013-09-20 14:37:00,41.917805,-87.682437,divvy_95fb62a1e685377e,Leavitt St & Armitage Ave,2013-09-20 14:37:00,41.917805,-87.682437,True,station,124923,same_key
divvy_9611fe0db7627494,Damen Ave & Pierce Ave,station,2013-06-27 21:39:00,41.9093581,-87.6777585,divvy_9611fe0db7627494,Damen Ave & Pierce Ave,2013-06-27 21:39:00,41.9093581,-87.6777585,True,station,481818,same_key
divvy_961c337c533b8f2c,Public Rack - Laflin St & 51st St,public_rack,2022-09-27 00:42:33,41.8,-87.66,divvy_1b9e205f5a030603,Public Rack - Laflin St & 51st St,2022-09-27 00:42:33,41.801354,-87.662076,True,public_rack,6,reassigned_or_rekeyed
divvy_961e1024def5692b,Sacramento Ave & Devon Ave,station,2022-05-09 16:38:25,42.0,-87.7,divvy_c8f3dece36e44219,Sacramento Ave & Devon Ave,2022-05-09 16:38:25,,,,station,40,retained_unlocated
divvy_9623848eee245de2,Ashland Ave & Lake St,station,2013-07-28 15:33:00,41.88592,-87.66717,divvy_9623848eee245de2,Ashland Ave & Lake St,2013-07-28 15:33:00,41.88592,-87.66717,True,station,121408,same_key
divvy_962467bb0183f69f,Lafayette Ave & 87th St - SW,station,2022-06-29 05:17:13,41.74,-87.63,divvy_b53b1dbb82470a46,Lafayette Ave & 87th St - SW,2022-06-29 05:17:13,,,,station,23,retained_unlocated
divvy_9638b6131eef19e8,Christiana Ave & Archer Ave,station,2022-05-11 08:27:33,41.81,-87.71,divvy_e724714396377423,Christiana Ave & Archer Ave,2022-05-11 08:27:33,,,,station,164,retained_unlocated
divvy_965c783788211bb7,Public Rack - Wabash Ave & Chicago Ave,public_rack,2026-05-03 16:59:30.482000,41.89678902,-87.62644291,divvy_965c783788211bb7,Public Rack - Wabash Ave & Chicago Ave,2026-05-03 16:59:30.482000,41.89678902,-87.62644291,True,public_rack,613,same_key
divvy_966f9dc5579baae4,Oak St Beach Public Rack - North,public_rack,2026-07-23 17:47:19.686000,41.9027778,-87.6235803,divvy_966f9dc5579baae4,Oak St Beach Public Rack - North,2026-07-23 17:47:19.686000,41.9027778,-87.6235803,True,public_rack,1578,same_key
divvy_9691e0f79b720057,Western Ave & 24th St,station,2013-09-13 14:55:00,41.84847,-87.685109,divvy_9691e0f79b720057,Western Ave & 24th St,2013-09-13 14:55:00,41.84847,-87.685109,True,station,17664,same_key
divvy_969e14ed2e95deff,Western Ave & 111th St,station,2020-10-10 15:50:19,41.691211034981045,-87.68129736185074,divvy_969e14ed2e95deff,Western Ave & 111th St,2020-10-10 15:50:19,41.691211034981045,-87.68129736185074,True,station,2465,same_key
divvy_969f4285233f541f,Public Rack - Western Ave & 79th St,public_rack,2023-07-15 16:42:44,41.750057,-87.682777,divvy_5f9b273b53d6c444,Public Rack - Western Ave & 79th St,2022-09-16 21:39:58,41.750057,-87.682777,True,public_rack,10,reassigned_or_rekeyed
divvy_96a2a3e6542b205a,Homan Ave & 26th St,station,2024-08-07 12:14:30.202000,41.84425,-87.70983,divvy_96a2a3e6542b205a,Homan Ave & 26th St,2022-06-10 18:56:11,41.84425,-87.70983,True,station,567,same_key
divvy_96aa7d73ca4ecfb0,Kedzie Ave & 58th St,station,2022-05-10 14:51:52,41.79,-87.7,divvy_19fed19876e77c3f,Kedzie Ave & 58th St,2022-05-10 14:51:52,,,,station,90,retained_unlocated
divvy_96b802eb43be6734,Public Rack - Langley Ave & Oakwood Blvd,public_rack,2023-06-14 19:42:17,41.822839,-87.609525,divvy_96b802eb43be6734,Public Rack - Langley Ave & Oakwood Blvd,2022-06-05 19:40:43,41.822839,-87.609525,True,public_rack,272,same_key
divvy_96c0f761667f1e96,Public Rack - Homan & 79th,public_rack,2023-05-07 04:13:05,41.75,-87.71,divvy_c8d764ed5464ed97,Public Rack - Homan & 79th,2023-05-07 04:13:05,41.749855,-87.707507,True,public_rack,6,reassigned_or_rekeyed
divvy_9731db89cf243d5b,Lamon Ave & Armitage Ave,station,2023-06-01 05:51:29,41.91676,-87.749458,divvy_9731db89cf243d5b,Lamon Ave & Armitage Ave,2021-08-05 17:58:13,41.91676,-87.749458,True,station,1109,same_key
divvy_9739ec2cb1f77bc4,Public Rack - Christiana Ave & 111th St,public_rack,2023-01-22 10:12:51,41.69,-87.71,divvy_e9617bfe25011dae,Public Rack - Christiana Ave & 111th St,2022-10-23 11:30:40,41.69137,-87.704809,True,public_rack,2,reassigned_or_rekeyed
divvy_975adae6ca3e97ef,Woodlawn Ave & 103rd St,station,2026-03-21 19:59:12.323000,41.70738,-87.59404,divvy_975adae6ca3e97ef,Woodlawn Ave & 103rd St,2026-03-21 19:59:12.323000,41.70738,-87.59404,True,station,24,same_key
divvy_975c47e52e9a88c4,Public Rack - Ford City Mall,public_rack,2023-05-07 10:16:57,41.757154,-87.741409,divvy_975c47e52e9a88c4,Public Rack - Ford City Mall,2023-05-07 10:16:57,41.757154,-87.741409,True,public_rack,115,same_key
divvy_97605c4675f9f6c7,Racine Ave & 76th,station,2022-09-05 19:58:14,41.76,-87.66,divvy_25bfbd5ce0ba6726,Racine Ave & 76th,2022-05-28 14:42:31,,,,station,2,retained_unlocated
divvy_976c9b293ed713b2,Public Rack - La Moyne Ave and Leamington Ave,public_rack,2023-06-06 23:29:38,41.906866,-87.754447,divvy_976c9b293ed713b2,Public Rack - La Moyne Ave and Leamington Ave,2022-07-22 18:01:45,41.906866,-87.754447,True,public_rack,7,same_key
divvy_9791a37b42e60e28,The Salt Shed,station,2025-08-15 14:13:06.628000,41.90689,-87.65978,divvy_9791a37b42e60e28,The Salt Shed,2025-08-15 14:13:06.628000,41.90689,-87.65978,True,station,9554,same_key
divvy_97a7b303527b7725,Broadway & Cornelia Ave,station,2013-09-19 18:03:00,41.945529,-87.646439,divvy_97a7b303527b7725,Broadway & Cornelia Ave,2013-09-19 18:03:00,41.945529,-87.646439,True,station,404823,same_key
divvy_97ae24d6a302fef2,Public Rack - S. Kilpatrick and W. 79th,public_rack,2023-05-06 15:19:43,41.7493,-87.73958,divvy_97ae24d6a302fef2,Public Rack - S. Kilpatrick and W. 79th,2023-05-06 15:19:43,41.7493,-87.73958,True,public_rack,144,same_key
divvy_97bdda73ace6d4a2,Kedzie Ave & 83rd St,station,2023-11-08 13:24:57,41.742523,-87.702279,divvy_97bdda73ace6d4a2,Kedzie Ave & 83rd St,2023-11-08 13:24:57,41.742523,-87.702279,True,station,409,same_key
divvy_97c0062c71357471,Public Rack - Clifton Ave & Armitage Ave,public_rack,2026-05-03 09:03:12.761000,41.91800358,-87.65627483,divvy_97c0062c71357471,Public Rack - Clifton Ave & Armitage Ave,2026-05-03 09:03:12.761000,41.91800358,-87.65627483,True,public_rack,310,same_key
divvy_97e78fb71b5c8584,Public Rack - Milwaukee Ave & School St,public_rack,2023-06-02 09:34:36,41.940648,-87.726087,divvy_97e78fb71b5c8584,Public Rack - Milwaukee Ave & School St,2022-06-16 17:53:50,41.940648,-87.726087,True,public_rack,550,same_key
divvy_97ea58d238c37032,Public Rack - Devon Ave & Minnehaha Ave (east),public_rack,2023-05-24 16:19:37,41.9974341,-87.7628164,divvy_97ea58d238c37032,Public Rack - Devon Ave & Minnehaha Ave (east),2023-05-24 16:19:37,41.9974341,-87.7628164,True,public_rack,20,same_key
divvy_98356c57aae6a544,Public Rack - Lawndale Ave & Diversey Ave,public_rack,2023-06-01 06:15:10,41.931702,-87.719254,divvy_98356c57aae6a544,Public Rack - Lawndale Ave & Diversey Ave,2022-06-14 14:39:54,41.931702,-87.719254,True,public_rack,959,same_key
divvy_983ae6236aada6c8,Public Rack - Lafayette Ave & 87th St SW,public_rack,2023-08-08 21:02:12,41.736223,-87.626737,divvy_983ae6236aada6c8,Public Rack - Lafayette Ave & 87th St SW,2022-11-07 14:25:45,41.736223,-87.626737,True,public_rack,9,same_key
divvy_984bde0036fea21b,Public Rack - Rush St & Ontario St,public_rack,2026-05-01 17:10:15.325000,41.89310919,-87.62535276,divvy_984bde0036fea21b,Public Rack - Rush St & Ontario St,2026-05-01 17:10:15.325000,41.89310919,-87.62535276,True,public_rack,1326,same_key
divvy_985043ade43a6e03,Public Rack - Lawndale Ave & Roosevelt,public_rack,2023-07-14 12:32:52,41.866225,-87.717918,divvy_985043ade43a6e03,Public Rack - Lawndale Ave & Roosevelt,2023-07-14 12:32:52,41.866225,-87.717918,True,public_rack,14,same_key
divvy_9853c910f4698619,Lake Park Ave & 56th St (temp location),station,2026-07-10 16:09:27.789000,41.79325,-87.58777,divvy_9853c910f4698619,Lake Park Ave & 56th St (temp location),2026-07-10 16:09:27.789000,41.79325,-87.58777,True,station,183,same_key
divvy_987d3ec41fd3a804,Racine Ave & 61st St,station,2016-08-05 06:21:55,41.783189,-87.654372,divvy_987d3ec41fd3a804,Racine Ave & 61st St,2016-08-05 06:21:55,41.783189,-87.654372,True,station,647,same_key
divvy_9892a854be81f337,Broadway & Granville Ave,station,2015-05-11 15:34:00,41.9947796884,-87.6602845349,divvy_9892a854be81f337,Broadway & Granville Ave,2015-05-11 15:34:00,41.9947796884,-87.6602845349,True,station,140605,same_key
divvy_9896b56d6b3a1996,Kedzie Ave & Roosevelt Rd,station,2015-04-27 16:16:00,41.86649278172,-87.7064961757,divvy_9896b56d6b3a1996,Kedzie Ave & Roosevelt Rd,2015-04-27 16:16:00,41.86649278172,-87.7064961757,True,station,6667,same_key
divvy_9898793550039922,Public Rack - Kenmore Ave & Armitage Ave,public_rack,2026-05-02 02:55:47.471000,41.91821172,-87.65452851,divvy_9898793550039922,Public Rack - Kenmore Ave & Armitage Ave,2026-05-02 02:55:47.471000,41.91821172,-87.65452851,True,public_rack,402,same_key
divvy_98a98e6398f64d71,Clark St & Arlington Pl,station,2025-08-29 16:08:04.761000,41.92694,-87.64148,divvy_98a98e6398f64d71,Clark St & Arlington Pl,2025-08-29 16:08:04.761000,41.92694,-87.64148,True,station,28928,same_key
divvy_98d40013b8dc5d5f,Corliss Ave & 103rd St,station,2022-08-16 08:26:55,41.71,-87.6,divvy_16591b71d7c2e661,Corliss Ave & 103rd St,2022-08-16 08:26:55,,,,station,2,retained_unlocated
divvy_98db9140b0786f41,Public Rack - Homan Ave & Lake St,public_rack,2022-09-03 18:47:40,41.88,-87.71,divvy_c95014cfe61588d9,Public Rack - Homan Ave & Lake St,2022-09-03 18:47:40,41.88474,-87.711357,True,public_rack,6,reassigned_or_rekeyed
divvy_98df82f228609d99,Morgan St & Lake St,station,2013-06-28 20:00:00,41.88549170626906,-87.65228927135468,divvy_98df82f228609d99,Morgan St & Lake St,2013-06-28 20:00:00,41.88549170626906,-87.65228927135468,True,station,361892,same_key
divvy_98eac964e13bbfe2,Kosciuszko Park,station,2015-05-01 11:54:00,41.93058537138,-87.7237773635,divvy_98eac964e13bbfe2,Kosciuszko Park,2015-05-01 11:54:00,41.93058537138,-87.7237773635,True,station,50069,same_key
divvy_9913197cc5e47f97,Western Blvd & 48th Pl,station,2016-06-18 16:56:00,41.805661,-87.683392,divvy_9913197cc5e47f97,Western Blvd & 48th Pl,2016-06-18 16:56:00,41.805661,-87.683392,True,station,7032,same_key
divvy_99131dd0cb4bf8b4,Public Rack - Kostner Ave & Lake St,public_rack,2023-07-04 13:38:26,41.885708,-87.735424,divvy_ea3612c675dc819d,Public Rack - Kostner Ave & Lake St,2022-11-04 23:25:40,41.885708,-87.735424,True,public_rack,22,reassigned_or_rekeyed
divvy_9990aabbebee9a72,Clark St & 9th St (AMLI),station,2015-08-26 12:42:00,41.870816,-87.631246,divvy_9990aabbebee9a72,Clark St & 9th St (AMLI),2015-08-26 12:42:00,41.870816,-87.631246,True,station,110784,same_key
divvy_99a431478ae1f864,Kildare Ave & 47th St,station,2021-11-10 15:53:51,41.81,-87.73,divvy_f0e279949b5a9338,Kildare Ave & 47th St,2021-11-10 15:53:51,41.80762,-87.73084,True,station,462,reassigned_or_rekeyed
divvy_99a580a817eb363c,Monticello Ave & Diversey Ave,station,2026-02-13 15:59:43.239000,41.93172,-87.71846,divvy_99a580a817eb363c,Monticello Ave & Diversey Ave,2026-02-13 15:59:43.239000,41.93172,-87.71846,True,station,1659,same_key
divvy_99c900044f8f67bc,Public Rack - St Clair St & Superior St,public_rack,2026-05-01 17:34:37.953000,41.89570279,-87.62331577,divvy_99c900044f8f67bc,Public Rack - St Clair St & Superior St,2026-05-01 17:34:37.953000,41.89570279,-87.62331577,True,public_rack,679,same_key
divvy_99ce4ae5b0616cae,Clark St & Winnemac Ave,station,2020-09-01 07:12:17,41.973304767214,-87.66970217227936,divvy_99ce4ae5b0616cae,Clark St & Winnemac Ave,2020-09-01 07:12:17,41.973304767214,-87.66970217227936,True,station,2684,same_key
divvy_99cf68ccce7f5018,Martin Luther King Dr & 111th St,station,2023-06-01 15:18:35,41.69263895647179,-87.61367386484747,divvy_99cf68ccce7f5018,Martin Luther King Dr & 111th St,2022-06-09 15:19:08,41.69263895647179,-87.61367386484747,True,station,440,same_key
divvy_99dd9f45a02a5c7f,Lamon Ave & Chicago Ave,station,2021-09-15 06:56:22,41.9,-87.75,divvy_00a61f9d83cb6e05,Lamon Ave & Chicago Ave,2021-09-15 06:56:22,41.8950179,-87.7484986,True,station,419,reassigned_or_rekeyed
divvy_99e1069f9b3d3262,Hamlin Ave & Chicago Ave,station,2022-05-13 21:40:55,41.9,-87.72,divvy_1ffa346cae180ac2,Hamlin Ave & Chicago Ave,2022-05-13 21:40:55,,,,station,21,retained_unlocated
divvy_99f9411225de44e0,Public Rack - Central Ave & North Ave,public_rack,2023-08-07 11:04:29,41.909414,-87.765817,divvy_99f9411225de44e0,Public Rack - Central Ave & North Ave,2022-06-15 22:16:43,41.909414,-87.765817,True,public_rack,64,same_key
divvy_99fb420bc11ca056,Rush St & Illinois St,station,2025-09-30 16:09:20.172000,41.89087,-87.62584,divvy_99fb420bc11ca056,Rush St & Illinois St,2025-09-30 16:09:20.172000,41.89087,-87.62584,True,station,13140,same_key
divvy_9a06806dc0a337f2,Public Rack - Cicero Ave & Belle Plaine Ave,public_rack,2023-05-10 17:58:53,41.96,-87.75,divvy_14f634daaf5119b6,Public Rack - Cicero Ave & Belle Plaine Ave,2023-05-10 17:58:53,41.955625,-87.747517,True,public_rack,3,reassigned_or_rekeyed
divvy_9a44be1562310c39,Public Rack - Pulaski Rd & Polk St,public_rack,2022-08-04 22:16:01,41.87,-87.73,divvy_71c10aa4f0d122cc,Public Rack - Pulaski Rd & Polk St,2022-08-04 22:16:01,41.8703637,-87.7252556,True,public_rack,5,reassigned_or_rekeyed
divvy_9a4728b7d5535938,Public Rack - Pulaski Rd & Roosevelt Rd,public_rack,2022-07-06 09:25:23,41.87,-87.72,divvy_50619e8071bf2016,Public Rack - Pulaski Rd & Roosevelt Rd,2022-07-06 09:25:23,41.866103,-87.724463,True,public_rack,32,reassigned_or_rekeyed
divvy_9a563cd8b1e171c9,Public Rack - Western Ave & 116th St,public_rack,2024-09-03 15:54:15.408000,41.6824,-87.681048,divvy_9a563cd8b1e171c9,Public Rack - Western Ave & 116th St,2022-10-11 08:15:27,41.6824,-87.681048,True,public_rack,14,same_key
divvy_9a5e27303b382f9b,Marshfield Ave & Wabansia Ave,station,2025-10-24 16:52:13.152000,41.91218,-87.66888,divvy_9a5e27303b382f9b,Marshfield Ave & Wabansia Ave,2025-10-24 16:52:13.152000,41.91218,-87.66888,True,station,3706,same_key
divvy_9a5ef4d96e12ca60,Public Rack - Stony Island Ave & 86th St,public_rack,2024-10-23 16:37:39.528000,41.738473,-87.585851,divvy_9a5ef4d96e12ca60,Public Rack - Stony Island Ave & 86th St,2024-10-23 16:37:39.528000,41.738473,-87.585851,True,public_rack,5,same_key
divvy_9a80997e4e79653f,Rush St & Hubbard St,station,2015-05-08 14:09:00,41.890173,-87.626185,divvy_9a80997e4e79653f,Rush St & Hubbard St,2015-05-08 14:09:00,41.890173,-87.626185,True,station,247622,same_key
divvy_9a847a04877c2614,Spaulding Ave & Armitage Ave,station,2015-04-30 23:57:00,41.917108034789315,-87.71022096276283,divvy_9a847a04877c2614,Spaulding Ave & Armitage Ave,2015-04-30 23:57:00,41.917108034789315,-87.71022096276283,True,station,96394,same_key
divvy_9a8e79a41f4fb086,Springfield Ave & 80th St,station,2023-12-21 20:16:58,41.74763,-87.71945,divvy_9a8e79a41f4fb086,Springfield Ave & 80th St,2023-12-21 20:16:58,41.74763,-87.71945,True,station,222,same_key
divvy_9a9887d923fe5792,Christiana Ave & Lawrence Ave,station,2015-05-16 20:05:00,41.96835449363,-87.7118306675,divvy_9a9887d923fe5792,Christiana Ave & Lawrence Ave,2015-05-16 20:05:00,41.96835449363,-87.7118306675,True,station,38216,same_key
divvy_9a98e88f94f711a2,Public Rack - Kedzie Ave & Archer Ave,public_rack,2022-08-31 17:25:00,41.81,-87.7,divvy_8f9c879386a75fb6,Public Rack - Kedzie Ave & Archer Ave,2022-08-31 17:25:00,41.81359,-87.70478,True,public_rack,67,reassigned_or_rekeyed
divvy_9aac95a314d35461,Wood St & Cortland St,station,2025-09-25 06:56:29,41.91589,-87.67281,divvy_9aac95a314d35461,Wood St & Cortland St,2025-09-25 06:56:29,41.91589,-87.67281,True,station,5829,same_key
divvy_9ab242429ca5f6f9,Public Rack - California & 82nd,public_rack,2023-05-07 08:48:04,41.745283,-87.692588,divvy_587d6c556d9efa4d,Public Rack - California & 82nd,2023-05-07 08:48:04,41.745283,-87.692588,True,public_rack,7,reassigned_or_rekeyed
divvy_9ab74dd1b3eda593,Harvard Ave & 103rd St,station,2022-06-09 23:19:01,41.71,-87.63,divvy_30bb785fbd10e81a,Harvard Ave & 103rd St,2022-06-09 23:19:01,,,,station,14,retained_unlocated
divvy_9abe2e8aab24f4e0,Public Rack - Baker Ave & 863rd Pl,public_rack,2023-03-14 17:46:57,41.74,-87.55,divvy_0b056a24b152e51f,Public Rack - Baker Ave & 863rd Pl,2023-03-14 17:46:57,41.743346,-87.550582,True,public_rack,1,reassigned_or_rekeyed
divvy_9ac6eafc45e7cf6e,Theater on the Lake Public Rack - North,public_rack,2026-07-24 16:12:37.453000,41.9275216,-87.6307031,divvy_9ac6eafc45e7cf6e,Theater on the Lake Public Rack - North,2026-07-24 16:12:37.453000,41.9275216,-87.6307031,True,public_rack,264,same_key
divvy_9af79a357086dde7,Public Rack - Pulaski Rd & Flournoy St,public_rack,2022-07-18 22:21:58,41.87,-87.73,divvy_935d70ee23d12f79,Public Rack - Pulaski Rd & Flournoy St,2022-07-18 22:21:58,41.8724252,-87.7253448,True,public_rack,10,reassigned_or_rekeyed
divvy_9b05a34ad79645e6,Avenue M & 132nd St,station,2022-05-13 11:26:27,41.66,-87.54,divvy_08e6b4e4ea5f252d,Avenue M & 132nd St,2022-05-13 11:26:27,,,,station,4,retained_unlocated
divvy_9b076dd03e31038a,Sacramento Blvd & Division St,station,2022-06-02 14:40:38,41.91,-87.7,divvy_51cc950b84bd4526,Sacramento Blvd & Division St,2022-06-02 14:40:38,,,,station,2,retained_unlocated
divvy_9b10e969a48db64a,Public Rack - 63rd St and Natoma Ave,public_rack,2023-05-22 23:50:15,41.777927,-87.7875789,divvy_9b10e969a48db64a,Public Rack - 63rd St and Natoma Ave,2023-05-22 23:50:15,41.777927,-87.7875789,True,public_rack,12,same_key
divvy_9b4c8650f1277303,Public Rack - Kimball Ave & Lawrence Ave,public_rack,2023-05-04 20:40:00,41.9679125,-87.7134353,divvy_9b4c8650f1277303,Public Rack - Kimball Ave & Lawrence Ave,2023-05-04 20:40:00,41.9679125,-87.7134353,True,public_rack,590,same_key
divvy_9b96eb11176d4b3e,Public Rack - Oketo & Northwest Hwy,public_rack,2023-08-17 14:44:49,42.000333,-87.812447,divvy_9b96eb11176d4b3e,Public Rack - Oketo & Northwest Hwy,2023-05-13 12:28:50,42.000333,-87.812447,True,public_rack,57,same_key
divvy_9ba104c96715b05b,Ashland Ave & 76th St,station,2022-05-12 20:12:23,41.76,-87.66,divvy_0a49c3e54a7d8a8a,Ashland Ave & 76th St,2022-05-12 20:12:23,,,,station,15,retained_unlocated
divvy_9ba838cf862a3bf6,Cicero Ave & Lake St,station,2016-06-17 17:42:00,41.886841,-87.745261,divvy_9ba838cf862a3bf6,Cicero Ave & Lake St,2016-06-17 17:42:00,41.886841,-87.745261,True,station,2762,same_key
divvy_9bbaddcf2b27d518,State St & 76th St,station,2016-06-24 17:53:00,41.756971,-87.624621,divvy_9bbaddcf2b27d518,State St & 76th St,2016-06-24 17:53:00,41.756971,-87.624621,True,station,1488,same_key
divvy_9bd73c3f53282409,Public Rack - Racine Ave & 109th Pl,public_rack,2022-09-07 23:08:16,41.69,-87.65,divvy_52477c6fdab4e81a,Public Rack - Racine Ave & 109th Pl,2022-09-07 23:08:16,41.694835,-87.653041,True,public_rack,444,reassigned_or_rekeyed
divvy_9c2149f8f34f4103,N Southport Ave & W Newport Ave,station,2023-06-01 09:31:09,41.944019,-87.663975,divvy_9c2149f8f34f4103,N Southport Ave & W Newport Ave,2021-01-13 18:54:31,41.944019,-87.663975,True,station,10292,same_key
divvy_9c48ccd93dc3b812,Shore Dr & 55th St,station,2013-08-23 16:20:00,41.795212,-87.580715,divvy_9c48ccd93dc3b812,Shore Dr & 55th St,2013-08-23 16:20:00,41.795212,-87.580715,True,station,238712,same_key
divvy_9c5411c3bc9f4feb,Rush St & Superior St,station,2015-05-09 12:45:00,41.89576474564,-87.6259080327,divvy_9c5411c3bc9f4feb,Rush St & Superior St,2015-05-09 12:45:00,41.89576474564,-87.6259080327,True,station,321457,same_key
divvy_9c5481eb0b5806ae,Public Rack - Eggleston Ave & 115th St,public_rack,2022-09-16 15:03:55,41.68,-87.63,divvy_030aa79a8dbf4211,Public Rack - Eggleston Ave & 115th St,2022-09-16 15:03:55,41.68497,-87.633848,True,public_rack,2,reassigned_or_rekeyed
divvy_9c5567f87e2b8742,Dauphin Ave & 103rd St,station,2020-08-22 01:56:37,41.7072503677818,-87.60766267776489,divvy_9c5567f87e2b8742,Dauphin Ave & 103rd St,2020-08-22 01:56:37,41.7072503677818,-87.60766267776489,True,station,1191,same_key
divvy_9c7a615353df9f45,Public Rack - Western Ave & 118th St,public_rack,2023-05-13 17:09:14,41.678349,-87.680919,divvy_2c2a93d487bffa0b,Public Rack - Western Ave & 118th St,2022-09-24 13:52:36,41.678349,-87.680919,True,public_rack,53,reassigned_or_rekeyed
divvy_9c8862d003e06554,Sacramento Ave & Lyndale St,station,2025-09-17 14:26:30.697000,41.92235,-87.70241,divvy_9c8862d003e06554,Sacramento Ave & Lyndale St,2025-09-17 14:26:30.697000,41.92235,-87.70241,True,station,3486,same_key
divvy_9cacbb3a476daf5d,Clark St & Ida B Wells Dr,station,2013-06-28 08:25:00,41.8759326655,-87.6305845355,divvy_9cacbb3a476daf5d,Clark St & Ida B Wells Dr,2013-06-28 08:25:00,41.8759326655,-87.6305845355,True,station,241634,same_key
divvy_9cb35a79d94f663c,Public Rack - Neenah & Dakin,public_rack,2023-05-11 00:01:26,41.95,-87.79,divvy_767bba906e8a911a,Public Rack - Neenah & Dakin,2023-05-11 00:01:26,41.951708,-87.790746,True,public_rack,3,reassigned_or_rekeyed
divvy_9cb9af33434bf427,Public Rack - Clybourn Ave & Dickens Ave,public_rack,2026-05-02 14:40:50.092000,41.91908084,-87.66107185,divvy_9cb9af33434bf427,Public Rack - Clybourn Ave & Dickens Ave,2026-05-02 14:40:50.092000,41.91908084,-87.66107185,True,public_rack,799,same_key
divvy_9cc4165de6f5e0a1,Aberdeen St & Monroe St (Madison St),station,2015-07-01 05:34:00,41.880419,-87.655519,divvy_9cc4165de6f5e0a1,Aberdeen St & Monroe St (Madison St),2015-07-01 05:34:00,41.880419,-87.655519,True,station,12754,same_key
divvy_9cd584a5da84ac6d,Public Rack - Peterson Ave & Bernard Ave,public_rack,2022-07-21 10:53:53,41.99,-87.72,divvy_a0557087b6b9eb0a,Public Rack - Peterson Ave & Bernard Ave,2022-07-21 10:53:53,41.990234,-87.715634,True,public_rack,14,reassigned_or_rekeyed
divvy_9cdfd9a56b62e865,Public Rack - California Ave & Devon Ave - NE,public_rack,2023-05-22 18:49:04,41.99826,-87.699481,divvy_9cdfd9a56b62e865,Public Rack - California Ave & Devon Ave - NE,2022-06-20 10:56:38,41.99826,-87.699481,True,public_rack,454,same_key
divvy_9ce8ac747f7fa501,Wells St & Concord Ln,station,2013-09-14 14:51:00,41.912133,-87.634656,divvy_9ce8ac747f7fa501,Wells St & Concord Ln,2013-09-14 14:51:00,41.912133,-87.634656,True,station,700456,same_key
divvy_9cec86fafd3b112a,Public Rack - California Ave & Devon Ave - NE,public_rack,2022-06-20 10:56:38,42.0,-87.7,divvy_9cdfd9a56b62e865,Public Rack - California Ave & Devon Ave - NE,2022-06-20 10:56:38,41.99826,-87.699481,True,public_rack,93,reassigned_or_rekeyed
divvy_9d347394c890bd04,Public Rack - Michigan Ave & 102nd St,public_rack,2024-11-12 21:27:59.265000,41.7083,-87.61984,divvy_9d347394c890bd04,Public Rack - Michigan Ave & 102nd St,2023-04-03 14:08:48,41.7083,-87.61984,True,public_rack,5,same_key
divvy_9d4d4ffc949bc355,Pullman - Planet Fitness,station,2022-05-30 21:10:11,41.7,-87.6,divvy_71fb779764e12cd3,Pullman - Planet Fitness,2022-05-30 21:10:11,,,,station,8,retained_unlocated
divvy_9d544cf8747b63e8,Public Rack - Sawyer Ave & Lawrence Ave,public_rack,2022-06-16 18:41:41,41.97,-87.71,divvy_e8f7b9539f4511bc,Public Rack - Sawyer Ave & Lawrence Ave,2022-06-16 18:41:41,41.9683,-87.709435,True,public_rack,152,reassigned_or_rekeyed
divvy_9d6c32f5ea395291,Kimball Ave & Belmont Ave,station,2015-05-02 13:39:00,41.93939395344302,-87.71206766366959,divvy_9d6c32f5ea395291,Kimball Ave & Belmont Ave,2015-05-02 13:39:00,41.93939395344302,-87.71206766366959,True,station,55784,same_key
divvy_9d8cc78cc8bba15b,South Shore High School,station,2022-07-30 15:11:47,41.76,-87.58,divvy_402caed43983eb90,South Shore High School,2022-07-30 15:11:47,,,,station,2,retained_unlocated
divvy_9d97ac695fef7438,Public Rack - Vincennes Ave & 77th St,public_rack,2023-06-15 09:29:07,41.75702837,-87.56497151,divvy_9d97ac695fef7438,Public Rack - Vincennes Ave & 77th St,2022-07-16 01:59:08,41.75702837,-87.56497151,True,public_rack,33,same_key
divvy_9dc03b10d55f58e2,Public Rack - Hamlin Ave & Fullerton Ave,public_rack,2023-06-03 23:30:09,41.924319,-87.721446,divvy_9dc03b10d55f58e2,Public Rack - Hamlin Ave & Fullerton Ave,2022-06-14 15:51:27,41.924319,-87.721446,True,public_rack,1696,same_key
divvy_9df06f46af016f2e,N Southport Ave & W Newport Ave,station,2021-01-13 18:54:31,41.94,-87.66,divvy_9c2149f8f34f4103,N Southport Ave & W Newport Ave,2021-01-13 18:54:31,41.944019,-87.663975,True,station,3618,reassigned_or_rekeyed
divvy_9e53e8515cbcabc6,Public Rack - Mulligan & Northwest Hwy,public_rack,2023-07-22 10:54:23,41.985317,-87.786721,divvy_9e53e8515cbcabc6,Public Rack - Mulligan & Northwest Hwy,2023-07-22 10:54:23,41.985317,-87.786721,True,public_rack,101,same_key
divvy_9e5d491b6ce904ac,Central Park & Augusta Blvd,station,2021-10-07 19:51:23,41.9,-87.72,divvy_5a1ae7bdd20d465c,Central Park & Augusta Blvd,2021-10-07 19:51:23,41.8989108,-87.7164901,True,station,445,reassigned_or_rekeyed
divvy_9e856fb350c04c32,Public Rack - Plainfield Ave & Irving Park Rd,public_rack,2023-05-10 13:56:06,41.95,-87.83,divvy_aed4110adfb00400,Public Rack - Plainfield Ave & Irving Park Rd,2023-05-10 13:56:06,41.952133,-87.833817,True,public_rack,2,reassigned_or_rekeyed
divvy_9e87f875e61fa749,Karlov Ave & Milwaukee Ave,station,2022-05-19 14:19:58,41.94,-87.73,divvy_f69714cc67ce501b,Karlov Ave & Milwaukee Ave,2022-05-19 14:19:58,,,,station,7,retained_unlocated
divvy_9e9495b9d5f07810,Public Rack - Avers & Lawrence,public_rack,2023-05-04 08:50:29,41.96842,-87.72446,divvy_9e9495b9d5f07810,Public Rack - Avers & Lawrence,2023-05-04 08:50:29,41.96842,-87.72446,True,public_rack,648,same_key
divvy_9e9d522489ef3f4c,Public Rack - Kedzie Ave & 61st Pl W,public_rack,2023-06-11 04:26:28,41.78201,-87.7034,divvy_9e9d522489ef3f4c,Public Rack - Kedzie Ave & 61st Pl W,2022-09-13 12:36:03,41.78201,-87.7034,True,public_rack,48,same_key
divvy_9e9f207da3c61e3f,Ogden Ave & Race Ave,station,2013-07-28 09:47:00,41.891795,-87.658751,divvy_9e9f207da3c61e3f,Ogden Ave & Race Ave,2013-07-28 09:47:00,41.891795,-87.658751,True,station,203283,same_key
divvy_9ebff28566c5c14f,900 W Harrison St,station,2013-08-06 17:13:00,41.874754,-87.649807,divvy_9ebff28566c5c14f,900 W Harrison St,2013-08-06 17:13:00,41.874754,-87.649807,True,station,188708,same_key
divvy_9ef2699e75be4920,Exchange Ave & 79th St,station,2016-07-29 20:38:40,41.75211500633265,-87.55200700025293,divvy_9ef2699e75be4920,Exchange Ave & 79th St,2016-07-29 20:38:40,41.75211500633265,-87.55200700025293,True,station,4100,same_key
divvy_9f0104c64428100d,Cornell Ave & Hyde Park Blvd,station,2015-04-17 09:53:00,41.802406,-87.586924,divvy_9f0104c64428100d,Cornell Ave & Hyde Park Blvd,2015-04-17 09:53:00,41.802406,-87.586924,True,station,149310,same_key
divvy_9f10c6950b0280d2,Public Rack - Kenneth Ave & 63rd St W,public_rack,2022-11-19 19:40:31,41.78,-87.73,divvy_dd96eeadb9f33c5e,Public Rack - Kenneth Ave & 63rd St W,2022-11-19 19:40:31,41.778404,-87.733951,True,public_rack,8,reassigned_or_rekeyed
divvy_9f14a9502118e7db,Public Rack - Grand Ave & Lawndale Ave,public_rack,2024-10-08 07:51:27.566000,41.9035,-87.7204,divvy_9f14a9502118e7db,Public Rack - Grand Ave & Lawndale Ave,2022-08-31 11:48:40,41.9035,-87.7204,True,public_rack,4,same_key
divvy_9f2606d4f715adf5,Albany Ave & Bloomingdale Ave,station,2015-05-06 15:36:00,41.91402671273,-87.705126462,divvy_9f2606d4f715adf5,Albany Ave & Bloomingdale Ave,2015-05-06 15:36:00,41.91402671273,-87.705126462,True,station,102200,same_key
divvy_9f2bf74ede38dd1d,Public Rack - Christiana Ave & Archer Ave,public_rack,2023-06-06 22:32:34,41.81175,-87.707577,divvy_488b0ea7c2490a09,Public Rack - Christiana Ave & Archer Ave,2022-09-06 13:41:23,41.81175,-87.707577,True,public_rack,50,reassigned_or_rekeyed
divvy_9f2f6f02d1fc48ab,Newcastle Ave & Belden Ave,station,2022-05-11 14:49:15,41.92,-87.8,divvy_78adf50f211ae233,Newcastle Ave & Belden Ave,2022-05-11 14:49:15,,,,station,142,retained_unlocated
divvy_9f524b44b2bd36c7,Francisco Ave & Chicago Ave,station,2023-04-27 18:04:56,41.9,-87.7,divvy_454d1b88f1da8260,Francisco Ave & Chicago Ave,2023-04-27 18:04:56,41.895745,-87.698653,True,station,4,reassigned_or_rekeyed
divvy_9f68c9a265318ab6,Oakley Ave & Lyndale St,station,2025-10-31 18:54:33.701000,41.92261,-87.68513,divvy_9f68c9a265318ab6,Oakley Ave & Lyndale St,2025-10-31 18:54:33.701000,41.92261,-87.68513,True,station,6093,same_key
divvy_9f7114e0faabaa40,Damen Ave & 74th St,station,2022-05-07 18:20:23,41.759274039331224,-87.67363429069519,divvy_9f7114e0faabaa40,Damen Ave & 74th St,2022-05-07 18:20:23,41.759274039331224,-87.67363429069519,True,station,527,same_key
divvy_9f9937a8be912604,Public Rack - Morgan St & 87th St,public_rack,2023-05-22 16:37:18,41.73577,-87.648133,divvy_9f9937a8be912604,Public Rack - Morgan St & 87th St,2022-11-22 13:55:18,41.73577,-87.648133,True,public_rack,17,same_key
divvy_9fa9a125ac196d96,Lake/Morgan Corral,station,2026-06-23 17:18:25.685000,41.8854978,-87.6523157,divvy_9fa9a125ac196d96,Lake/Morgan Corral,2026-06-23 17:18:25.685000,41.8854978,-87.6523157,True,station,456,same_key
divvy_9fd4f5696a7ffc51,Western Ave & Howard St,station,2016-07-09 10:04:40,42.018901,-87.690048,divvy_9fd4f5696a7ffc51,Western Ave & Howard St,2016-07-09 10:04:40,42.018901,-87.690048,True,station,18116,same_key
divvy_9fd5e7c78544e047,Wells St & 19th St,station,2013-08-23 13:47:00,41.856802,-87.633879,divvy_9fd5e7c78544e047,Wells St & 19th St,2013-08-23 13:47:00,41.856802,-87.633879,True,station,47036,same_key
divvy_9fddf4e96559ca1b,Public Rack - Rockwell Ave & 71st St,public_rack,2023-06-02 20:04:31,41.764753,-87.688641,divvy_9fddf4e96559ca1b,Public Rack - Rockwell Ave & 71st St,2023-05-01 21:33:48,41.764753,-87.688641,True,public_rack,31,same_key
divvy_9fec22f57124de4a,Public Rack - Laporte Ave & Armitage Ave,public_rack,2023-05-24 18:30:42,41.917047,-87.750008,divvy_9fec22f57124de4a,Public Rack - Laporte Ave & Armitage Ave,2022-08-08 13:13:58,41.917047,-87.750008,True,public_rack,30,same_key
divvy_9ff1ae54d02fae30,Shabbona Park,station,2023-06-01 13:32:07,41.9448,-87.79932,divvy_9ff1ae54d02fae30,Shabbona Park,2021-10-22 16:05:55,41.9448,-87.79932,True,station,1411,same_key
divvy_9ff22fa6664f3532,Ashland Ave & 13th St,station,2013-09-12 20:20:00,41.865234,-87.666507,divvy_9ff22fa6664f3532,Ashland Ave & 13th St,2013-09-12 20:20:00,41.865234,-87.666507,True,station,65892,same_key
divvy_a00c06fa1d6586cc,Public Rack - Harper Ave & 63rd St,public_rack,2023-05-24 12:23:10,41.780728,-87.587566,divvy_a00c06fa1d6586cc,Public Rack - Harper Ave & 63rd St,2022-09-17 06:53:57,41.780728,-87.587566,True,public_rack,214,same_key
divvy_a05475bea54c7a01,Public Rack - Lafayette Ave & 87th St SW,public_rack,2022-11-07 14:25:45,41.74,-87.63,divvy_983ae6236aada6c8,Public Rack - Lafayette Ave & 87th St SW,2022-11-07 14:25:45,41.736223,-87.626737,True,public_rack,2,reassigned_or_rekeyed
divvy_a0557087b6b9eb0a,Public Rack - Peterson Ave & Bernard Ave,public_rack,2023-07-27 20:28:48,41.990234,-87.715634,divvy_a0557087b6b9eb0a,Public Rack - Peterson Ave & Bernard Ave,2022-07-21 10:53:53,41.990234,-87.715634,True,public_rack,30,same_key
divvy_a05e265620fa60cf,Public Rack - Halsted St & 80th St,public_rack,2023-02-14 14:54:31,41.75,-87.64,divvy_e3c35dcf7e09d5b1,Public Rack - Halsted St & 80th St,2023-02-14 14:54:31,41.748175,-87.644238,True,public_rack,2,reassigned_or_rekeyed
divvy_a087fca7dc2032f3,Oriole Ave & Irving Park Rd,station,2024-09-08 13:04:01.961000,41.95224,-87.81697,divvy_a087fca7dc2032f3,Oriole Ave & Irving Park Rd,2024-09-08 13:04:01.961000,41.95224,-87.81697,True,station,169,same_key
divvy_a093330255afa622,Public Rack - Western Ave & Jarvis Ave,public_rack,2023-06-06 17:16:32,42.016398,-87.690376,divvy_a093330255afa622,Public Rack - Western Ave & Jarvis Ave,2022-06-14 13:58:53,42.016398,-87.690376,True,public_rack,279,same_key
divvy_a095f7b110abd280,Michigan Ave & 114th St,station,2020-09-17 18:27:01,41.68701479467118,-87.62105226516724,divvy_a095f7b110abd280,Michigan Ave & 114th St,2020-09-17 18:27:01,41.68701479467118,-87.62105226516724,True,station,606,same_key
divvy_a09bb19bb133f172,Southport Ave & Waveland Ave,station,2013-08-20 13:55:00,41.948226,-87.6640712,divvy_a09bb19bb133f172,Southport Ave & Waveland Ave,2013-08-20 13:55:00,41.948226,-87.6640712,True,station,359063,same_key
divvy_a0b2296e03a0a3a9,Public Rack - Burnside Academy,public_rack,2024-06-04 00:26:13.785000,41.728525,-87.608231,divvy_a0b2296e03a0a3a9,Public Rack - Burnside Academy,2022-10-31 22:34:31,41.728525,-87.608231,True,public_rack,9,same_key
divvy_a0bc9c208684b07a,Monitor Ave & Fullerton Ave,station,2026-03-06 17:22:23.150000,41.92379,-87.77228,divvy_a0bc9c208684b07a,Monitor Ave & Fullerton Ave,2026-03-06 17:22:23.150000,41.92379,-87.77228,True,station,105,same_key
divvy_a0cb8c37372c1f95,California Ave & 21st St,station,2013-06-27 23:37:00,41.853795793473395,-87.69582286477088,divvy_a0cb8c37372c1f95,California Ave & 21st St,2013-06-27 23:37:00,41.853795793473395,-87.69582286477088,True,station,23837,same_key
divvy_a0ec7fb22af5c0fd,Ellis Ave & 132nd Pl,station,2022-07-31 21:07:59,41.66,-87.6,divvy_7eafed6fb7825166,Ellis Ave & 132nd Pl,2022-07-31 21:07:59,,,,station,10,retained_unlocated
divvy_a0f723488a1c19a2,Hamilton Park,station,2022-05-16 06:24:42,41.76,-87.64,divvy_95f4a6cd6ef7614e,Hamilton Park,2022-05-16 06:24:42,41.76252,-87.63734,True,station,3,reassigned_or_rekeyed
divvy_a0f8a11d6d8cf153,Public Rack - Morgan St & 87th St,public_rack,2022-11-22 13:55:18,41.74,-87.65,divvy_9f9937a8be912604,Public Rack - Morgan St & 87th St,2022-11-22 13:55:18,41.73577,-87.648133,True,public_rack,3,reassigned_or_rekeyed
divvy_a10ce5fa48c85575,Public Rack - Cottage Grove Ave & 75th St,public_rack,2023-07-10 22:28:36,41.758739,-87.605769,divvy_a10ce5fa48c85575,Public Rack - Cottage Grove Ave & 75th St,2023-02-28 14:49:32,41.758739,-87.605769,True,public_rack,12,same_key
divvy_a11a1f6bd9201dc7,Halsted St & Fulton St,station,2023-06-01 00:09:03,41.88672,-87.64729,divvy_a11a1f6bd9201dc7,Halsted St & Fulton St,2023-03-16 13:50:39,41.88672,-87.64729,True,station,105259,same_key
divvy_a12259671e7f69eb,Winthrop Ave & Bryn Mawr Ave,station,2026-05-19 17:24:14.504000,41.98384,-87.65806,divvy_a12259671e7f69eb,Winthrop Ave & Bryn Mawr Ave,2026-05-19 17:24:14.504000,41.98384,-87.65806,True,station,3201,same_key
divvy_a128cfd37b563d62,Public Rack - Jeffery Blvd & 67th St,public_rack,2023-06-21 23:02:18,41.773259,-87.576664,divvy_a128cfd37b563d62,Public Rack - Jeffery Blvd & 67th St,2022-09-14 09:58:27,41.773259,-87.576664,True,public_rack,248,same_key
divvy_a1565baa6ca2c23d,Phillips Ave & 82nd St,station,2016-08-03 15:35:40,41.746334,-87.564725,divvy_a1565baa6ca2c23d,Phillips Ave & 82nd St,2016-08-03 15:35:40,41.746334,-87.564725,True,station,15,same_key
divvy_a16ec0a0a4b1b29f,Public Rack - Robert Fulton Elementary School,public_rack,2022-09-07 23:55:31,41.8,-87.67,divvy_d278e0408caa9360,Public Rack - Robert Fulton Elementary School,2022-09-07 23:55:31,41.797439,-87.668504,True,public_rack,13,reassigned_or_rekeyed
divvy_a1930d26ea8eb1bb,California Ave & 23rd Pl,station,2015-04-28 22:45:00,41.84910969176,-87.6951398068,divvy_a1930d26ea8eb1bb,California Ave & 23rd Pl,2015-04-28 22:45:00,41.84910969176,-87.6951398068,True,station,15653,same_key
divvy_a19a556335ed5743,St Louis Ave & Foster Ave,station,2024-03-21 15:40:51,41.9759837,-87.7159844,divvy_a19a556335ed5743,St Louis Ave & Foster Ave,2024-03-21 15:40:51,41.9759837,-87.7159844,True,station,3207,same_key
divvy_a1df56278b72753a,Public Rack - Stewart Ave & 123rd St,public_rack,2023-05-27 14:22:49,41.670563,-87.632188,divvy_a1df56278b72753a,Public Rack - Stewart Ave & 123rd St,2022-09-22 22:56:31,41.670563,-87.632188,True,public_rack,154,same_key
divvy_a1ea3567e3377d1c,Sacramento Ave & Greenleaf Ave,station,2022-05-11 16:18:39,42.01,-87.7,divvy_ef945c9d967a18ed,Sacramento Ave & Greenleaf Ave,2022-05-11 16:18:39,,,,station,23,retained_unlocated
divvy_a1f52ac3fe79f748,Jefferson St & Monroe St,station,2013-06-28 00:04:00,41.880329633634624,-87.64274597167967,divvy_a1f52ac3fe79f748,Jefferson St & Monroe St,2013-06-28 00:04:00,41.880329633634624,-87.64274597167967,True,station,229879,same_key
divvy_a1f734f6be153542,California & 16th St,station,2023-06-01 08:13:40,41.859228,-87.695562,divvy_a1f734f6be153542,California & 16th St,2022-02-27 13:28:49,41.859228,-87.695562,True,station,1457,same_key
divvy_a2010bd4cdb639d5,Racine Ave & Broadway,station,2025-09-17 16:39:07.929000,41.968235,-87.6596548,divvy_a2010bd4cdb639d5,Racine Ave & Broadway,2025-09-17 16:39:07.929000,41.968235,-87.6596548,True,station,12112,same_key
divvy_a23b93a532e593c8,Milwaukee Ave & Ainslie St,station,2024-07-13 00:20:06.133000,41.96861,-87.76108,divvy_a23b93a532e593c8,Milwaukee Ave & Ainslie St,2024-07-13 00:20:06.133000,41.96861,-87.76108,True,station,7005,same_key
divvy_a262275c7d7b9908,Elizabeth (May) St & Fulton St,station,2019-07-01 06:56:38,41.886616486027656,-87.6580399274826,divvy_a262275c7d7b9908,Elizabeth (May) St & Fulton St,2019-07-01 06:56:38,41.886616486027656,-87.6580399274826,True,station,36323,same_key
divvy_a26bdecde736a856,Spaulding Ave & 63rd St,station,2021-10-19 13:40:17,41.78,-87.71,divvy_099195645a2c82c7,Spaulding Ave & 63rd St,2021-10-19 13:40:17,41.77913208333334,-87.70562675,True,station,405,reassigned_or_rekeyed
divvy_a2829b5846029637,May St & Hubbard St,station,2025-11-04 17:44:40.317000,41.89008,-87.65597,divvy_a2829b5846029637,May St & Hubbard St,2025-11-04 17:44:40.317000,41.89008,-87.65597,True,station,11224,same_key
divvy_a284000b57c8f996,Narragansett & Wrightwood,station,2023-06-06 14:48:40,41.927294,-87.7852027,divvy_a284000b57c8f996,Narragansett & Wrightwood,2021-09-09 11:42:24,41.927294,-87.7852027,True,station,823,same_key
divvy_a28441dc172d284d,Mulligan Ave & Wellington Ave,station,2023-06-01 14:42:21,41.9347409,-87.7844017,divvy_c0664aaffc590dfe,Mulligan Ave & Wellington Ave,2021-08-03 16:01:18,41.9347409,-87.7844017,True,station,129,reassigned_or_rekeyed
divvy_a2aea002f7b4a5fe,Public Rack - Menard Ave & Belmont Ave,public_rack,2022-06-17 20:07:30,41.94,-87.77,divvy_bcae13e2d18b2d5b,Public Rack - Menard Ave & Belmont Ave,2022-06-17 20:07:30,41.9384526,-87.7711009,True,public_rack,25,reassigned_or_rekeyed
divvy_a2bcdb73cf860c26,Public Rack - California Ave & Touhy Ave - NW,public_rack,2022-06-14 11:39:17,42.01,-87.7,divvy_975a8ab74e677f8e,Public Rack - California Ave & Touhy Ave - NW,2022-06-14 11:39:17,42.012177,-87.699865,True,public_rack,207,reassigned_or_rekeyed
divvy_a2bd0170196655ec,Broadway & Sheridan Rd,station,2013-09-05 18:27:00,41.952833,-87.649993,divvy_a2bd0170196655ec,Broadway & Sheridan Rd,2013-09-05 18:27:00,41.952833,-87.649993,True,station,261043,same_key
divvy_a2d3c54984bfd3ba,Public Rack - Lotus Ave & Lawrence Ave,public_rack,2023-05-04 13:47:42,41.9676535,-87.7636298,divvy_a2d3c54984bfd3ba,Public Rack - Lotus Ave & Lawrence Ave,2023-05-04 13:47:42,41.9676535,-87.7636298,True,public_rack,238,same_key
divvy_a2d4e973bf443407,Public Rack - Commercial Ave & 89th St,public_rack,2023-08-12 15:23:02,41.733543,-87.551152,divvy_a2d4e973bf443407,Public Rack - Commercial Ave & 89th St,2022-09-17 18:32:06,41.733543,-87.551152,True,public_rack,36,same_key
divvy_a2de8f9b232fb6ba,Leavitt St & Hirsch St,station,2013-09-22 04:02:00,41.90689,-87.68233,divvy_a2de8f9b232fb6ba,Leavitt St & Hirsch St,2013-09-22 04:02:00,41.90689,-87.68233,True,station,12686,same_key
divvy_a2eeeb241875467f,Wentworth Ave & Cermak Rd,station,2018-01-01 02:46:18,41.85308455741279,-87.63193130493164,divvy_a2eeeb241875467f,Wentworth Ave & Cermak Rd,2018-01-01 02:46:18,41.85308455741279,-87.63193130493164,True,station,89033,same_key
divvy_a2f5ac2d527ea764,Cicero Ave & Wrightwood Ave,station,2022-05-09 19:56:07,41.93,-87.75,divvy_7b4120886bdfebf0,Cicero Ave & Wrightwood Ave,2022-05-09 19:56:07,41.9279057,-87.7467295,True,station,165,reassigned_or_rekeyed
divvy_a31a31d54da5f2dc,Pulaski Rd & 51st St,station,2023-06-01 00:36:33,41.800434,-87.7247496,divvy_a31a31d54da5f2dc,Pulaski Rd & 51st St,2021-10-20 08:40:13,41.800434,-87.7247496,True,station,4303,same_key
divvy_a3264aaf8b5c08ad,Wells St & Ohio St,station,2013-07-30 10:26:00,41.89281,-87.63421,divvy_a3264aaf8b5c08ad,Wells St & Ohio St,2013-07-30 10:26:00,41.89281,-87.63421,True,station,18827,same_key
divvy_a33dbe31001c0345,University Ave & 57th St,station,2015-04-17 16:13:00,41.791478,-87.599861,divvy_a33dbe31001c0345,University Ave & 57th St,2015-04-17 16:13:00,41.791478,-87.599861,True,station,369120,same_key
divvy_a3acde08bd943a59,83rd St (Avalon Park) Metra,station,2022-05-10 08:39:21,41.74,-87.6,divvy_d399f2d95b31bd9d,83rd St (Avalon Park) Metra,2022-05-10 08:39:21,,,,station,5,retained_unlocated
divvy_a3b62d54146d89ed,Addison/Sheffield SW Corral,station,2025-07-02 17:47:44.780000,41.9469539,-87.6544123,divvy_a3b62d54146d89ed,Addison/Sheffield SW Corral,2025-07-02 17:47:44.780000,41.9469539,-87.6544123,True,station,3608,same_key
divvy_a3b9d6e3ed68ef8e,Scottsdale Park,station,2023-12-03 18:01:09,41.741966,-87.736179,divvy_a3b9d6e3ed68ef8e,Scottsdale Park,2023-12-03 18:01:09,41.741966,-87.736179,True,station,360,same_key
divvy_a3bb1716f4cd660e,Washtenaw Ave & Madison St,station,2021-11-30 14:55:12,41.88,-87.69,divvy_8857f8a8a1f88c31,Washtenaw Ave & Madison St,2021-11-30 14:55:12,41.881286,-87.69396,True,station,372,reassigned_or_rekeyed
divvy_a3c7d433ff95b65a,Public Rack - Cicero Ave & North Ave,public_rack,2023-06-06 19:30:14,41.909329,-87.745838,divvy_a3c7d433ff95b65a,Public Rack - Cicero Ave & North Ave,2022-06-16 12:44:26,41.909329,-87.745838,True,public_rack,174,same_key
divvy_a3e40c21489525e1,Houston Ave & 91st St,station,2022-05-09 14:24:53,41.73,-87.55,divvy_561500a1a746adb8,Houston Ave & 91st St,2022-05-09 14:24:53,,,,station,16,retained_unlocated
divvy_a3f15285d7435999,Central Park Ave & Bloomingdale Ave,station,2018-10-03 01:02:05,41.914166,-87.716755,divvy_a3f15285d7435999,Central Park Ave & Bloomingdale Ave,2018-10-03 01:02:05,41.914166,-87.716755,True,station,40037,same_key
divvy_a40fcd1a11084d6c,Public Rack - Roswell B. Mason Elementary School,public_rack,2023-09-16 14:33:32,41.8560219,-87.7298436,divvy_a40fcd1a11084d6c,Public Rack - Roswell B. Mason Elementary School,2022-06-27 09:05:22,41.8560219,-87.7298436,True,public_rack,14,same_key
divvy_a42e06303062fc52,Public Rack - Hollywood Park,public_rack,2023-06-29 20:13:14,41.98929,-87.71182,divvy_a42e06303062fc52,Public Rack - Hollywood Park,2023-06-29 20:13:14,41.98929,-87.71182,True,public_rack,926,same_key
divvy_a4537db573a4e2a9,Public Rack - Elston Ave & Gunnison St,public_rack,2023-06-12 14:46:52,41.9685781,-87.7405685,divvy_a4537db573a4e2a9,Public Rack - Elston Ave & Gunnison St,2023-05-13 17:55:19,41.9685781,-87.7405685,True,public_rack,68,same_key
divvy_a460b1570182a170,Public Rack - Artesian & 71st,public_rack,2023-05-16 07:00:45,41.76,-87.68,divvy_d085b08e4174c901,Public Rack - Artesian & 71st,2023-05-16 07:00:45,41.764748,-87.684669,True,public_rack,1,reassigned_or_rekeyed
divvy_a4637423de4273e3,Sacramento Blvd & Addison St,station,2021-11-23 19:17:52,41.95,-87.7,divvy_81579fa88f307b83,Sacramento Blvd & Addison St,2021-11-23 19:17:52,41.94609,-87.70298,True,station,2115,reassigned_or_rekeyed
divvy_a46a842ea2b9a4bc,Public Rack - Racine Ave & Armitage Ave,public_rack,2026-05-01 17:21:23.683000,41.91814969,-87.65830299,divvy_a46a842ea2b9a4bc,Public Rack - Racine Ave & Armitage Ave,2026-05-01 17:21:23.683000,41.91814969,-87.65830299,True,public_rack,669,same_key
divvy_a478d8fdf250342f,Public Rack - N Narragansett Ave & Grand Ave,public_rack,2022-09-07 16:40:20,41.92,-87.78,divvy_125eaf7d95913c78,Public Rack - N Narragansett Ave & Grand Ave,2022-09-07 16:40:20,41.9225804,-87.7849799,True,public_rack,33,reassigned_or_rekeyed
divvy_a4edde33c755aa30,Seminary Ave & Belden Ave,station,2025-08-25 16:29:26.844000,41.92339,-87.65599,divvy_a4edde33c755aa30,Seminary Ave & Belden Ave,2025-08-25 16:29:26.844000,41.92339,-87.65599,True,station,5747,same_key
divvy_a50b82140272408c,North Ave Beach Public Rack - 2,public_rack,2026-08-08 15:05:45.829000,41.921984,-87.629547,divvy_a50b82140272408c,North Ave Beach Public Rack - 2,2026-08-08 15:05:45.829000,41.921984,-87.629547,True,public_rack,35,same_key
divvy_a50e362337b5b7c4,Loomis Blvd & 83rd St,station,2022-07-11 13:25:23,41.74,-87.66,divvy_912873e980adcf4e,Loomis Blvd & 83rd St,2022-07-11 13:25:23,,,,station,2,retained_unlocated
divvy_a52492774ef17650,Clinton St & Washington Blvd,station,2013-06-27 01:06:00,41.88281,-87.6412,divvy_a52492774ef17650,Clinton St & Washington Blvd,2013-06-27 01:06:00,41.88281,-87.6412,True,station,900261,same_key
divvy_a56b2510c8994586,Throop (Loomis) St & Taylor St,station,2013-06-27 15:05:00,41.869417,-87.660996,divvy_a56b2510c8994586,Throop (Loomis) St & Taylor St,2013-06-27 15:05:00,41.869417,-87.660996,True,station,87308,same_key
divvy_a576d7bfb37a2bdb,Larrabee St & Kingsbury St 2,station,2025-11-11 15:06:34.113000,41.89758,-87.6429,divvy_a576d7bfb37a2bdb,Larrabee St & Kingsbury St 2,2025-11-11 15:06:34.113000,41.89758,-87.6429,True,station,19484,same_key
divvy_a5ca9e5f878209c8,Winchester Ave & Elston Ave,station,2015-05-07 18:43:00,41.92409085038,-87.6764600747,divvy_a5ca9e5f878209c8,Winchester Ave & Elston Ave,2015-05-07 18:43:00,41.92409085038,-87.6764600747,True,station,68983,same_key
divvy_a5eb3389e245e111,Public Rack - Harlem & Palatine,public_rack,2023-05-04 17:52:18,42.0,-87.81,divvy_55ed73151eb68a06,Public Rack - Harlem & Palatine,2023-05-04 17:52:18,41.995502,-87.806967,True,public_rack,10,reassigned_or_rekeyed
divvy_a5ecc389d8863e38,Mozart St & Jackson Blvd,station,2021-11-24 18:08:50,41.88,-87.7,divvy_ca95eb8799689925,Mozart St & Jackson Blvd,2021-11-24 18:08:50,41.8775,-87.6974,True,station,323,reassigned_or_rekeyed
divvy_a5f1b50502e2ac1d,Wentworth Ave & 107th St,station,2024-09-14 13:06:43.371000,41.69989,-87.62785,divvy_a5f1b50502e2ac1d,Wentworth Ave & 107th St,2024-09-14 13:06:43.371000,41.69989,-87.62785,True,station,194,same_key
divvy_a5f62576276b39dc,Public Rack - Austin Ave & Wellington Ave - midblock,public_rack,2022-07-03 20:21:54,41.94,-87.77,divvy_51d7589e52a7ffec,Public Rack - Austin Ave & Wellington Ave - midblock,2022-06-21 18:40:25,,,,public_rack,2,retained_unlocated
divvy_a60448a62e485191,Halsted St & 21st St,station,2013-07-24 12:22:00,41.85377981072743,-87.6466029882431,divvy_a60448a62e485191,Halsted St & 21st St,2013-07-24 12:22:00,41.85377981072743,-87.6466029882431,True,station,47155,same_key
divvy_a63f0b95860c7b75,Public Rack - Komensky Ave & 26th St,public_rack,2023-06-16 10:14:34,41.844168,-87.726317,divvy_a63f0b95860c7b75,Public Rack - Komensky Ave & 26th St,2022-08-31 10:46:44,41.844168,-87.726317,True,public_rack,32,same_key
divvy_a641b5cc846707ab,Riverside Plaza & Adams St,station,2026-01-28 16:54:27.043000,41.87926,-87.63879,divvy_a641b5cc846707ab,Riverside Plaza & Adams St,2026-01-28 16:54:27.043000,41.87926,-87.63879,True,station,13775,same_key
divvy_a64d3c61fa5fc52a,Public Rack - Wallace St & 112 St,public_rack,2024-07-02 15:56:59.358000,41.690092,-87.637636,divvy_a64d3c61fa5fc52a,Public Rack - Wallace St & 112 St,2023-01-13 15:14:25,41.690092,-87.637636,True,public_rack,4,same_key
divvy_a654f5392ca3c3b5,Public Rack - Ashland Ave & 76th St,public_rack,2023-06-01 21:00:28,41.75596,-87.66391,divvy_a654f5392ca3c3b5,Public Rack - Ashland Ave & 76th St,2022-08-30 21:39:03,41.75596,-87.66391,True,public_rack,41,same_key
divvy_a67397e6139affcc,Public Rack - Clyde Ave & 87th St,public_rack,2022-07-08 11:09:25,41.74,-87.57,divvy_169fc9d8a0e50a25,Public Rack - Clyde Ave & 87th St,2022-07-08 11:09:25,41.73715,-87.57319,True,public_rack,6,reassigned_or_rekeyed
divvy_a67f8ceeb9e81883,Narragansett Ave & North Ave,station,2024-11-11 00:38:09.006000,41.9095,-87.78491,divvy_a67f8ceeb9e81883,Narragansett Ave & North Ave,2024-11-11 00:38:09.006000,41.9095,-87.78491,True,station,497,same_key
divvy_a6844ed33783373d,Public Rack - State ST & 42nd St,public_rack,2023-06-01 13:18:06,41.819067,-87.626417,divvy_a6844ed33783373d,Public Rack - State ST & 42nd St,2022-06-03 17:06:30,41.819067,-87.626417,True,public_rack,197,same_key
divvy_a69a15d5fec9dd9e,Jeffery Blvd & 83rd St,station,2022-08-11 19:36:08,41.74,-87.58,divvy_ef8e26ea6900d213,Jeffery Blvd & 83rd St,2022-08-11 19:36:08,,,,station,6,retained_unlocated
divvy_a6abab6b4e57c07f,East End Ave & 87th St,station,2022-06-05 13:38:45,41.74,-87.58,divvy_c8ee2a4fd9f52342,East End Ave & 87th St,2020-08-01 14:57:08,41.73681521440671,-87.58280128240585,True,station,11,reassigned_or_rekeyed
divvy_a6bc1fe794dc1bd7,Spaulding Ave & Foster Ave,station,2022-05-26 08:41:38,41.98,-87.71,divvy_80b9ce56f0feb4de,Spaulding Ave & Foster Ave,2022-05-26 08:41:38,,,,station,10,retained_unlocated
divvy_a6c903bea64e70ef,Keystone Ave & North Ave,station,2022-05-09 11:02:03,41.91,-87.73,divvy_e9f9c42c1ff21fe6,Keystone Ave & North Ave,2022-05-09 11:02:03,,,,station,97,retained_unlocated
divvy_a6dc80b6a6cbc722,Kimbark Ave & 53rd St,station,2013-06-28 17:01:00,41.7994549,-87.5947779,divvy_a6dc80b6a6cbc722,Kimbark Ave & 53rd St,2013-06-28 17:01:00,41.7994549,-87.5947779,True,station,253794,same_key
divvy_a71bb1f740bc7832,Pulaski & 52nd,station,2022-05-11 15:04:51,41.8,-87.72,divvy_9ed34fe54e2fec62,Pulaski & 52nd,2022-05-11 15:04:51,,,,station,74,retained_unlocated
divvy_a71cdd3f419783ac,Public Rack - Washtenaw Ave & 63rd St,public_rack,2023-07-08 20:05:42,41.779280901,-87.691431284,divvy_a71cdd3f419783ac,Public Rack - Washtenaw Ave & 63rd St,2023-07-08 20:05:42,41.779280901,-87.691431284,True,public_rack,17,same_key
divvy_a730c341bb325277,Public Rack - Wrightwood Metra Station,public_rack,2023-07-03 04:11:15,41.74891,-87.7037,divvy_a730c341bb325277,Public Rack - Wrightwood Metra Station,2023-07-03 04:11:15,41.74891,-87.7037,True,public_rack,12,same_key
divvy_a731b7e876142cb5,Public Rack - Irving Park Rd & Parkside Ave,public_rack,2023-07-13 03:27:12,41.9530544,-87.688832,divvy_a731b7e876142cb5,Public Rack - Irving Park Rd & Parkside Ave,2023-07-13 03:27:12,41.9530544,-87.688832,True,public_rack,73,same_key
divvy_a732f30ec69809c3,Public Rack - Mango & Higgins,public_rack,2023-05-07 17:55:53,41.971722,-87.772288,divvy_a732f30ec69809c3,Public Rack - Mango & Higgins,2023-05-07 17:55:53,41.971722,-87.772288,True,public_rack,409,same_key
divvy_a74f078c3eff76c0,State St & Randolph St,station,2013-06-27 18:57:00,41.88462107257936,-87.62783423066139,divvy_a74f078c3eff76c0,State St & Randolph St,2013-06-27 18:57:00,41.88462107257936,-87.62783423066139,True,station,430470,same_key
divvy_a752a8068ce90e0d,Elston Ave & George St,station,2023-06-01 02:04:37,41.934003,-87.690823,divvy_a752a8068ce90e0d,Elston Ave & George St,2021-11-05 14:02:13,41.934003,-87.690823,True,station,11270,same_key
divvy_a75855efa55201ba,Theater on the Lake Public Rack - South,public_rack,2026-07-23 20:06:14.588000,41.9265258,-87.6306173,divvy_a75855efa55201ba,Theater on the Lake Public Rack - South,2026-07-23 20:06:14.588000,41.9265258,-87.6306173,True,public_rack,443,same_key
divvy_a7704d9353f0ba6e,Public Rack - Walden Pkwy & 99th St,public_rack,2023-05-26 08:03:39,41.71397,-87.667798,divvy_a7704d9353f0ba6e,Public Rack - Walden Pkwy & 99th St,2022-10-06 11:37:49,41.71397,-87.667798,True,public_rack,47,same_key
divvy_a78cc123bd97261a,Dorchester Ave & 63rd St,station,2015-04-26 02:14:00,41.7804056457,-87.5914159893,divvy_a78cc123bd97261a,Dorchester Ave & 63rd St,2015-04-26 02:14:00,41.7804056457,-87.5914159893,True,station,17584,same_key
divvy_a79cc61b3c9a0062,Public Rack - Ewing Ave & 95th St,public_rack,2022-08-28 03:09:47,41.72,-87.54,divvy_df475e6fbae8e411,Public Rack - Ewing Ave & 95th St,2022-08-28 03:09:47,41.722376,-87.5358299,True,public_rack,9,reassigned_or_rekeyed
divvy_a7c02707b771ac77,Public Rack - Monticello & Lawrence,public_rack,2023-05-11 15:47:33,41.97,-87.72,divvy_b3d20e25a2f35474,Public Rack - Monticello & Lawrence,2023-05-11 15:47:33,41.968213302500004,-87.719541,True,public_rack,6,reassigned_or_rekeyed
divvy_a7d5fd9d7f198d75,Fulton Market,station,2025-09-10 11:38:15.825000,41.886871,-87.648089,divvy_a7d5fd9d7f198d75,Fulton Market,2025-09-10 11:38:15.825000,41.886871,-87.648089,True,station,26907,same_key
divvy_a8084ac266e4008c,Public Rack - Loomis St & 87th St,public_rack,2023-07-30 17:40:04,41.735465,-87.657585,divvy_a8084ac266e4008c,Public Rack - Loomis St & 87th St,2022-09-09 23:22:38,41.735465,-87.657585,True,public_rack,52,same_key
divvy_a81cff502e6de5ee,MLK Jr Dr & 29th St,station,2013-08-20 18:00:00,41.842052,-87.617,divvy_a81cff502e6de5ee,MLK Jr Dr & 29th St,2013-08-20 18:00:00,41.842052,-87.617,True,station,201047,same_key
divvy_a81fe6e9f705c74e,Public Rack - Roswell B. Mason Elementary School,public_rack,2022-06-27 09:05:22,41.86,-87.73,divvy_a40fcd1a11084d6c,Public Rack - Roswell B. Mason Elementary School,2022-06-27 09:05:22,41.8560219,-87.7298436,True,public_rack,13,reassigned_or_rekeyed
divvy_a8342ff3a6af7d71,Washtenaw Ave & Superior St,station,2022-05-10 11:52:49,41.89,-87.7,divvy_e6f04a0a162273e9,Washtenaw Ave & Superior St,2022-05-10 11:52:49,,,,station,390,retained_unlocated
divvy_a85dce0b0c034dbb,Justine St & 87th St,station,2022-05-20 21:38:00,41.74,-87.66,divvy_ac9199fb6d436aaa,Justine St & 87th St,2022-05-20 21:38:00,,,,station,20,retained_unlocated
divvy_a86630b492a48b16,Menard Ave & Lawrence Ave,station,2024-07-13 15:56:18.506000,41.96788,-87.77274,divvy_a86630b492a48b16,Menard Ave & Lawrence Ave,2024-07-13 15:56:18.506000,41.96788,-87.77274,True,station,1471,same_key
divvy_a8792bd2383961fb,California Ave & Winona St,station,2023-06-01 08:13:48,41.97471,-87.69786,divvy_a8792bd2383961fb,California Ave & Winona St,2021-11-03 13:00:22,41.97471,-87.69786,True,station,4042,same_key
divvy_a8a5d7cd9f3aa1ba,Avenue O & 134th St,station,2020-09-23 18:40:05,41.6519026853208,-87.53955539376464,divvy_a8a5d7cd9f3aa1ba,Avenue O & 134th St,2020-09-23 18:40:05,41.6519026853208,-87.53955539376464,True,station,949,same_key
divvy_a8b6b0d12a67d8be,Cottage Grove Ave & 111th St,station,2022-05-10 15:32:58,41.69,-87.61,divvy_202621d7827fa184,Cottage Grove Ave & 111th St,2022-05-10 15:32:58,,,,station,59,retained_unlocated
divvy_a8bfb94b06c68ebe,Public Rack - Throop St & 58th St,public_rack,2023-05-24 15:36:57,41.788541,-87.65621,divvy_a8bfb94b06c68ebe,Public Rack - Throop St & 58th St,2023-03-03 07:02:20,41.788541,-87.65621,True,public_rack,380,same_key
divvy_a8d09823bc8a657a,Glenwood Ave & Touhy Ave,station,2016-07-08 18:23:15,42.012701,-87.666058,divvy_a8d09823bc8a657a,Glenwood Ave & Touhy Ave,2016-07-08 18:23:15,42.012701,-87.666058,True,station,31654,same_key
divvy_a8ef3b87036b5bd9,Public Rack - Melvina Ave & Belmont Ave,public_rack,2023-05-04 14:16:44,41.938573833333336,-87.781026,divvy_5e71aa922e963540,Public Rack - Melvina Ave & Belmont Ave,2022-06-17 18:56:27,41.9384207,-87.7813896,True,public_rack,135,reassigned_or_rekeyed
divvy_a8f189a173411c84,Public Rack - Newcastle Ave & Belmont Ave,public_rack,2022-10-01 18:25:20,41.94,-87.8,divvy_db8a4232d1da1d30,Public Rack - Newcastle Ave & Belmont Ave,2022-10-01 18:25:20,41.938022,-87.7961,True,public_rack,18,reassigned_or_rekeyed
divvy_a8f19336b0d65881,Public Rack - Prairie Ave & Garfield Blvd S,public_rack,2023-05-01 07:53:25,41.794344,-87.619062,divvy_a8f19336b0d65881,Public Rack - Prairie Ave & Garfield Blvd S,2023-04-11 19:05:22,41.794344,-87.619062,True,public_rack,228,same_key
divvy_a8f395fb2d266dc7,Public Rack - Milwaukee Ave & Haussen Ct,public_rack,2023-06-01 07:42:13,41.937752,-87.721623,divvy_a8f395fb2d266dc7,Public Rack - Milwaukee Ave & Haussen Ct,2022-06-14 21:53:01,41.937752,-87.721623,True,public_rack,2059,same_key
divvy_a925e88f62ede212,North Branch St & Haines St,station,2026-03-01 11:01:08.121000,41.90056,-87.65079,divvy_a925e88f62ede212,North Branch St & Haines St,2026-03-01 11:01:08.121000,41.90056,-87.65079,True,station,1918,same_key
divvy_a92b5478e0e928ab,Narragansett Ave & McLean Ave,station,2024-04-22 16:48:26,41.9159,-87.78511,divvy_a92b5478e0e928ab,Narragansett Ave & McLean Ave,2024-04-22 16:48:26,41.9159,-87.78511,True,station,679,same_key
divvy_a9570ed497cf0e54,Sacramento Ave & Linden Pl,station,2025-11-28 11:25:11.074000,41.92575,-87.70258,divvy_a9570ed497cf0e54,Sacramento Ave & Linden Pl,2025-11-28 11:25:11.074000,41.92575,-87.70258,True,station,6160,same_key
divvy_a97e047e1edebbdb,Milwaukee Ave & Waveland Ave,station,2022-05-18 18:57:43,41.95,-87.74,divvy_9c48636d71ad8e9e,Milwaukee Ave & Waveland Ave,2022-05-18 18:57:43,,,,station,11,retained_unlocated
divvy_a996777037e4003c,Public Rack - Richmond St & Thorndale Ave,public_rack,2024-05-20 12:15:54,41.988931,-87.702785,divvy_a996777037e4003c,Public Rack - Richmond St & Thorndale Ave,2022-08-02 16:07:14,41.988931,-87.702785,True,public_rack,30,same_key
divvy_a9ace92672ffa2bb,Racine Ave & 83rd St,station,2022-08-17 23:51:24,41.74,-87.65,divvy_676bade745a49497,Racine Ave & 83rd St,2022-08-17 23:51:24,,,,station,2,retained_unlocated
divvy_a9c266319e063adb,Morgan St & Pershing Rd,station,2016-06-21 09:10:00,41.823613,-87.650931,divvy_a9c266319e063adb,Morgan St & Pershing Rd,2016-06-21 09:10:00,41.823613,-87.650931,True,station,2868,same_key
divvy_a9f1a42944be99e4,N Narragansett Ave & Grand Ave,station,2022-05-14 16:41:29,41.92,-87.78,divvy_08170e3da89c9408,N Narragansett Ave & Grand Ave,2022-05-14 16:41:29,,,,station,81,retained_unlocated
divvy_aa163b8be295c972,Sawyer Ave & Irving Park Rd,station,2015-05-04 17:58:00,41.9536,-87.70931,divvy_aa163b8be295c972,Sawyer Ave & Irving Park Rd,2015-05-04 17:58:00,41.9536,-87.70931,True,station,28101,same_key
divvy_aa5cb48b87c4f708,Hiawatha Park,station,2022-05-22 17:18:40,41.94,-87.83,divvy_d4759d34a776edee,Hiawatha Park,2022-05-22 17:18:40,,,,station,31,retained_unlocated
divvy_aa7ea1d4c441f18b,Western Ave & 111th St - NW,station,2022-06-02 21:30:04,41.69,-87.68,divvy_5ef87b52bf4eda52,Western Ave & 111th St - NW,2022-06-02 21:30:04,,,,station,41,retained_unlocated
divvy_aaaa5db052d8fe18,Public Rack - Ashland Ave & 74th St,public_rack,2022-12-11 11:50:38,41.76,-87.66,divvy_6242300b8388d4ad,Public Rack - Ashland Ave & 74th St,2022-12-11 11:50:38,41.759735,-87.663736,True,public_rack,2,reassigned_or_rekeyed
divvy_aacce2a367f35d61,Public Rack - Overhill Ave & Touhy Ave,public_rack,2023-05-11 13:17:08,42.0114627,-87.81900973,divvy_aacce2a367f35d61,Public Rack - Overhill Ave & Touhy Ave,2023-05-11 13:17:08,42.0114627,-87.81900973,True,public_rack,113,same_key
divvy_aad82a6625cd96f8,Public Rack - Hamilton Ave & 95th St,public_rack,2022-09-09 10:02:34,41.72,-87.68,divvy_ac8dfb1213d58cdf,Public Rack - Hamilton Ave & 95th St,2022-09-09 10:02:34,41.720832,-87.676382,True,public_rack,24,reassigned_or_rekeyed
divvy_aaed6fbb31826e65,Public Rack - Mason & Archer,public_rack,2023-06-08 19:25:25,41.79456,-87.77092,divvy_aaed6fbb31826e65,Public Rack - Mason & Archer,2023-05-09 13:23:06,41.79456,-87.77092,True,public_rack,12,same_key
divvy_aaf1bf77437b45ca,Franklin St & Lake St,station,2013-06-28 08:09:00,41.885837,-87.6355,divvy_aaf1bf77437b45ca,Franklin St & Lake St,2013-06-28 08:09:00,41.885837,-87.6355,True,station,367057,same_key
divvy_aafb43e9b18ef62f,Keeler Ave & 26th St,station,2022-05-09 19:32:40,41.84,-87.73,divvy_8fe48bc20c0ea251,Keeler Ave & 26th St,2022-05-09 19:32:40,,,,station,2,retained_unlocated
divvy_aaff57b2756dd084,Lake Park Ave & 47th St,station,2022-05-12 19:48:11,41.81,-87.59,divvy_ffa50099e2413e0a,Lake Park Ave & 47th St,2013-09-17 15:27:00,41.809443,-87.591875,True,station,81,reassigned_or_rekeyed
divvy_ab03d907806d5f32,Public Rack - Pittsburgh Ave & Irving Park,public_rack,2023-02-13 14:56:49,41.95,-87.83,divvy_5f8dd7b0052fa07b,Public Rack - Pittsburgh Ave & Irving Park,2023-02-13 14:56:49,41.952076674,-87.832851052,True,public_rack,3,reassigned_or_rekeyed
divvy_ab0652e75584cf5d,Aberdeen St & Monroe St,station,2016-01-01 12:01:00,41.88014,-87.6547,divvy_ab0652e75584cf5d,Aberdeen St & Monroe St,2016-01-01 12:01:00,41.88014,-87.6547,True,station,203603,same_key
divvy_ab262a2464f06132,Laramie Ave & Augusta Blvd,station,2026-03-30 20:56:03.544000,41.89865,-87.75547,divvy_ab262a2464f06132,Laramie Ave & Augusta Blvd,2026-03-30 20:56:03.544000,41.89865,-87.75547,True,station,65,same_key
divvy_ab3fc737d8bcc069,Grace St & Cicero Ave,station,2024-04-16 19:32:24,41.94973,-87.74695,divvy_ab3fc737d8bcc069,Grace St & Cicero Ave,2024-04-16 19:32:24,41.94973,-87.74695,True,station,1697,same_key
divvy_ab7a7751dc9a34e5,Ridge Blvd & Touhy Ave,station,2015-05-16 10:51:00,42.01213227742,-87.6829126443,divvy_ab7a7751dc9a34e5,Ridge Blvd & Touhy Ave,2015-05-16 10:51:00,42.01213227742,-87.6829126443,True,station,16927,same_key
divvy_ab8f03780b639dd1,Racine Ave & 13th St,station,2013-08-01 10:15:00,41.865054,-87.656959,divvy_ab8f03780b639dd1,Racine Ave & 13th St,2013-08-01 10:15:00,41.865054,-87.656959,True,station,28186,same_key
divvy_ab93d82db64c04a8,Pulaski Rd & 84th St,station,2023-11-10 16:16:14,41.740407,-87.721907,divvy_ab93d82db64c04a8,Pulaski Rd & 84th St,2023-11-10 16:16:14,41.740407,-87.721907,True,station,293,same_key
divvy_abb2fbdb1d67e95f,Public Rack - Ewing Ave & 107th St,public_rack,2022-08-25 18:49:07,41.7,-87.53,divvy_f30ad1c7d1cfe79f,Public Rack - Ewing Ave & 107th St,2022-07-28 19:51:59,41.700378,-87.535276,True,public_rack,2,reassigned_or_rekeyed
divvy_abdd6083a43b68e8,Public Rack - Oglesby Ave & 105th St,public_rack,2023-07-29 00:25:39,41.704672,-87.565519,divvy_abdd6083a43b68e8,Public Rack - Oglesby Ave & 105th St,2023-07-29 00:25:39,41.704672,-87.565519,True,public_rack,7,same_key
divvy_abdf23f2caad7551,Yates Blvd & 75th St,station,2015-05-12 16:40:00,41.758768,-87.56644,divvy_abdf23f2caad7551,Yates Blvd & 75th St,2015-05-12 16:40:00,41.758768,-87.56644,True,station,4011,same_key
divvy_abe14569b2c5de12,Lamon Ave & Belmont Ave,station,2021-07-17 16:33:50,41.93897,-87.74927,divvy_abe14569b2c5de12,Lamon Ave & Belmont Ave,2021-07-17 16:33:50,41.93897,-87.74927,True,station,3799,same_key
divvy_ac1fbe3018f47cf6,Public Rack - 82nd st & Kedzie Ave,public_rack,2023-06-03 09:26:20,41.743336,-87.702362,divvy_ac1fbe3018f47cf6,Public Rack - 82nd st & Kedzie Ave,2023-05-14 04:20:14,41.743336,-87.702362,True,public_rack,28,same_key
divvy_ac25f2140d509daa,Public Rack - Oketo Ave & Belmont Ave,public_rack,2023-06-09 17:29:21,41.938117,-87.811862,divvy_e22efd2affd2a288,Public Rack - Oketo Ave & Belmont Ave,2022-09-09 16:22:26,41.938117,-87.811862,True,public_rack,120,reassigned_or_rekeyed
divvy_ac3564064835b821,Public Rack - Paxton Ave & 79th St,public_rack,2023-05-22 14:16:20,41.75167773,-87.57045748,divvy_ac3564064835b821,Public Rack - Paxton Ave & 79th St,2022-06-19 21:04:03,41.75167773,-87.57045748,True,public_rack,24,same_key
divvy_ac48a8932743c478,Public Rack - Muskegon Ave & 89th St,public_rack,2024-09-09 07:58:20.237000,41.733044,-87.555652,divvy_ac48a8932743c478,Public Rack - Muskegon Ave & 89th St,2024-09-09 07:58:20.237000,41.733044,-87.555652,True,public_rack,4,same_key
divvy_ac59067ce9166265,Avers Ave & Belmont Ave,station,2015-05-13 20:36:00,41.939408,-87.723574,divvy_ac59067ce9166265,Avers Ave & Belmont Ave,2015-05-13 20:36:00,41.939408,-87.723574,True,station,42706,same_key
divvy_ac8dfb1213d58cdf,Public Rack - Hamilton Ave & 95th St,public_rack,2023-06-28 13:09:35,41.720832,-87.676382,divvy_ac8dfb1213d58cdf,Public Rack - Hamilton Ave & 95th St,2022-09-09 10:02:34,41.720832,-87.676382,True,public_rack,99,same_key
divvy_ac91d36e7b723021,Melvina Ave & Belmont Ave,station,2022-05-11 20:10:53,41.94,-87.78,divvy_74032c67313858e8,Melvina Ave & Belmont Ave,2022-05-11 20:10:53,,,,station,9,retained_unlocated
divvy_aca1724d16b4d341,Public Rack - Sawyer Ave & 111th St,public_rack,2024-11-13 00:28:01.625000,41.691411,-87.70229,divvy_aca1724d16b4d341,Public Rack - Sawyer Ave & 111th St,2024-11-13 00:28:01.625000,41.691411,-87.70229,True,public_rack,15,same_key
divvy_acc25fa689adcff2,Federal St & Polk St,station,2015-04-25 19:11:00,41.87207763285,-87.6295437729,divvy_acc25fa689adcff2,Federal St & Polk St,2015-04-25 19:11:00,41.87207763285,-87.6295437729,True,station,345569,same_key
divvy_accdd149d1460b8d,Public Rack - Brooks Park,public_rack,2023-05-20 11:48:13,42.0,-87.81,divvy_2540836d10b90de3,Public Rack - Brooks Park,2023-05-20 11:48:13,42.0044152,-87.8070628,True,public_rack,5,reassigned_or_rekeyed
divvy_acef70bdacf633a0,Eggleston Ave & 92nd St,station,2022-06-17 19:09:37,41.73,-87.63,divvy_3ede1e30f941e5dc,Eggleston Ave & 92nd St,2020-09-03 17:51:20,41.727575659299575,-87.63482809066771,True,station,11,reassigned_or_rekeyed
divvy_acefcb77a0349cb7,Laramie Ave & Addison St,station,2024-04-15 18:59:43,41.9456842,-87.7569344,divvy_acefcb77a0349cb7,Laramie Ave & Addison St,2024-04-15 18:59:43,41.9456842,-87.7569344,True,station,1112,same_key
divvy_ad14e238edc0d5dd,Wabash Ave & 8th St,station,2013-07-28 23:59:00,41.871962,-87.626106,divvy_ad14e238edc0d5dd,Wabash Ave & 8th St,2013-07-28 23:59:00,41.871962,-87.626106,True,station,87510,same_key
divvy_ad18a0e5688998e3,Milwaukee Ave & Cuyler Ave,station,2016-07-12 16:17:01,41.954468,-87.749594,divvy_ad18a0e5688998e3,Milwaukee Ave & Cuyler Ave,2016-07-12 16:17:01,41.954468,-87.749594,True,station,14248,same_key
divvy_ad1b2e0ba1b54151,Halsted St & 64th St,station,2022-06-02 20:40:03,41.78,-87.64,divvy_2ac1b947b29b2173,Halsted St & 64th St,2022-06-02 20:40:03,,,,station,9,retained_unlocated
divvy_ad1e92f2169fe278,Oconto Ave & Belmont Ave,station,2024-06-29 13:07:36.479000,41.93783,-87.80788,divvy_ad1e92f2169fe278,Oconto Ave & Belmont Ave,2024-06-29 13:07:36.479000,41.93783,-87.80788,True,station,293,same_key
divvy_ad1f8a518c915ddc,Public Rack - Hamlin Ave & Montrose Ave,public_rack,2023-06-01 08:46:26,41.961216,-87.722416,divvy_ad1f8a518c915ddc,Public Rack - Hamlin Ave & Montrose Ave,2022-06-14 18:57:36,41.961216,-87.722416,True,public_rack,2024,same_key
divvy_ad2e305468e2c0b7,Public Rack - Wells St & Lake St,public_rack,2026-05-01 17:58:32.608000,41.88566761,-87.63375585,divvy_ad2e305468e2c0b7,Public Rack - Wells St & Lake St,2026-05-01 17:58:32.608000,41.88566761,-87.63375585,True,public_rack,993,same_key
divvy_ad46037a73e769e8,Public Rack - Calumet Ave & Garfield Blvd,public_rack,2022-10-14 14:38:22,41.79,-87.62,divvy_2a9d6112412b4935,Public Rack - Calumet Ave & Garfield Blvd,2022-10-14 14:38:22,41.794886,-87.617415,True,public_rack,3,reassigned_or_rekeyed
divvy_ad47811874131eeb,Public Rack - Kedzie Ave & 54th Pl,public_rack,2022-09-12 00:35:16,41.79,-87.7,divvy_d9983f99b943f6b3,Public Rack - Kedzie Ave & 54th Pl,2022-09-12 00:35:16,41.794639,-87.703767,True,public_rack,10,reassigned_or_rekeyed
divvy_ad4894cec8511843,Public Rack - Mackinaw Ave & 85th St,public_rack,2023-07-01 16:42:24,41.741897,-87.543162,divvy_ad4894cec8511843,Public Rack - Mackinaw Ave & 85th St,2023-07-01 16:42:24,41.741897,-87.543162,True,public_rack,50,same_key
divvy_ad5d778c560555bd,Laramie Ave & Fullerton Ave,station,2022-05-09 15:37:48,41.92,-87.76,divvy_c00bf7d490409601,Laramie Ave & Fullerton Ave,2022-05-09 15:37:48,,,,station,69,retained_unlocated
divvy_ad6cb67715bb7a17,Springfield Ave & 71st St,station,2023-10-04 20:47:04,41.764484,-87.720028,divvy_ad6cb67715bb7a17,Springfield Ave & 71st St,2023-10-04 20:47:04,41.764484,-87.720028,True,station,435,same_key
divvy_ad7576c2fcd40f11,Clark St & Wellington Ave,station,2013-08-02 20:26:00,41.9364968219,-87.6475386582,divvy_ad7576c2fcd40f11,Clark St & Wellington Ave,2013-08-02 20:26:00,41.9364968219,-87.6475386582,True,station,357699,same_key
divvy_ad8696f445159360,63rd St Beach,station,2015-04-21 15:57:00,41.78091096424803,-87.57632374763489,divvy_ad8696f445159360,63rd St Beach,2015-04-21 15:57:00,41.78091096424803,-87.57632374763489,True,station,30675,same_key
divvy_ad8b7ebedd102679,State St & 54th St,station,2018-10-02 14:15:44,41.796642,-87.625923,divvy_ad8b7ebedd102679,State St & 54th St,2018-10-02 14:15:44,41.796642,-87.625923,True,station,3216,same_key
divvy_adaa8fa0d387545f,Public Rack - Leavitt St & Potomac Ave,public_rack,2026-04-09 09:17:24.055000,41.904976,-87.682051,divvy_adaa8fa0d387545f,Public Rack - Leavitt St & Potomac Ave,2026-04-09 09:17:24.055000,41.904976,-87.682051,True,public_rack,405,same_key
divvy_adaf919d205e43ce,Public Rack - Sangamon St & 79th St,public_rack,2024-04-30 09:49:31,41.750395,-87.647464,divvy_adaf919d205e43ce,Public Rack - Sangamon St & 79th St,2022-10-07 15:45:22,41.750395,-87.647464,True,public_rack,6,same_key
divvy_adbee37ca5f432a7,State St & 19th St,station,2013-07-21 11:25:00,41.856575,-87.627568,divvy_adbee37ca5f432a7,State St & 19th St,2013-07-21 11:25:00,41.856575,-87.627568,True,station,76497,same_key
divvy_add7a7122f16b250,Public Rack - Chase Ave & Touhy Ave - NE,public_rack,2022-06-15 15:20:32,42.01,-87.69,divvy_470b189caa4815c9,Public Rack - Chase Ave & Touhy Ave - NE,2022-06-15 15:20:32,42.014539,-87.6901359,True,public_rack,56,reassigned_or_rekeyed
divvy_adda50b464d06beb,Dan Ryan Woods & 83rd St,station,2024-01-07 09:35:03,41.742805,-87.680177,divvy_adda50b464d06beb,Dan Ryan Woods & 83rd St,2024-01-07 09:35:03,41.742805,-87.680177,True,station,1261,same_key
divvy_adee2d86137cb686,California Ave & Montrose Ave,station,2015-07-07 17:19:00,41.961068,-87.695439,divvy_adee2d86137cb686,California Ave & Montrose Ave,2015-07-07 17:19:00,41.961068,-87.695439,True,station,59604,same_key
divvy_adef6a59ab5c6615,Public Rack - Kedzie & 73rd,public_rack,2023-05-10 12:33:42,41.76,-87.7,divvy_7b473e0f5f24b928,Public Rack - Kedzie & 73rd,2023-05-10 12:33:42,41.760696,-87.70238,True,public_rack,1,reassigned_or_rekeyed
divvy_ae2db83b7e40a3d3,Avenue L & 114th St,station,2023-05-29 16:55:17,41.6881169,-87.5365497,divvy_ae2db83b7e40a3d3,Avenue L & 114th St,2021-01-09 23:38:02,41.6881169,-87.5365497,True,station,87,same_key
divvy_ae363b5477268bda,Altgeld Gardens,station,2021-04-29 19:12:19,41.656665529673724,-87.59880065917969,divvy_ae363b5477268bda,Altgeld Gardens,2021-04-29 19:12:19,41.656665529673724,-87.59880065917969,True,station,598,same_key
divvy_ae67ec35749f5674,Public Rack - Ewing Ave & 99th St,public_rack,2023-06-15 19:14:45,41.7159614,-87.5351111,divvy_ae67ec35749f5674,Public Rack - Ewing Ave & 99th St,2022-11-22 04:14:55,41.7159614,-87.5351111,True,public_rack,39,same_key
divvy_ae72efd1a427beef,Central Ave & Altgeld St,station,2024-04-12 14:52:50,41.9258119,-87.7663685,divvy_ae72efd1a427beef,Central Ave & Altgeld St,2024-04-12 14:52:50,41.9258119,-87.7663685,True,station,1333,same_key
divvy_ae8f985fd6334e14,Lawrence Ave & 103rd St,station,2022-08-15 00:01:50,41.71,-87.61,divvy_4c0d11e39fd94acc,Lawrence Ave & 103rd St,2022-08-15 00:01:50,,,,station,7,retained_unlocated
divvy_ae9176c38e28b9dc,Orange Ave & Addison St,station,2024-07-19 09:06:12.088000,41.94485,-87.82423,divvy_ae9176c38e28b9dc,Orange Ave & Addison St,2024-07-19 09:06:12.088000,41.94485,-87.82423,True,station,484,same_key
divvy_ae9e8875accef25c,Public Rack - Western Ave & 105th St,public_rack,2022-09-10 19:02:55,41.7,-87.68,divvy_66ed122828efe312,Public Rack - Western Ave & 105th St,2022-09-10 19:02:55,41.702609,-87.681492,True,public_rack,18,reassigned_or_rekeyed
divvy_aeae21a74261c313,Public Rack - Hiawatha & Mendota,public_rack,2023-05-04 18:15:19,42.01,-87.78,divvy_4ea7cefdf8450600,Public Rack - Hiawatha & Mendota,2023-05-04 18:15:19,42.00699,-87.778007,True,public_rack,3,reassigned_or_rekeyed
divvy_aeca0cd9a4bc1a75,Baltimore Ave & 132nd St,station,2022-06-03 17:33:30,41.66,-87.55,divvy_12edf9ecfbd090e7,Baltimore Ave & 132nd St,2022-06-03 17:33:30,,,,station,6,retained_unlocated
divvy_aed4110adfb00400,Public Rack - Plainfield Ave & Irving Park Rd,public_rack,2024-05-17 12:39:49,41.952133,-87.833817,divvy_aed4110adfb00400,Public Rack - Plainfield Ave & Irving Park Rd,2023-05-10 13:56:06,41.952133,-87.833817,True,public_rack,48,same_key
divvy_aee22ff80407f58e,Wentworth Ave & 103rd St,station,2022-07-03 14:54:28,41.71,-87.63,divvy_53827faa4db9a6e5,Wentworth Ave & 103rd St,2022-07-03 14:54:28,,,,station,14,retained_unlocated
divvy_aeeca22bd101dd80,Wilton Ave & Belmont Ave,station,2013-08-02 17:37:00,41.940231918108594,-87.65294373035431,divvy_aeeca22bd101dd80,Wilton Ave & Belmont Ave,2013-08-02 17:37:00,41.940231918108594,-87.65294373035431,True,station,536220,same_key
divvy_aeed02176ce2e472,Public Rack - Zapata Academy,public_rack,2022-06-16 21:37:40,41.84,-87.73,divvy_3f526d4eb8705378,Public Rack - Zapata Academy,2022-06-16 21:37:40,41.841655,-87.734366,True,public_rack,24,reassigned_or_rekeyed
divvy_af061806f45683b2,Lockwood Ave & Wrightwood Ave,station,2021-08-04 14:22:28,41.93,-87.76,divvy_7da4203923d152d8,Lockwood Ave & Wrightwood Ave,2021-08-04 14:22:28,41.927766,-87.758544,True,station,2069,reassigned_or_rekeyed
divvy_af10ceed5d111189,Wabash Ave & Washington St,station,2025-09-04 14:40:15.028000,41.8832,-87.62662,divvy_af10ceed5d111189,Wabash Ave & Washington St,2025-09-04 14:40:15.028000,41.8832,-87.62662,True,station,24965,same_key
divvy_af184d9f56455a58,Racine Ave & 15th St,station,2013-09-12 21:21:00,41.861267,-87.656625,divvy_af184d9f56455a58,Racine Ave & 15th St,2013-09-12 21:21:00,41.861267,-87.656625,True,station,66036,same_key
divvy_af2a8e0751ab3445,Western Ave & 104th St - East,station,2022-05-27 17:11:13,41.7,-87.68,divvy_8b0f0a7e484cb310,Western Ave & 104th St - East,2022-05-27 17:11:13,,,,station,21,retained_unlocated
divvy_af317ff239754938,MTL-ECO5.1-01,station,2020-01-22 15:32:05,41.9171,-87.7482,divvy_af317ff239754938,MTL-ECO5.1-01,2020-01-22 15:32:05,41.9171,-87.7482,True,station,16,same_key
divvy_af4618c28e01ae81,Public Rack - Troy & 111th St,public_rack,2023-09-18 08:20:28,41.691373,-87.700281,divvy_af4618c28e01ae81,Public Rack - Troy & 111th St,2022-09-26 14:13:01,41.691373,-87.700281,True,public_rack,12,same_key
divvy_af86409a22e2b0bd,Public Rack - Ingleside Ave & 79th St,public_rack,2024-04-05 17:24:26,41.751448,-87.601136,divvy_af86409a22e2b0bd,Public Rack - Ingleside Ave & 79th St,2024-04-05 17:24:26,41.751448,-87.601136,True,public_rack,13,same_key
divvy_af8ebd07b1bb31b0,Public Rack - Ewing Ave & 106th St NW,public_rack,2022-09-27 08:30:27,41.7,-87.54,divvy_b47b7f038113556b,Public Rack - Ewing Ave & 106th St NW,2022-09-27 08:30:27,41.70287,-87.535861,True,public_rack,7,reassigned_or_rekeyed
divvy_afaebe860ac3273b,Kedzie Ave & George St,station,2021-11-11 16:30:54,41.93,-87.71,divvy_f76135ac336ccb82,Kedzie Ave & George St,2021-11-11 16:30:54,41.933886,-87.707262,True,station,2623,reassigned_or_rekeyed
divvy_afd3a4cf4867d420,Richmond St & Diversey Ave,station,2015-05-05 16:09:00,41.93190196886,-87.7011951301,divvy_afd3a4cf4867d420,Richmond St & Diversey Ave,2015-05-05 16:09:00,41.93190196886,-87.7011951301,True,station,60847,same_key
divvy_afd5fa39eea47a35,Spaulding Ave & Evergreen Ave,station,2022-05-11 02:38:48,41.91,-87.71,divvy_14e8c9a33d092634,Spaulding Ave & Evergreen Ave,2022-05-11 02:38:48,,,,station,112,retained_unlocated
divvy_afdb9a1e73d62671,Pulaski Rd & 44th St,station,2022-05-09 17:10:41,41.81,-87.72,divvy_b896d18be9cf593b,Pulaski Rd & 44th St,2022-05-09 17:10:41,,,,station,271,retained_unlocated
divvy_b008a0ffa292a2a5,Public Rack - Leoti Ave & Central Ave (south),public_rack,2023-05-12 07:42:16,42.0,-87.76,divvy_65413b2a3ccfc7bf,Public Rack - Leoti Ave & Central Ave (south),2023-05-12 07:42:16,41.998324,-87.763384,True,public_rack,3,reassigned_or_rekeyed
divvy_b00bc08b3fe48991,Milwaukee Ave & Diversey Ave,station,2022-05-09 11:06:19,41.93,-87.71,divvy_1fcae49ca57d5de4,Milwaukee Ave & Diversey Ave,2022-05-09 11:06:19,41.93266,-87.71222,True,station,310,reassigned_or_rekeyed
divvy_b01b564d9c2e9af8,Buffalo Ave & 133rd St,station,2022-06-13 05:01:21,41.65,-87.54,divvy_98f468c57512be05,Buffalo Ave & 133rd St,2022-06-13 05:01:21,,,,station,3,retained_unlocated
divvy_b039aa637aac2630,Public Rack - Rockwell & 111th St,public_rack,2023-06-08 14:37:43,41.691359,-87.68572,divvy_b039aa637aac2630,Public Rack - Rockwell & 111th St,2022-09-08 15:28:55,41.691359,-87.68572,True,public_rack,56,same_key
divvy_b0466769fc03a7b2,Cottage Grove Ave & 87th St,station,2022-05-09 11:53:49,41.74,-87.61,divvy_b7f74308be6af3bf,Cottage Grove Ave & 87th St,2022-05-09 11:53:49,,,,station,36,retained_unlocated
divvy_b05d070a11e9a9b8,Public Rack - Avenue J & 102nd St,public_rack,2023-06-24 17:23:24,41.709832,-87.534238,divvy_b05d070a11e9a9b8,Public Rack - Avenue J & 102nd St,2022-12-09 18:42:47,41.709832,-87.534238,True,public_rack,13,same_key
divvy_b0654270d86b8482,Public Rack - Greenwood Ave & 87th St,public_rack,2025-03-29 10:18:05.164000,41.736263,-87.596634,divvy_b0654270d86b8482,Public Rack - Greenwood Ave & 87th St,2025-03-29 10:18:05.164000,41.736263,-87.596634,True,public_rack,2,same_key
divvy_b06f39dbc4f868ba,Public Rack - Austin & Higgins,public_rack,2023-05-04 08:40:14,41.97,-87.78,divvy_290e572b48a23880,Public Rack - Austin & Higgins,2023-05-04 08:40:14,41.973152,-87.77791,True,public_rack,14,reassigned_or_rekeyed
divvy_b07044f7f81b8784,Public Rack - St Louis & 83rd,public_rack,2023-05-10 20:28:34,41.7409886075,-87.7097710775,divvy_885493f481b47e61,Public Rack - St Louis & 83rd,2023-05-10 20:28:34,41.742321,-87.70967,True,public_rack,4,reassigned_or_rekeyed
divvy_b0741ceace388af0,Public Rack - Central Park & Peterson,public_rack,2023-05-07 14:45:53,41.990093,-87.718753,divvy_b0741ceace388af0,Public Rack - Central Park & Peterson,2023-05-07 14:45:53,41.990093,-87.718753,True,public_rack,226,same_key
divvy_b07a0fb403aec433,Public Rack - Woodlawn Ave & 63rd St S,public_rack,2023-06-21 12:04:07,41.779484,-87.596028,divvy_b07a0fb403aec433,Public Rack - Woodlawn Ave & 63rd St S,2022-09-10 19:16:29,41.779484,-87.596028,True,public_rack,404,same_key
divvy_b0805741463008eb,Eggleston Ave & 115th St,station,2022-08-07 22:32:28,41.68,-87.63,divvy_170a93938a2d0353,Eggleston Ave & 115th St,2022-08-07 22:32:28,41.68507,-87.63361,True,station,2,reassigned_or_rekeyed
divvy_b09aa87c7c15c242,Public Rack - Nagle Ave & Belmont Ave,public_rack,2022-09-06 16:13:46,41.94,-87.79,divvy_f8d1bacb57335f55,Public Rack - Nagle Ave & Belmont Ave,2022-09-06 16:13:46,41.938201,-87.787415,True,public_rack,243,reassigned_or_rekeyed
divvy_b0a50fc089158ae9,State St & Chicago Ave,station,2021-12-30 07:13:01,41.89661720040753,-87.62857854366302,divvy_b0a50fc089158ae9,State St & Chicago Ave,2021-12-30 07:13:01,41.89661720040753,-87.62857854366302,True,station,240279,same_key
divvy_b0b7eb1debad20e0,Public Rack - Keeler Ave & 55th St,public_rack,2022-10-15 08:10:57,41.79,-87.73,divvy_47a2306aaf6f6feb,Public Rack - Keeler Ave & 55th St,2022-10-15 08:10:57,41.79304,-87.728214,True,public_rack,10,reassigned_or_rekeyed
divvy_b0e8e1ff87a08af0,Public Rack - Kedvale Ave & Addison St,public_rack,2022-06-15 14:40:13,41.95,-87.73,divvy_5c0de6eb9b51d9dc,Public Rack - Kedvale Ave & Addison St,2022-06-15 14:40:13,41.947174,-87.730837,True,public_rack,45,reassigned_or_rekeyed
divvy_b102e67153237834,Public Rack - 4810 Keeler Ave,public_rack,2023-05-11 20:07:21,41.97,-87.73,divvy_7247aa479977cb8c,Public Rack - 4810 Keeler Ave,2023-05-11 20:07:21,41.9685781,-87.7330358,True,public_rack,7,reassigned_or_rekeyed
divvy_b115d9af68ef93bb,Clark St & Leland Ave,station,2013-09-27 14:45:00,41.96708783918421,-87.66729086637497,divvy_b115d9af68ef93bb,Clark St & Leland Ave,2013-09-27 14:45:00,41.96708783918421,-87.66729086637497,True,station,175827,same_key
divvy_b13493336efea247,Western Ave & Lake St,station,2021-11-27 09:05:00,41.88,-87.69,divvy_53e54f4584462bbc,Western Ave & Lake St,2021-11-27 09:05:00,41.88481,-87.68668,True,station,372,reassigned_or_rekeyed
divvy_b166f61b66fc332f,Public Rack - Justine St & 87th St,public_rack,2023-02-24 23:51:07,41.74,-87.66,divvy_d3fbb6e496566c74,Public Rack - Justine St & 87th St,2023-02-24 23:51:07,41.736019,-87.66243,True,public_rack,9,reassigned_or_rekeyed
divvy_b16a0d4f8626f8e2,Elston Ave & George St,station,2021-11-05 14:02:13,41.93,-87.69,divvy_a752a8068ce90e0d,Elston Ave & George St,2021-11-05 14:02:13,41.934003,-87.690823,True,station,3513,reassigned_or_rekeyed
divvy_b174cb00944305fd,Public Rack - Kedzie & 71st,public_rack,2023-05-26 13:46:54,41.764315,-87.703028,divvy_b174cb00944305fd,Public Rack - Kedzie & 71st,2023-05-26 13:46:54,41.764315,-87.703028,True,public_rack,11,same_key
divvy_b197984963aeb570,Kostner Ave & Adams St,station,2016-06-16 08:35:00,41.877917,-87.735737,divvy_b197984963aeb570,Kostner Ave & Adams St,2016-06-16 08:35:00,41.877917,-87.735737,True,station,3244,same_key
divvy_b1cad9a31c46b625,Doty Ave & 111th St,station,2021-09-16 04:24:40,41.69501044938143,-87.59871482849121,divvy_b1cad9a31c46b625,Doty Ave & 111th St,2021-09-16 04:24:40,41.69501044938143,-87.59871482849121,True,station,844,same_key
divvy_b1d5c0d7e7a72bc2,Public Rack - Central Ave & Adams St,public_rack,2022-09-19 21:37:18,41.88,-87.76,divvy_504313e9fcc8eb8a,Public Rack - Central Ave & Adams St,2022-09-19 21:37:18,41.878264,-87.764886,True,public_rack,1,reassigned_or_rekeyed
divvy_b2066233de919a54,Public Rack - Western Ave & 62nd St,public_rack,2023-02-19 22:37:47,41.78,-87.68,divvy_7890274a97fc1700,Public Rack - Western Ave & 62nd St,2023-02-19 22:37:47,41.780964,-87.683757,True,public_rack,1,reassigned_or_rekeyed
divvy_b222137b3be39fe0,Neva Ave & Grand Ave,station,2022-05-09 20:04:46,41.92,-87.8,divvy_4d3132ed8fe19ecb,Neva Ave & Grand Ave,2022-05-09 20:04:46,,,,station,80,retained_unlocated
divvy_b22239e2e688c078,Public Rack - Delphina & Foster,public_rack,2023-06-02 17:43:43,41.9736,-87.841098,divvy_b22239e2e688c078,Public Rack - Delphina & Foster,2023-05-03 20:27:20,41.9736,-87.841098,True,public_rack,250,same_key
divvy_b24abc54f21bf96a,Public Rack - Linder Ave & Archer Ave,public_rack,2023-06-03 21:21:20,41.796005,-87.759575,divvy_b24abc54f21bf96a,Public Rack - Linder Ave & Archer Ave,2023-05-20 22:19:30,41.796005,-87.759575,True,public_rack,82,same_key
divvy_b265d7f5f37adf73,Public Rack - Pulaski Rd & Fullerton Ave,public_rack,2023-06-04 13:52:14,41.924618,-87.727398,divvy_b265d7f5f37adf73,Public Rack - Pulaski Rd & Fullerton Ave,2022-06-16 10:35:06,41.924618,-87.727398,True,public_rack,326,same_key
divvy_b273a9ff5365f618,Damen Ave & Foster Ave,station,2015-05-14 07:15:00,41.9758109755749,-87.67950989857908,divvy_b273a9ff5365f618,Damen Ave & Foster Ave,2015-05-14 07:15:00,41.9758109755749,-87.67950989857908,True,station,94436,same_key
divvy_b282bcecd92369ee,Wood St & Walnut St,station,2025-08-14 16:31:00.653000,41.87862,-87.66913,divvy_b282bcecd92369ee,Wood St & Walnut St,2025-08-14 16:31:00.653000,41.87862,-87.66913,True,station,123,same_key
divvy_b28afd4004c2b33c,Champlain Ave & 134th St,station,2022-05-17 08:39:10,41.66,-87.61,divvy_08041fe5e7b96763,Champlain Ave & 134th St,2022-05-17 08:39:10,,,,station,8,retained_unlocated
divvy_b29ede0935fc13ba,Public Rack - Fullerton Ave & Narragansett Ave,public_rack,2022-07-07 08:55:38,41.92,-87.79,divvy_42bd6b2905501d39,Public Rack - Fullerton Ave & Narragansett Ave,2022-07-07 08:55:38,41.923739,-87.785835,True,public_rack,222,reassigned_or_rekeyed
divvy_b2e6c4145bf2c417,Public Rack - Halsted St Metra Station,public_rack,2026-05-01 18:22:19.828000,41.86043539,-87.64683102,divvy_b2e6c4145bf2c417,Public Rack - Halsted St Metra Station,2026-05-01 18:22:19.828000,41.86043539,-87.64683102,True,public_rack,586,same_key
divvy_b2edef37c5fab615,Linder Ave & 64th,station,2026-08-20 12:41:03.404000,41.77546,-87.75791,divvy_b2edef37c5fab615,Linder Ave & 64th,2026-08-20 12:41:03.404000,41.77546,-87.75791,True,station,5,same_key
divvy_b2f839152fe8b8ec,State St & 111th St,station,2024-10-23 07:53:47.802000,41.69251,-87.62287,divvy_b2f839152fe8b8ec,State St & 111th St,2024-10-23 07:53:47.802000,41.69251,-87.62287,True,station,197,same_key
divvy_b2fb6919f72fd25a,Public Rack - Longwood Dr & 111th St,public_rack,2024-05-14 07:29:47,41.69163,-87.671782,divvy_b2fb6919f72fd25a,Public Rack - Longwood Dr & 111th St,2022-11-28 09:17:06,41.69163,-87.671782,True,public_rack,9,same_key
divvy_b3167340cffdb8c2,Kedvale Ave & Peterson Ave,station,2024-04-30 13:55:51,41.9900762,-87.7317073,divvy_b3167340cffdb8c2,Kedvale Ave & Peterson Ave,2024-04-30 13:55:51,41.9900762,-87.7317073,True,station,1369,same_key
divvy_b32051cc304a5031,Mason Ave & Belmont Ave,station,2023-06-01 15:38:57,41.9383682,-87.7725029,divvy_b32051cc304a5031,Mason Ave & Belmont Ave,2021-07-30 18:09:26,41.9383682,-87.7725029,True,station,561,same_key
divvy_b33ac87af36a4336,Public Rack - Ashland Ave & 91st St,public_rack,2022-08-01 18:20:49,41.73,-87.66,divvy_e2c247cfd09e9643,Public Rack - Ashland Ave & 91st St,2022-08-01 18:20:49,41.728271,-87.662673,True,public_rack,24,reassigned_or_rekeyed
divvy_b348a25fd1378a6b,Public Rack - 111th St - Morgan Park Metra,public_rack,2022-09-21 14:20:03,41.69,-87.67,divvy_eaaf073ed4a47dcd,Public Rack - 111th St - Morgan Park Metra,2022-09-21 14:20:03,41.692738,-87.670569,True,public_rack,53,reassigned_or_rekeyed
divvy_b34f13ea5d058561,Public Rack - Peterson Park,public_rack,2023-06-26 11:30:55,41.97871,-87.75552,divvy_b34f13ea5d058561,Public Rack - Peterson Park,2023-06-26 11:30:55,41.97871,-87.75552,True,public_rack,364,same_key
divvy_b3622a31a9fc11cb,Public Rack - Montrose Ave & Lavergne Ave,public_rack,2023-07-15 19:38:09,41.960607,-87.7516346,divvy_b3622a31a9fc11cb,Public Rack - Montrose Ave & Lavergne Ave,2023-07-15 19:38:09,41.960607,-87.7516346,True,public_rack,84,same_key
divvy_b377b304298cf27d,Public Rack - Eli Whitney Public School,public_rack,2023-06-01 00:19:19,41.840097547,-87.725531578,divvy_b377b304298cf27d,Public Rack - Eli Whitney Public School,2022-06-15 23:24:24,41.840097547,-87.725531578,True,public_rack,124,same_key
divvy_b37fff6943827b64,Public Rack - Prairie Ave & Garfield Blvd N,public_rack,2023-05-24 17:29:57,41.79480875,-87.61890696,divvy_b37fff6943827b64,Public Rack - Prairie Ave & Garfield Blvd N,2022-09-29 09:22:24,41.79480875,-87.61890696,True,public_rack,298,same_key
divvy_b387776365fe8100,Public Rack - Wood St & 47th St,public_rack,2023-06-02 16:12:58,41.80864,-87.669974,divvy_b387776365fe8100,Public Rack - Wood St & 47th St,2022-09-18 10:53:23,41.80864,-87.669974,True,public_rack,73,same_key
divvy_b3a94effb2877d40,Canal St & Monroe St,station,2024-08-01 06:45:20.480000,41.8829056,-87.6397409,divvy_b3a94effb2877d40,Canal St & Monroe St,2024-08-01 06:45:20.480000,41.8829056,-87.6397409,True,station,37951,same_key
divvy_b3b6bd0a114763cf,Vincennes Ave & 107th St,station,2024-11-12 18:45:34.139000,41.69922,-87.65869,divvy_b3b6bd0a114763cf,Vincennes Ave & 107th St,2024-11-12 18:45:34.139000,41.69922,-87.65869,True,station,282,same_key
divvy_b3d20e25a2f35474,Public Rack - Monticello & Lawrence,public_rack,2023-06-01 14:04:49,41.968213302500004,-87.719541,divvy_b3d20e25a2f35474,Public Rack - Monticello & Lawrence,2023-05-11 15:47:33,41.968213302500004,-87.719541,True,public_rack,214,same_key
divvy_b3e1bc042d05c6e0,Springfield Ave & 63rd St,station,2022-05-11 13:41:09,41.78,-87.72,divvy_2a95c4e7ea9c94d3,Springfield Ave & 63rd St,2022-05-11 13:41:09,,,,station,42,retained_unlocated
divvy_b3e6b3267a0eb934,N Clark St & W Elm St,station,2020-09-21 15:21:28,41.9,-87.63,divvy_695b155b6893d86e,N Clark St & W Elm St,2020-09-21 15:21:28,41.902901,-87.631282,True,station,732,reassigned_or_rekeyed
divvy_b3e9a7bc21b05099,Public Rack - Wilbur Wright College South,public_rack,2023-06-28 17:39:38,41.95828,-87.78745,divvy_b3e9a7bc21b05099,Public Rack - Wilbur Wright College South,2023-06-28 17:39:38,41.95828,-87.78745,True,public_rack,516,same_key
divvy_b413a951b04667f2,Public Rack - Legler Regional Library,public_rack,2022-06-18 14:36:38,41.88,-87.73,divvy_7ffaf333f8070fe9,Public Rack - Legler Regional Library,2022-06-18 14:36:38,41.879312,-87.725428,True,public_rack,31,reassigned_or_rekeyed
divvy_b435c9b02afab0a0,Public Rack - Kostner & Peterson,public_rack,2023-06-08 20:44:41,41.98993,-87.737967,divvy_b435c9b02afab0a0,Public Rack - Kostner & Peterson,2023-05-03 10:47:04,41.98993,-87.737967,True,public_rack,139,same_key
divvy_b454cf8b6c4b7181,Public Rack - Bryn Mawr Ave & Milwaukee Ave,public_rack,2023-05-05 19:38:03,41.982934,-87.774434,divvy_b454cf8b6c4b7181,Public Rack - Bryn Mawr Ave & Milwaukee Ave,2023-05-05 19:38:03,41.982934,-87.774434,True,public_rack,85,same_key
divvy_b45f5a0291035cc6,Union Ave & 42nd St,station,2015-04-16 00:45:00,41.81763809,-87.64356503,divvy_b45f5a0291035cc6,Union Ave & 42nd St,2015-04-16 00:45:00,41.81763809,-87.64356503,True,station,531,same_key
divvy_b460b7ed3d6b4a94,Michigan Ave & 102nd St,station,2022-05-13 14:40:06,41.71,-87.62,divvy_1d99796530289e35,Michigan Ave & 102nd St,2022-05-13 14:40:06,,,,station,4,retained_unlocated
divvy_b47b7f038113556b,Public Rack - Ewing Ave & 106th St NW,public_rack,2023-07-26 21:35:55,41.70287,-87.535861,divvy_b47b7f038113556b,Public Rack - Ewing Ave & 106th St NW,2022-09-27 08:30:27,41.70287,-87.535861,True,public_rack,16,same_key
divvy_b490517e32d07ccb,Elizabeth St & Randolph St,station,2023-02-07 07:48:18,41.88,-87.66,divvy_8cfd6b0bd4e066c6,Elizabeth St & Randolph St,2023-02-07 07:48:18,41.884336,-87.658902,True,station,1795,reassigned_or_rekeyed
divvy_b49088e87d2f1680,Ping Tom Park (East),station,2023-05-26 03:11:45,41.8579886,-87.6319447,divvy_b49088e87d2f1680,Ping Tom Park (East),2021-09-26 00:26:20,41.8579886,-87.6319447,True,station,4182,same_key
divvy_b497e0b4568996cd,DuSable Lake Shore Dr & Ohio St,station,2013-06-28 12:08:00,41.89257,-87.614492,divvy_b497e0b4568996cd,DuSable Lake Shore Dr & Ohio St,2013-06-28 12:08:00,41.89257,-87.614492,True,station,272284,same_key
divvy_b4a493a57736fe0b,Public Rack - Kedzie Ave & 54th St - SE,public_rack,2023-06-21 21:03:25,41.794326,-87.703471,divvy_b4a493a57736fe0b,Public Rack - Kedzie Ave & 54th St - SE,2022-08-31 13:44:14,41.794326,-87.703471,True,public_rack,86,same_key
divvy_b4a950344a7781cf,Menard Ave & Adams Blvd,station,2022-06-25 16:19:09,41.88,-87.77,divvy_27cd2ebf43580100,Menard Ave & Adams Blvd,2022-06-25 16:19:09,,,,station,5,retained_unlocated
divvy_b4b9c76914d372e3,Michigan Ave & 118th St,station,2026-03-22 01:21:06.042000,41.67982,-87.62075,divvy_b4b9c76914d372e3,Michigan Ave & 118th St,2026-03-22 01:21:06.042000,41.67982,-87.62075,True,station,11,same_key
divvy_b4ba15db28062d1f,Public Rack - Winona St & Elston Ave,public_rack,2023-06-18 15:13:47,41.9743427,-87.7503874,divvy_b4ba15db28062d1f,Public Rack - Winona St & Elston Ave,2023-05-04 08:55:08,41.9743427,-87.7503874,True,public_rack,236,same_key
divvy_b4bda9ef5d58a993,Dearborn St & Van Buren St,station,2017-07-27 13:25:40,41.876268,-87.629155,divvy_b4bda9ef5d58a993,Dearborn St & Van Buren St,2017-07-27 13:25:40,41.876268,-87.629155,True,station,109799,same_key
divvy_b4d2c7efafed4499,Cicero Ave & Quincy St,station,2016-06-17 16:05:00,41.877613,-87.745405,divvy_b4d2c7efafed4499,Cicero Ave & Quincy St,2016-06-17 16:05:00,41.877613,-87.745405,True,station,1773,same_key
divvy_b4f2ca218cca24a0,Public Rack - Canty Elementary School,public_rack,2022-09-20 21:06:35,41.95,-87.83,divvy_17f861db173e2528,Public Rack - Canty Elementary School,2022-09-20 21:06:35,41.947562,-87.829311,True,public_rack,6,reassigned_or_rekeyed
divvy_b4fee402e3e2f457,Calumet Ave & 35th St,station,2013-10-19 10:33:00,41.831379,-87.618034,divvy_b4fee402e3e2f457,Calumet Ave & 35th St,2013-10-19 10:33:00,41.831379,-87.618034,True,station,41290,same_key
divvy_b4ff25593e35d02a,Eggleston Ave & 69th St,station,2018-10-24 18:53:51,41.768898,-87.635876,divvy_b4ff25593e35d02a,Eggleston Ave & 69th St,2018-10-24 18:53:51,41.768898,-87.635876,True,station,2704,same_key
divvy_b53d6c5de4a8a65b,N Paulina St & Lincoln Ave,station,2023-06-01 08:33:07,41.943838,-87.671469,divvy_b53d6c5de4a8a65b,N Paulina St & Lincoln Ave,2021-01-04 12:46:49,41.943838,-87.671469,True,station,9548,same_key
divvy_b564ea62f384fb57,Obama Presidential Center,station,2026-07-09 12:52:32.619000,41.786419,-87.586462,divvy_b564ea62f384fb57,Obama Presidential Center,2026-07-09 12:52:32.619000,41.786419,-87.586462,True,station,2476,same_key
divvy_b5733d79b8df5cb9,Public Rack - Norwood Park Station,public_rack,2023-07-03 08:49:53,41.9919,-87.79916,divvy_b5733d79b8df5cb9,Public Rack - Norwood Park Station,2023-07-03 08:49:53,41.9919,-87.79916,True,public_rack,269,same_key
divvy_b57e8327bb316836,Public Rack - Lake Shore Dr & Hayes Dr,public_rack,2023-06-12 15:56:22,41.780581,-87.574562,divvy_b57e8327bb316836,Public Rack - Lake Shore Dr & Hayes Dr,2022-06-03 18:00:30,41.780581,-87.574562,True,public_rack,99,same_key
divvy_b57ead20d3d1ffeb,Ravenswood Ave & Berteau Ave,station,2013-07-29 15:12:00,41.957921,-87.673567,divvy_b57ead20d3d1ffeb,Ravenswood Ave & Berteau Ave,2013-07-29 15:12:00,41.957921,-87.673567,True,station,95513,same_key
divvy_b58eefb8949d7580,Stewart Ave & 83rd St,station,2020-07-16 09:41:20,41.743717,-87.634088,divvy_b58eefb8949d7580,Stewart Ave & 83rd St,2020-07-16 09:41:20,41.743717,-87.634088,True,station,1435,same_key
divvy_b5b27340b763fa0c,Leavitt St & Argyle,station,2026-08-05 16:01:15.076000,41.97246,-87.68413,divvy_b5b27340b763fa0c,Leavitt St & Argyle,2026-08-05 16:01:15.076000,41.97246,-87.68413,True,station,561,same_key
divvy_b5bab0bb87191685,Public Rack - William Rainey Harper High School,public_rack,2024-10-12 15:22:58.707000,41.775267,-87.669156,divvy_b5bab0bb87191685,Public Rack - William Rainey Harper High School,2024-10-12 15:22:58.707000,41.775267,-87.669156,True,public_rack,5,same_key
divvy_b5bcf9f700e39d00,Larrabee St & Kingsbury St 1,station,2013-06-27 09:46:00,41.897764,-87.642884,divvy_b5bcf9f700e39d00,Larrabee St & Kingsbury St 1,2013-06-27 09:46:00,41.897764,-87.642884,True,station,489798,same_key
divvy_b5d681afb94391ff,Francisco Ave & Bloomingdale Ave,station,2023-06-01 10:17:46,41.91396,-87.6994,divvy_b5d681afb94391ff,Francisco Ave & Bloomingdale Ave,2021-11-11 18:06:28,41.91396,-87.6994,True,station,7986,same_key
divvy_b5e2bb5b89e121fd,Perry Ave & 69th St,station,2015-05-10 19:30:00,41.76929308995,-87.6281959291,divvy_b5e2bb5b89e121fd,Perry Ave & 69th St,2015-05-10 19:30:00,41.76929308995,-87.6281959291,True,station,4623,same_key
divvy_b606bd79135b6cb6,Wacker Dr & Washington St Corral,station,2025-04-28 11:12:50.365000,41.88316,-87.63736,divvy_b606bd79135b6cb6,Wacker Dr & Washington St Corral,2025-04-28 11:12:50.365000,41.88316,-87.63736,True,station,4810,same_key
divvy_b60acdd40b58fd41,Public Rack - Lavergne Ave & Belle Plaine Ave,public_rack,2023-05-09 15:22:17,41.96,-87.75,divvy_6cbc139d777f0c58,Public Rack - Lavergne Ave & Belle Plaine Ave,2023-05-09 15:22:17,41.9553079,-87.7517878,True,public_rack,2,reassigned_or_rekeyed
divvy_b62b85bb70965aef,Public Rack - Houston Ave & 130th St,public_rack,2022-09-26 17:10:00,41.66,-87.55,divvy_bf422dc0bfa60989,Public Rack - Houston Ave & 130th St,2022-09-26 17:10:00,41.658962,-87.548528,True,public_rack,5,reassigned_or_rekeyed
divvy_b65c18e920d45af5,Public Rack - Michigan Ave & 119th St,public_rack,2022-11-07 19:18:38,41.68,-87.62,divvy_80619fc4d3eaf761,Public Rack - Michigan Ave & 119th St,2022-11-07 19:18:38,41.677934,-87.620754,True,public_rack,6,reassigned_or_rekeyed
divvy_b69986910f56e870,Whipple St & Roosevelt Rd,station,2023-06-04 08:44:00,41.866554,-87.701329,divvy_b69986910f56e870,Whipple St & Roosevelt Rd,2021-11-27 11:35:12,41.866554,-87.701329,True,station,433,same_key
divvy_b6b1d364846fc164,Public Rack - Kedzie Ave & Walnut St,public_rack,2022-08-29 23:32:44,41.89,-87.71,divvy_c6886345a799ce7a,Public Rack - Kedzie Ave & Walnut St,2022-08-29 23:32:44,41.885891,-87.706425,True,public_rack,12,reassigned_or_rekeyed
divvy_b6f03b3aac65ad24,Public Rack - Kedzie Ave & 62nd Pl,public_rack,2022-08-30 13:03:51,41.78,-87.7,divvy_3b40af771c65f494,Public Rack - Kedzie Ave &amp; 62nd Pl,2022-08-30 13:03:51,,,,public_rack,2,retained_unlocated
divvy_b6f03b3aac65ad24,Public Rack - Kedzie Ave & 62nd Pl,public_rack,2022-08-30 13:03:51,41.78,-87.7,divvy_e802faf6bc6dc40b,Public Rack - Kedzie Ave & 62nd Pl,2022-09-01 14:51:38,41.780148,-87.703338,True,public_rack,82,reassigned_or_rekeyed
divvy_b7117c444f4c46a0,Major Ave & Bloomingdale Ave,station,2021-09-01 15:35:30,41.91,-87.77,divvy_0251e093b5721d58,Major Ave & Bloomingdale Ave,2021-09-01 15:35:30,41.9125923,-87.7686995,True,station,306,reassigned_or_rekeyed
divvy_b73f556011a6b453,Jeffery Blvd & 67th St,station,2022-05-13 14:53:07,41.77,-87.58,divvy_821251c4d26ff69c,Jeffery Blvd & 67th St,2015-04-28 09:47:00,41.77351755125,-87.5771428255,True,station,56,reassigned_or_rekeyed
divvy_b743c90f974a127a,Public Rack - Lorel Ave & Grand Ave,public_rack,2023-05-04 17:27:40,41.9176685,-87.7595531,divvy_40f5bca5dde0cc57,Public Rack - Lorel Ave & Grand Ave,2022-06-06 08:00:49,41.9176685,-87.7595531,True,public_rack,75,reassigned_or_rekeyed
divvy_b7544a91a13e7235,Public Rack - Spencer Elementary Technology Academy,public_rack,2024-10-08 08:40:18.304000,41.884655,-87.750498,divvy_b7544a91a13e7235,Public Rack - Spencer Elementary Technology Academy,2022-06-27 20:12:32,41.884655,-87.750498,True,public_rack,8,same_key
divvy_b7664be47d3aed9d,Kimbark Ave & 67th St,station,2022-05-09 17:49:38,41.77,-87.59,divvy_4b01365b388d22c0,Kimbark Ave & 67th St,2022-05-09 17:49:38,,,,station,141,retained_unlocated
divvy_b787466564ff92a7,Public Rack - St Louis & Columbus,public_rack,2023-06-12 20:07:08,41.745416,-87.70894,divvy_b787466564ff92a7,Public Rack - St Louis & Columbus,2023-06-12 20:07:08,41.745416,-87.70894,True,public_rack,13,same_key
divvy_b7a86e7b21699404,Colfax Ave & 83rd St,station,2022-05-31 14:49:09,41.74,-87.56,divvy_1e9d7946d61b3e44,Colfax Ave & 83rd St,2022-05-31 14:49:09,,,,station,8,retained_unlocated
divvy_b7c29f9c66275d27,Public Rack - King Dr & 71st St,public_rack,2023-06-12 20:31:34,41.765862,-87.614787,divvy_b7c29f9c66275d27,Public Rack - King Dr & 71st St,2022-07-11 15:01:20,41.765862,-87.614787,True,public_rack,74,same_key
divvy_b7eb95efe55f1271,N Hampden Ct & W Diversey Ave,station,2021-02-28 20:23:55,41.93,-87.64,divvy_ffe94a8c6fc0a71e,N Hampden Ct & W Diversey Ave,2021-02-28 20:23:55,,,,station,2,retained_unlocated
divvy_b7fdf8abad027a79,Lake Park Ave & 35th St,station,2015-04-17 11:15:00,41.83127423549,-87.6087991946,divvy_b7fdf8abad027a79,Lake Park Ave & 35th St,2015-04-17 11:15:00,41.83127423549,-87.6087991946,True,station,58230,same_key
divvy_b837327053c38f01,Public Rack - Kimball Ave & Carmen Ave,public_rack,2022-06-15 13:22:42,41.97,-87.71,divvy_401b146909a3165e,Public Rack - Kimball Ave & Carmen Ave,2022-06-15 13:22:42,41.973896,-87.713297,True,public_rack,81,reassigned_or_rekeyed
divvy_b84bed816a1880b0,Public Rack - Princeton Ave & 99th Pl,public_rack,2023-06-26 19:42:12,41.713311,-87.631095,divvy_b84bed816a1880b0,Public Rack - Princeton Ave & 99th Pl,2023-06-26 19:42:12,41.713311,-87.631095,True,public_rack,7,same_key
divvy_b869c75c98136acf,Laflin St & Taylor St,station,2026-08-19 14:50:55.507000,41.86912,-87.66416,divvy_b869c75c98136acf,Laflin St & Taylor St,2026-08-19 14:50:55.507000,41.86912,-87.66416,True,station,508,same_key
divvy_b878eef58c4b3fbe,Kilbourn Ave & Diversey Ave,station,2024-06-08 01:19:28.506000,41.93179,-87.73934,divvy_b878eef58c4b3fbe,Kilbourn Ave & Diversey Ave,2024-06-08 01:19:28.506000,41.93179,-87.73934,True,station,2024,same_key
divvy_b87b6fdf0fdc9b3e,Public Rack - Springfield Ave & Lawrence Ave,public_rack,2023-05-05 19:23:15,41.9683986,-87.7256873,divvy_b87b6fdf0fdc9b3e,Public Rack - Springfield Ave & Lawrence Ave,2023-05-05 19:23:15,41.9683986,-87.7256873,True,public_rack,624,same_key
divvy_b886e07930955880,Public Rack - Newcastle & Archer,public_rack,2023-05-20 01:47:52,41.79,-87.79,divvy_57a6a9975e95e687,Public Rack - Newcastle & Archer,2023-05-20 01:47:52,41.792309,-87.792879,True,public_rack,3,reassigned_or_rekeyed
divvy_b88bf7413c370787,Public Rack - Kimbark Ave & 63rd St,public_rack,2022-09-12 17:45:38,41.78,-87.59,divvy_373f07c6dbf60688,Public Rack - Kimbark Ave & 63rd St,2022-09-12 17:45:38,41.780667,-87.594212,True,public_rack,13,reassigned_or_rekeyed
divvy_b8ba09905e2cc177,Public Rack - Martin Luther King Dr & 44th St,public_rack,2023-06-27 10:17:02,41.814445,-87.616265,divvy_b8ba09905e2cc177,Public Rack - Martin Luther King Dr & 44th St,2022-09-17 20:35:00,41.814445,-87.616265,True,public_rack,185,same_key
divvy_b8bdb563f4e73d3c,Western Ave & 43rd St,station,2024-05-09 22:56:38,41.81574,-87.68489,divvy_b8bdb563f4e73d3c,Western Ave & 43rd St,2024-05-09 22:56:38,41.81574,-87.68489,True,station,1033,same_key
divvy_b8c7092a18c3d2c5,Damen Ave & Clybourn Ave,station,2014-07-01 07:24:00,41.93221,-87.67859,divvy_b8c7092a18c3d2c5,Damen Ave & Clybourn Ave,2014-07-01 07:24:00,41.93221,-87.67859,True,station,99587,same_key
divvy_b8cbc0b895be3e62,Public Rack - Kedzie Ave & 54th St - SW,public_rack,2023-07-14 09:38:06,41.795222,-87.703719,divvy_b8cbc0b895be3e62,Public Rack - Kedzie Ave & 54th St - SW,2022-09-21 18:27:25,41.795222,-87.703719,True,public_rack,34,same_key
divvy_b8cff55f28fa5172,Public Rack - Laramie Ave & Grand Ave,public_rack,2022-06-16 14:45:51,41.92,-87.76,divvy_fa0b409da792386d,Public Rack - Laramie Ave & Grand Ave,2022-06-16 14:45:51,41.917002,-87.755972,True,public_rack,97,reassigned_or_rekeyed
divvy_b8cff87488c71eac,Broadway & Barry Ave,station,2013-06-27 14:40:00,41.93758231600629,-87.6440978050232,divvy_b8cff87488c71eac,Broadway & Barry Ave,2013-06-27 14:40:00,41.93758231600629,-87.6440978050232,True,station,511787,same_key
divvy_b8d7de542a4dcaf7,Damen Ave & Sunnyside Ave,station,2013-09-25 18:33:00,41.96325,-87.679258,divvy_b8d7de542a4dcaf7,Damen Ave & Sunnyside Ave,2013-09-25 18:33:00,41.96325,-87.679258,True,station,83560,same_key
divvy_b8dc69c6e9769317,Yates Blvd & Exchange Ave,station,2022-05-19 12:44:42,41.77,-87.57,divvy_a0a5e8abf839ecf4,Yates Blvd & Exchange Ave,2022-05-19 12:44:42,,,,station,33,retained_unlocated
divvy_b8f86c62766d688f,California Ave & 29th St,station,2023-06-05 06:46:12,41.840222,-87.694129,divvy_b8f86c62766d688f,California Ave & 29th St,2021-11-30 13:00:08,41.840222,-87.694129,True,station,180,same_key
divvy_b8f983b39cdc76db,Sheridan Rd & Montrose Ave,station,2013-08-20 11:35:00,41.96167,-87.65464,divvy_b8f983b39cdc76db,Sheridan Rd & Montrose Ave,2013-08-20 11:35:00,41.96167,-87.65464,True,station,281992,same_key
divvy_b915b367b7daff3f,Public Rack - Albany Ave & 103rd St,public_rack,2024-06-08 10:26:32.822000,41.706747,-87.700047,divvy_b915b367b7daff3f,Public Rack - Albany Ave & 103rd St,2024-06-08 10:26:32.822000,41.706747,-87.700047,True,public_rack,13,same_key
divvy_b9234bbdff70b115,Public Rack - Mobile Ave & Archer Ave,public_rack,2023-05-03 19:07:07,41.79,-87.78,divvy_bd06bdc7afce4f5f,Public Rack - Mobile Ave & Archer Ave,2023-05-03 19:07:07,41.7929013,-87.7802444,True,public_rack,5,reassigned_or_rekeyed
divvy_b927f66252d2064f,Public Rack - Western Ave & 47th Pl,public_rack,2022-09-03 20:14:37,41.81,-87.68,divvy_5e9c5c96c9f39693,Public Rack - Western Ave & 47th Pl,2022-09-03 20:14:37,41.808038,-87.684709,True,public_rack,63,reassigned_or_rekeyed
divvy_b92b601d5fbaaa9d,California Ave & Winona St,station,2021-11-03 13:00:22,41.97,-87.7,divvy_a8792bd2383961fb,California Ave & Winona St,2021-11-03 13:00:22,41.97471,-87.69786,True,station,1733,reassigned_or_rekeyed
divvy_b9348b549e3870b5,Ravenswood Ave & Irving Park Rd,station,2013-06-29 06:26:00,41.95469,-87.67393,divvy_b9348b549e3870b5,Ravenswood Ave & Irving Park Rd,2013-06-29 06:26:00,41.95469,-87.67393,True,station,131565,same_key
divvy_b9379134ac866604,Public Rack - Saginaw Ave & 93rd St,public_rack,2022-06-17 14:00:48,41.73,-87.56,divvy_554991c70138240d,Public Rack - Saginaw Ave & 93rd St,2022-06-17 14:00:48,41.726199,-87.559252,True,public_rack,24,reassigned_or_rekeyed
divvy_b946e0dc4237a804,Halsted St & Roscoe St,station,2013-09-19 14:21:00,41.94367,-87.64895,divvy_b946e0dc4237a804,Halsted St & Roscoe St,2013-09-19 14:21:00,41.94367,-87.64895,True,station,377730,same_key
divvy_b94ec54cfdf4b870,Public Rack - Kenton & Lawrence,public_rack,2023-05-04 16:00:28,41.967989,-87.743049,divvy_b94ec54cfdf4b870,Public Rack - Kenton & Lawrence,2023-05-04 16:00:28,41.967989,-87.743049,True,public_rack,151,same_key
divvy_b96dbfef6aa29948,Public Rack - Central Ave & Lawrence Ave,public_rack,2023-05-12 16:21:54,41.9678641,-87.7675931,divvy_b96dbfef6aa29948,Public Rack - Central Ave & Lawrence Ave,2023-05-12 16:21:54,41.9678641,-87.7675931,True,public_rack,400,same_key
divvy_b97d9b580af23fce,Public Rack - Lawndale Ave & 23rd St,public_rack,2023-05-26 12:21:36,41.849956,-87.716712,divvy_b97d9b580af23fce,Public Rack - Lawndale Ave & 23rd St,2022-09-05 16:02:13,41.849956,-87.716712,True,public_rack,265,same_key
divvy_b988d771ba335d10,Western Ave & Gunnison St,station,2021-10-29 00:12:51,41.96966,-87.6895259,divvy_b988d771ba335d10,Western Ave & Gunnison St,2021-10-29 00:12:51,41.96966,-87.6895259,True,station,9080,same_key
divvy_b9a2c7849ea9d3e9,Hoyne Ave & Balmoral Ave,station,2018-10-02 19:50:09,41.979851,-87.681932,divvy_b9a2c7849ea9d3e9,Hoyne Ave & Balmoral Ave,2018-10-02 19:50:09,41.979851,-87.681932,True,station,33934,same_key
divvy_b9a7885e0b7ced25,Public Rack - Langley Ave & 87th St,public_rack,2024-07-05 17:29:58.036000,41.735828,-87.606981,divvy_b9a7885e0b7ced25,Public Rack - Langley Ave & 87th St,2022-08-20 18:20:14,41.735828,-87.606981,True,public_rack,5,same_key
divvy_b9c09a456b3fb2c3,Damen Ave & Melrose Ave,station,2013-08-20 16:43:00,41.9406,-87.6785,divvy_b9c09a456b3fb2c3,Damen Ave & Melrose Ave,2013-08-20 16:43:00,41.9406,-87.6785,True,station,88970,same_key
divvy_b9d50df3d8833b42,Public Rack - Keystone Ave & North Ave,public_rack,2023-06-02 02:07:59,41.909623,-87.727951,divvy_b9d50df3d8833b42,Public Rack - Keystone Ave & North Ave,2022-06-14 20:40:01,41.909623,-87.727951,True,public_rack,282,same_key
divvy_b9ea67eaf96da9d3,Monticello Ave & Chicago Ave,station,2021-09-15 13:08:07,41.9,-87.72,divvy_5b0b25c4a6cd3401,Monticello Ave & Chicago Ave,2021-09-15 13:08:07,41.89581,-87.71763,True,station,464,reassigned_or_rekeyed
divvy_b9eac47c5ccbca44,Public Rack - California Ave & Ogden Ave,public_rack,2022-06-17 13:06:05,41.86,-87.7,divvy_bb69758a9cc80e2a,Public Rack - California Ave & Ogden Ave,2022-06-17 13:06:05,41.8608706,-87.695681,True,public_rack,118,reassigned_or_rekeyed
divvy_b9ebf6404334bb45,Public Rack - Harriet E Sayre Public School,public_rack,2022-09-20 16:56:28,41.91,-87.8,divvy_11140494a55e38ed,Public Rack - Harriet E Sayre Public School,2022-09-20 16:56:28,41.913547,-87.79876,True,public_rack,11,reassigned_or_rekeyed
divvy_ba0da1ccc0fdf40a,Wabash Ave & 59th St,station,2025-06-02 17:36:19.338000,41.785446,-87.623726,divvy_ba0da1ccc0fdf40a,Wabash Ave & 59th St,2025-06-02 17:36:19.338000,41.785446,-87.623726,True,station,34,same_key
divvy_ba22c44ed0fd5eb3,Martin Luther King Dr & 111th St,station,2022-06-09 15:19:08,41.69,-87.61,divvy_99cf68ccce7f5018,Martin Luther King Dr & 111th St,2022-06-09 15:19:08,41.69263895647179,-87.61367386484747,True,station,247,reassigned_or_rekeyed
divvy_ba26d88be8f3ca61,Sangamon St & Lake St,station,2022-07-27 15:55:59,41.88577925240433,-87.65102460980414,divvy_ba26d88be8f3ca61,Sangamon St & Lake St,2022-07-27 15:55:59,41.88577925240433,-87.65102460980414,True,station,102135,same_key
divvy_ba599a760245ba96,Laflin St & Cullerton St,station,2020-01-01 16:04:08,41.85491457576575,-87.66355991363525,divvy_ba599a760245ba96,Laflin St & Cullerton St,2020-01-01 16:04:08,41.85491457576575,-87.66355991363525,True,station,36754,same_key
divvy_ba70f3987d7fbaf6,Harding Ave & 31st St,station,2024-05-04 10:22:16,41.83672,-87.72303,divvy_ba70f3987d7fbaf6,Harding Ave & 31st St,2024-05-04 10:22:16,41.83672,-87.72303,True,station,312,same_key
divvy_ba7f3483fad7970c,Wood St & 84th St,station,2023-11-30 11:26:46,41.741192,-87.668106,divvy_ba7f3483fad7970c,Wood St & 84th St,2023-11-30 11:26:46,41.741192,-87.668106,True,station,169,same_key
divvy_ba983cd2b556d2e7,W Washington Blvd & N Peoria St,station,2023-05-25 20:53:44,41.883043,-87.649931,divvy_ba983cd2b556d2e7,W Washington Blvd & N Peoria St,2020-12-22 17:47:51,41.883043,-87.649931,True,station,7876,same_key
divvy_ba9a4a9054cafea9,Navy Pier Public Rack - West,public_rack,2026-07-23 17:40:14.139000,41.8909738,-87.6114815,divvy_ba9a4a9054cafea9,Navy Pier Public Rack - West,2026-07-23 17:40:14.139000,41.8909738,-87.6114815,True,public_rack,3127,same_key
divvy_baae0de7e52e8720,Kenneth Ave & Lawrence Ave,station,2023-10-13 19:45:28,41.967821,-87.73998,divvy_baae0de7e52e8720,Kenneth Ave & Lawrence Ave,2023-10-13 19:45:28,41.967821,-87.73998,True,station,2953,same_key
divvy_babd371db716dd8d,Washington/Green (Washington Side) Corral,station,2026-06-25 17:47:23.122000,41.8831974,-87.6487729,divvy_babd371db716dd8d,Washington/Green (Washington Side) Corral,2026-06-25 17:47:23.122000,41.8831974,-87.6487729,True,station,241,same_key
divvy_bad2f5e9ac5ab868,Green St & Washington Blvd,station,2022-07-27 16:40:22,41.88318130597391,-87.64872461557388,divvy_bad2f5e9ac5ab868,Green St & Washington Blvd,2022-07-27 16:40:22,41.88318130597391,-87.64872461557388,True,station,64164,same_key
divvy_bae681b5d56f04a5,Public Rack - Christiana Ave & Archer Ave,public_rack,2022-09-06 13:41:23,41.81,-87.71,divvy_488b0ea7c2490a09,Public Rack - Christiana Ave & Archer Ave,2022-09-06 13:41:23,41.81175,-87.707577,True,public_rack,257,reassigned_or_rekeyed
divvy_bafb6dad48975ff9,Western Ave & Division St,station,2013-06-30 13:14:00,41.902893,-87.687275,divvy_bafb6dad48975ff9,Western Ave & Division St,2013-06-30 13:14:00,41.902893,-87.687275,True,station,124885,same_key
divvy_bb0055510c903fbf,W Oakdale Ave & N Broadway,station,2020-08-07 14:58:08,41.94,-87.64,divvy_d12505d147a59315,W Oakdale Ave & N Broadway,2020-08-07 14:58:08,41.935581,-87.644042,True,station,11781,reassigned_or_rekeyed
divvy_bb0377fb4004fc7e,McClurg Ct & Erie St,station,2015-05-08 15:31:00,41.894503,-87.617854,divvy_bb0377fb4004fc7e,McClurg Ct & Erie St,2015-05-08 15:31:00,41.894503,-87.617854,True,station,348835,same_key
divvy_bb0a473e4efa7676,Public Rack - Western Ave & 116th St,public_rack,2022-10-11 08:15:27,41.68,-87.68,divvy_9a563cd8b1e171c9,Public Rack - Western Ave & 116th St,2022-10-11 08:15:27,41.6824,-87.681048,True,public_rack,2,reassigned_or_rekeyed
divvy_bb233f323d450b36,Milwaukee Ave & Addison St,station,2022-05-09 15:02:58,41.95,-87.74,divvy_210e2b826c72ebb9,Milwaukee Ave & Addison St,2022-05-09 15:02:58,,,,station,78,retained_unlocated
divvy_bb2d7582af742fe1,Theater on the Lake,station,2013-08-13 13:41:00,41.926277,-87.630834,divvy_bb2d7582af742fe1,Theater on the Lake,2013-08-13 13:41:00,41.926277,-87.630834,True,station,934258,same_key
divvy_bb33ed8b98d78510,Public Rack - Loomis St & Eleanor St,public_rack,2026-05-04 17:06:35.037000,41.84450288,-87.66012478,divvy_bb33ed8b98d78510,Public Rack - Loomis St & Eleanor St,2026-05-04 17:06:35.037000,41.84450288,-87.66012478,True,public_rack,251,same_key
divvy_bb36c4f0bb894397,California Ave & 26th St,station,2015-04-27 18:05:00,41.8436799145765,-87.69496858119965,divvy_bb36c4f0bb894397,California Ave & 26th St,2015-04-27 18:05:00,41.8436799145765,-87.69496858119965,True,station,5706,same_key
divvy_bb3c7eb5e4429dd6,Michigan Ave & 11th St,station,2022-06-26 16:21:31,41.86959,-87.623961,divvy_bb3c7eb5e4429dd6,Michigan Ave & 11th St,2022-06-26 16:21:31,41.86959,-87.623961,True,station,39351,same_key
divvy_bb3e3a8aa6daf772,Public Rack - Avers Ave & Archer Ave,public_rack,2022-09-10 12:19:01,41.8,-87.72,divvy_4eadc312fc50d3bc,Public Rack - Avers Ave & Archer Ave,2022-09-10 12:19:01,41.804487,-87.719584,True,public_rack,42,reassigned_or_rekeyed
divvy_bb69758a9cc80e2a,Public Rack - California Ave & Ogden Ave,public_rack,2023-09-15 13:15:16,41.8608706,-87.695681,divvy_bb69758a9cc80e2a,Public Rack - California Ave & Ogden Ave,2022-06-17 13:06:05,41.8608706,-87.695681,True,public_rack,228,same_key
divvy_bb72179c14838ef1,California Ave & Marquette Rd,station,2023-06-01 07:46:44,41.771611,-87.693331,divvy_bb72179c14838ef1,California Ave & Marquette Rd,2021-10-28 09:14:00,41.771611,-87.693331,True,station,791,same_key
divvy_bb7b47bb59408068,Public Rack - Marshfield Ave & 87th St,public_rack,2022-09-29 15:49:29,41.74,-87.66,divvy_15feaa9bb0757ae2,Public Rack - Marshfield Ave & 87th St,2022-09-29 15:49:29,41.735527,-87.663867,True,public_rack,26,reassigned_or_rekeyed
divvy_bb7c6397ac7ff27c,North Ave Public Rack - 3,public_rack,2026-07-23 17:16:55.672000,41.9195444,-87.6289383,divvy_bb7c6397ac7ff27c,North Ave Public Rack - 3,2026-07-23 17:16:55.672000,41.9195444,-87.6289383,True,public_rack,176,same_key
divvy_bb955844320f9476,Milwaukee Ave & Fullerton Ave,station,2023-06-01 01:47:21,41.92469,-87.7006,divvy_bb955844320f9476,Milwaukee Ave & Fullerton Ave,2021-10-28 15:22:39,41.92469,-87.7006,True,station,27638,same_key
divvy_bbb40c80f4893803,Public Rack - Sangamon St & Fulton St,public_rack,2026-05-01 17:29:34.682000,41.88692786,-87.6511014,divvy_bbb40c80f4893803,Public Rack - Sangamon St & Fulton St,2026-05-01 17:29:34.682000,41.88692786,-87.6511014,True,public_rack,1134,same_key
divvy_bbb8703ad7708eea,Public Rack - Milwaukee Ave & Haussen Ct,public_rack,2022-06-14 21:53:01,41.94,-87.72,divvy_a8f395fb2d266dc7,Public Rack - Milwaukee Ave & Haussen Ct,2022-06-14 21:53:01,41.937752,-87.721623,True,public_rack,578,reassigned_or_rekeyed
divvy_bbd28692b4b9ace3,Paulina St & Flournoy St,station,2015-04-27 14:41:00,41.874293,-87.667284,divvy_bbd28692b4b9ace3,Paulina St & Flournoy St,2015-04-27 14:41:00,41.874293,-87.667284,True,station,49682,same_key
divvy_bbd29c3a73679044,Sheridan Rd & Greenleaf Ave,station,2015-05-15 17:04:00,42.01058656284,-87.6624120948,divvy_bbd29c3a73679044,Sheridan Rd & Greenleaf Ave,2015-05-15 17:04:00,42.01058656284,-87.6624120948,True,station,47872,same_key
divvy_bc061618830fc985,University Ave & 59th St,station,2023-08-29 13:50:43,41.787878,-87.598906,divvy_bc061618830fc985,University Ave & 59th St,2023-08-29 13:50:43,41.787878,-87.598906,True,station,38217,same_key
divvy_bc2d85988652c0d8,Albany Ave & 16th St,station,2022-02-24 13:19:03,41.86,-87.7,divvy_11e708adbde9fc1c,Albany Ave & 16th St,2022-02-24 13:19:03,41.85932,-87.70302,True,station,421,reassigned_or_rekeyed
divvy_bc41a5a165b5f371,Loomis St & 87th St,station,2022-05-09 12:21:41,41.74,-87.66,divvy_2964788cfe60f4dd,Loomis St & 87th St,2022-05-09 12:21:41,,,,station,81,retained_unlocated
divvy_bc81dd3f560a03fc,Public Rack - Francisco Ave & Touhy Ave,public_rack,2022-08-20 20:47:47,42.01,-87.7,divvy_38ae8bfc1bde3ff8,Public Rack - Francisco Ave & Touhy Ave,2022-08-20 20:47:47,42.011865,-87.701317,True,public_rack,25,reassigned_or_rekeyed
divvy_bc89d06905da7315,State St & Erie St,station,2013-08-01 17:13:00,41.893975,-87.628623,divvy_bc89d06905da7315,State St & Erie St,2013-08-01 17:13:00,41.893975,-87.628623,True,station,53735,same_key
divvy_bcae13e2d18b2d5b,Public Rack - Menard Ave & Belmont Ave,public_rack,2023-07-05 16:07:18,41.9384526,-87.7711009,divvy_bcae13e2d18b2d5b,Public Rack - Menard Ave & Belmont Ave,2022-06-17 20:07:30,41.9384526,-87.7711009,True,public_rack,197,same_key
divvy_bce886967c838028,Ashland Ave & Grace St,station,2025-11-01 00:27:55.125000,41.9525,-87.66929,divvy_bce886967c838028,Ashland Ave & Grace St,2025-11-01 00:27:55.125000,41.9525,-87.66929,True,station,580,same_key
divvy_bd06bdc7afce4f5f,Public Rack - Mobile Ave & Archer Ave,public_rack,2023-06-06 11:07:32,41.7929013,-87.7802444,divvy_bd06bdc7afce4f5f,Public Rack - Mobile Ave & Archer Ave,2023-05-03 19:07:07,41.7929013,-87.7802444,True,public_rack,107,same_key
divvy_bd0f6ed9c9acf70f,Public Rack - Kedzie Ave & 61st Pl W,public_rack,2022-08-30 17:22:39,41.78,-87.7,divvy_9e9d522489ef3f4c,Public Rack - Kedzie Ave & 61st Pl W,2022-09-13 12:36:03,41.78201,-87.7034,True,public_rack,41,reassigned_or_rekeyed
divvy_bd0f6ed9c9acf70f,Public Rack - Kedzie Ave & 61st Pl W,public_rack,2022-08-30 17:22:39,41.78,-87.7,divvy_aa06900e7ef89db9,Public Rack - Kedzie Ave & 61st Pl,2022-08-30 17:22:39,,,,public_rack,9,retained_unlocated
divvy_bd2c65ac2e086806,MLK Dr & 111th St,station,2026-04-29 16:20:31.474000,41.69263,-87.6136,divvy_bd2c65ac2e086806,MLK Dr & 111th St,2026-04-29 16:20:31.474000,41.69263,-87.6136,True,station,99,same_key
divvy_bd315a70f1385c54,Public Rack - Burnside Academy,public_rack,2022-10-31 22:34:31,41.73,-87.61,divvy_a0b2296e03a0a3a9,Public Rack - Burnside Academy,2022-10-31 22:34:31,41.728525,-87.608231,True,public_rack,2,reassigned_or_rekeyed
divvy_bd4388da2ce7918a,Elston Ave & Cortland St,station,2021-05-23 14:50:25,41.91643342912655,-87.66674637794495,divvy_bd4388da2ce7918a,Elston Ave & Cortland St,2021-05-23 14:50:25,41.91643342912655,-87.66674637794495,True,station,109360,same_key
divvy_bd54183ab9465e73,Public Rack - Lockwood Ave & Diversey Ave,public_rack,2022-07-06 13:52:09,41.93,-87.76,divvy_3d423d71d4eb5e55,Public Rack - Lockwood Ave & Diversey Ave,2022-07-06 13:52:09,41.931541,-87.75904,True,public_rack,601,reassigned_or_rekeyed
divvy_bd5829fd8d3c7e61,Addison/Racine,station,2025-05-16 12:47:51.803000,41.9473,-87.6592,divvy_bd5829fd8d3c7e61,Addison/Racine,2025-05-16 12:47:51.803000,41.9473,-87.6592,True,station,566,same_key
divvy_bd5c3f9e7a3e76b7,Lake/Green Corral,station,2026-06-23 10:31:45.638000,41.8854698,-87.6485637,divvy_bd5c3f9e7a3e76b7,Lake/Green Corral,2026-06-23 10:31:45.638000,41.8854698,-87.6485637,True,station,2274,same_key
divvy_bd7305915b6247f6,Public Rack - Milwaukee Ave & Culyer Ave,public_rack,2023-05-02 21:03:02,41.95,-87.75,divvy_ec9e78daf9c9a05c,Public Rack - Milwaukee Ave & Culyer Ave,2023-05-02 21:03:02,41.9546801,-87.7494235,True,public_rack,29,reassigned_or_rekeyed
divvy_bd73b6c429ffc2bd,Noble St & Potomac Ave,station,2025-11-04 17:11:27.071000,41.905533,-87.662715,divvy_bd73b6c429ffc2bd,Noble St & Potomac Ave,2025-11-04 17:11:27.071000,41.905533,-87.662715,True,station,6742,same_key
divvy_bd8194f66d7094f0,Public Rack - Parnell Ave & 98th St,public_rack,2023-07-21 18:58:45,41.715983,-87.637067,divvy_bd8194f66d7094f0,Public Rack - Parnell Ave & 98th St,2023-03-11 15:02:58,41.715983,-87.637067,True,public_rack,11,same_key
divvy_bd8b5a47bcdb0a68,Public Rack - Lincoln Ave & Fullteron Ave (Northwest),public_rack,2026-05-01 17:33:05.853000,41.92582741,-87.64943466,divvy_bd8b5a47bcdb0a68,Public Rack - Lincoln Ave & Fullteron Ave (Northwest),2026-05-01 17:33:05.853000,41.92582741,-87.64943466,True,public_rack,1332,same_key
divvy_bda59943d9a6dd61,Washtenaw Ave & Ogden Ave,station,2017-07-01 13:44:13,41.86193049278259,-87.69345045089722,divvy_bda59943d9a6dd61,Washtenaw Ave & Ogden Ave,2017-07-01 13:44:13,41.86193049278259,-87.69345045089722,True,station,15722,same_key
divvy_bdb9d8cd7a40e46a,Halsted St & Dickens Ave,station,2013-08-19 15:30:00,41.919936,-87.64883,divvy_bdb9d8cd7a40e46a,Halsted St & Dickens Ave,2013-08-19 15:30:00,41.919936,-87.64883,True,station,299768,same_key
divvy_bdf4bd367c976586,Menard Ave & Agusta Blvd,station,2022-05-14 17:11:49,41.9,-87.77,divvy_a0333f045309a960,Menard Ave & Agusta Blvd,2022-05-14 17:11:49,,,,station,20,retained_unlocated
divvy_bdfbde9ef98c6ccc,Cottage Grove Ave & 71st St,station,2015-04-23 07:10:00,41.76571903697,-87.604959713,divvy_bdfbde9ef98c6ccc,Cottage Grove Ave & 71st St,2015-04-23 07:10:00,41.76571903697,-87.604959713,True,station,2682,same_key
divvy_bdfcd505348c47b9,Komensky Ave & 55th St,station,2023-06-01 18:47:26,41.793279,-87.724189,divvy_bdfcd505348c47b9,Komensky Ave & 55th St,2021-10-05 16:37:05,41.793279,-87.724189,True,station,497,same_key
divvy_be1d0314ddfebf75,Kostner Ave & Bryn Mawr Ave,station,2024-04-12 01:03:18,41.982765,-87.738094,divvy_be1d0314ddfebf75,Kostner Ave & Bryn Mawr Ave,2024-04-12 01:03:18,41.982765,-87.738094,True,station,1881,same_key
divvy_be2737c54ef0745f,Pulaski Rd & Ann Lurie Pl,station,2024-09-06 01:16:45.861000,41.81644,-87.7248,divvy_be2737c54ef0745f,Pulaski Rd & Ann Lurie Pl,2024-09-06 01:16:45.861000,41.81644,-87.7248,True,station,653,same_key
divvy_be301dfb05987ef3,St. Louis Ave & 59th St,station,2023-06-01 08:06:29,41.78589,-87.71057,divvy_be301dfb05987ef3,St. Louis Ave & 59th St,2021-10-21 16:47:09,41.78589,-87.71057,True,station,1255,same_key
divvy_be8746080076f8ea,Aberdeen St & Randolph St,station,2018-04-30 14:45:05,41.884114,-87.654264,divvy_be8746080076f8ea,Aberdeen St & Randolph St,2018-04-30 14:45:05,41.884114,-87.654264,True,station,171664,same_key
divvy_be9fd647f081fafa,Public Rack - Peoria St & 60th St,public_rack,2023-02-08 11:40:22,41.79,-87.65,divvy_64604fb583d52662,Public Rack - Peoria St & 60th St,2023-02-08 11:40:22,41.784872,-87.647482,True,public_rack,2,reassigned_or_rekeyed
divvy_bea5ef603dfcbc2b,Michigan Ave & 16th St,station,2015-01-01 01:41:00,41.860204,-87.623355,divvy_bea5ef603dfcbc2b,Michigan Ave & 16th St,2015-01-01 01:41:00,41.860204,-87.623355,True,station,6561,same_key
divvy_bec42c0d9aaaaffe,Ellis Ave & 83rd St,station,2016-08-09 18:44:34,41.744123,-87.599034,divvy_bec42c0d9aaaaffe,Ellis Ave & 83rd St,2016-08-09 18:44:34,41.744123,-87.599034,True,station,1875,same_key
divvy_bed740ee6489cd03,Public Rack - Halsted St & 77th St,public_rack,2024-04-30 09:54:49,41.753637,-87.643918,divvy_bed740ee6489cd03,Public Rack - Halsted St & 77th St,2024-04-30 09:54:49,41.753637,-87.643918,True,public_rack,5,same_key
divvy_bee923a3971bbf3d,Racine Ave & 18th St,station,2013-06-27 23:51:00,41.8583996,-87.6564226,divvy_bee923a3971bbf3d,Racine Ave & 18th St,2013-06-27 23:51:00,41.8583996,-87.6564226,True,station,132171,same_key
divvy_bf0afffb1368bbbd,Ewing Ave & Burnham Greenway,station,2024-09-01 08:22:13.392000,41.70999,-87.5355,divvy_bf0afffb1368bbbd,Ewing Ave & Burnham Greenway,2024-09-01 08:22:13.392000,41.70999,-87.5355,True,station,314,same_key
divvy_bf1d10326a9e746f,Peoria St & Jackson Blvd,station,2013-07-23 15:05:00,41.8776415962753,-87.64961779117584,divvy_bf1d10326a9e746f,Peoria St & Jackson Blvd,2013-07-23 15:05:00,41.8776415962753,-87.64961779117584,True,station,373065,same_key
divvy_bf3825a95bb8df92,Fullerton & Monitor,station,2022-01-10 13:40:46,41.92,-87.77,divvy_56b563270422f6da,Fullerton & Monitor,2022-01-10 13:40:46,41.9237918,-87.7723116,True,station,809,reassigned_or_rekeyed
divvy_bf3a99e908f0590a,Greenwood Ave & 87th St,station,2022-06-16 09:14:26,41.74,-87.6,divvy_8c679a720926cf48,Greenwood Ave & 87th St,2022-06-16 09:14:26,,,,station,2,retained_unlocated
divvy_bf422dc0bfa60989,Public Rack - Houston Ave & 130th St,public_rack,2024-10-09 07:14:13.051000,41.658962,-87.548528,divvy_bf422dc0bfa60989,Public Rack - Houston Ave & 130th St,2022-09-26 17:10:00,41.658962,-87.548528,True,public_rack,18,same_key
divvy_bf614dda1e6fb674,Public Rack - Michigan Ave & Delaware Pl,public_rack,2026-05-02 16:02:03.990000,41.89915253,-87.62377649,divvy_bf614dda1e6fb674,Public Rack - Michigan Ave & Delaware Pl,2026-05-02 16:02:03.990000,41.89915253,-87.62377649,True,public_rack,1938,same_key
divvy_bf81408197a95c2c,Public Rack - Cicero Ave & Wellington Ave,public_rack,2023-06-17 20:34:03,41.935779,-87.746581,divvy_bf81408197a95c2c,Public Rack - Cicero Ave & Wellington Ave,2022-06-15 20:46:05,41.935779,-87.746581,True,public_rack,42,same_key
divvy_bf9e601f5cb95449,Michigan Ave & Madison St,station,2013-08-10 16:19:00,41.882134,-87.625125,divvy_bf9e601f5cb95449,Michigan Ave & Madison St,2013-08-10 16:19:00,41.882134,-87.625125,True,station,266015,same_key
divvy_bfb370c020c504c7,Public Rack - Orleans St & Chicago Ave,public_rack,2026-05-02 19:17:17.751000,41.89644376,-87.63797544,divvy_bfb370c020c504c7,Public Rack - Orleans St & Chicago Ave,2026-05-02 19:17:17.751000,41.89644376,-87.63797544,True,public_rack,156,same_key
divvy_bfde83a948c344ef,Public Rack - Mulligan Ave & 56th St,public_rack,2023-05-05 14:48:49,41.790399,-87.780044,divvy_e26dedcaebacd81e,Public Rack - Mulligan Ave & 56th St,2023-05-05 14:48:49,41.790399,-87.780044,True,public_rack,71,reassigned_or_rekeyed
divvy_bfe453ca427e4f4e,Public Rack - Eggleston Ave & 115th St,public_rack,2024-06-15 13:12:36.128000,41.68497,-87.633848,divvy_030aa79a8dbf4211,Public Rack - Eggleston Ave & 115th St,2022-09-16 15:03:55,41.68497,-87.633848,True,public_rack,7,reassigned_or_rekeyed
divvy_bfe493902e2e8fc6,Clark St & Wrightwood Ave,station,2013-06-27 19:23:00,41.929546,-87.643118,divvy_bfe493902e2e8fc6,Clark St & Wrightwood Ave,2013-06-27 19:23:00,41.929546,-87.643118,True,station,457792,same_key
divvy_c004b3ef3f705448,Virginia Ave & Catalpa Ave,station,2022-01-14 17:31:14,41.98,-87.7,divvy_4946e2656a9c8106,Virginia Ave & Catalpa Ave,2021-11-12 16:37:06,41.98124,-87.70495,True,station,401,reassigned_or_rekeyed
divvy_c00c2e19d6a3285b,Public Rack - Lockwood & Archer,public_rack,2023-05-03 11:55:51,41.79668,-87.75516,divvy_c00c2e19d6a3285b,Public Rack - Lockwood & Archer,2023-05-03 11:55:51,41.79668,-87.75516,True,public_rack,306,same_key
divvy_c01d6fb8dbf0e03b,Museum Campus Metra Station,station,2026-05-12 10:24:49.055000,41.869352033470676,-87.62288152244207,divvy_c01d6fb8dbf0e03b,Museum Campus Metra Station,2026-05-12 10:24:49.055000,41.869352033470676,-87.62288152244207,True,station,8624,same_key
divvy_c04446461d5a1857,Public Rack - Ada St & 95th St,public_rack,2023-05-16 13:49:36,41.72,-87.66,divvy_252c6299aa8367e7,Public Rack - Ada St & 95th St,2023-05-16 13:49:36,41.72158,-87.65612,True,public_rack,2,reassigned_or_rekeyed
divvy_c04873dc8f897c51,Public Rack - Komensky Ave & 26th St,public_rack,2022-08-31 10:46:44,41.84,-87.73,divvy_a63f0b95860c7b75,Public Rack - Komensky Ave & 26th St,2022-08-31 10:46:44,41.844168,-87.726317,True,public_rack,36,reassigned_or_rekeyed
divvy_c056add73abb74ea,DuSable Lake Shore Dr & North Blvd,station,2013-09-12 16:29:00,41.911722,-87.626804,divvy_c056add73abb74ea,DuSable Lake Shore Dr & North Blvd,2013-09-12 16:29:00,41.911722,-87.626804,True,station,1009531,same_key
divvy_c08a7051fd708635,Phillips Ave & 79th St,station,2016-07-23 18:19:58,41.75182,-87.565211,divvy_c08a7051fd708635,Phillips Ave & 79th St,2016-07-23 18:19:58,41.75182,-87.565211,True,station,3665,same_key
divvy_c0a34c1bbfff1dd4,Public Rack - Jonathan Y Scammon Public School,public_rack,2022-06-15 01:31:16,41.94,-87.73,divvy_25c79c34d3e55065,Public Rack - Jonathan Y Scammon Public School,2022-06-15 01:31:16,41.941612,-87.732372,True,public_rack,188,reassigned_or_rekeyed
divvy_c0a8161ecf9f3320,Logan Blvd & Elston Ave,station,2013-09-09 16:36:00,41.929465,-87.684158,divvy_c0a8161ecf9f3320,Logan Blvd & Elston Ave,2013-09-09 16:36:00,41.929465,-87.684158,True,station,131954,same_key
divvy_c0c02d9c7c8af030,Winchester (Ravenswood) Ave & Balmoral Ave,station,2018-01-01 01:25:15,41.979762,-87.67753,divvy_c0c02d9c7c8af030,Winchester (Ravenswood) Ave & Balmoral Ave,2018-01-01 01:25:15,41.979762,-87.67753,True,station,34988,same_key
divvy_c0c6b9037df419be,Keeler Ave & Roosevelt Rd,station,2023-06-10 17:53:55,41.8664,-87.73001,divvy_c0c6b9037df419be,Keeler Ave & Roosevelt Rd,2021-07-30 19:51:10,41.8664,-87.73001,True,station,423,same_key
divvy_c0ceffa3f5edc633,Public Rack - Lawndale Ave & 63rd St,public_rack,2023-08-09 06:06:12,41.7787155,-87.7140552,divvy_c0ceffa3f5edc633,Public Rack - Lawndale Ave & 63rd St,2022-06-03 17:15:57,41.7787155,-87.7140552,True,public_rack,22,same_key
divvy_c0e8c09aa1260415,Public Rack - Perry Ave & 111th St,public_rack,2023-11-13 16:09:11,41.692666,-87.626385,divvy_c0e8c09aa1260415,Public Rack - Perry Ave & 111th St,2022-07-12 20:00:00,41.692666,-87.626385,True,public_rack,23,same_key
divvy_c14b9dca8a636a76,Public Rack - Kostner & Bryn Mawr,public_rack,2023-06-09 16:49:38,41.982741,-87.737548,divvy_c14b9dca8a636a76,Public Rack - Kostner & Bryn Mawr,2023-05-05 15:36:10,41.982741,-87.737548,True,public_rack,91,same_key
divvy_c14e2d033111fda6,St. Louis Ave & 71st St,station,2023-10-17 02:06:26,41.764354,-87.710121,divvy_c14e2d033111fda6,St. Louis Ave & 71st St,2023-10-17 02:06:26,41.764354,-87.710121,True,station,374,same_key
divvy_c14eb41e6575bca9,Public Rack - Sayer & Northwest Hwy,public_rack,2023-05-05 12:40:20,41.99,-87.8,divvy_e017e00d30fb1fcc,Public Rack - Sayer & Northwest Hwy,2023-05-05 12:40:20,41.99434,-87.802532,True,public_rack,25,reassigned_or_rekeyed
divvy_c1518baa05a0bedc,Nagle Ave & Belmont Ave,station,2022-06-21 17:49:40,41.94,-87.79,divvy_79db611a49e71440,Nagle Ave & Belmont Ave,2022-06-21 17:49:40,41.93852,-87.78735,True,station,109,reassigned_or_rekeyed
divvy_c151e857b3afadd0,Public Rack - Troy & 71st,public_rack,2023-06-03 08:22:52,41.76433,-87.70193,divvy_c151e857b3afadd0,Public Rack - Troy & 71st,2023-05-18 13:42:55,41.76433,-87.70193,True,public_rack,32,same_key
divvy_c1531100fe75a60e,Central Park Ave & 24th St,station,2015-05-11 18:54:00,41.84988195,-87.71700039,divvy_c1531100fe75a60e,Central Park Ave & 24th St,2015-05-11 18:54:00,41.84988195,-87.71700039,True,station,750,same_key
divvy_c15a94a00d1106bc,21st St & Pulaski Rd,station,2024-04-13 23:03:36,41.85345,-87.7245,divvy_c15a94a00d1106bc,21st St & Pulaski Rd,2024-04-13 23:03:36,41.85345,-87.7245,True,station,566,same_key
divvy_c1694f7fe6c7a7b0,Ashland Ave & Addison St,station,2026-08-26 17:56:34.157000,41.94689,-87.66916,divvy_c1694f7fe6c7a7b0,Ashland Ave & Addison St,2026-08-26 17:56:34.157000,41.94689,-87.66916,True,station,113,same_key
divvy_c19e6e58781909b9,Overhill Ave & Belmont Ave,station,2024-08-18 17:57:59.015000,41.93799,-87.81915,divvy_c19e6e58781909b9,Overhill Ave & Belmont Ave,2024-08-18 17:57:59.015000,41.93799,-87.81915,True,station,404,same_key
divvy_c1d7c31d3c2a3261,Public Rack - Milwaukee Ave & Kennedy Expy,public_rack,2023-05-13 10:35:32,41.9712722,-87.7638869,divvy_c1d7c31d3c2a3261,Public Rack - Milwaukee Ave & Kennedy Expy,2023-05-13 10:35:32,41.9712722,-87.7638869,True,public_rack,567,same_key
divvy_c1da0c821bdb7999,Phillips Ave & 83rd St,station,2018-06-16 19:09:30,41.744531,-87.56506,divvy_c1da0c821bdb7999,Phillips Ave & 83rd St,2018-06-16 19:09:30,41.744531,-87.56506,True,station,1623,same_key
divvy_c1f85a3557465896,Public Rack - Throop St & 109th Pl,public_rack,2023-08-20 05:22:11,41.694944,-87.654377,divvy_c1f85a3557465896,Public Rack - Throop St & 109th Pl,2022-09-15 21:16:17,41.694944,-87.654377,True,public_rack,73,same_key
divvy_c2077328e94efb48,Public Rack - Lorel Ave & Grand Ave,public_rack,2022-06-06 08:00:49,41.92,-87.76,divvy_40f5bca5dde0cc57,Public Rack - Lorel Ave & Grand Ave,2022-06-06 08:00:49,41.9176685,-87.7595531,True,public_rack,230,reassigned_or_rekeyed
divvy_c21e0a870b3b7181,Public Rack - Brainerd Park,public_rack,2023-07-05 06:53:56,41.726942,-87.654896,divvy_c21e0a870b3b7181,Public Rack - Brainerd Park,2022-08-30 11:39:33,41.726942,-87.654896,True,public_rack,18,same_key
divvy_c2311303414a7fa1,MLK Jr Dr & Pershing Rd,station,2020-01-02 13:20:17,41.8246,-87.61678,divvy_c2311303414a7fa1,MLK Jr Dr & Pershing Rd,2020-01-02 13:20:17,41.8246,-87.61678,True,station,19597,same_key
divvy_c24c5adfc09d3180,Wentworth Ave & 63rd St,station,2015-05-20 22:08:00,41.78007963264,-87.6297463052,divvy_c24c5adfc09d3180,Wentworth Ave & 63rd St,2015-05-20 22:08:00,41.78007963264,-87.6297463052,True,station,5044,same_key
divvy_c24e5c214d667a14,Mackinaw Ave & 108th St,station,2022-05-09 15:42:58,41.7,-87.54,divvy_fa12d4b011d3916e,Mackinaw Ave & 108th St,2022-05-09 15:42:58,,,,station,16,retained_unlocated
divvy_c25cbcca61bb4e53,Public Rack - Wolcott Ave & 56th St,public_rack,2024-05-20 08:31:36,41.791198,-87.671949,divvy_c25cbcca61bb4e53,Public Rack - Wolcott Ave & 56th St,2024-05-20 08:31:36,41.791198,-87.671949,True,public_rack,7,same_key
divvy_c2689773fd667095,Campbell Ave & Fullerton Ave,station,2015-05-21 18:39:00,41.92463247165,-87.6893070063,divvy_c2689773fd667095,Campbell Ave & Fullerton Ave,2015-05-21 18:39:00,41.92463247165,-87.6893070063,True,station,69630,same_key
divvy_c281f9eec03c0b92,Central Park Ave & Fillmore St,station,2022-05-20 18:40:08,41.87,-87.72,divvy_77fc4905aeb7e80c,Central Park Ave & Fillmore St,2022-05-20 18:40:08,,,,station,1,retained_unlocated
divvy_c28e6263b8aa7a7b,Public Rack - California Ave & Touhy Ave - midblock,public_rack,2023-05-30 12:02:07,42.012207,-87.700474,divvy_c28e6263b8aa7a7b,Public Rack - California Ave & Touhy Ave - midblock,2022-08-23 13:44:51,42.012207,-87.700474,True,public_rack,36,same_key
divvy_c2aab0aed2ac2cde,Commercial Ave & 100th St,station,2021-01-25 11:51:58,41.71331739547703,-87.55109757184982,divvy_c2aab0aed2ac2cde,Commercial Ave & 100th St,2021-01-25 11:51:58,41.71331739547703,-87.55109757184982,True,station,511,same_key
divvy_c2d4abe0bc1c8ad1,Public Rack - Nashotah & Northwest Hwy,public_rack,2023-05-18 17:07:38,41.988141,-87.791447,divvy_c2d4abe0bc1c8ad1,Public Rack - Nashotah & Northwest Hwy,2023-05-18 17:07:10,41.988141,-87.791447,True,public_rack,573,same_key
divvy_c2d5d64022d5faba,Franklin St & Chicago Ave,station,2013-06-27 20:50:00,41.89679,-87.63564,divvy_c2d5d64022d5faba,Franklin St & Chicago Ave,2013-06-27 20:50:00,41.89679,-87.63564,True,station,357771,same_key
divvy_c2de00480917cb25,Francisco Ave & Montrose Ave,station,2021-11-02 19:12:07,41.96106,-87.70095,divvy_c2de00480917cb25,Francisco Ave & Montrose Ave,2021-11-02 19:12:07,41.96106,-87.70095,True,station,11639,same_key
divvy_c2e362e421b22e20,Michigan Ave & 113th St,station,2022-05-09 12:56:01,41.68905,-87.62079,divvy_c2e362e421b22e20,Michigan Ave & 113th St,2022-05-09 12:56:01,41.68905,-87.62079,True,station,68,same_key
divvy_c2e3a38d84ebc902,Public Rack - Sacramento Blvd & Division St,public_rack,2022-06-19 18:02:30,41.91,-87.7,divvy_d3641cb69963e705,Public Rack - Sacramento Blvd & Division St,2022-06-19 18:02:30,,,,public_rack,18,retained_unlocated
divvy_c31647f05fea6242,Oak Park & Wellington,station,2023-06-02 07:44:31,41.934586,-87.7959613,divvy_c31647f05fea6242,Oak Park & Wellington,2021-09-04 17:17:56,41.934586,-87.7959613,True,station,1024,same_key
divvy_c31850a9f5b277a1,Public Rack - Komensky Ave & 63rd St,public_rack,2023-06-02 09:48:09,41.77882,-87.723599,divvy_c31850a9f5b277a1,Public Rack - Komensky Ave & 63rd St,2022-09-04 22:03:58,41.77882,-87.723599,True,public_rack,142,same_key
divvy_c33516d66996cff8,Public Rack - Halsted St & 111th St,public_rack,2022-11-07 13:21:32,41.690938802,-87.64124370350001,divvy_f94b85b2574552c1,Public Rack - Halsted St & 111th St,2022-11-07 13:21:32,41.691838,-87.642747,True,public_rack,8,reassigned_or_rekeyed
divvy_c33661de9f226b60,Cottage Grove & 86th St,station,2022-05-10 08:55:11,41.74,-87.6,divvy_85942d7120ae445a,Cottage Grove & 86th St,2022-05-10 08:55:11,,,,station,43,retained_unlocated
divvy_c33be1db01b61c05,Sacramento Ave & 25th St,station,2021-11-20 11:50:11,41.85,-87.7,divvy_510782054b38e652,Sacramento Ave & 25th St,2021-11-20 11:50:11,41.84661,-87.70012,True,station,207,reassigned_or_rekeyed
divvy_c34134ceacd1bd4e,Public Rack - Latrobe Ave & Lake St,public_rack,2024-10-08 08:45:41.142000,41.887083,-87.756181,divvy_c34134ceacd1bd4e,Public Rack - Latrobe Ave & Lake St,2022-06-22 07:12:41,41.887083,-87.756181,True,public_rack,9,same_key
divvy_c35ae2df37bca88e,Wabash Ave & 16th St,station,2016-01-01 16:22:00,41.860384,-87.625813,divvy_c35ae2df37bca88e,Wabash Ave & 16th St,2016-01-01 16:22:00,41.860384,-87.625813,True,station,189290,same_key
divvy_c361170265fbc51b,Public Rack - Western Blvd & 49th St,public_rack,2023-06-01 08:16:03,41.80478,-87.683749,divvy_eed910400d05cfcc,Public Rack - Western Blvd & 49th St,2022-09-07 08:05:40,41.80478,-87.683749,True,public_rack,631,reassigned_or_rekeyed
divvy_c363d95a2834888f,Parnell Ave & 119th St,station,2022-05-29 23:07:49,41.68,-87.63,divvy_52b381c0f9d26aa9,Parnell Ave & 119th St,2022-05-24 11:37:50,,,,station,3,retained_unlocated
divvy_c37214df61a01fca,Public Rack - Keeler Ave & 26th St,public_rack,2022-07-27 19:18:47,41.84,-87.73,divvy_0a7d39ff03522f46,Public Rack - Keeler Ave & 26th St,2022-07-27 19:18:47,41.844058,-87.729873,True,public_rack,6,reassigned_or_rekeyed
divvy_c378260fd209dba4,Rhodes Ave & 79th St,station,2022-07-23 16:42:02,41.75,-87.61,divvy_fb85d3827882e691,Rhodes Ave & 79th St,2022-07-23 16:42:02,,,,station,7,retained_unlocated
divvy_c3af94f77ad010cf,Kedzie Ave & Harrison St,station,2015-04-27 15:34:00,41.87359967462,-87.7048707493,divvy_c3af94f77ad010cf,Kedzie Ave & Harrison St,2015-04-27 15:34:00,41.87359967462,-87.7048707493,True,station,3989,same_key
divvy_c3beceb2e57a9dc5,Public Rack - Lorel Ave & Chicago Ave,public_rack,2022-07-05 15:46:19,41.9,-87.76,divvy_2b7d7cf2058ef098,Public Rack - Lorel Ave & Chicago Ave,2022-07-05 15:46:19,41.89503,-87.759917,True,public_rack,16,reassigned_or_rekeyed
divvy_c3dc55a3bd96e18d,Shields Ave & 31st St,station,2015-07-01 01:13:00,41.838464,-87.635406,divvy_c3dc55a3bd96e18d,Shields Ave & 31st St,2015-07-01 01:13:00,41.838464,-87.635406,True,station,67531,same_key
divvy_c3eaef3a42004536,Stewart Ave & 63rd St,station,2018-10-22 18:42:22,41.779835,-87.634774,divvy_c3eaef3a42004536,Stewart Ave & 63rd St,2018-10-22 18:42:22,41.779835,-87.634774,True,station,1561,same_key
divvy_c3f62916aa9e6cf4,Cottage Grove Ave & 92nd St,station,2022-07-17 19:47:02,41.73,-87.6,divvy_0922ef104ee0fdd7,Cottage Grove Ave & 92nd St,2022-07-17 19:47:02,,,,station,4,retained_unlocated
divvy_c3f967b2ab9f11b9,Public Rack - Damen Ave & 84th St,public_rack,2023-07-09 12:01:15,41.740435,-87.673246,divvy_c3f967b2ab9f11b9,Public Rack - Damen Ave & 84th St,2023-07-09 12:01:15,41.740435,-87.673246,True,public_rack,5,same_key
divvy_c4259c22270a3eff,Honore St & 87th St - SE,station,2022-05-13 12:34:34,41.74,-87.67,divvy_bc2ed391edd72e79,Honore St & 87th St - SE,2022-05-13 12:34:34,,,,station,3,retained_unlocated
divvy_c43e6f07ee01b7a4,Wood St & 33rd St,station,2024-06-18 20:30:16.718000,41.83427,-87.6706,divvy_c43e6f07ee01b7a4,Wood St & 33rd St,2024-06-18 20:30:16.718000,41.83427,-87.6706,True,station,1177,same_key
divvy_c45d985cc1f093d0,Western Ave & Monroe St,station,2024-05-01 00:45:45,41.88142526,-87.6866316818,divvy_c45d985cc1f093d0,Western Ave & Monroe St,2024-05-01 00:45:45,41.88142526,-87.6866316818,True,station,6659,same_key
divvy_c4951d0b8887b07e,Public Rack - Kostner Ave & 16th St,public_rack,2023-05-31 08:17:22,41.8588018,-87.7343019,divvy_c4951d0b8887b07e,Public Rack - Kostner Ave & 16th St,2022-06-18 20:05:41,41.8588018,-87.7343019,True,public_rack,28,same_key
divvy_c4b2355dfb399499,Clarendon Ave & Junior Ter,station,2013-08-26 14:58:00,41.961004,-87.649603,divvy_c4b2355dfb399499,Clarendon Ave & Junior Ter,2013-08-26 14:58:00,41.961004,-87.649603,True,station,227466,same_key
divvy_c4baec75eb3542d9,Public Rack - Western Ave & 111th St - NW,public_rack,2023-06-05 14:28:24,41.69197,-87.681659,divvy_c4baec75eb3542d9,Public Rack - Western Ave & 111th St - NW,2022-09-23 23:30:19,41.69197,-87.681659,True,public_rack,20,same_key
divvy_c51a0386e25c837c,Lincoln Ave & Montana St,station,2025-09-02 14:35:22.592000,41.92657,-87.6506,divvy_c51a0386e25c837c,Lincoln Ave & Montana St,2025-09-02 14:35:22.592000,41.92657,-87.6506,True,station,11847,same_key
divvy_c51cc9e6b4e48cd3,Central Park Ave & Douglas Blvd,station,2023-06-01 07:47:52,41.86235,-87.71587,divvy_c51cc9e6b4e48cd3,Central Park Ave & Douglas Blvd,2021-07-10 02:54:47,41.86235,-87.71587,True,station,590,same_key
divvy_c53b638c4c422d7e,Marmora Ave & Belmont Ave,station,2024-05-10 14:53:41,41.9382897,-87.7737692,divvy_c53b638c4c422d7e,Marmora Ave & Belmont Ave,2024-05-10 14:53:41,41.9382897,-87.7737692,True,station,357,same_key
divvy_c56106d1ddace3e0,Western Ave & 106th St - West,station,2022-07-01 08:46:59,41.7,-87.68,divvy_a3ee71df2f00513b,Western Ave & 106th St - West,2022-07-01 08:46:59,,,,station,4,retained_unlocated
divvy_c568629bc94e0a92,Calumet Ave & 103rd St,station,2022-08-24 05:25:15,41.71,-87.61,divvy_b1ce9c0c2624d5b9,Calumet Ave & 103rd St,2022-06-02 08:55:50,,,,station,1,retained_unlocated
divvy_c572709c2213338d,Public Rack - Kedzie Ave & Arthington St,public_rack,2023-06-20 19:39:48,41.8700949,-87.7062429,divvy_c572709c2213338d,Public Rack - Kedzie Ave & Arthington St,2022-07-02 20:30:40,41.8700949,-87.7062429,True,public_rack,59,same_key
divvy_c57aa8caa23a6a86,Vincennes Ave & 75th St,station,2020-04-24 07:10:25,41.75797,-87.63121,divvy_c57aa8caa23a6a86,Vincennes Ave & 75th St,2020-04-24 07:10:25,41.75797,-87.63121,True,station,895,same_key
divvy_c57cec236504cd93,Laflin St & 115th St,station,2024-12-04 08:27:54.773000,41.68499,-87.65991,divvy_c57cec236504cd93,Laflin St & 115th St,2024-12-04 08:27:54.773000,41.68499,-87.65991,True,station,156,same_key
divvy_c582d8b96bb1ce6f,Public Rack - 61st St & Melvina Ave,public_rack,2023-06-05 13:09:35,41.780658,-87.776651,divvy_c582d8b96bb1ce6f,Public Rack - 61st St & Melvina Ave,2023-05-11 16:41:23,41.780658,-87.776651,True,public_rack,66,same_key
divvy_c5a0d164c3c46fc0,Western Blvd & 49th St,station,2022-05-09 21:46:29,41.8,-87.68,divvy_44bf3f1d6d7a584f,Western Blvd & 49th St,2022-05-09 21:46:29,,,,station,319,retained_unlocated
divvy_c5ce6246c3f7e55c,Public Rack - Kedzie Ave & Argyle St,public_rack,2022-06-16 15:20:25,41.97,-87.71,divvy_001518a0ad70529d,Public Rack - Kedzie Ave & Argyle St,2022-06-16 15:20:25,41.972097,-87.708572,True,public_rack,511,reassigned_or_rekeyed
divvy_c5eb1ae7f41971ba,Talman Ave & 51st St - midblock,station,2022-05-10 10:21:24,41.8,-87.69,divvy_e9a148d1764aae8c,Talman Ave & 51st St - midblock,2022-05-10 10:21:24,,,,station,88,retained_unlocated
divvy_c5efae1f376d4da8,Canal St & Taylor St,station,2015-07-01 08:52:00,41.870257,-87.639474,divvy_c5efae1f376d4da8,Canal St & Taylor St,2015-07-01 08:52:00,41.870257,-87.639474,True,station,135174,same_key
divvy_c619527871b7b0ea,Public Rack - Cicero Ave & North Ave,public_rack,2022-06-16 12:44:26,41.91,-87.75,divvy_a3c7d433ff95b65a,Public Rack - Cicero Ave & North Ave,2022-06-16 12:44:26,41.909329,-87.745838,True,public_rack,136,reassigned_or_rekeyed
divvy_c61e9033f57779c0,Public Rack - Ashland Ave & 63rd St,public_rack,2023-07-01 08:59:21,41.779127,-87.664039,divvy_c61e9033f57779c0,Public Rack - Ashland Ave & 63rd St,2022-08-05 16:24:42,41.779127,-87.664039,True,public_rack,75,same_key
divvy_c620bfbd87a6abe4,Public Rack - New England Ave & Grace St,public_rack,2023-05-10 17:14:49,41.95,-87.8,divvy_638818b13686094d,Public Rack - New England Ave & Grace St,2023-05-10 17:14:49,41.949269,-87.798395,True,public_rack,5,reassigned_or_rekeyed
divvy_c65be96a36a8b511,Public Rack - Kildare Ave & 63rd St,public_rack,2023-05-09 21:52:35,41.778442,-87.73047,divvy_e2f5d175b788c106,Public Rack - Kildare Ave & 63rd St,2022-09-23 20:13:05,41.778442,-87.73047,True,public_rack,33,reassigned_or_rekeyed
divvy_c665f1c09a47bab2,Public Rack - McCormick Blvd & Devon Ave,public_rack,2023-06-02 19:03:06,41.9963127375,-87.7119467855,divvy_c665f1c09a47bab2,Public Rack - McCormick Blvd & Devon Ave,2022-06-16 20:45:51,41.9963127375,-87.7119467855,True,public_rack,40,same_key
divvy_c672adcdd852faec,Public Rack - Higgins Ave & Neva Ave,public_rack,2023-09-12 23:39:56,41.980602,-87.8060476,divvy_c672adcdd852faec,Public Rack - Higgins Ave & Neva Ave,2023-05-18 21:18:15,41.980602,-87.8060476,True,public_rack,26,same_key
divvy_c6772c37046857a7,Public Rack - Kingston Ave & 75th St,public_rack,2023-08-23 19:39:59,41.758905,-87.562188,divvy_c6772c37046857a7,Public Rack - Kingston Ave & 75th St,2022-06-16 22:30:11,41.758905,-87.562188,True,public_rack,46,same_key
divvy_c6886345a799ce7a,Public Rack - Kedzie Ave & Walnut St,public_rack,2023-06-22 10:07:27,41.885891,-87.706425,divvy_c6886345a799ce7a,Public Rack - Kedzie Ave & Walnut St,2022-08-29 23:32:44,41.885891,-87.706425,True,public_rack,73,same_key
divvy_c6b82b56737b9545,Lawndale Ave & 111th St,station,2022-06-14 17:12:47,41.69,-87.71,divvy_f7dfe45f7f1d74c3,Lawndale Ave & 111th St,2020-10-15 16:05:17,41.69131919221066,-87.71288573741913,True,station,15,reassigned_or_rekeyed
divvy_c71be3b7f40adc4c,Public Rack - Ashland Ave & 83rd St,public_rack,2023-06-01 08:23:16,41.742715,-87.663551,divvy_c71be3b7f40adc4c,Public Rack - Ashland Ave & 83rd St,2022-08-11 19:39:54,41.742715,-87.663551,True,public_rack,131,same_key
divvy_c72d522de316778d,Public Rack - Ewing Ave & 105th St,public_rack,2023-07-06 16:57:12,41.704373,-87.53544,divvy_c72d522de316778d,Public Rack - Ewing Ave & 105th St,2022-09-13 15:33:48,41.704373,-87.53544,True,public_rack,17,same_key
divvy_c735e01a233fbb31,Public Rack - Avondale Ave & Addison St,public_rack,2023-06-04 18:56:05,41.94655,-87.719827,divvy_c735e01a233fbb31,Public Rack - Avondale Ave & Addison St,2022-06-18 08:05:40,41.94655,-87.719827,True,public_rack,328,same_key
divvy_c75cf7b08de04678,Public Rack - Ewing Ave & 96th St N,public_rack,2022-09-06 15:38:54,41.72,-87.54,divvy_e3567ecdbe27b269,Public Rack - Ewing Ave & 96th St N,2022-09-06 15:38:54,41.7215552,-87.5356904,True,public_rack,5,reassigned_or_rekeyed
divvy_c77f02df21f694a4,Ewing Ave & Indianapolis Ave,station,2022-06-13 02:07:28,41.71,-87.54,divvy_0d813d658505f5b0,Ewing Ave & Indianapolis Ave,2022-06-13 02:07:28,,,,station,5,retained_unlocated
divvy_c7a0b54a111eced0,California Blvd & 29th St,station,2026-02-19 17:00:11.200000,41.84024,-87.69413,divvy_c7a0b54a111eced0,California Blvd & 29th St,2026-02-19 17:00:11.200000,41.84024,-87.69413,True,station,21,same_key
divvy_c7c6e785275ae883,Public Rack - Calumet Ave & 51st St,public_rack,2022-09-07 08:13:07,41.8,-87.62,divvy_8952e97a123eddf3,Public Rack - Calumet Ave & 51st St,2022-09-07 08:13:07,41.802221,-87.618457,True,public_rack,116,reassigned_or_rekeyed
divvy_c7c71db7edff1434,W 103rd St & S Avers Ave,station,2021-05-02 16:43:20,41.71,-87.72,divvy_e65ca7eb47f03a9e,W 103rd St & S Avers Ave,2021-05-02 16:43:20,41.705846,-87.717074,True,station,535,reassigned_or_rekeyed
divvy_c7caea1e71aa9259,Burnham Greenway & 112th St,station,2022-02-13 22:01:00,41.69177385116831,-87.53043115139008,divvy_c7caea1e71aa9259,Burnham Greenway & 112th St,2022-02-13 22:01:00,41.69177385116831,-87.53043115139008,True,station,3117,same_key
divvy_c7fb5a1ec0611615,Public Rack - Damen & 87th,public_rack,2023-07-24 16:11:19,41.736037,-87.672691,divvy_c7fb5a1ec0611615,Public Rack - Damen & 87th,2023-05-16 12:34:21,41.736037,-87.672691,True,public_rack,13,same_key
divvy_c7fc78a9d751923b,Wood St & 103rd St,station,2022-05-09 23:53:02,41.71,-87.67,divvy_7b1b79e916758a5e,Wood St & 103rd St,2022-05-09 23:53:02,,,,station,59,retained_unlocated
divvy_c801de9c24b15380,Campbell Ave & Montrose Ave,station,2015-05-14 16:58:00,41.961524,-87.691177,divvy_c801de9c24b15380,Campbell Ave & Montrose Ave,2015-05-14 16:58:00,41.961524,-87.691177,True,station,65621,same_key
divvy_c8094969ae685e72,Public Rack - Menard Ave & Dakin St - midblock,public_rack,2022-06-19 19:03:11,41.95,-87.77,divvy_f7dab58aa35b0895,Public Rack - Menard Ave & Dakin St - midblock,2022-06-19 19:03:11,41.951732,-87.772005,True,public_rack,101,reassigned_or_rekeyed
divvy_c81f7532ac53841a,Damen Ave & Chicago Ave Public Rack,public_rack,2026-01-07 15:32:09.238000,41.895809,-87.678519,divvy_c81f7532ac53841a,Damen Ave & Chicago Ave Public Rack,2026-01-07 15:32:09.238000,41.895809,-87.678519,True,public_rack,1414,same_key
divvy_c832f10d87f5f2a4,Public Rack - Hoyne Ave & 51st St,public_rack,2022-09-07 10:19:57,41.8,-87.68,divvy_486a46daa01ba397,Public Rack - Hoyne Ave & 51st St,2022-09-07 10:19:57,41.801001,-87.676773,True,public_rack,7,reassigned_or_rekeyed
divvy_c8467edf8d293576,Dearborn St & Madison St,station,2025-11-22 10:27:33.208000,41.88206,-87.62964,divvy_c8467edf8d293576,Dearborn St & Madison St,2025-11-22 10:27:33.208000,41.88206,-87.62964,True,station,13879,same_key
divvy_c85ad9fbb938735e,Public Rack - Lawndale & 63rd St,public_rack,2023-09-26 04:47:44,41.777732,-87.713878,divvy_c85ad9fbb938735e,Public Rack - Lawndale & 63rd St,2022-08-30 12:26:30,41.777732,-87.713878,True,public_rack,6,same_key
divvy_c866fcad9f960580,Mulligan Ave & Archer Ave,station,2024-07-10 10:08:59.568000,41.79296,-87.78052,divvy_c866fcad9f960580,Mulligan Ave & Archer Ave,2024-07-10 10:08:59.568000,41.79296,-87.78052,True,station,454,same_key
divvy_c86dae2abb339d41,Public Rack - Cottage Grove Ave & 89th Pl,public_rack,2024-06-23 23:14:58.646000,41.731767,-87.604899,divvy_c86dae2abb339d41,Public Rack - Cottage Grove Ave & 89th Pl,2022-10-03 10:21:19,41.731767,-87.604899,True,public_rack,13,same_key
divvy_c881baedd0125364,Navy Pier Overflow Corral,station,2026-07-23 18:26:47.113000,41.89231,-87.61217,divvy_c881baedd0125364,Navy Pier Overflow Corral,2026-07-23 18:26:47.113000,41.89231,-87.61217,True,station,623,same_key
divvy_c8a27fbf5fd37915,Kilpatrick Ave & Parker Ave,station,2021-07-28 12:54:37,41.93,-87.74,divvy_0b0354b4f529f508,Kilpatrick Ave & Parker Ave,2021-07-28 12:54:37,41.93074,-87.74407,True,station,1697,reassigned_or_rekeyed
divvy_c8d764ed5464ed97,Public Rack - Homan & 79th,public_rack,2023-07-25 13:02:44,41.749855,-87.707507,divvy_c8d764ed5464ed97,Public Rack - Homan & 79th,2023-05-07 04:13:05,41.749855,-87.707507,True,public_rack,45,same_key
divvy_c8ee2a4fd9f52342,East End Ave & 87th St,station,2020-08-01 14:57:08,41.73681521440671,-87.58280128240585,divvy_c8ee2a4fd9f52342,East End Ave & 87th St,2020-08-01 14:57:08,41.73681521440671,-87.58280128240585,True,station,1322,same_key
divvy_c8ef4f298f75dee7,Financial Pl & Ida B Wells Dr,station,2015-05-08 11:42:00,41.8750236280333,-87.6330940425396,divvy_c8ef4f298f75dee7,Financial Pl & Ida B Wells Dr,2015-05-08 11:42:00,41.8750236280333,-87.6330940425396,True,station,196179,same_key
divvy_c8f91aa77337a634,Wallace St & 112 St,station,2022-06-02 11:28:07,41.69,-87.64,divvy_c959636118a3ce63,Wallace St & 112 St,2022-06-02 11:28:07,,,,station,8,retained_unlocated
divvy_c8fe7e0363a3a08f,Public Rack - Paxton Ave & 79th St,public_rack,2022-06-19 21:04:03,41.75,-87.57,divvy_ac3564064835b821,Public Rack - Paxton Ave & 79th St,2022-06-19 21:04:03,41.75167773,-87.57045748,True,public_rack,19,reassigned_or_rekeyed
divvy_c925032ecd4ae134,Ada St & 79th St,station,2022-05-18 17:10:37,41.75,-87.66,divvy_4f56ee7bef37a0c7,Ada St & 79th St,2022-05-18 17:10:37,,,,station,15,retained_unlocated
divvy_c93f7e577fe35131,Public Rack - Mason Ave & Roosevelt Rd,public_rack,2023-09-18 17:54:09,41.865608,-87.772389,divvy_c93f7e577fe35131,Public Rack - Mason Ave & Roosevelt Rd,2023-09-18 17:54:09,41.865608,-87.772389,True,public_rack,23,same_key
divvy_c94321c200285dcd,Public Rack - Jeffery Blvd & 83rd St,public_rack,2022-11-08 16:08:44,41.74,-87.57,divvy_faaad90c32dcc797,Public Rack - Jeffery Blvd & 83rd St,2022-11-08 16:08:44,41.744345,-87.575043,True,public_rack,2,reassigned_or_rekeyed
divvy_c94fe98a98761bdd,Public Rack - Chappel Ave & 71st St,public_rack,2023-06-21 02:51:58,41.766366,-87.575287,divvy_c94fe98a98761bdd,Public Rack - Chappel Ave & 71st St,2022-09-25 18:06:08,41.766366,-87.575287,True,public_rack,70,same_key
divvy_c95014cfe61588d9,Public Rack - Homan Ave & Lake St,public_rack,2023-05-22 22:11:10,41.88474,-87.711357,divvy_c95014cfe61588d9,Public Rack - Homan Ave & Lake St,2022-09-03 18:47:40,41.88474,-87.711357,True,public_rack,103,same_key
divvy_c95687bbc637a0f1,Central Park Ave & 24th St,station,2020-01-20 08:30:31,41.8481,-87.715068,divvy_c95687bbc637a0f1,Central Park Ave & 24th St,2020-01-20 08:30:31,41.8481,-87.715068,True,station,3402,same_key
divvy_c958d4f7ccd2db89,Public Rack - 2302 S Pulaski Rd,public_rack,2023-06-16 12:25:03,41.849437,-87.724879,divvy_c958d4f7ccd2db89,Public Rack - 2302 S Pulaski Rd,2023-04-05 14:21:02,41.849437,-87.724879,True,public_rack,24,same_key
divvy_c996e2e0758a8ba9,Panama Ave & Grace St,station,2021-09-10 22:50:01,41.95,-87.83,divvy_2e0012ea80c2809f,Panama Ave & Grace St,2021-09-10 22:50:01,41.94766,-87.82925,True,station,175,reassigned_or_rekeyed
divvy_c99bbb397f2603fd,Public Rack - Whipple St & 63rd St,public_rack,2022-10-05 22:06:37,41.77888,-87.699811,divvy_c99bbb397f2603fd,Public Rack - Whipple St & 63rd St,2022-10-05 22:06:37,41.77888,-87.699811,True,public_rack,220,same_key
divvy_c9b777f0cc3f4ba0,Albany Ave & 63rd St,station,2022-05-19 18:43:38,41.78,-87.7,divvy_542141b7e3300fbb,Albany Ave & 63rd St,2022-05-19 18:43:38,,,,station,54,retained_unlocated
divvy_c9baad6eda28bc1e,Public Rack - Central & Prescott,public_rack,2023-05-07 10:08:22,41.992794,-87.765586,divvy_c9baad6eda28bc1e,Public Rack - Central & Prescott,2023-05-07 10:08:22,41.992794,-87.765586,True,public_rack,137,same_key
divvy_c9bcc8651edbfed2,Racine Ave & Belmont Ave,station,2013-08-19 18:08:00,41.939743,-87.658865,divvy_c9bcc8651edbfed2,Racine Ave & Belmont Ave,2013-08-19 18:08:00,41.939743,-87.658865,True,station,254835,same_key
divvy_c9c2fd2845045ec8,Buffalo Ave & 89th St,station,2022-06-03 08:10:16,41.73,-87.54,divvy_17210b2e0bc7c4d5,Buffalo Ave & 89th St,2022-06-03 08:10:16,,,,station,11,retained_unlocated
divvy_c9d372efc76ebeb6,Public Rack - Lafayette Ave & 95th St,public_rack,2023-06-03 05:39:43,41.721787,-87.624939,divvy_c9d372efc76ebeb6,Public Rack - Lafayette Ave & 95th St,2022-09-06 20:32:02,41.721787,-87.624939,True,public_rack,512,same_key
divvy_c9dbce408346a2b5,Public Rack - Lowe Ave & 98th St,public_rack,2022-09-09 13:44:57,41.72,-87.64,divvy_70a8be56f99c4d2f,Public Rack - Lowe Ave & 98th St,2022-09-09 13:44:57,41.715887,-87.639228,True,public_rack,1,reassigned_or_rekeyed
divvy_c9fdee2d1ebf569d,Public Rack - Wabash Ave & 87th St,public_rack,2023-07-16 18:29:02,41.736063,-87.622952,divvy_c9fdee2d1ebf569d,Public Rack - Wabash Ave & 87th St,2022-10-07 10:20:10,41.736063,-87.622952,True,public_rack,37,same_key
divvy_c9fe0083c27c8ba9,Avers Ave & Foster Ave,station,2025-05-10 17:46:56.267000,41.97541,-87.72452,divvy_c9fe0083c27c8ba9,Avers Ave & Foster Ave,2025-05-10 17:46:56.267000,41.97541,-87.72452,True,station,968,same_key
divvy_c9fe7f5d7d45c2a5,Troy St & Grace St,station,2023-06-01 07:12:38,41.95024,-87.70627,divvy_c9fe7f5d7d45c2a5,Troy St & Grace St,2021-10-28 07:22:19,41.95024,-87.70627,True,station,6476,same_key
divvy_ca275970d0f484f4,Public Rack - Hamlin Ave & Chicago Ave,public_rack,2023-08-12 09:14:07,41.895201,-87.721541,divvy_ca275970d0f484f4,Public Rack - Hamlin Ave & Chicago Ave,2022-06-16 05:37:43,41.895201,-87.721541,True,public_rack,34,same_key
divvy_ca27c883e0cb8750,Kilbourn & Belden,station,2021-08-24 13:18:34,41.92,-87.74,divvy_d98c2b7ca0bb6539,Kilbourn & Belden,2021-08-24 13:18:34,41.922352,-87.739024,True,station,1096,reassigned_or_rekeyed
divvy_ca56443a19622eb1,Leclaire Ave & Belmont Ave,station,2024-01-15 14:37:03,41.939041,-87.754197,divvy_ca56443a19622eb1,Leclaire Ave & Belmont Ave,2024-01-15 14:37:03,41.939041,-87.754197,True,station,1157,same_key
divvy_ca56bbaf1f997f7e,Menard Ave & Milwaukee Ave,station,2024-12-13 20:46:08.156000,41.98139,-87.77331,divvy_ca56bbaf1f997f7e,Menard Ave & Milwaukee Ave,2024-12-13 20:46:08.156000,41.98139,-87.77331,True,station,330,same_key
divvy_ca6b363e8872f73a,Jeffery Blvd & 76th St,station,2015-05-02 17:54:00,41.75712006802,-87.5758393587,divvy_ca6b363e8872f73a,Jeffery Blvd & 76th St,2015-05-02 17:54:00,41.75712006802,-87.5758393587,True,station,3278,same_key
divvy_ca6b6e3d737e131c,Cityfront Plaza Dr & Pioneer Ct,station,2014-07-01 04:47:00,41.890573,-87.622072,divvy_ca6b6e3d737e131c,Cityfront Plaza Dr & Pioneer Ct,2014-07-01 04:47:00,41.890573,-87.622072,True,station,295740,same_key
divvy_ca95eb8799689925,Mozart St & Jackson Blvd,station,2023-06-03 02:08:06,41.8775,-87.6974,divvy_ca95eb8799689925,Mozart St & Jackson Blvd,2021-11-24 18:08:50,41.8775,-87.6974,True,station,1090,same_key
divvy_cab8990dd40fb4e9,Spaulding Ave & Bryn Mawr Ave,station,2022-05-09 19:24:13,41.98,-87.71,divvy_93a2181f01abfe25,Spaulding Ave & Bryn Mawr Ave,2022-05-09 19:24:13,,,,station,33,retained_unlocated
divvy_cabf87d322e49225,Public Rack - Milwaukee Ave & Sunnyside Ave,public_rack,2023-06-04 16:14:42,41.9625222,-87.7560059,divvy_cabf87d322e49225,Public Rack - Milwaukee Ave & Sunnyside Ave,2023-05-11 20:32:30,41.9625222,-87.7560059,True,public_rack,118,same_key
divvy_cacea7dda312888e,Lake/Sangamon Corral,station,2026-06-24 08:48:48.048000,41.8854693,-87.6508941,divvy_cacea7dda312888e,Lake/Sangamon Corral,2026-06-24 08:48:48.048000,41.8854693,-87.6508941,True,station,327,same_key
divvy_cae1ecd929c72d25,Washtenaw Ave & Peterson Ave,station,2023-06-01 17:11:05,41.99073,-87.69705,divvy_cae1ecd929c72d25,Washtenaw Ave & Peterson Ave,2021-11-11 17:56:10,41.99073,-87.69705,True,station,2028,same_key
divvy_cae8dd6a70c574a5,Ashland Ave & 71st St,station,2022-05-18 15:29:53,41.77,-87.66,divvy_bcc687d875f82b5a,Ashland Ave & 71st St,2022-05-18 15:29:53,,,,station,14,retained_unlocated
divvy_caf7c05d7696ee0a,Hamlin Ave & 62nd Pl,station,2023-06-01 22:38:24,41.77987,-87.71783,divvy_caf7c05d7696ee0a,Hamlin Ave & 62nd Pl,2021-10-09 14:53:17,41.77987,-87.71783,True,station,462,same_key
divvy_caf84c1eda8a1e57,Public Rack - Ewing Ave & Indianapolis Ave,public_rack,2023-06-23 15:03:31,41.712353,-87.53545,divvy_caf84c1eda8a1e57,Public Rack - Ewing Ave & Indianapolis Ave,2023-05-08 22:09:02,41.712353,-87.53545,True,public_rack,98,same_key
divvy_cb02b9b6f2a3add4,Public Rack - Ewing Ave & 99th St,public_rack,2022-11-22 04:14:55,41.72,-87.54,divvy_ae67ec35749f5674,Public Rack - Ewing Ave & 99th St,2022-11-22 04:14:55,41.7159614,-87.5351111,True,public_rack,9,reassigned_or_rekeyed
divvy_cb20e9f03bdff872,Public Rack - Cottage Grove Ave & 92nd St,public_rack,2022-10-10 11:23:52,41.73,-87.6,divvy_619b21218a3b0aa7,Public Rack - Cottage Grove Ave & 92nd St,2022-10-10 11:23:52,41.727319,-87.604787,True,public_rack,4,reassigned_or_rekeyed
divvy_cb3e45b2cf4d7ac7,Public Rack - Bradley Park,public_rack,2024-09-09 08:12:16.340000,41.718353,-87.564459,divvy_cb3e45b2cf4d7ac7,Public Rack - Bradley Park,2024-09-09 08:12:16.340000,41.718353,-87.564459,True,public_rack,6,same_key
divvy_cb599ebf7ec26b8b,Michigan Ave & 108th St,station,2024-11-09 14:29:09.055000,41.69815,-87.62111,divvy_cb599ebf7ec26b8b,Michigan Ave & 108th St,2024-11-09 14:29:09.055000,41.69815,-87.62111,True,station,88,same_key
divvy_cb6fad19941fa7ed,Racine Ave (May St) & Fulton St,station,2017-01-01 09:45:41,41.886926,-87.656919,divvy_cb6fad19941fa7ed,Racine Ave (May St) & Fulton St,2017-01-01 09:45:41,41.886926,-87.656919,True,station,33866,same_key
divvy_cb72628569d76ce2,State St & Pershing Rd,station,2015-04-16 12:04:00,41.82301523798,-87.6265680185,divvy_cb72628569d76ce2,State St & Pershing Rd,2015-04-16 12:04:00,41.82301523798,-87.6265680185,True,station,4501,same_key
divvy_cb75ec30ea7008b1,Sacramento Blvd & Fulton Ave,station,2021-11-27 14:46:03,41.89,-87.7,divvy_e1fbec3e38fc2f0f,Sacramento Blvd & Fulton Ave,2021-11-27 14:46:03,41.886528,-87.70167,True,station,405,reassigned_or_rekeyed
divvy_cb8740ce55047337,Public Rack - Cottage Grove Ave & 89th Pl,public_rack,2022-10-03 10:21:19,41.73,-87.6,divvy_c86dae2abb339d41,Public Rack - Cottage Grove Ave & 89th Pl,2022-10-03 10:21:19,41.731767,-87.604899,True,public_rack,1,reassigned_or_rekeyed
divvy_cb9a379c128cfceb,Public Rack - Avenue J & 102nd St,public_rack,2022-12-09 18:42:47,41.71,-87.53,divvy_b05d070a11e9a9b8,Public Rack - Avenue J & 102nd St,2022-12-09 18:42:47,41.709832,-87.534238,True,public_rack,4,reassigned_or_rekeyed
divvy_cbc67e299ca6b872,Oakley Ave & Touhy Ave,station,2016-07-08 17:39:14,42.012342,-87.688243,divvy_cbc67e299ca6b872,Oakley Ave & Touhy Ave,2016-07-08 17:39:14,42.012342,-87.688243,True,station,12018,same_key
divvy_cbdc5ed2e13fe243,Emerald Ave & 28th St,station,2013-08-15 20:17:00,41.84358,-87.645368,divvy_cbdc5ed2e13fe243,Emerald Ave & 28th St,2013-08-15 20:17:00,41.84358,-87.645368,True,station,53823,same_key
divvy_cbeb9f05621472c0,Sheffield Ave & Wrightwood Ave,station,2013-09-20 15:26:00,41.928712,-87.653833,divvy_cbeb9f05621472c0,Sheffield Ave & Wrightwood Ave,2013-09-20 15:26:00,41.928712,-87.653833,True,station,300401,same_key
divvy_cc25ea4aedd9ecd0,Public Rack - Throop St & 58th St,public_rack,2023-03-03 07:02:20,41.79,-87.66,divvy_a8bfb94b06c68ebe,Public Rack - Throop St & 58th St,2023-03-03 07:02:20,41.788541,-87.65621,True,public_rack,2,reassigned_or_rekeyed
divvy_cc3a3674f9d4a39c,Public Rack - Avenue M & 132nd St,public_rack,2023-03-28 20:16:15,41.66,-87.54,divvy_2a81b97db014905b,Public Rack - Avenue M & 132nd St,2023-03-28 20:16:15,41.655692,-87.537595,True,public_rack,2,reassigned_or_rekeyed
divvy_cc41e4aeab61a366,Clinton St & Jackson Blvd,station,2018-09-26 15:48:37,41.878316611830684,-87.64098107814789,divvy_cc41e4aeab61a366,Clinton St & Jackson Blvd,2018-09-26 15:48:37,41.878316611830684,-87.64098107814789,True,station,306607,same_key
divvy_cc56283b4656ee4b,Humboldt Blvd & Armitage Ave,station,2015-05-01 17:57:00,41.91751339399,-87.7018089555,divvy_cc56283b4656ee4b,Humboldt Blvd & Armitage Ave,2015-05-01 17:57:00,41.91751339399,-87.7018089555,True,station,111500,same_key
divvy_cc5f117dbdf76816,Plainfield Ave & Irving Park Rd,station,2022-06-20 20:51:24,41.95,-87.83,divvy_a7e006f0a6c93384,Plainfield Ave & Irving Park Rd,2022-06-20 20:51:24,,,,station,5,retained_unlocated
divvy_cca0ef53609419e3,Artesian Ave & 55th St,station,2021-10-06 17:25:01,41.79,-87.69,divvy_043da64067a1be30,Artesian Ave & 55th St,2021-10-06 17:25:01,41.79402,-87.68577,True,station,559,reassigned_or_rekeyed
divvy_cca247e2ac9c7e0b,Laramie Ave & Warwick Ave,station,2022-05-31 14:47:54,41.95,-87.76,divvy_058f29dc47aae6fe,Laramie Ave & Warwick Ave,2022-05-31 14:47:54,,,,station,7,retained_unlocated
divvy_ccd9cee40080d9ad,Public Rack - Keeler Ave & Madison St S,public_rack,2023-04-17 00:26:45,41.880531,-87.731063,divvy_ccd9cee40080d9ad,Public Rack - Keeler Ave & Madison St S,2023-04-17 00:26:45,41.880531,-87.731063,True,public_rack,12,same_key
divvy_ccf59dcb208c828d,Public Rack - Parkside & 63rd,public_rack,2023-05-24 00:36:05,41.778132,-87.763036,divvy_ccf59dcb208c828d,Public Rack - Parkside & 63rd,2023-05-16 00:21:41,41.778132,-87.763036,True,public_rack,144,same_key
divvy_cd00917fdb4a706b,Public Rack - Hoyne Ave & 110th Pl,public_rack,2023-06-07 16:03:09,41.692458,-87.674035,divvy_77a440727c5c7945,Public Rack - Hoyne Ave & 110th Pl,2022-09-06 15:08:03,41.692458,-87.674035,True,public_rack,80,reassigned_or_rekeyed
divvy_cd390207674dfda6,Houston Ave & 92nd St,station,2020-08-19 19:34:34,41.72820421535798,-87.54970014095306,divvy_cd390207674dfda6,Houston Ave & 92nd St,2020-08-19 19:34:34,41.72820421535798,-87.54970014095306,True,station,1720,same_key
divvy_cd47045b9d05720e,Michigan Ave & 105th St,station,2024-08-09 02:45:27.756000,41.70346,-87.62037,divvy_cd47045b9d05720e,Michigan Ave & 105th St,2024-08-09 02:45:27.756000,41.70346,-87.62037,True,station,369,same_key
divvy_cd5bb8e69b3e5d8e,California Ave & Division St,station,2013-08-16 15:43:00,41.903029,-87.697474,divvy_cd5bb8e69b3e5d8e,California Ave & Division St,2013-08-16 15:43:00,41.903029,-87.697474,True,station,88507,same_key
divvy_cd7e868280fe953a,Western Ave & Berteau Ave,station,2022-06-10 21:05:32,41.96,-87.69,divvy_11d6cd545fc5c2e6,Western Ave & Berteau Ave,2022-06-10 21:05:32,41.95774,-87.688273,True,station,1828,reassigned_or_rekeyed
divvy_cd8e180e4393fa64,Steelworkers Park Public Rack,public_rack,2026-02-16 10:20:01.593000,41.737948,-87.530836,divvy_cd8e180e4393fa64,Steelworkers Park Public Rack,2026-02-16 10:20:01.593000,41.737948,-87.530836,True,public_rack,40,same_key
divvy_cdc6c3c7c8015719,Clark St & Bryn Mawr Ave,station,2015-05-11 17:28:00,41.983593,-87.669154,divvy_cdc6c3c7c8015719,Clark St & Bryn Mawr Ave,2015-05-11 17:28:00,41.983593,-87.669154,True,station,144390,same_key
divvy_cdc7e367a3473138,Public Rack - Austin Ave & Wellington Ave,public_rack,2023-05-02 15:30:02,41.9352453,-87.776052,divvy_cdc7e367a3473138,Public Rack - Austin Ave & Wellington Ave,2022-09-10 19:46:03,41.9352453,-87.776052,True,public_rack,49,same_key
divvy_cdce2a9702fdc32e,Melvina Ave & Giddings Ave,station,2024-10-27 23:55:52.590000,41.96648,-87.78202,divvy_cdce2a9702fdc32e,Melvina Ave & Giddings Ave,2024-10-27 23:55:52.590000,41.96648,-87.78202,True,station,1179,same_key
divvy_cdd715426a4836e2,Public Rack - Natoma Ave & Bryn Mawr Ave,public_rack,2023-05-05 16:36:01,41.98,-87.79,divvy_6fb6f089b7889909,Public Rack - Natoma Ave & Bryn Mawr Ave,2023-05-05 16:36:01,41.982886,-87.790461,True,public_rack,7,reassigned_or_rekeyed
divvy_cdf2920b91e251a9,Mt Greenwood Library - North,station,2022-06-08 17:31:13,41.69,-87.7,divvy_dc2c57bb6f02fc10,Mt Greenwood Library - North,2022-06-08 17:31:13,,,,station,6,retained_unlocated
divvy_ce0e7237ffa278fc,Ewing Ave & 97th St,station,2024-09-04 07:58:22.933000,41.71982,-87.53542,divvy_ce0e7237ffa278fc,Ewing Ave & 97th St,2024-09-04 07:58:22.933000,41.71982,-87.53542,True,station,175,same_key
divvy_ce1c6b47fddf8c53,Public Rack - Michigan Ave & 96th St,public_rack,2022-09-24 04:29:54,41.72,-87.62,divvy_e006752f681dcca1,Public Rack - Michigan Ave & 96th St,2022-09-24 04:29:54,41.718957,-87.62067,True,public_rack,25,reassigned_or_rekeyed
divvy_ce216624a320b372,Public Rack - Ada St & 79th St,public_rack,2022-11-19 00:38:15,41.75,-87.66,divvy_ce9c6d3a09b6a8d1,Public Rack - Ada St & 79th St,2022-11-19 00:38:15,41.750522,-87.657252,True,public_rack,2,reassigned_or_rekeyed
divvy_ce21dc74219b9a22,Public Rack - Cicero Ave & Altgeld St,public_rack,2023-06-04 14:54:01,41.92576316666667,-87.746471167,divvy_ce21dc74219b9a22,Public Rack - Cicero Ave & Altgeld St,2022-06-17 14:52:13,41.92576316666667,-87.746471167,True,public_rack,112,same_key
divvy_ce388fbcf5950643,Oglesby Ave & 105th St,station,2022-05-26 10:51:21,41.71,-87.57,divvy_9ca673f62bc8d30d,Oglesby Ave & 105th St,2022-05-26 10:51:21,,,,station,1,retained_unlocated
divvy_ce53c2c83aa1d3ec,Pine Grove Ave & Waveland Ave,station,2014-01-02 11:31:00,41.94947274088333,-87.64645278453827,divvy_ce53c2c83aa1d3ec,Pine Grove Ave & Waveland Ave,2014-01-02 11:31:00,41.94947274088333,-87.64645278453827,True,station,381896,same_key
divvy_ce580848076683e9,Public Rack - Western Ave & 98th St,public_rack,2022-07-29 12:51:15,41.72,-87.68,divvy_03e3302229c7d325,Public Rack - Western Ave & 98th St,2022-07-29 12:51:15,41.71525,-87.681698,True,public_rack,20,reassigned_or_rekeyed
divvy_ce67d3d91b2b47b0,Public Rack - Ashland Ave & 83rd St,public_rack,2022-08-11 19:39:54,41.74,-87.66,divvy_c71be3b7f40adc4c,Public Rack - Ashland Ave & 83rd St,2022-08-11 19:39:54,41.742715,-87.663551,True,public_rack,28,reassigned_or_rekeyed
divvy_ce763239972a273f,Kedzie Ave & 64th St - SE,station,2022-05-27 17:15:31,41.78,-87.7,divvy_ae70d855460e1cca,Kedzie Ave & 64th St - SE,2022-05-27 17:15:31,,,,station,9,retained_unlocated
divvy_ce9c6d3a09b6a8d1,Public Rack - Ada St & 79th St,public_rack,2024-04-24 02:46:10,41.750522,-87.657252,divvy_ce9c6d3a09b6a8d1,Public Rack - Ada St & 79th St,2022-11-19 00:38:15,41.750522,-87.657252,True,public_rack,28,same_key
divvy_cea22b920e649720,Cicero Ave & Wellington Ave,station,2022-05-09 14:54:23,41.94,-87.75,divvy_833b61addf5a6fad,Cicero Ave & Wellington Ave,2022-05-09 14:54:23,41.93515,-87.74636,True,station,176,reassigned_or_rekeyed
divvy_cec1cb5e90ffea86,Princeton Ave & 31st St,station,2015-04-14 17:45:00,41.83802029,-87.63400933,divvy_cec1cb5e90ffea86,Princeton Ave & 31st St,2015-04-14 17:45:00,41.83802029,-87.63400933,True,station,1320,same_key
divvy_cedb9a94cdd25b1b,Public Rack - Melvina Ave & Montrose Ave,public_rack,2023-06-01 12:05:35,41.9588498,-87.7819167,divvy_cedb9a94cdd25b1b,Public Rack - Melvina Ave & Montrose Ave,2023-05-04 18:33:45,41.9588498,-87.7819167,True,public_rack,230,same_key
divvy_cefb8cc26f3f6776,Washington Blvd & Peoria St Public Rack,public_rack,2026-04-09 14:12:27.943000,41.883043,-87.649931,divvy_cefb8cc26f3f6776,Washington Blvd & Peoria St Public Rack,2026-04-09 14:12:27.943000,41.883043,-87.649931,True,public_rack,1109,same_key
divvy_cf00db59e8787a1f,Mayfield & Roosevelt Rd,station,2022-02-24 15:49:27,41.87,-87.77,divvy_6bf458d3ca4f3ee1,Mayfield & Roosevelt Rd,2022-02-24 15:49:27,41.8658158,-87.7717805,True,station,64,reassigned_or_rekeyed
divvy_cf380af0d0f0d854,Public Rack - Cottage Grove & 86th St,public_rack,2023-05-05 04:12:15,41.738174796,-87.604733109,divvy_cf380af0d0f0d854,Public Rack - Cottage Grove & 86th St,2022-09-08 21:52:37,41.738174796,-87.604733109,True,public_rack,139,same_key
divvy_cf3941aec77c51d7,Public Rack - Lawrence Ave & Kimball Ave,public_rack,2023-05-03 17:35:27,41.97,-87.71,divvy_3d4377865b850985,Public Rack - Lawrence Ave & Kimball Ave,2023-05-03 17:35:27,41.968277,-87.712629,True,public_rack,11,reassigned_or_rekeyed
divvy_cf402abd49fcbaba,Ellis Ave & 55th St,station,2015-04-14 11:53:00,41.79430062054,-87.6014497734,divvy_cf402abd49fcbaba,Ellis Ave & 55th St,2015-04-14 11:53:00,41.79430062054,-87.6014497734,True,station,271474,same_key
divvy_cf458943db34d16d,Public Rack - Ada St & 119th St,public_rack,2023-05-04 19:00:32,41.68,-87.65,divvy_67e3b3c4c1269ee2,Public Rack - Ada St & 119th St,2023-05-04 19:00:32,41.677326,-87.654473,True,public_rack,1,reassigned_or_rekeyed
divvy_cf508317dbf799f2,Lamon Ave & 47th St,station,2024-05-29 20:41:41,41.80781,-87.74569,divvy_cf508317dbf799f2,Lamon Ave & 47th St,2024-05-29 20:41:41,41.80781,-87.74569,True,station,179,same_key
divvy_cfc0ced5d0a2ca20,Public Rack - Chase Ave & Touhy Ave - NW,public_rack,2023-05-23 16:29:33,42.014271,-87.690408,divvy_cfc0ced5d0a2ca20,Public Rack - Chase Ave & Touhy Ave - NW,2022-06-16 03:23:05,42.014271,-87.690408,True,public_rack,52,same_key
divvy_cfd3156d2469b2bd,Menard Ave & Madison St,station,2022-06-03 08:02:09,41.88,-87.77,divvy_a20566581d2b72be,Menard Ave & Madison St,2022-06-03 08:02:09,,,,station,10,retained_unlocated
divvy_cfde2e226767d6e9,Desplaines St & Kinzie St,station,2013-06-28 13:48:00,41.888716036,-87.6444478533,divvy_cfde2e226767d6e9,Desplaines St & Kinzie St,2013-06-28 13:48:00,41.888716036,-87.6444478533,True,station,514179,same_key
divvy_cfe83b9a2383cc1c,Ashland Ave & Archer Ave,station,2015-04-14 20:03:00,41.83920868403,-87.6656098589,divvy_cfe83b9a2383cc1c,Ashland Ave & Archer Ave,2015-04-14 20:03:00,41.83920868403,-87.6656098589,True,station,19126,same_key
divvy_cffda24b7a24b1b3,Narragansett Ave & Wrightwood Ave,station,2024-05-10 08:50:56,41.92729,-87.78523,divvy_cffda24b7a24b1b3,Narragansett Ave & Wrightwood Ave,2024-05-10 08:50:56,41.92729,-87.78523,True,station,2126,same_key
divvy_d00719e1d647418e,Public Rack - Desplaines St & Fulton St,public_rack,2026-05-02 17:33:40.403000,41.8868924,-87.64341688,divvy_d00719e1d647418e,Public Rack - Desplaines St & Fulton St,2026-05-02 17:33:40.403000,41.8868924,-87.64341688,True,public_rack,1020,same_key
divvy_d007408ae092c574,Public Rack - Burling Ave & Armitage Ave,public_rack,2026-05-01 16:59:00.926000,41.91814108,-87.64714058,divvy_d007408ae092c574,Public Rack - Burling Ave & Armitage Ave,2026-05-01 16:59:00.926000,41.91814108,-87.64714058,True,public_rack,384,same_key
divvy_d03c471ad3223e80,Public Rack - Nordica & Archer,public_rack,2023-06-01 16:53:32,41.792212,-87.797662,divvy_d03c471ad3223e80,Public Rack - Nordica & Archer,2023-05-05 15:07:53,41.792212,-87.797662,True,public_rack,207,same_key
divvy_d03d1edd3bbc516c,Public Rack - Western Ave & 111th St - SE,public_rack,2023-01-15 20:22:39,41.69,-87.68,divvy_f1acb645b91f4701,Public Rack - Western Ave & 111th St - SE,2023-01-15 20:22:39,41.691665,-87.681022,True,public_rack,8,reassigned_or_rekeyed
divvy_d03d2b7d919edba6,Western Ave & Grace St,station,2021-11-11 16:59:24,41.95,-87.69,divvy_2bafba938540f8f5,Western Ave & Grace St,2021-11-11 16:59:24,41.95035,-87.68808,True,station,3376,reassigned_or_rekeyed
divvy_d047e7215932c1bf,Lincoln Ave & Byron St,station,2023-04-12 10:35:11,41.95,-87.68,divvy_753eeb5ea97586fe,Lincoln Ave & Byron St,2023-04-12 10:35:11,41.952372,-87.677296,True,station,240,reassigned_or_rekeyed
divvy_d04b8d215ca3061d,Kildare Ave & 26th St,station,2023-06-02 15:17:37,41.84439837836489,-87.73261003656634,divvy_d04b8d215ca3061d,Kildare Ave & 26th St,2021-07-20 18:31:01,41.84439837836489,-87.73261003656634,True,station,684,same_key
divvy_d04cc9be8966340b,Public Rack - Pulaski Rd & 51st Rd,public_rack,2022-09-14 11:18:00,41.8000891445,-87.7215727425,divvy_6068eecf8a9ce74d,Public Rack - Pulaski Rd & 51st Rd,2022-09-14 11:18:00,41.800111,-87.723537,True,public_rack,22,reassigned_or_rekeyed
divvy_d05f6fd2cfbd052e,Burnham Harbor,station,2015-05-16 11:07:00,41.85741178707404,-87.61379152536392,divvy_d05f6fd2cfbd052e,Burnham Harbor,2015-05-16 11:07:00,41.85741178707404,-87.61379152536392,True,station,309240,same_key
divvy_d085b08e4174c901,Public Rack - Artesian & 71st,public_rack,2023-05-23 13:28:45,41.764748,-87.684669,divvy_d085b08e4174c901,Public Rack - Artesian & 71st,2023-05-16 07:00:45,41.764748,-87.684669,True,public_rack,26,same_key
divvy_d088f183eac7c4b7,Lake Park Ave & 56th St,station,2013-10-09 13:21:00,41.793242,-87.587782,divvy_d088f183eac7c4b7,Lake Park Ave & 56th St,2013-10-09 13:21:00,41.793242,-87.587782,True,station,131498,same_key
divvy_d092ddb33524734e,Keef Ave & South Chicago Ave,station,2022-05-20 16:22:50,41.77,-87.61,divvy_d3852113a1c46d7c,Keef Ave & South Chicago Ave,2022-05-20 16:22:50,,,,station,1,retained_unlocated
divvy_d0abc50191373c48,Marquette Ave & 79th St,station,2022-05-09 16:33:01,41.75,-87.56,divvy_99efd99bdb685fa7,Marquette Ave & 79th St,2022-05-09 16:33:01,,,,station,71,retained_unlocated
divvy_d0b1c7baac843827,Christiana Ave & 111th St,station,2022-07-09 19:39:24,41.69,-87.7,divvy_976ef75a722ad89f,Christiana Ave & 111th St,2022-07-09 19:39:24,,,,station,4,retained_unlocated
divvy_d0bc55ba70720c72,Public Rack - Miami Ave & Milwaukee Ave,public_rack,2023-06-09 20:22:28,41.991473,-87.782085,divvy_d0bc55ba70720c72,Public Rack - Miami Ave & Milwaukee Ave,2023-06-09 20:22:28,41.991473,-87.782085,True,public_rack,31,same_key
divvy_d0bee424dc0f5785,Ashland Ave & Grace St,station,2013-07-31 17:38:00,41.95068,-87.6687,divvy_d0bee424dc0f5785,Ashland Ave & Grace St,2013-07-31 17:38:00,41.95068,-87.6687,True,station,138387,same_key
divvy_d0c12eeebf20bab9,Damen Ave & Garfield Blvd,station,2016-08-02 16:33:58,41.794587,-87.674254,divvy_d0c12eeebf20bab9,Damen Ave & Garfield Blvd,2016-08-02 16:33:58,41.794587,-87.674254,True,station,13,same_key
divvy_d104b9187027e75e,Warren Park East,station,2015-05-13 14:24:00,42.00454962194,-87.6806661451,divvy_d104b9187027e75e,Warren Park East,2015-05-13 14:24:00,42.00454962194,-87.6806661451,True,station,19482,same_key
divvy_d10ed01364d4c5fe,Public Rack - Ashland Ave & 63rd St,public_rack,2022-08-05 16:24:42,41.78,-87.66,divvy_c61e9033f57779c0,Public Rack - Ashland Ave & 63rd St,2022-08-05 16:24:42,41.779127,-87.664039,True,public_rack,14,reassigned_or_rekeyed
divvy_d1160d0582d09416,Keystone Ave & Irving Park Rd,station,2022-05-12 15:18:26,41.95,-87.73,divvy_4556df26188d0d17,Keystone Ave & Irving Park Rd,2022-05-12 15:18:26,,,,station,50,retained_unlocated
divvy_d12505d147a59315,W Oakdale Ave & N Broadway,station,2023-06-01 07:43:35,41.935581,-87.644042,divvy_d12505d147a59315,W Oakdale Ave & N Broadway,2020-08-07 14:58:08,41.935581,-87.644042,True,station,7971,same_key
divvy_d137cc970cb26f20,Austin Ave & Wrightwood Ave,station,2022-05-10 14:43:11,41.93,-87.78,divvy_65c2d2de6e690c7b,Austin Ave & Wrightwood Ave,2022-05-10 14:43:11,,,,station,27,retained_unlocated
divvy_d148c2f46545a53a,Public Rack - Waller Ave & Chicago Ave,public_rack,2022-10-06 01:01:19,41.89,-87.77,divvy_4888abd2c18b1c1c,Public Rack - Waller Ave & Chicago Ave,2022-10-06 01:01:19,41.894681,-87.768156,True,public_rack,2,reassigned_or_rekeyed
divvy_d1550998cb83a24a,Nordica & Medill,station,2023-06-02 07:51:41,41.922278,-87.8020357,divvy_d36a124d9e279e9c,Nordica & Medill,2021-09-17 07:41:09,41.922278,-87.8020357,True,station,146,reassigned_or_rekeyed
divvy_d165d6996678efc0,Racine/Lake Corral,station,2026-06-23 12:51:23.233000,41.8856855,-87.6568915,divvy_d165d6996678efc0,Racine/Lake Corral,2026-06-23 12:51:23.233000,41.8856855,-87.6568915,True,station,512,same_key
divvy_d18e2944ad1fb484,Mason Ave & Madison St,station,2016-06-17 12:01:00,41.87998,-87.773264,divvy_d18e2944ad1fb484,Mason Ave & Madison St,2016-06-17 12:01:00,41.87998,-87.773264,True,station,335,same_key
divvy_d18e86fc55a18cdd,DuSable Lake Shore Dr & Wellington Ave,station,2013-07-30 10:35:00,41.9366884494997,-87.63682901859283,divvy_d18e86fc55a18cdd,DuSable Lake Shore Dr & Wellington Ave,2013-07-30 10:35:00,41.9366884494997,-87.63682901859283,True,station,406120,same_key
divvy_d1ac474ffc2acd49,Broadway & Waveland Ave,station,2015-01-01 08:54:00,41.949074,-87.648636,divvy_d1ac474ffc2acd49,Broadway & Waveland Ave,2015-01-01 08:54:00,41.949074,-87.648636,True,station,366934,same_key
divvy_d1c4f017a68dd89b,Public Rack - Damen Ave & 47th St,public_rack,2022-10-01 18:47:41,41.81,-87.68,divvy_35325647dc5aefc9,Public Rack - Damen Ave & 47th St,2022-10-01 18:47:41,41.808884,-87.67513,True,public_rack,9,reassigned_or_rekeyed
divvy_d1c6caa05152566e,Public Rack - Pulaski Rd & 40th St,public_rack,2022-08-30 20:16:43,41.82,-87.72,divvy_2c231f0ae47af1bf,Public Rack - Pulaski Rd & 40th St,2022-08-30 20:16:43,41.81864,-87.72428,True,public_rack,6,reassigned_or_rekeyed
divvy_d21f9284d7bc9320,Franklin St & Randolph St,station,2026-05-15 06:57:58.993000,41.88439,-87.63517,divvy_d21f9284d7bc9320,Franklin St & Randolph St,2026-05-15 06:57:58.993000,41.88439,-87.63517,True,station,3137,same_key
divvy_d248b97574bd5488,Bernard St & Peterson Ave,station,2024-03-29 13:37:12,41.9904393,-87.715236,divvy_d248b97574bd5488,Bernard St & Peterson Ave,2024-03-29 13:37:12,41.9904393,-87.715236,True,station,1443,same_key
divvy_d2513e3380c59377,Vincennes Ave & 79th St,station,2024-08-10 18:01:54.031000,41.7506,-87.63409,divvy_d2513e3380c59377,Vincennes Ave & 79th St,2024-08-10 18:01:54.031000,41.7506,-87.63409,True,station,443,same_key
divvy_d278e0408caa9360,Public Rack - Robert Fulton Elementary School,public_rack,2023-06-13 03:28:06,41.797439,-87.668504,divvy_d278e0408caa9360,Public Rack - Robert Fulton Elementary School,2022-09-07 23:55:31,41.797439,-87.668504,True,public_rack,29,same_key
divvy_d284b986fee6469e,Vernon Ave & 75th St,station,2016-08-03 18:51:21,41.758361,-87.614138,divvy_d284b986fee6469e,Vernon Ave & 75th St,2016-08-03 18:51:21,41.758361,-87.614138,True,station,3322,same_key
divvy_d2b4352377bc11f0,Public Rack - California Ave & Touhy Ave - NW,public_rack,2023-06-02 15:13:00,42.012177,-87.699865,divvy_975a8ab74e677f8e,Public Rack - California Ave & Touhy Ave - NW,2022-06-14 11:39:17,42.012177,-87.699865,True,public_rack,196,reassigned_or_rekeyed
divvy_d2eebd83796c465f,Menard Ave & Grand Ave,station,2022-05-11 10:38:03,41.92,-87.77,divvy_94fa57cc365c66ac,Menard Ave & Grand Ave,2022-05-11 10:38:03,,,,station,22,retained_unlocated
divvy_d2ff4b57f29091c7,Marshfield Ave & 45th St,station,2022-05-09 11:31:47,41.81,-87.67,divvy_e3078118ae284a1f,Marshfield Ave & 45th St,2022-05-09 11:31:47,,,,station,19,retained_unlocated
divvy_d32207e705abd1bc,Grace/Sheffield,station,2025-05-16 17:48:03.749000,41.9512,-87.6546,divvy_d32207e705abd1bc,Grace/Sheffield,2025-05-16 17:48:03.749000,41.9512,-87.6546,True,station,321,same_key
divvy_d3520545a1bc3a37,Public Rack - Western Ave & 110th St,public_rack,2023-05-02 07:26:01,41.69442,-87.681547,divvy_d3520545a1bc3a37,Public Rack - Western Ave & 110th St,2022-07-12 17:30:52,41.69442,-87.681547,True,public_rack,91,same_key
divvy_d378f7bd2453520c,Public Rack - Jeffrey Blvd & 71st St,public_rack,2023-05-04 15:49:54,41.766333,-87.576154,divvy_d378f7bd2453520c,Public Rack - Jeffrey Blvd & 71st St,2022-09-12 11:06:52,41.766333,-87.576154,True,public_rack,191,same_key
divvy_d37d391577ff3c1b,King Dr & 83rd St,station,2022-05-29 15:46:28,41.74,-87.62,divvy_a6d319dc23f2aba4,King Dr & 83rd St,2022-05-25 16:27:03,,,,station,1,retained_unlocated
divvy_d38073c8048f0c4b,Halsted St & Wrightwood Ave,station,2013-06-27 15:05:00,41.929143,-87.649077,divvy_d38073c8048f0c4b,Halsted St & Wrightwood Ave,2013-06-27 15:05:00,41.929143,-87.649077,True,station,332392,same_key
divvy_d3aaed3cd270f1cb,Public Rack - Pulaski & 74th,public_rack,2023-06-28 16:29:49,41.757262,-87.722366,divvy_cd24299c14c6f7ef,Public Rack - Pulaski & 74th,2023-05-08 16:10:09,41.757262,-87.722366,True,public_rack,17,reassigned_or_rekeyed
divvy_d3b2fcadfdbbdea1,Public Rack - Karlov Ave & Kamerling Ave,public_rack,2022-06-14 20:41:43,41.91,-87.73,divvy_718adb4cac543ad8,Public Rack - Karlov Ave & Kamerling Ave,2022-06-14 20:41:43,41.905621,-87.728636,True,public_rack,234,reassigned_or_rekeyed
divvy_d3b593a329795099,Public Rack - Foster Ave & Drake Ave,public_rack,2022-07-07 15:05:36,41.98,-87.72,divvy_e8cde9e801963199,Public Rack - Foster Ave & Drake Ave,2022-07-07 15:05:36,41.975563,-87.717352,True,public_rack,15,reassigned_or_rekeyed
divvy_d3bee86d0f49f668,Public Rack - Bell Ave & 95th St,public_rack,2023-06-01 14:25:42,41.721188,-87.678786,divvy_d3bee86d0f49f668,Public Rack - Bell Ave & 95th St,2022-09-19 08:36:27,41.721188,-87.678786,True,public_rack,52,same_key
divvy_d3bf70fca7566761,Clark St & Montrose Ave,station,2013-08-21 17:30:00,41.961588,-87.666036,divvy_d3bf70fca7566761,Clark St & Montrose Ave,2013-08-21 17:30:00,41.961588,-87.666036,True,station,141218,same_key
divvy_d3eb2c59b8fba8d0,Loomis Blvd & 84th St,station,2020-08-13 09:08:35,41.741486528618054,-87.65841007232666,divvy_d3eb2c59b8fba8d0,Loomis Blvd & 84th St,2020-08-13 09:08:35,41.741486528618054,-87.65841007232666,True,station,1686,same_key
divvy_d3fbb6e496566c74,Public Rack - Justine St & 87th St,public_rack,2023-07-10 22:13:47,41.736019,-87.66243,divvy_d3fbb6e496566c74,Public Rack - Justine St & 87th St,2023-02-24 23:51:07,41.736019,-87.66243,True,public_rack,583,same_key
divvy_d4041b374b8dd8b7,Halsted St & Melrose St,station,2025-10-28 16:16:58.253000,41.94112,-87.64907,divvy_d4041b374b8dd8b7,Halsted St & Melrose St,2025-10-28 16:16:58.253000,41.94112,-87.64907,True,station,8088,same_key
divvy_d418231fda67c70f,Public Rack - Ewing Ave & 112th St,public_rack,2024-09-04 08:38:05.601000,41.691979,-87.534912,divvy_d418231fda67c70f,Public Rack - Ewing Ave & 112th St,2024-09-04 08:38:05.601000,41.691979,-87.534912,True,public_rack,6,same_key
divvy_d42a6d0d7a4516b4,Public Rack - Orleans St & Grand Ave,public_rack,2026-05-01 16:26:53.339000,41.89164251,-87.63679677,divvy_d42a6d0d7a4516b4,Public Rack - Orleans St & Grand Ave,2026-05-01 16:26:53.339000,41.89164251,-87.63679677,True,public_rack,1173,same_key
divvy_d4397359b24a67f3,Ave H & 110th St,station,2026-05-08 19:51:58.371000,41.69553,-87.53304,divvy_d4397359b24a67f3,Ave H & 110th St,2026-05-08 19:51:58.371000,41.69553,-87.53304,True,station,59,same_key
divvy_d46ac20e7ed314e0,Lamon Ave & Archer Ave,station,2022-05-14 14:49:54,41.8,-87.74,divvy_12c0a635483b87d9,Lamon Ave & Archer Ave,2022-05-14 14:49:54,,,,station,1,retained_unlocated
divvy_d47192a8c38cd97d,Lincoln Ave & Roscoe St - Charging,station,2022-01-20 11:56:27,41.9437912,-87.6712579,divvy_d47192a8c38cd97d,Lincoln Ave & Roscoe St - Charging,2022-01-20 11:56:27,41.9437912,-87.6712579,True,station,6,same_key
divvy_d47288d53199a9fb,Public Rack - Ellis Ave & Doty Ave,public_rack,2025-03-29 11:14:48.732000,41.659119,-87.597052,divvy_d47288d53199a9fb,Public Rack - Ellis Ave & Doty Ave,2022-12-31 12:44:20,41.659119,-87.597052,True,public_rack,2,same_key
divvy_d48b63ae54c450a0,Maplewood Ave & Peterson Ave,station,2015-05-13 13:35:00,41.99023602867,-87.6933696402,divvy_d48b63ae54c450a0,Maplewood Ave & Peterson Ave,2015-05-13 13:35:00,41.99023602867,-87.6933696402,True,station,13744,same_key
divvy_d48d1e4cb7fd3647,Lawndale Ave & 30th St,station,2023-05-01 08:47:17,41.8389124,-87.7168955,divvy_d48d1e4cb7fd3647,Lawndale Ave & 30th St,2021-08-12 15:12:25,41.8389124,-87.7168955,True,station,1182,same_key
divvy_d4ce0abfcca68440,Public Rack - Oglesby Ave & 95th St,public_rack,2023-08-06 02:13:51,41.722484,-87.565738,divvy_d4ce0abfcca68440,Public Rack - Oglesby Ave & 95th St,2023-02-20 19:55:11,41.722484,-87.565738,True,public_rack,65,same_key
divvy_d4ebd3bb829f1438,Public Rack - St Louis & 83rd,public_rack,2024-05-10 19:27:04,41.742321,-87.70967,divvy_885493f481b47e61,Public Rack - St Louis & 83rd,2023-05-10 20:28:34,41.742321,-87.70967,True,public_rack,9,reassigned_or_rekeyed
divvy_d4f752192069a83d,Calumet Ave & 103rd St,station,2022-06-02 08:55:50,41.71,-87.62,divvy_b1ce9c0c2624d5b9,Calumet Ave & 103rd St,2022-06-02 08:55:50,,,,station,6,retained_unlocated
divvy_d52705fa366728df,Public Rack - Champlain Ave & 65th St,public_rack,2023-06-01 07:17:41,41.775904,-87.609301,divvy_d52705fa366728df,Public Rack - Champlain Ave & 65th St,2022-07-19 20:17:29,41.775904,-87.609301,True,public_rack,550,same_key
divvy_d5619729507172c0,Warren Park West,station,2015-05-13 16:40:00,42.001785,-87.688829,divvy_d5619729507172c0,Warren Park West,2015-05-13 16:40:00,42.001785,-87.688829,True,station,22372,same_key
divvy_d564f366bc07ff0f,Public Rack - Garfield Park Conservatory,public_rack,2023-05-21 23:16:26,41.88658,-87.716646,divvy_d564f366bc07ff0f,Public Rack - Garfield Park Conservatory,2022-11-03 19:16:42,41.88658,-87.716646,True,public_rack,202,same_key
divvy_d5694b5b4e3b0d42,St Louis Ave & 59th St,station,2021-10-21 16:47:09,41.79,-87.71,divvy_be301dfb05987ef3,St. Louis Ave & 59th St,2021-10-21 16:47:09,41.78589,-87.71057,True,station,643,reassigned_or_rekeyed
divvy_d5742347984aafa9,Larrabee St & Webster Ave,station,2013-08-02 19:01:00,41.921822,-87.64414,divvy_d5742347984aafa9,Larrabee St & Webster Ave,2013-08-02 19:01:00,41.921822,-87.64414,True,station,425584,same_key
divvy_d575f7a2b91c8d8f,Nordica & Medill,station,2021-09-17 07:41:09,41.92,-87.8,divvy_d36a124d9e279e9c,Nordica & Medill,2021-09-17 07:41:09,41.922278,-87.8020357,True,station,453,reassigned_or_rekeyed
divvy_d5808699feca7db9,Damen Ave & Walnut (Lake) St,station,2018-10-25 11:40:22,41.885951,-87.677009,divvy_d5808699feca7db9,Damen Ave & Walnut (Lake) St,2018-10-25 11:40:22,41.885951,-87.677009,True,station,28661,same_key
divvy_d58a3ef5a1755468,Public Rack - 63rd & Western Ave S,public_rack,2022-09-29 14:06:48,41.78,-87.68,divvy_08b7421d7b0ae3e8,Public Rack - 63rd & Western Ave S,2022-09-29 14:06:48,41.779196,-87.683589,True,public_rack,14,reassigned_or_rekeyed
divvy_d58cc6cfb6adca3d,Stony Island & 95th St,station,2022-06-19 14:50:04,41.72,-87.59,divvy_63953e67d613fa5a,Stony Island & 95th St,2022-06-19 14:02:26,,,,station,1,retained_unlocated
divvy_d5a055912a7eeb09,Public Rack - Monticello Ave & Belmont Ave,public_rack,2022-06-14 15:12:50,41.939472,-87.718423,divvy_5679190951e0a48e,Public Rack - Monticello Ave & Belmont Ave,2022-06-14 15:12:50,41.939472,-87.718423,True,public_rack,2660,reassigned_or_rekeyed
divvy_d5cf6dc7122d99a0,Hamlin Ave & Fullerton Ave,station,2022-05-09 23:32:57,41.92,-87.72,divvy_e8a47aadac424eb7,Hamlin Ave & Fullerton Ave,2022-05-09 23:32:57,,,,station,163,retained_unlocated
divvy_d5d3f97a2752403e,Dearborn St & Adams St 1,station,2013-06-27 18:45:00,41.8793563587,-87.6297910363,divvy_d5d3f97a2752403e,Dearborn St & Adams St 1,2013-06-27 18:45:00,41.8793563587,-87.6297910363,True,station,313217,same_key
divvy_d5d6158a97388536,Perry Ave & 108th Pl,station,2022-05-29 16:01:59,41.7,-87.63,divvy_413f04bee65a9dbf,Perry Ave & 108th Pl,2022-05-29 16:01:59,,,,station,16,retained_unlocated
divvy_d5e08fcddc60ca1e,Linder Ave & Montrose Ave,station,2024-07-19 07:08:10.333000,41.96081,-87.76488,divvy_d5e08fcddc60ca1e,Linder Ave & Montrose Ave,2024-07-19 07:08:10.333000,41.96081,-87.76488,True,station,1521,same_key
divvy_d5f9aa63bf5c4e91,Lakefront Trail & Wilson Ave,station,2020-01-01 11:00:37,41.9658742,-87.6455061,divvy_d5f9aa63bf5c4e91,Lakefront Trail & Wilson Ave,2020-01-01 11:00:37,41.9658742,-87.6455061,True,station,84862,same_key
divvy_d6044092da661c4b,Public Rack - Honore St & 87th St,public_rack,2023-09-12 10:43:55,41.736093,-87.669404,divvy_d6044092da661c4b,Public Rack - Honore St & 87th St,2023-09-12 10:43:55,41.736093,-87.669404,True,public_rack,4,same_key
divvy_d6159db10a415fec,Sheridan Rd & Arthur Ave,station,2026-08-05 21:45:37.563000,42.00046,-87.66058,divvy_d6159db10a415fec,Sheridan Rd & Arthur Ave,2026-08-05 21:45:37.563000,42.00046,-87.66058,True,station,797,same_key
divvy_d6634c4b99f7d012,Milwaukee Ave & School St,station,2022-05-09 17:29:31,41.94,-87.73,divvy_379c246143620360,Milwaukee Ave & School St,2022-05-09 17:29:31,,,,station,66,retained_unlocated
divvy_d697c16e88ab251e,Halsted St & 56th St,station,2015-04-17 14:57:00,41.79292964599,-87.6449900565,divvy_d697c16e88ab251e,Halsted St & 56th St,2015-04-17 14:57:00,41.79292964599,-87.6449900565,True,station,1876,same_key
divvy_d6b739be587ec10f,Ewing Ave & 98th St,station,2024-08-29 16:30:11.822000,41.71781,-87.53504,divvy_d6b739be587ec10f,Ewing Ave & 98th St,2024-08-29 16:30:11.822000,41.71781,-87.53504,True,station,242,same_key
divvy_d6c7e802bd687c4d,Long Ave & Belden Ave,station,2021-07-22 18:24:39,41.92,-87.76,divvy_88d9b799224f53ca,Long Ave & Belden Ave,2021-07-22 18:24:39,41.92273,-87.76095,True,station,1128,reassigned_or_rekeyed
divvy_d6d3605605e77231,Public Rack - Kostner Ave & Diversey Ave,public_rack,2023-06-01 00:12:56,41.931803,-87.737285,divvy_d6d3605605e77231,Public Rack - Kostner Ave & Diversey Ave,2022-07-09 23:54:08,41.931803,-87.737285,True,public_rack,639,same_key
divvy_d70420b692860ded,N Shore Channel Trail & Argyle St,station,2021-11-19 16:45:17,41.97,-87.7,divvy_524b2d341a9a4810,N Shore Channel Trail & Argyle St,2022-02-24 13:51:43,41.97222,-87.70282,True,station,2146,reassigned_or_rekeyed
divvy_d70420b692860ded,N Shore Channel Trail & Argyle St,station,2021-11-19 16:45:17,41.97,-87.7,divvy_dc4d882a82205c4f,N Shore Channel Trail & Argyle Ave,2021-11-19 16:45:17,,,,station,21,retained_unlocated
divvy_d72268695a864c96,Halsted St & Madison St,station,2013-08-10 17:23:00,41.88175,-87.6478,divvy_d72268695a864c96,Halsted St & Madison St,2013-08-10 17:23:00,41.88175,-87.6478,True,station,34151,same_key
divvy_d726227713f056a9,Ada St & 113th Pl,station,2020-10-07 19:34:30,41.687561623357375,-87.65547573566435,divvy_d726227713f056a9,Ada St & 113th Pl,2020-10-07 19:34:30,41.687561623357375,-87.65547573566435,True,station,529,same_key
divvy_d73c93bcd489f205,Ewing Ave & 101st St,station,2022-06-25 15:51:27,41.71,-87.54,divvy_c10cd25c0ca742b6,Ewing Ave & 101st St,2022-06-25 15:51:27,,,,station,7,retained_unlocated
divvy_d743c6ce6ba77b94,Public Rack - Ewing Ave & 107th St,public_rack,2022-07-28 19:51:59,41.7,-87.54,divvy_f30ad1c7d1cfe79f,Public Rack - Ewing Ave & 107th St,2022-07-28 19:51:59,41.700378,-87.535276,True,public_rack,17,reassigned_or_rekeyed
divvy_d7532be420fdcfd3,Public Rack - Michigan Ave & 102nd St,public_rack,2023-04-03 14:08:48,41.71,-87.62,divvy_9d347394c890bd04,Public Rack - Michigan Ave & 102nd St,2023-04-03 14:08:48,41.7083,-87.61984,True,public_rack,1,reassigned_or_rekeyed
divvy_d7572d3760391195,Public Rack - Christiana Ave & Lawrence Ave,public_rack,2023-05-18 10:30:41,41.968355179,-87.712761641,divvy_d7572d3760391195,Public Rack - Christiana Ave & Lawrence Ave,2022-06-14 19:20:51,41.968355179,-87.712761641,True,public_rack,99,same_key
divvy_d75a21fdd1a0996b,Paulina St & Howard St,station,2016-07-08 18:47:19,42.019159,-87.673573,divvy_d75a21fdd1a0996b,Paulina St & Howard St,2016-07-08 18:47:19,42.019159,-87.673573,True,station,45546,same_key
divvy_d779e103af8cd2e5,Lavergne & Fullerton,station,2021-07-20 18:24:40,41.92,-87.75,divvy_f9ce4d52e426a002,Lavergne & Fullerton,2021-07-20 18:24:40,41.923982,-87.7511643,True,station,1425,reassigned_or_rekeyed
divvy_d77afab5963e7821,St Clair St & Ohio St,station,2025-10-01 13:04:47.703000,41.89238,-87.62264,divvy_d77afab5963e7821,St Clair St & Ohio St,2025-10-01 13:04:47.703000,41.89238,-87.62264,True,station,15029,same_key
divvy_d7ae1dfe4a3d1725,Washtenaw Ave & Polk St,station,2021-11-08 16:20:13,41.87,-87.69,divvy_f3f05af9535f8309,Washtenaw Ave & Polk St,2021-11-08 16:20:13,41.87114,-87.69377,True,station,1523,reassigned_or_rekeyed
divvy_d7d34e9c6d640d8e,Woodlawn Ave & Lake Park Ave,station,2015-04-17 08:18:00,41.81409271048,-87.5970051479,divvy_d7d34e9c6d640d8e,Woodlawn Ave & Lake Park Ave,2015-04-17 08:18:00,41.81409271048,-87.5970051479,True,station,30723,same_key
divvy_d7f717f97d3187f1,Public Rack - Pulaski Rd & Grenshaw St,public_rack,2022-09-01 18:45:25,41.87,-87.73,divvy_51cf0c129b718530,Public Rack - Pulaski Rd & Grenshaw St,2022-09-01 18:45:25,41.8670279,-87.7254644,True,public_rack,10,reassigned_or_rekeyed
divvy_d7fdcce2d68d5bdf,Clark St & Touhy Ave,station,2015-05-18 20:27:00,42.01256011541,-87.6743671152,divvy_d7fdcce2d68d5bdf,Clark St & Touhy Ave,2015-05-18 20:27:00,42.01256011541,-87.6743671152,True,station,17920,same_key
divvy_d82098d22540d876,Racine Ave & Washington Blvd,station,2018-10-17 18:24:12,41.883073,-87.656952,divvy_d82098d22540d876,Racine Ave & Washington Blvd,2018-10-17 18:24:12,41.883073,-87.656952,True,station,75074,same_key
divvy_d820eba39e33b1d3,Paulina Ave & North Ave,station,2016-01-01 03:00:00,41.90985465216731,-87.66993016004562,divvy_d820eba39e33b1d3,Paulina Ave & North Ave,2016-01-01 03:00:00,41.90985465216731,-87.66993016004562,True,station,160542,same_key
divvy_d825b541dfd07e4d,Damen Ave & Wellington Ave,station,2013-07-25 21:27:00,41.93588,-87.67842,divvy_d825b541dfd07e4d,Damen Ave & Wellington Ave,2013-07-25 21:27:00,41.93588,-87.67842,True,station,112684,same_key
divvy_d83245eadb802a86,Harlem & Irving Park,station,2021-09-08 14:06:34,41.95,-87.81,divvy_7ea11f3c148b8f5c,Harlem & Irving Park,2021-09-08 14:06:34,41.9532568,-87.8071434,True,station,1858,reassigned_or_rekeyed
divvy_d8360c748ce2567d,Central Park Ave & Washington Blvd,station,2024-04-12 00:38:11,41.8827476,-87.7153994,divvy_d8360c748ce2567d,Central Park Ave & Washington Blvd,2024-04-12 00:38:11,41.8827476,-87.7153994,True,station,658,same_key
divvy_d853d1c7b851d986,Public Rack - Kilbourn Ave & Fullerton Ave,public_rack,2022-06-16 20:28:47,41.92,-87.74,divvy_f9f911ed9614356a,Public Rack - Kilbourn Ave & Fullerton Ave,2022-06-16 20:28:47,41.924447,-87.73998,True,public_rack,348,reassigned_or_rekeyed
divvy_d890fc2a08251e80,Public Rack - Buffalo Ave & 133rd St,public_rack,2022-12-06 14:01:44,41.65,-87.54,divvy_f10a243369df561a,Public Rack - Buffalo Ave & 133rd St,2022-12-06 14:01:44,41.65428,-87.543539,True,public_rack,6,reassigned_or_rekeyed
divvy_d89835911059f61d,Kostner Ave & North Ave,station,2022-05-11 20:25:15,41.91,-87.74,divvy_d5e617bb38b1329d,Kostner Ave & North Ave,2022-05-11 20:25:15,,,,station,23,retained_unlocated
divvy_d899e81ccf255543,Sheffield Ave & Kingsbury St,station,2013-06-27 20:22:00,41.910522,-87.653106,divvy_d899e81ccf255543,Sheffield Ave & Kingsbury St,2013-06-27 20:22:00,41.910522,-87.653106,True,station,301581,same_key
divvy_d89aded64e66a088,N Damen Ave & W Chicago Ave,station,2023-06-01 07:08:52,41.895809,-87.678519,divvy_d89aded64e66a088,N Damen Ave & W Chicago Ave,2021-10-07 20:09:49,41.895809,-87.678519,True,station,6099,same_key
divvy_d8b012badb488945,Public Rack - East End Ave & 87th St,public_rack,2022-09-10 10:12:46,41.74,-87.58,divvy_33db856ad77706bd,Public Rack - East End Ave & 87th St,2022-09-10 10:12:46,41.737054,-87.583998,True,public_rack,9,reassigned_or_rekeyed
divvy_d8c099638361619b,Weekend Night Parking Area D,station,2024-07-19 20:35:41.885000,41.94294,-87.64943,divvy_d8c099638361619b,Weekend Night Parking Area D,2024-07-19 20:35:41.885000,41.94294,-87.64943,True,station,242,same_key
divvy_d8ca1a7a9aafdbf0,Public Rack - Menard Ave & Agusta Blvd,public_rack,2022-09-10 00:51:25,41.9,-87.77,divvy_40b54fa780e2f850,Public Rack - Menard Ave & Agusta Blvd,2022-09-10 00:51:25,41.898333,-87.770501,True,public_rack,14,reassigned_or_rekeyed
divvy_d8cba8b93c2e8164,Union Ave & Root St,station,2017-01-10 13:12:12,41.819102,-87.643278,divvy_d8cba8b93c2e8164,Union Ave & Root St,2017-01-10 13:12:12,41.819102,-87.643278,True,station,6910,same_key
divvy_d8f019ea6d7c70ac,Public Rack - Ozark Ave & Addison St,public_rack,2023-06-10 11:59:20,41.945075,-87.820037,divvy_d8f019ea6d7c70ac,Public Rack - Ozark Ave & Addison St,2022-09-07 14:54:24,41.945075,-87.820037,True,public_rack,70,same_key
divvy_d8f174e4eb409020,Damen Ave & 80th St,station,2022-08-24 14:03:13,41.75,-87.67,divvy_ef183a0d333d21b4,Damen Ave & 80th St,2022-08-24 14:03:13,,,,station,3,retained_unlocated
divvy_d8fdef4056306f71,Central Park Ave & Ohio St,station,2021-10-16 15:40:39,41.89,-87.72,divvy_5d7fb0f538036ecd,Central Park Ave & Ohio St,2021-10-16 15:40:39,41.89188,-87.71644,True,station,634,reassigned_or_rekeyed
divvy_d900d03e7683dc14,Public Rack - Percy Julian HS,public_rack,2023-08-28 08:52:43,41.705999,-87.65381,divvy_d900d03e7683dc14,Public Rack - Percy Julian HS,2022-10-23 20:43:43,41.705999,-87.65381,True,public_rack,4,same_key
divvy_d91d8c4b375da42a,Public Rack - Laramie Ave & Belmont Ave,public_rack,2023-05-26 12:52:40,41.9386855,-87.75563,divvy_d91d8c4b375da42a,Public Rack - Laramie Ave & Belmont Ave,2022-06-14 10:07:01,41.9386855,-87.75563,True,public_rack,261,same_key
divvy_d974e0cbbfed5d69,Public Rack - Commercial Ave & 89th St,public_rack,2022-09-17 18:32:06,41.73,-87.55,divvy_a2d4e973bf443407,Public Rack - Commercial Ave & 89th St,2022-09-17 18:32:06,41.733543,-87.551152,True,public_rack,10,reassigned_or_rekeyed
divvy_d97588410ea7849b,Public Rack - Winchester Ave & 87th St,public_rack,2023-05-16 13:54:54,41.735989,-87.672181,divvy_0630c8522b62a76f,Public Rack - Winchester Ave & 87th St,2023-05-16 13:54:54,41.735989,-87.672181,True,public_rack,26,reassigned_or_rekeyed
divvy_d97c34a4d1fd8261,Kedzie Ave & Lake St,station,2015-04-29 16:40:00,41.88460328501,-87.7063037436,divvy_d97c34a4d1fd8261,Kedzie Ave & Lake St,2015-04-29 16:40:00,41.88460328501,-87.7063037436,True,station,18929,same_key
divvy_d981e52743e64fd6,Canal St & Jackson Blvd,station,2013-06-27 19:06:00,41.878125,-87.639968,divvy_d981e52743e64fd6,Canal St & Jackson Blvd,2013-06-27 19:06:00,41.878125,-87.639968,True,station,345071,same_key
divvy_d9983f99b943f6b3,Public Rack - Kedzie Ave & 54th Pl,public_rack,2023-05-26 21:10:59,41.794639,-87.703767,divvy_d9983f99b943f6b3,Public Rack - Kedzie Ave & 54th Pl,2022-09-12 00:35:16,41.794639,-87.703767,True,public_rack,20,same_key
divvy_d99e25edf3178c55,Halsted St & Clybourn Ave,station,2018-01-01 02:19:46,41.909668,-87.648128,divvy_d99e25edf3178c55,Halsted St & Clybourn Ave,2018-01-01 02:19:46,41.909668,-87.648128,True,station,310749,same_key
divvy_d9c80e2da505ae9e,Public Rack - Central & Berteau,public_rack,2023-05-03 06:42:39,41.95689,-87.767329,divvy_d9c80e2da505ae9e,Public Rack - Central & Berteau,2023-05-03 06:42:39,41.95689,-87.767329,True,public_rack,76,same_key
divvy_d9d162f359f2da7b,Manor Ave & Leland Ave,station,2015-05-06 00:28:00,41.965875,-87.700825,divvy_d9d162f359f2da7b,Manor Ave & Leland Ave,2015-05-06 00:28:00,41.965875,-87.700825,True,station,36112,same_key
divvy_d9d75180fd22dd63,Public Rack - Komensky Ave & 31st St,public_rack,2023-02-07 07:07:18,41.84,-87.73,divvy_8ae9d0bedf077495,Public Rack - Komensky Ave & 31st St,2023-02-07 07:07:18,,,,public_rack,88,retained_unlocated
divvy_da06139f8f338776,Public Rack - Octavia Ave & Touhy Ave,public_rack,2023-05-27 22:00:03,42.01173846,-87.80832137,divvy_da06139f8f338776,Public Rack - Octavia Ave & Touhy Ave,2023-05-27 22:00:03,42.01173846,-87.80832137,True,public_rack,32,same_key
divvy_da07eb93303eeab8,Halsted St & 51st St,station,2022-01-25 23:58:11,41.844650626,-87.72326529,divvy_da07eb93303eeab8,Halsted St & 51st St,2022-01-25 23:58:11,41.844650626,-87.72326529,True,station,1,same_key
divvy_da39a5367fc6ceb1,Eastlake Ter & Howard St,station,2022-09-29 10:11:03,42.01920250193227,-87.66430288553238,divvy_da39a5367fc6ceb1,Eastlake Ter & Howard St,2022-09-29 10:11:03,42.01920250193227,-87.66430288553238,True,station,11634,same_key
divvy_da46e081bbcff703,California Ave & Touhy Ave - SW,station,2022-06-01 09:41:39,42.01,-87.7,divvy_7ea379b1edc64271,California Ave & Touhy Ave - SW,2022-06-01 09:41:39,,,,station,2,retained_unlocated
divvy_da4ddbfdf91c9455,Pine Grove Ave & Addison St,station,2013-06-28 11:21:00,41.947836,-87.645416,divvy_da4ddbfdf91c9455,Pine Grove Ave & Addison St,2013-06-28 11:21:00,41.947836,-87.645416,True,station,5411,same_key
divvy_da5144e550761fee,Canal St & Harrison St,station,2013-07-15 17:59:00,41.874255,-87.639573,divvy_da5144e550761fee,Canal St & Harrison St,2013-07-15 17:59:00,41.874255,-87.639573,True,station,81257,same_key
divvy_da582168a1b79368,Kildare Ave & 55th St,station,2023-06-21 11:04:36,41.79332,-87.73059,divvy_da582168a1b79368,Kildare Ave & 55th St,2021-10-23 21:23:12,41.79332,-87.73059,True,station,430,same_key
divvy_da60ab65a1c06139,Higgins Ave & Austin Ave,station,2025-01-14 18:23:31.164000,41.97342,-87.77865,divvy_da60ab65a1c06139,Higgins Ave & Austin Ave,2025-01-14 18:23:31.164000,41.97342,-87.77865,True,station,654,same_key
divvy_da870e0c92ebc3c6,Clark St & Winnemac Ave,station,2013-09-23 16:44:00,41.973347640473044,-87.6678554713726,divvy_da870e0c92ebc3c6,Clark St & Winnemac Ave,2013-09-23 16:44:00,41.973347640473044,-87.6678554713726,True,station,260410,same_key
divvy_da88dad0f2fc8f8c,Dearborn St & Washington St,station,2025-11-25 14:42:15.063000,41.88299,-87.6293,divvy_da88dad0f2fc8f8c,Dearborn St & Washington St,2025-11-25 14:42:15.063000,41.88299,-87.6293,True,station,7808,same_key
divvy_da8a6724c82a8853,Public Rack - Keystone Ave & Irving Park Rd,public_rack,2023-06-01 10:24:38,41.953449,-87.729635,divvy_da8a6724c82a8853,Public Rack - Keystone Ave & Irving Park Rd,2022-06-15 22:33:58,41.953449,-87.729635,True,public_rack,728,same_key
divvy_dab72980135cd7cd,Central Park Ave & North Ave,station,2015-05-01 19:17:00,41.90965687563,-87.7166319516,divvy_dab72980135cd7cd,Central Park Ave & North Ave,2015-05-01 19:17:00,41.90965687563,-87.7166319516,True,station,26690,same_key
divvy_dac7afb23f8d412a,Public Rack - Pulaski Rd & 65th St,public_rack,2022-08-29 17:19:29,41.77,-87.72,divvy_4399ab5cc9c00aed,Public Rack - Pulaski Rd & 65th St,2022-08-29 17:19:29,41.773551,-87.722805,True,public_rack,32,reassigned_or_rekeyed
divvy_dac7afb23f8d412a,Public Rack - Pulaski Rd & 65th St,public_rack,2022-08-29 17:19:29,41.77,-87.72,divvy_63ff630b4a136482,Public Rack - Pulaski Rd &amp; 65th St,2022-09-05 21:11:31,,,,public_rack,1,retained_unlocated
divvy_dad20ee19c92df88,South Shore Dr & 71st St,station,2015-04-26 19:02:00,41.7664094567,-87.5656875719,divvy_dad20ee19c92df88,South Shore Dr & 71st St,2015-04-26 19:02:00,41.7664094567,-87.5656875719,True,station,27528,same_key
divvy_dad96e63e24aa1ec,May St & Cullerton St,station,2013-07-25 17:44:00,41.855136,-87.654127,divvy_dad96e63e24aa1ec,May St & Cullerton St,2013-07-25 17:44:00,41.855136,-87.654127,True,station,52064,same_key
divvy_daeff0eaf803d650,Public Rack - California Ave & Cortez St,public_rack,2023-06-01 17:02:57,41.900105,-87.696817,divvy_daeff0eaf803d650,Public Rack - California Ave & Cortez St,2022-06-14 17:22:09,41.900105,-87.696817,True,public_rack,1815,same_key
divvy_db123ab8748f8efb,Public Rack - 63rd & Western Ave N,public_rack,2023-08-10 06:05:47,41.779334,-87.683768,divvy_db123ab8748f8efb,Public Rack - 63rd & Western Ave N,2022-09-25 11:46:49,41.779334,-87.683768,True,public_rack,17,same_key
divvy_db1f76e3eb898420,Sacramento Ave & 51st St,station,2024-09-08 11:01:41.093000,41.80068,-87.69895,divvy_db1f76e3eb898420,Sacramento Ave & 51st St,2024-09-08 11:01:41.093000,41.80068,-87.69895,True,station,204,same_key
divvy_db39a4fb454c88f0,Public Rack - Wells St & Grand Ave,public_rack,2026-05-01 16:55:12.740000,41.89103356,-87.63415517,divvy_db39a4fb454c88f0,Public Rack - Wells St & Grand Ave,2026-05-01 16:55:12.740000,41.89103356,-87.63415517,True,public_rack,513,same_key
divvy_db549de24619e81e,Public Rack - Chopin Park,public_rack,2022-06-14 17:20:42,41.94,-87.76,divvy_fdff18133aa13234,Public Rack - Chopin Park,2022-06-14 17:20:42,41.942675,-87.761899,True,public_rack,140,reassigned_or_rekeyed
divvy_db5e9a603b40c74d,Public Rack - Christiana Ave & Bryn Mawr Ave,public_rack,2023-06-04 14:09:44,41.982838,-87.71233,divvy_db5e9a603b40c74d,Public Rack - Christiana Ave & Bryn Mawr Ave,2022-06-15 09:09:00,41.982838,-87.71233,True,public_rack,97,same_key
divvy_db6880bdb9b65bd0,Public Rack - Mt Greenwood Library N,public_rack,2022-09-29 20:22:28,41.69,-87.7,divvy_e0911de2681c6abe,Public Rack - Mt Greenwood Library N,2022-09-29 20:22:28,41.693027,-87.701054,True,public_rack,6,reassigned_or_rekeyed
divvy_db68ce5ea1b52e3d,Halsted St & 96th St,station,2020-08-27 15:06:34,41.719712183618824,-87.6430195569992,divvy_db68ce5ea1b52e3d,Halsted St & 96th St,2020-08-27 15:06:34,41.719712183618824,-87.6430195569992,True,station,2759,same_key
divvy_db7a811bbe23a211,Newcastle Ave & Irving Park Rd,station,2024-08-22 16:04:30.559000,41.95256,-87.79755,divvy_db7a811bbe23a211,Newcastle Ave & Irving Park Rd,2024-08-22 16:04:30.559000,41.95256,-87.79755,True,station,184,same_key
divvy_db7e3f2e3e12b18a,Public Rack - Western Ave & 104th St - East,public_rack,2022-09-11 16:31:53,41.7,-87.68,divvy_3c401a2f209b935c,Public Rack - Western Ave & 104th St - East,2022-09-11 16:31:53,41.704366,-87.681733,True,public_rack,27,reassigned_or_rekeyed
divvy_db8a4232d1da1d30,Public Rack - Newcastle Ave & Belmont Ave,public_rack,2023-06-05 23:14:35,41.938022,-87.7961,divvy_db8a4232d1da1d30,Public Rack - Newcastle Ave & Belmont Ave,2022-10-01 18:25:20,41.938022,-87.7961,True,public_rack,36,same_key
divvy_db8c0c2ce3f882fe,Canty Elementary School,station,2022-05-25 14:41:19,41.95,-87.83,divvy_8d30b19a035e1b37,Canty Elementary School,2022-05-25 14:41:19,,,,station,7,retained_unlocated
divvy_dbaaeba7e7966ee8,Public Rack - Oakley Ave & 50th Pl,public_rack,2022-09-02 18:44:03,41.8,-87.68,divvy_0765b01a8ba13f0e,Public Rack - Oakley Ave & 50th Pl,2022-09-02 18:44:03,41.80193,-87.680903,True,public_rack,2,reassigned_or_rekeyed
divvy_dbac13e517524076,Komensky Ave & 59th St,station,2022-05-09 16:12:39,41.79,-87.72,divvy_2c5b1ce89293da3e,Komensky Ave & 59th St,2022-05-09 16:12:39,,,,station,71,retained_unlocated
divvy_dbd24532bd79811e,Public Rack - Forrestville Ave & 47th St,public_rack,2022-09-09 12:00:38,41.81,-87.61,divvy_36421cdc615cd2a8,Public Rack - Forrestville Ave & 47th St,2022-09-09 12:00:38,41.809319,-87.612921,True,public_rack,24,reassigned_or_rekeyed
divvy_dbe85932d52f0cb2,Vincennes Ave & 87th St,station,2022-07-24 14:09:04,41.74,-87.65,divvy_32857c57e5388587,Vincennes Ave & 87th St,2022-07-24 14:09:04,,,,station,4,retained_unlocated
divvy_dc1d5e1b20f856ef,Lincoln Ave & Hutchinson St,station,2026-08-25 14:03:44.393000,41.95864,-87.68198,divvy_dc1d5e1b20f856ef,Lincoln Ave & Hutchinson St,2026-08-25 14:03:44.393000,41.95864,-87.68198,True,station,170,same_key
divvy_dc380e4d703ec7ea,Public Rack - Prairie Ave & 85th St,public_rack,2023-06-10 13:57:52,41.739986,-87.617645,divvy_dc380e4d703ec7ea,Public Rack - Prairie Ave & 85th St,2023-06-10 13:57:52,41.739986,-87.617645,True,public_rack,15,same_key
divvy_dc3a0e6eb1709ae1,Public Rack - Kimbark Ave & 67th St,public_rack,2023-07-13 18:30:16,41.774045,-87.594322,divvy_dc3a0e6eb1709ae1,Public Rack - Kimbark Ave & 67th St,2022-09-07 19:18:37,41.774045,-87.594322,True,public_rack,336,same_key
divvy_dc3c8ad5c41d843f,Public Rack - Sheffield Ave & Belden Ave,public_rack,2026-05-02 18:29:31.453000,41.92335973,-87.65362626,divvy_dc3c8ad5c41d843f,Public Rack - Sheffield Ave & Belden Ave,2026-05-02 18:29:31.453000,41.92335973,-87.65362626,True,public_rack,243,same_key
divvy_dc49845a4d353173,Brandon Ave & 91st St,station,2022-05-11 18:46:52,41.73,-87.55,divvy_bacfe8f1a1373c04,Brandon Ave & 91st St,2022-05-11 18:46:52,,,,station,97,retained_unlocated
divvy_dc74af2de0e07def,Public Rack - Western Ave & 100th St,public_rack,2022-09-18 15:25:16,41.71,-87.68,divvy_7ca0986e39a13f12,Public Rack - Western Ave & 100th St,2022-09-18 15:25:16,41.711666,-87.681963,True,public_rack,27,reassigned_or_rekeyed
divvy_dc796c01f1e35a70,North Ave & New England Ave,station,2021-08-31 06:48:00,41.91,-87.8,divvy_942c0dba95afd3eb,North Ave & New England Ave,2021-08-31 06:48:00,41.9092204,-87.7971406,True,station,257,reassigned_or_rekeyed
divvy_dca7d7670e2db794,Public Rack - Damen Ave & 80th St,public_rack,2022-09-10 22:46:27,41.75,-87.67,divvy_327f02eb2bf7a8bd,Public Rack - Damen Ave & 80th St,2022-09-10 22:46:27,41.748301,-87.673213,True,public_rack,8,reassigned_or_rekeyed
divvy_dcba3bb58594fd03,Public Rack - Austin Ave & Wellington Ave,public_rack,2022-06-21 18:40:25,41.94,-87.78,divvy_51d7589e52a7ffec,Public Rack - Austin Ave & Wellington Ave - midblock,2022-06-21 18:40:25,,,,public_rack,8,retained_unlocated
divvy_dcba3bb58594fd03,Public Rack - Austin Ave & Wellington Ave,public_rack,2022-06-21 18:40:25,41.94,-87.78,divvy_cdc7e367a3473138,Public Rack - Austin Ave & Wellington Ave,2022-09-10 19:46:03,41.9352453,-87.776052,True,public_rack,24,reassigned_or_rekeyed
divvy_dcbd764d6923d321,Sayre & Diversey,station,2021-08-27 14:52:30,41.9310084,-87.8010646,divvy_70c79567e65445ad,Sayre & Diversey,2021-08-27 14:52:30,41.9310084,-87.8010646,True,station,1654,reassigned_or_rekeyed
divvy_dcf283ebebe084fa,Public Rack - Lemont Ave & Keating Ave,public_rack,2023-05-20 18:49:32,41.9912674,-87.7469243,divvy_dcf283ebebe084fa,Public Rack - Lemont Ave & Keating Ave,2023-05-20 18:49:32,41.9912674,-87.7469243,True,public_rack,66,same_key
divvy_dd0552dcfd7f8721,Public Rack - Houston Ave & 91st St,public_rack,2023-03-11 15:23:48,41.729964,-87.549645,divvy_dd0552dcfd7f8721,Public Rack - Houston Ave & 91st St,2023-03-11 15:23:48,41.729964,-87.549645,True,public_rack,93,same_key
divvy_dd0a060e306bcc47,Cottage Grove Ave & 67th St,station,2015-05-03 12:01:00,41.77372095205,-87.60563486,divvy_dd0a060e306bcc47,Cottage Grove Ave & 67th St,2015-05-03 12:01:00,41.77372095205,-87.60563486,True,station,7238,same_key
divvy_dd0bfa895f4691d4,Public Rack - N. Oakview and W. Gregory St,public_rack,2023-06-12 20:00:34,41.9801,-87.84396,divvy_dd0bfa895f4691d4,Public Rack - N. Oakview and W. Gregory St,2023-05-07 19:33:09,41.9801,-87.84396,True,public_rack,249,same_key
divvy_dd1907740dafb869,Marquette Ave & 89th St,station,2020-08-21 08:05:02,41.733668790714724,-87.55834221839905,divvy_dd1907740dafb869,Marquette Ave & 89th St,2020-08-21 08:05:02,41.733668790714724,-87.55834221839905,True,station,1145,same_key
divvy_dd1eaa6b308592ea,Lorel Ave & Chicago Ave,station,2022-05-21 15:13:11,41.89,-87.76,divvy_ed4294eb5cb72881,Lorel Ave & Chicago Ave,2022-05-21 15:04:12,,,,station,3,retained_unlocated
divvy_dd22033a4f2bcd46,Stony Island Ave & 67th St,station,2015-04-26 18:12:00,41.77345849948,-87.5853397391,divvy_dd22033a4f2bcd46,Stony Island Ave & 67th St,2015-04-26 18:12:00,41.77345849948,-87.5853397391,True,station,8207,same_key
divvy_dd29599595bb2bf0,Paulina St & Lincoln Ave Public Rack,public_rack,2026-01-26 06:01:59.244000,41.943838,-87.671469,divvy_dd29599595bb2bf0,Paulina St & Lincoln Ave Public Rack,2026-01-26 06:01:59.244000,41.943838,-87.671469,True,public_rack,3359,same_key
divvy_dd29fe884937e7ca,Ashland Ave & 63rd St,station,2016-06-25 16:16:00,41.779374,-87.664843,divvy_dd29fe884937e7ca,Ashland Ave & 63rd St,2016-06-25 16:16:00,41.779374,-87.664843,True,station,2050,same_key
divvy_dd33d7ce72e77464,Public Rack - Pulaski Rd & Lexington St,public_rack,2024-08-01 14:17:43.675000,41.8715832,-87.7252086,divvy_dd33d7ce72e77464,Public Rack - Pulaski Rd & Lexington St,2024-08-01 14:17:43.675000,41.8715832,-87.7252086,True,public_rack,18,same_key
divvy_dd37cb7101eb1844,Fairfield Ave & Roosevelt Rd,station,2015-07-01 07:24:00,41.866624,-87.694521,divvy_dd37cb7101eb1844,Fairfield Ave & Roosevelt Rd,2015-07-01 07:24:00,41.866624,-87.694521,True,station,10586,same_key
divvy_dd4057bdb6b3af8d,Public Rack - Northwest Hwy & Bryn Mawr,public_rack,2023-06-20 18:51:28,41.983008,-87.782634,divvy_dd4057bdb6b3af8d,Public Rack - Northwest Hwy & Bryn Mawr,2023-06-20 18:51:28,41.983008,-87.782634,True,public_rack,124,same_key
divvy_dd460a48b1547c82,Wells St & Randolph St Corral,station,2025-04-28 11:31:56.359000,41.88438,-87.63396,divvy_dd460a48b1547c82,Wells St & Randolph St Corral,2025-04-28 11:31:56.359000,41.88438,-87.63396,True,station,2728,same_key
divvy_dd7dca07bd73c28a,Troy St & Grace St,station,2021-10-28 07:22:19,41.95,-87.71,divvy_c9fe7f5d7d45c2a5,Troy St & Grace St,2021-10-28 07:22:19,41.95024,-87.70627,True,station,2703,reassigned_or_rekeyed
divvy_dd96eeadb9f33c5e,Public Rack - Kenneth Ave & 63rd St W,public_rack,2023-10-03 10:26:40,41.778404,-87.733951,divvy_dd96eeadb9f33c5e,Public Rack - Kenneth Ave & 63rd St W,2022-11-19 19:40:31,41.778404,-87.733951,True,public_rack,15,same_key
divvy_dda1b353f901b218,Montrose Harbor,station,2013-06-28 13:54:00,41.963982,-87.638181,divvy_dda1b353f901b218,Montrose Harbor,2013-06-28 13:54:00,41.963982,-87.638181,True,station,421261,same_key
divvy_ddf5a9e5ea97c98a,Public Rack - Kostner Ave & Lake St,public_rack,2022-11-04 23:25:40,41.89,-87.74,divvy_ea3612c675dc819d,Public Rack - Kostner Ave & Lake St,2022-11-04 23:25:40,41.885708,-87.735424,True,public_rack,10,reassigned_or_rekeyed
divvy_de1e55de949d2521,Baltimore Ave & 133rd St,station,2024-08-04 19:51:29.410000,41.65349,-87.54703,divvy_de1e55de949d2521,Baltimore Ave & 133rd St,2022-06-08 13:49:25,41.65349,-87.54703,True,station,253,same_key
divvy_de3789a7fdf0c269,Public Rack - Spaulding Ave & Bryn Mawr Ave,public_rack,2022-06-14 12:43:50,41.98,-87.71,divvy_3339f4bedfdee744,Public Rack - Spaulding Ave & Bryn Mawr Ave,2022-06-14 12:43:50,41.982964,-87.711441,True,public_rack,124,reassigned_or_rekeyed
divvy_de8beedeed72bc79,Public Rack - Colfax Ave & 83rd St,public_rack,2022-09-25 23:38:06,41.74,-87.56,divvy_0d857d9c6b8b7bde,Public Rack - Colfax Ave & 83rd St,2022-09-25 23:38:06,41.744818,-87.561055,True,public_rack,25,reassigned_or_rekeyed
divvy_de9611e79cb1cc20,Public Rack - Oketo & Talcott,public_rack,2023-05-20 00:02:25,41.988596,-87.812525,divvy_de9611e79cb1cc20,Public Rack - Oketo & Talcott,2023-05-20 00:02:25,41.988596,-87.812525,True,public_rack,85,same_key
divvy_dea607f0236a15be,Public Rack - Linder Ave & 51st St,public_rack,2024-06-17 11:30:23.252000,41.799463,-87.759848,divvy_dea607f0236a15be,Public Rack - Linder Ave & 51st St,2024-06-17 11:30:23.252000,41.799463,-87.759848,True,public_rack,7,same_key
divvy_deb4d677b3f281cc,Public Rack - Canfield & Victoria,public_rack,2023-05-10 12:16:36,41.98,-87.82,divvy_06df72d9a04adaaf,Public Rack - Canfield & Victoria,2023-05-10 12:16:36,41.985067,-87.823171,True,public_rack,5,reassigned_or_rekeyed
divvy_dedcb2386d984f7f,Cottage Grove Ave & 78th St,station,2016-07-28 12:57:37,41.753174,-87.605026,divvy_dedcb2386d984f7f,Cottage Grove Ave & 78th St,2016-07-28 12:57:37,41.753174,-87.605026,True,station,3024,same_key
divvy_def9e473593efa33,Rutherford Ave & Belmont Ave,station,2022-05-14 01:19:04,41.94,-87.79,divvy_9b13ab6cea95a5bd,Rutherford Ave & Belmont Ave,2022-05-14 01:19:04,,,,station,21,retained_unlocated
divvy_defb9e0df1839390,Kedzie Ave & 57th St,station,2023-06-01 08:17:52,41.78983,-87.7031,divvy_defb9e0df1839390,Kedzie Ave & 57th St,2021-10-08 16:20:51,41.78983,-87.7031,True,station,2273,same_key
divvy_df1a4c248a15f532,Public Rack - Central Ave & Pensacola Ave,public_rack,2023-05-12 16:37:56,41.9600246,-87.7671371,divvy_df1a4c248a15f532,Public Rack - Central Ave & Pensacola Ave,2023-05-12 16:37:56,41.9600246,-87.7671371,True,public_rack,299,same_key
divvy_df20b0c158d97d78,Public Rack - Rockwell & 111th St,public_rack,2022-09-08 15:28:55,41.69,-87.69,divvy_b039aa637aac2630,Public Rack - Rockwell & 111th St,2022-09-08 15:28:55,41.691359,-87.68572,True,public_rack,52,reassigned_or_rekeyed
divvy_df24e711748c7901,Public Rack - Harding Ave & 47th St,public_rack,2023-06-26 17:30:11,41.807749,-87.722579,divvy_df24e711748c7901,Public Rack - Harding Ave & 47th St,2022-09-17 11:46:11,41.807749,-87.722579,True,public_rack,40,same_key
divvy_df260fbf3eccc251,Racine Ave & Randolph St,station,2024-07-01 00:06:07.471000,41.884210787833766,-87.65425443636688,divvy_df260fbf3eccc251,Racine Ave & Randolph St,2024-07-01 00:06:07.471000,41.884210787833766,-87.65425443636688,True,station,2664,same_key
divvy_df39f9d8d08ce1c6,Public Rack - East End Ave & 75th St,public_rack,2022-09-14 14:43:01,41.76,-87.58,divvy_44670dce6112cc19,Public Rack - East End Ave & 75th St,2022-09-14 14:43:01,41.75893,-87.582861,True,public_rack,2,reassigned_or_rekeyed
divvy_df446a2ebc349379,Farragut Ave & Central Ave,station,2024-12-02 18:22:03.265000,41.97666,-87.76823,divvy_df446a2ebc349379,Farragut Ave & Central Ave,2024-12-02 18:22:03.265000,41.97666,-87.76823,True,station,873,same_key
divvy_df475e6fbae8e411,Public Rack - Ewing Ave & 95th St,public_rack,2023-09-08 18:24:05,41.722376,-87.5358299,divvy_df475e6fbae8e411,Public Rack - Ewing Ave & 95th St,2022-08-28 03:09:47,41.722376,-87.5358299,True,public_rack,14,same_key
divvy_df656c64b33ba561,Sacramento Ave & Pershing Rd,station,2023-06-01 17:42:01,41.8222791,-87.6996576,divvy_df656c64b33ba561,Sacramento Ave & Pershing Rd,2021-09-30 13:01:21,41.8222791,-87.6996576,True,station,152,same_key
divvy_dfa768824a1f3b84,Public Rack - Central Park Ave & Fulton Blvd,public_rack,2024-05-27 11:52:28,41.8861512,-87.7155114,divvy_dfa768824a1f3b84,Public Rack - Central Park Ave & Fulton Blvd,2022-09-12 08:31:41,41.8861512,-87.7155114,True,public_rack,64,same_key
divvy_dfa8e75a3e1548c9,Damen Ave & 61st St,station,2016-06-28 07:59:00,41.783681,-87.674101,divvy_dfa8e75a3e1548c9,Damen Ave & 61st St,2016-06-28 07:59:00,41.783681,-87.674101,True,station,34,same_key
divvy_dfdfd51c310043c8,Leavitt St & North Ave,station,2013-08-16 22:47:00,41.91016,-87.68232,divvy_dfdfd51c310043c8,Leavitt St & North Ave,2013-08-16 22:47:00,41.91016,-87.68232,True,station,146648,same_key
divvy_dfe66f9bd7a578da,Public Rack - Halsted St & 63rd St,public_rack,2022-09-07 09:37:01,41.779945,-87.641378,divvy_dfe66f9bd7a578da,Public Rack - Halsted St & 63rd St,2022-09-07 09:37:01,41.779945,-87.641378,True,public_rack,94,same_key
divvy_dff420986b2c2601,Public Rack - Linder Ave & Belmont Ave,public_rack,2022-06-18 02:13:53,41.94,-87.76,divvy_2c702750d7721f32,Public Rack - Linder Ave & Belmont Ave,2022-06-18 02:13:53,41.938743,-87.763298,True,public_rack,83,reassigned_or_rekeyed
divvy_e006752f681dcca1,Public Rack - Michigan Ave & 96th St,public_rack,2023-06-07 11:18:53,41.718957,-87.62067,divvy_e006752f681dcca1,Public Rack - Michigan Ave & 96th St,2022-09-24 04:29:54,41.718957,-87.62067,True,public_rack,69,same_key
divvy_e00cfe5a6aa9fd17,Public Rack - Pullman - Ross Dress for Less,public_rack,2023-06-07 17:25:24,41.69868,-87.597,divvy_e00cfe5a6aa9fd17,Public Rack - Pullman - Ross Dress for Less,2023-04-22 05:42:31,41.69868,-87.597,True,public_rack,17,same_key
divvy_e027ebe71da469a6,MLK Jr Dr & Pershing Rd,station,2013-06-28 05:26:00,41.82256,-87.61615,divvy_e027ebe71da469a6,MLK Jr Dr & Pershing Rd,2013-06-28 05:26:00,41.82256,-87.61615,True,station,10109,same_key
divvy_e0338f24e911ef02,State St & 123rd St,station,2020-09-18 17:06:39,41.67064383687979,-87.62258648872375,divvy_e0338f24e911ef02,State St & 123rd St,2020-09-18 17:06:39,41.67064383687979,-87.62258648872375,True,station,912,same_key
divvy_e06380250a047af2,Public Rack - Cottage Grove Ave & 87th St,public_rack,2023-06-07 06:56:52,41.736448,-87.60616,divvy_7eaad87fa13f309b,Public Rack - Cottage Grove Ave & 87th St,2022-09-07 01:33:53,41.736448,-87.60616,True,public_rack,27,reassigned_or_rekeyed
divvy_e082e02d506548c5,Public Rack - Kostner Ave & North Ave,public_rack,2022-06-14 14:12:56,41.91,-87.74,divvy_73f62aa9d21b8d47,Public Rack - Kostner Ave & North Ave,2022-06-14 14:12:56,41.908816,-87.736463,True,public_rack,95,reassigned_or_rekeyed
divvy_e0911de2681c6abe,Public Rack - Mt Greenwood Library N,public_rack,2024-09-28 19:59:26.916000,41.693027,-87.701054,divvy_e0911de2681c6abe,Public Rack - Mt Greenwood Library N,2022-09-29 20:22:28,41.693027,-87.701054,True,public_rack,6,same_key
divvy_e098f1a95b7caad2,Public Rack - Perry Ave & 111th St,public_rack,2022-07-12 20:00:00,41.69,-87.63,divvy_c0e8c09aa1260415,Public Rack - Perry Ave & 111th St,2022-07-12 20:00:00,41.692666,-87.626385,True,public_rack,4,reassigned_or_rekeyed
divvy_e0b846d77fc86922,Public Rack - Cottage Grove Ave & 75th St,public_rack,2023-02-28 14:49:32,41.76,-87.61,divvy_a10ce5fa48c85575,Public Rack - Cottage Grove Ave & 75th St,2023-02-28 14:49:32,41.758739,-87.605769,True,public_rack,2,reassigned_or_rekeyed
divvy_e0d0f6bbb94fe015,Western Ave & Granville Ave,station,2015-05-13 06:50:00,41.99416136902,-87.689438282,divvy_e0d0f6bbb94fe015,Western Ave & Granville Ave,2015-05-13 06:50:00,41.99416136902,-87.689438282,True,station,25854,same_key
divvy_e0d634b0dd9401fc,Public Rack - Spaulding Ave & Foster Ave,public_rack,2023-06-01 12:16:50,41.975921,-87.710415,divvy_e0d634b0dd9401fc,Public Rack - Spaulding Ave & Foster Ave,2022-06-14 15:04:12,41.975921,-87.710415,True,public_rack,74,same_key
divvy_e0f97014049dd423,Public Rack - Hyde Park Blvd & 53rd St,public_rack,2023-06-03 17:27:58,41.799468,-87.584206,divvy_e0f97014049dd423,Public Rack - Hyde Park Blvd & 53rd St,2022-09-08 12:01:15,41.799468,-87.584206,True,public_rack,2304,same_key
divvy_e111982d393eef14,Aberdeen St & 106th St,station,2026-04-03 13:17:24.926000,41.70121,-87.64934,divvy_e111982d393eef14,Aberdeen St & 106th St,2026-04-03 13:17:24.926000,41.70121,-87.64934,True,station,6,same_key
divvy_e11475c45fd4dadd,State St & 16th St,station,2013-06-28 05:11:00,41.86012138,-87.62772919,divvy_e11475c45fd4dadd,State St & 16th St,2013-06-28 05:11:00,41.86012138,-87.62772919,True,station,21171,same_key
divvy_e12077727f28879d,Lockwood Ave & Grand Ave,station,2024-04-14 23:24:52,41.9175941,-87.7584143,divvy_e12077727f28879d,Lockwood Ave & Grand Ave,2024-04-14 23:24:52,41.9175941,-87.7584143,True,station,1380,same_key
divvy_e12476d9565963de,Wells St & Walton St,station,2013-06-27 20:50:00,41.89993001,-87.63443007,divvy_e12476d9565963de,Wells St & Walton St,2013-06-27 20:50:00,41.89993001,-87.63443007,True,station,232082,same_key
divvy_e141c40ff3af4b8a,Public Rack - 56th St & Mulligan Ave,public_rack,2023-05-04 16:59:14,41.79,-87.78,divvy_dac7631780157cc7,Public Rack - 56th St & Mulligan Ave,2023-05-04 16:59:14,41.7905068,-87.7799326,True,public_rack,147,reassigned_or_rekeyed
divvy_e151ef9628af6451,Wentworth Ave & 79th St,station,2022-05-26 12:00:32,41.75,-87.63,divvy_41fd100916268a80,Wentworth Ave & 79th St,2022-05-26 12:00:32,,,,station,4,retained_unlocated
divvy_e1542b1a1025c1d0,Jeffery Blvd & 91st St,station,2020-09-03 06:59:22,41.72973983333333,-87.5758695,divvy_e1542b1a1025c1d0,Jeffery Blvd & 91st St,2020-09-03 06:59:22,41.72973983333333,-87.5758695,True,station,34,same_key
divvy_e15569adf28f7a3c,Public Rack - Leader & Caldwell,public_rack,2023-05-05 16:35:08,41.991496,-87.754447,divvy_e15569adf28f7a3c,Public Rack - Leader & Caldwell,2023-05-05 16:35:08,41.991496,-87.754447,True,public_rack,113,same_key
divvy_e184551cbaefba8b,Parnell Ave & 127th St,station,2024-11-12 19:44:02.759000,41.66338,-87.63429,divvy_e184551cbaefba8b,Parnell Ave & 127th St,2024-11-12 19:44:02.759000,41.66338,-87.63429,True,station,98,same_key
divvy_e193985594ca7ae8,Grand Ave & North Ave,station,2022-05-17 16:16:29,41.91,-87.73,divvy_aac8f354600c195a,Grand Ave & North Ave,2022-05-17 16:16:29,,,,station,25,retained_unlocated
divvy_e1f5a618a657de6d,Public Rack - Wentworth Ave & 103rd St,public_rack,2022-09-23 09:31:08,41.71,-87.63,divvy_657a4a61e7b2dc61,Public Rack - Wentworth Ave & 103rd St,2022-09-23 09:31:08,41.707257,-87.627826,True,public_rack,4,reassigned_or_rekeyed
divvy_e1f86f039d9c00f7,Public Rack - Pratt Ave & Odell Ave,public_rack,2023-06-25 23:17:08,42.0044152,-87.8110539,divvy_e1f86f039d9c00f7,Public Rack - Pratt Ave & Odell Ave,2023-06-25 23:17:08,42.0044152,-87.8110539,True,public_rack,60,same_key
divvy_e1fbec3e38fc2f0f,Sacramento Blvd & Fulton Ave,station,2023-06-01 12:34:59,41.886528,-87.70167,divvy_e1fbec3e38fc2f0f,Sacramento Blvd & Fulton Ave,2021-11-27 14:46:03,41.886528,-87.70167,True,station,1742,same_key
divvy_e22cb2082b5ac740,Ogden Ave & Roosevelt Rd,station,2015-04-27 10:59:00,41.86650148316,-87.68469707,divvy_e22cb2082b5ac740,Ogden Ave & Roosevelt Rd,2015-04-27 10:59:00,41.86650148316,-87.68469707,True,station,43054,same_key
divvy_e22df49f1c5e0a90,Wabash Ave & 83rd St,station,2016-08-31 12:19:09,41.743316,-87.622849,divvy_e22df49f1c5e0a90,Wabash Ave & 83rd St,2016-08-31 12:19:09,41.743316,-87.622849,True,station,1246,same_key
divvy_e2396e324e34a85c,Cherry Ave & Blackhawk St,station,2019-08-12 15:08:29,41.907221,-87.655618,divvy_e2396e324e34a85c,Cherry Ave & Blackhawk St,2019-08-12 15:08:29,41.907221,-87.655618,True,station,26310,same_key
divvy_e24d8c2695fe4d49,Sawyer Ave & 111th St,station,2022-05-17 11:06:11,41.69,-87.7,divvy_5595bfb8f246fff5,Sawyer Ave & 111th St,2022-05-17 11:06:11,,,,station,13,retained_unlocated
divvy_e2584de39546886a,Halsted St & 69th St,station,2015-05-01 21:53:00,41.76906172032,-87.6446135779,divvy_e2584de39546886a,Halsted St & 69th St,2015-05-01 21:53:00,41.76906172032,-87.6446135779,True,station,2359,same_key
divvy_e281b5bf0a54b8ad,Public Rack - Harlem & Summerdale,public_rack,2023-09-23 08:24:59,41.977814,-87.80681,divvy_2308d98a911dbf17,Public Rack - Harlem & Summerdale,2023-05-03 08:35:35,41.977814,-87.80681,True,public_rack,44,reassigned_or_rekeyed
divvy_e28a9ef7ef9e5ca9,Ada St & 113th St,station,2024-07-06 17:24:06.567000,41.6875945,-87.6529357,divvy_e28a9ef7ef9e5ca9,Ada St & 113th St,2024-07-06 17:24:06.567000,41.6875945,-87.6529357,True,station,13,same_key
divvy_e2aa58e069d34117,Public Rack - Ewing Ave & 96th St S,public_rack,2022-10-04 19:36:11,41.72,-87.54,divvy_0a49d62474977f28,Public Rack - Ewing Ave & 96th St S,2022-10-04 19:36:11,41.720634,-87.53517,True,public_rack,2,reassigned_or_rekeyed
divvy_e2ad853aab073045,Lincoln Ave & Winona St,station,2015-05-06 16:28:00,41.97491129677,-87.6925025594,divvy_e2ad853aab073045,Lincoln Ave & Winona St,2015-05-06 16:28:00,41.97491129677,-87.6925025594,True,station,47467,same_key
divvy_e2c247cfd09e9643,Public Rack - Ashland Ave & 91st St,public_rack,2023-06-01 06:38:56,41.728271,-87.662673,divvy_e2c247cfd09e9643,Public Rack - Ashland Ave & 91st St,2022-08-01 18:20:49,41.728271,-87.662673,True,public_rack,187,same_key
divvy_e2c5fd64bef18092,Calumet Ave & 71st St,station,2015-04-26 15:10:00,41.76550800581,-87.616917925,divvy_e2c5fd64bef18092,Calumet Ave & 71st St,2015-04-26 15:10:00,41.76550800581,-87.616917925,True,station,1965,same_key
divvy_e2e8ac1307365452,Ashland Ave & Chicago Ave,station,2013-06-27 23:39:00,41.89595435734305,-87.6677280664444,divvy_e2e8ac1307365452,Ashland Ave & Chicago Ave,2013-06-27 23:39:00,41.89595435734305,-87.6677280664444,True,station,171318,same_key
divvy_e3010f39149e12c6,William Rainey Harper High School,station,2022-07-31 17:58:12,41.78,-87.67,divvy_3e3a7f6f929e1c9d,William Rainey Harper High School,2022-07-31 17:58:12,,,,station,2,retained_unlocated
divvy_e31a2062e514480c,Kostner Ave & Belmont Ave,station,2023-12-12 15:42:43,41.939191,-87.737112,divvy_e31a2062e514480c,Kostner Ave & Belmont Ave,2023-12-12 15:42:43,41.939191,-87.737112,True,station,1744,same_key
divvy_e31dfb52d89e89dc,Ashland Ave & Armitage Ave,station,2013-06-28 08:09:00,41.91785887,-87.668919,divvy_e31dfb52d89e89dc,Ashland Ave & Armitage Ave,2013-06-28 08:09:00,41.91785887,-87.668919,True,station,7197,same_key
divvy_e333c854decfc2a0,Sayre Ave & Diversey Ave,station,2024-05-02 17:48:09,41.93098,-87.80106,divvy_e333c854decfc2a0,Sayre Ave & Diversey Ave,2024-05-02 17:48:09,41.93098,-87.80106,True,station,862,same_key
divvy_e34119123998fa31,Kilbourn & Belden,station,2023-06-01 00:38:14,41.922352,-87.739024,divvy_d98c2b7ca0bb6539,Kilbourn & Belden,2021-08-24 13:18:34,41.922352,-87.739024,True,station,283,reassigned_or_rekeyed
divvy_e35297ff68a27640,Shore Dr & 53rd St,station,2025-11-13 16:45:11.852000,41.79945,-87.58237,divvy_e35297ff68a27640,Shore Dr & 53rd St,2025-11-13 16:45:11.852000,41.79945,-87.58237,True,station,3516,same_key
divvy_e3567ecdbe27b269,Public Rack - Ewing Ave & 96th St N,public_rack,2023-07-13 12:44:19,41.7215552,-87.5356904,divvy_e3567ecdbe27b269,Public Rack - Ewing Ave & 96th St N,2022-09-06 15:38:54,41.7215552,-87.5356904,True,public_rack,6,same_key
divvy_e3708b21ed79cd48,Public Rack - Parnell Ave & 103rd St,public_rack,2024-06-13 12:35:34.200000,41.706868,-87.637208,divvy_e3708b21ed79cd48,Public Rack - Parnell Ave & 103rd St,2022-10-17 16:59:50,41.706868,-87.637208,True,public_rack,5,same_key
divvy_e384012fff6b755c,Lakeview Ave & Fullerton Pkwy,station,2013-06-30 03:06:00,41.925858,-87.638973,divvy_e384012fff6b755c,Lakeview Ave & Fullerton Pkwy,2013-06-30 03:06:00,41.925858,-87.638973,True,station,429203,same_key
divvy_e393eca7ec426829,Southport Ave & Newport Ave Public Rack,public_rack,2026-01-07 12:08:50.391000,41.944019,-87.663975,divvy_e393eca7ec426829,Southport Ave & Newport Ave Public Rack,2026-01-07 12:08:50.391000,41.944019,-87.663975,True,public_rack,4625,same_key
divvy_e3a4507fe8870971,Public Rack - California & 87th,public_rack,2023-05-08 16:30:55,41.73569,-87.692172,divvy_e3a4507fe8870971,Public Rack - California & 87th,2023-05-08 16:30:55,41.73569,-87.692172,True,public_rack,35,same_key
divvy_e3a7ce4d45b186d3,Indiana Ave & 133rd St Public Rack,public_rack,2026-03-24 18:55:24.532000,41.653564,-87.617054,divvy_e3a7ce4d45b186d3,Indiana Ave & 133rd St Public Rack,2026-03-24 18:55:24.532000,41.653564,-87.617054,True,public_rack,6,same_key
divvy_e3a8f24aacd1e774,Public Rack - Lawrence Ave & 103rd St,public_rack,2024-11-12 21:00:37.488000,41.707665,-87.608695,divvy_e3a8f24aacd1e774,Public Rack - Lawrence Ave & 103rd St,2022-11-03 16:11:00,41.707665,-87.608695,True,public_rack,4,same_key
divvy_e3bf4676a5283e37,Public Rack - Pulaski Rd & 51st Rd,public_rack,2023-06-04 17:05:07,41.800111,-87.723537,divvy_6068eecf8a9ce74d,Public Rack - Pulaski Rd & 51st Rd,2022-09-14 11:18:00,41.800111,-87.723537,True,public_rack,27,reassigned_or_rekeyed
divvy_e3c35dcf7e09d5b1,Public Rack - Halsted St & 80th St,public_rack,2023-08-19 00:45:38,41.748175,-87.644238,divvy_e3c35dcf7e09d5b1,Public Rack - Halsted St & 80th St,2023-02-14 14:54:31,41.748175,-87.644238,True,public_rack,34,same_key
divvy_e3e6e562a4a0b45b,Commercial Ave & 83rd St,station,2016-08-29 15:35:35,41.744615,-87.551208,divvy_e3e6e562a4a0b45b,Commercial Ave & 83rd St,2016-08-29 15:35:35,41.744615,-87.551208,True,station,2985,same_key
divvy_e3f2056b6a89df27,Public Rack - Exchange Ave & 73rd Pl,public_rack,2023-06-16 17:54:32,41.76261263,-87.56381871,divvy_e3f2056b6a89df27,Public Rack - Exchange Ave & 73rd Pl,2022-06-12 13:23:35,41.76261263,-87.56381871,True,public_rack,72,same_key
divvy_e3f42e6bd265424d,Long Ave & North Ave,station,2021-09-16 20:05:56,41.9092147,-87.7609189,divvy_e3f42e6bd265424d,Long Ave & North Ave,2021-09-16 20:05:56,41.9092147,-87.7609189,True,station,907,same_key
divvy_e3f84d74437c4a72,Public Rack - Greenwood Ave & Lake Park Ave,public_rack,2022-09-07 16:21:42,41.82,-87.6,divvy_e4b82f33efec2538,Public Rack - Greenwood Ave & Lake Park Ave,2022-09-07 16:21:42,41.817372,-87.599576,True,public_rack,35,reassigned_or_rekeyed
divvy_e406b597370b481a,Claremont Ave & Hirsch St,station,2013-07-16 14:21:00,41.907781,-87.685854,divvy_e406b597370b481a,Claremont Ave & Hirsch St,2013-07-16 14:21:00,41.907781,-87.685854,True,station,68446,same_key
divvy_e4088fb7e4e52568,Public Rack - Hamlin Ave & Chicago Ave,public_rack,2022-09-03 10:27:30,41.89,-87.72,divvy_ca275970d0f484f4,Public Rack - Hamlin Ave & Chicago Ave,2022-06-16 05:37:43,41.895201,-87.721541,True,public_rack,1,reassigned_or_rekeyed
divvy_e40dfbea96cbf21e,Public Rack - Christiana Ave & 55th St,public_rack,2024-05-08 17:34:46,41.793307,-87.707702,divvy_e40dfbea96cbf21e,Public Rack - Christiana Ave & 55th St,2022-11-29 03:49:09,41.793307,-87.707702,True,public_rack,35,same_key
divvy_e41fd7e369d459a2,Wentworth Ave & 33rd St,station,2015-04-14 17:58:00,41.83452988563,-87.6318229814,divvy_e41fd7e369d459a2,Wentworth Ave & 33rd St,2015-04-14 17:58:00,41.83452988563,-87.6318229814,True,station,52032,same_key
divvy_e4516a6814cf92f1,Public Rack - Linder Ave & Archer Ave,public_rack,2023-05-20 22:19:30,41.8,-87.76,divvy_b24abc54f21bf96a,Public Rack - Linder Ave & Archer Ave,2023-05-20 22:19:30,41.796005,-87.759575,True,public_rack,1,reassigned_or_rekeyed
divvy_e45d15d13aecf573,Wolcott Ave & 61st St,station,2022-06-13 12:42:54,41.78,-87.67,divvy_aac3421f91906f1a,Wolcott Ave & 61st St,2022-06-13 12:42:54,,,,station,2,retained_unlocated
divvy_e4787e22e443c68c,Public Rack - Kedvale Ave & 63rd St W,public_rack,2023-05-23 17:17:02,41.778761,-87.726892,divvy_e4787e22e443c68c,Public Rack - Kedvale Ave & 63rd St W,2022-10-19 13:18:35,41.778761,-87.726892,True,public_rack,877,same_key
divvy_e487769f3eefd25d,Public Rack - Campbell Ave & Pratt Blvd,public_rack,2022-06-15 07:37:45,42.01,-87.69,divvy_53ef74198583501d,Public Rack - Campbell Ave & Pratt Blvd,2022-06-15 07:37:45,42.00507,-87.692643,True,public_rack,135,reassigned_or_rekeyed
divvy_e487aa9f2a495759,DuSable Museum,station,2015-07-07 13:56:00,41.79156801058,-87.6078521774,divvy_e487aa9f2a495759,DuSable Museum,2015-07-07 13:56:00,41.79156801058,-87.6078521774,True,station,16779,same_key
divvy_e4b82f33efec2538,Public Rack - Greenwood Ave & Lake Park Ave,public_rack,2023-06-09 14:47:55,41.817372,-87.599576,divvy_e4b82f33efec2538,Public Rack - Greenwood Ave & Lake Park Ave,2022-09-07 16:21:42,41.817372,-87.599576,True,public_rack,277,same_key
divvy_e4ba10d2c192ce5b,Public Rack - Christiana Ave & Belmont Ave,public_rack,2022-06-14 20:24:31,41.94,-87.71,divvy_f826278f4a04573d,Public Rack - Christiana Ave & Belmont Ave,2022-06-14 20:24:31,41.93917,-87.71169,True,public_rack,765,reassigned_or_rekeyed
divvy_e4da21d7b4685196,Fairbanks St & Superior St,station,2018-09-19 15:24:23,41.895748,-87.620104,divvy_e4da21d7b4685196,Fairbanks St & Superior St,2018-09-19 15:24:23,41.895748,-87.620104,True,station,118969,same_key
divvy_e4eaf1483720f1c8,Dauphin Ave & 87th St,station,2020-09-08 21:02:30,41.73648,-87.601252,divvy_e4eaf1483720f1c8,Dauphin Ave & 87th St,2020-09-08 21:02:30,41.73648,-87.601252,True,station,1755,same_key
divvy_e4fca4b755661069,Public Rack - Laporte Ave & Armitage Ave,public_rack,2022-08-08 13:13:58,41.92,-87.75,divvy_9fec22f57124de4a,Public Rack - Laporte Ave & Armitage Ave,2022-08-08 13:13:58,41.917047,-87.750008,True,public_rack,23,reassigned_or_rekeyed
divvy_e4ff45eb81f74cfe,Kildare Ave & 26th St,station,2021-07-20 18:31:01,41.84,-87.73,divvy_d04b8d215ca3061d,Kildare Ave & 26th St,2021-07-20 18:31:01,41.84439837836489,-87.73261003656634,True,station,282,reassigned_or_rekeyed
divvy_e506dbdc2ce1fdbe,Vernon Ave & 79th St,station,2016-07-26 09:15:27,41.75094,-87.61379,divvy_e506dbdc2ce1fdbe,Vernon Ave & 79th St,2016-07-26 09:15:27,41.75094,-87.61379,True,station,2099,same_key
divvy_e5087cf3e3db4e01,Newland Ave & Diversey Ave,station,2022-05-09 19:14:00,41.93,-87.8,divvy_839e2fef7bedf497,Newland Ave & Diversey Ave,2022-05-09 19:14:00,,,,station,14,retained_unlocated
divvy_e5211ffc56d2dce6,Strohacker Park,station,2022-05-11 08:32:07,41.79,-87.73,divvy_7c162f5c0234247c,Strohacker Park,2022-05-11 08:32:07,,,,station,17,retained_unlocated
divvy_e542a8f333641748,Western Ave & Ardmore Ave,station,2023-06-01 17:15:38,41.98662,-87.68968,divvy_e542a8f333641748,Western Ave & Ardmore Ave,2021-11-21 16:04:58,41.98662,-87.68968,True,station,2482,same_key
divvy_e569d1c6b2114eb0,Kilbourn & Roscoe,station,2023-06-01 06:28:33,41.9427319,-87.7395332,divvy_e569d1c6b2114eb0,Kilbourn & Roscoe,2021-08-13 13:39:52,41.9427319,-87.7395332,True,station,406,same_key
divvy_e5738e326123bb6e,W Armitage Ave & N Sheffield Ave,station,2020-08-07 22:23:04,41.92,-87.65,divvy_5292baaa080329cd,W Armitage Ave & N Sheffield Ave,2020-08-07 22:23:04,41.917805,-87.653449,True,station,8422,reassigned_or_rekeyed
divvy_e5844251bd102776,Union Ave & Grand Ave,station,2014-07-01 07:00:00,41.891,-87.645925,divvy_e5844251bd102776,Union Ave & Grand Ave,2014-07-01 07:00:00,41.891,-87.645925,True,station,39255,same_key
divvy_e598a5a43a474c61,Avers Ave & Irving Park Rd,station,2022-05-09 15:32:13,41.95,-87.72,divvy_6d8c8c43c48271ff,Avers Ave & Irving Park Rd,2022-05-09 15:32:13,,,,station,45,retained_unlocated
divvy_e5b770e40dddbd6a,Knox Ave & Marquette Ave,station,2024-05-19 10:56:47,41.77114,-87.73774,divvy_e5b770e40dddbd6a,Knox Ave & Marquette Ave,2024-05-19 10:56:47,41.77114,-87.73774,True,station,454,same_key
divvy_e5bc6187649049df,Public Rack - Mt Greenwood Library - South,public_rack,2024-03-17 12:40:00,41.692883,-87.701048,divvy_e5bc6187649049df,Public Rack - Mt Greenwood Library - South,2023-01-19 19:51:53,41.692883,-87.701048,True,public_rack,19,same_key
divvy_e5bded385fce4fa7,Public Rack - Wacker Dr & Adams St,public_rack,2026-05-01 15:36:48.209000,41.87941641,-87.63719315,divvy_e5bded385fce4fa7,Public Rack - Wacker Dr & Adams St,2026-05-01 15:36:48.209000,41.87941641,-87.63719315,True,public_rack,992,same_key
divvy_e5d1eca1c71658b0,Public Rack - Sawyer Ave & Bryn Mawr Ave - SW,public_rack,2022-06-25 20:14:49,41.98,-87.71,divvy_7e15f9f8064c3489,Public Rack - Sawyer Ave & Bryn Mawr Ave - SW,2022-06-25 20:14:49,41.982879,-87.710534,True,public_rack,20,reassigned_or_rekeyed
divvy_e5e385a11f5a5d06,Public Rack - Union Ave & 111th St,public_rack,2024-11-12 22:09:34.217000,41.692232,-87.640609,divvy_e5e385a11f5a5d06,Public Rack - Union Ave & 111th St,2022-07-22 10:22:00,41.692232,-87.640609,True,public_rack,2,same_key
divvy_e5e725f75cd0ec43,Public Rack - 10557 S Western Ave,public_rack,2022-08-01 13:39:44,41.7,-87.68,divvy_fa7d46bae746f7fe,Public Rack - 10557 S Western Ave,2022-08-01 13:39:44,41.701719,-87.68128,True,public_rack,12,reassigned_or_rekeyed
divvy_e5e85afe28236e17,Public Rack - Ada St & 117th St,public_rack,2024-03-25 15:14:30,41.681128,-87.655064,divvy_e5e85afe28236e17,Public Rack - Ada St & 117th St,2024-03-25 15:14:30,41.681128,-87.655064,True,public_rack,4,same_key
divvy_e5fe7b4cda76fbd5,Michigan Ave & 96th St,station,2022-05-09 15:52:11,41.72,-87.62,divvy_4abe3a9c4fc0db8e,Michigan Ave & 96th St,2022-05-09 15:52:11,,,,station,8,retained_unlocated
divvy_e6108d6d2e3feeee,Public Rack - Austin & 62nd,public_rack,2023-05-05 18:15:06,41.77966,-87.771414,divvy_df79519898ca69dd,Public Rack - Austin & 62nd,2023-05-05 18:15:06,41.77966,-87.771414,True,public_rack,33,reassigned_or_rekeyed
divvy_e6168fbfd2bfc4f2,Public Rack - Kedzie & 103rd St - W,public_rack,2023-07-24 11:35:44,41.705247,-87.701424,divvy_e6168fbfd2bfc4f2,Public Rack - Kedzie & 103rd St - W,2022-09-15 18:04:58,41.705247,-87.701424,True,public_rack,41,same_key
divvy_e6278216982959b2,Public Rack - Halsted St & 64th St,public_rack,2022-09-13 09:52:25,41.78,-87.64,divvy_2e6a9197bc131675,Public Rack - Halsted St & 64th St,2022-09-13 09:52:25,41.777436,-87.644535,True,public_rack,21,reassigned_or_rekeyed
divvy_e64c6bfaac893205,Public Rack - 10101 S Stony Island Ave,public_rack,2023-07-10 22:17:32,41.70838,-87.581455,divvy_e64c6bfaac893205,Public Rack - 10101 S Stony Island Ave,2022-12-01 19:19:10,41.70838,-87.581455,True,public_rack,23,same_key
divvy_e64d9b259eb3c3f0,Public Rack - Sawyer Ave & Chicago Ave,public_rack,2023-06-24 19:29:36,41.8954597,-87.7080933,divvy_e64d9b259eb3c3f0,Public Rack - Sawyer Ave & Chicago Ave,2022-09-02 15:03:49,41.8954597,-87.7080933,True,public_rack,147,same_key
divvy_e65ca7eb47f03a9e,W 103rd St & S Avers Ave,station,2023-05-10 14:09:02,41.705846,-87.717074,divvy_e65ca7eb47f03a9e,W 103rd St & S Avers Ave,2021-05-02 16:43:20,41.705846,-87.717074,True,station,400,same_key
divvy_e67489337b2d7c45,Public Rack - Michele Clark Magnet High School,public_rack,2023-09-23 01:20:44,41.872849,-87.753432,divvy_e67489337b2d7c45,Public Rack - Michele Clark Magnet High School,2022-07-12 18:07:36,41.872849,-87.753432,True,public_rack,35,same_key
divvy_e6758f950ed92104,Public Rack - Strohacker Park,public_rack,2022-09-29 10:57:46,41.79,-87.73,divvy_923ccf0642b510de,Public Rack - Strohacker Park,2022-09-29 10:57:46,41.79482,-87.732112,True,public_rack,6,reassigned_or_rekeyed
divvy_e67e9f2846fa44e4,Long Ave & Belmont Ave,station,2023-05-04 22:28:42,41.93833,-87.76166,divvy_e67e9f2846fa44e4,Long Ave & Belmont Ave,2021-07-27 21:37:39,41.93833,-87.76166,True,station,1602,same_key
divvy_e682bc62d4b93389,Public Rack - Maplewood Ave & 47th St,public_rack,2022-09-17 06:59:40,41.81,-87.69,divvy_91bcd98767c662e7,Public Rack - Maplewood Ave & 47th St,2022-09-17 06:59:40,41.808413,-87.688535,True,public_rack,18,reassigned_or_rekeyed
divvy_e684c35992f58916,Kilpatrick Ave & Grand Ave,station,2023-06-01 09:51:29,41.912732,-87.743636,divvy_e684c35992f58916,Kilpatrick Ave & Grand Ave,2021-11-01 17:46:58,41.912732,-87.743636,True,station,1579,same_key
divvy_e697cf405b567a29,Stony Island Ave & 71st St,station,2015-04-30 14:10:00,41.7664929373,-87.5864608775,divvy_e697cf405b567a29,Stony Island Ave & 71st St,2015-04-30 14:10:00,41.7664929373,-87.5864608775,True,station,7711,same_key
divvy_e6abc654b0dbb2fd,Calumet Ave & 71st St,station,2022-06-04 13:42:04,41.77,-87.62,divvy_e2c5fd64bef18092,Calumet Ave & 71st St,2015-04-26 15:10:00,41.76550800581,-87.616917925,True,station,5,reassigned_or_rekeyed
divvy_e6ae2a0070e6432d,Clinton St & Roosevelt Rd,station,2013-06-28 14:28:00,41.8671177825,-87.6410879593,divvy_e6ae2a0070e6432d,Clinton St & Roosevelt Rd,2013-06-28 14:28:00,41.8671177825,-87.6410879593,True,station,186406,same_key
divvy_e6f53118e9ca2096,Ravenswood Ave & Balmoral Ave,station,2015-05-14 12:50:00,41.97977022,-87.67581473,divvy_e6f53118e9ca2096,Ravenswood Ave & Balmoral Ave,2015-05-14 12:50:00,41.97977022,-87.67581473,True,station,11908,same_key
divvy_e709e2b8f12e7ed3,Ashland Ave & McDowell Ave,station,2016-06-19 16:54:00,41.809719,-87.663477,divvy_e709e2b8f12e7ed3,Ashland Ave & McDowell Ave,2016-06-19 16:54:00,41.809719,-87.663477,True,station,6527,same_key
divvy_e70b72f9693e9a62,Lafayette Ave & 119th St,station,2022-06-23 17:23:06,41.68,-87.62,divvy_64c167c96037ce3e,Lafayette Ave & 119th St,2022-06-23 17:23:06,,,,station,8,retained_unlocated
divvy_e71033da483372e2,Hamlin Ave & Grand Ave,station,2023-06-01 16:15:48,41.90403,-87.72156,divvy_c43dfd8de9af26ff,Hamlin Ave & Grand Ave,2022-05-10 03:22:49,41.90403,-87.72156,True,station,1336,reassigned_or_rekeyed
divvy_e71569da0dd0f8b0,Public Rack - Kostner Ave & Armitage Ave,public_rack,2022-09-06 14:28:39,41.92,-87.74,divvy_c57c1282b48f852b,Public Rack - Kostner Ave & Armitage Ave,2022-09-06 14:28:39,41.917211,-87.736136,True,public_rack,932,reassigned_or_rekeyed
divvy_e71a20edfb6f8ba9,Public Rack - Minnehaha Ave & Devon Ave,public_rack,2023-05-04 10:12:00,42.0,-87.76,divvy_0745660ba32b73cb,Public Rack - Minnehaha Ave & Devon Ave,2023-05-04 10:12:00,41.997456,-87.7619125,True,public_rack,5,reassigned_or_rekeyed
divvy_e73f75f48a30aacc,Public Rack - May St & 78th St,public_rack,2023-08-13 11:05:54,41.752451,-87.652969,divvy_e73f75f48a30aacc,Public Rack - May St & 78th St,2022-10-12 22:57:26,41.752451,-87.652969,True,public_rack,12,same_key
divvy_e73fd352937048b0,Halsted St & 78th St,station,2020-07-23 19:07:04,41.75248701249013,-87.6439021574879,divvy_e73fd352937048b0,Halsted St & 78th St,2020-07-23 19:07:04,41.75248701249013,-87.6439021574879,True,station,1467,same_key
divvy_e74fdd96202c1a27,Public Rack - Lamon Ave & Archer Ave,public_rack,2023-06-29 21:52:31,41.79823,-87.744952,divvy_e74fdd96202c1a27,Public Rack - Lamon Ave & Archer Ave,2023-06-29 21:52:31,41.79823,-87.744952,True,public_rack,50,same_key
divvy_e75acabaad7021f3,DuSable Lake Shore Dr & Jackson Blvd,station,2026-07-16 15:36:46.145000,41.87831,-87.61695,divvy_e75acabaad7021f3,DuSable Lake Shore Dr & Jackson Blvd,2026-07-16 15:36:46.145000,41.87831,-87.61695,True,station,4456,same_key
divvy_e75e62f8e4a1de84,Normal Ave & 72nd St,station,2022-05-09 18:08:21,41.76,-87.64,divvy_00dc8c8fd2ae00f6,Normal Ave & 72nd St,2016-06-25 18:57:00,41.763462,-87.637297,True,station,6,reassigned_or_rekeyed
divvy_e75fec034c0f3d4e,Sheridan Rd & Berwyn Ave,station,2025-10-21 12:03:25.323000,41.97828,-87.65529,divvy_e75fec034c0f3d4e,Sheridan Rd & Berwyn Ave,2025-10-21 12:03:25.323000,41.97828,-87.65529,True,station,9377,same_key
divvy_e768ae861fdcceff,Public Rack - Lowe Ave & 119th St,public_rack,2024-11-12 19:23:56.873000,41.677708,-87.638711,divvy_e768ae861fdcceff,Public Rack - Lowe Ave & 119th St,2024-11-12 19:23:56.873000,41.677708,-87.638711,True,public_rack,2,same_key
divvy_e77aa336bbdb6e99,Public Rack - Kildare Ave & Washignton Blvd,public_rack,2022-10-19 11:27:39,41.88,-87.73,divvy_7527c18f6ead17f5,Public Rack - Kildare Ave & Washignton Blvd,2022-10-19 11:27:39,41.881838,-87.733661,True,public_rack,6,reassigned_or_rekeyed
divvy_e77d2eaddeccd664,Blue Island Ave & 18th St,station,2013-07-25 12:46:00,41.857556,-87.661535,divvy_e77d2eaddeccd664,Blue Island Ave & 18th St,2013-07-25 12:46:00,41.857556,-87.661535,True,station,138326,same_key
divvy_e785d539ab8dd9e9,Knox Ave & Montrose Ave,station,2016-07-12 12:41:24,41.960631,-87.745359,divvy_e785d539ab8dd9e9,Knox Ave & Montrose Ave,2016-07-12 12:41:24,41.960631,-87.745359,True,station,16853,same_key
divvy_e79da916f3c0a0b6,LaSalle St & Jackson Blvd Corral,station,2025-04-29 16:49:04.214000,41.87816,-87.63204,divvy_e79da916f3c0a0b6,LaSalle St & Jackson Blvd Corral,2025-04-29 16:49:04.214000,41.87816,-87.63204,True,station,3229,same_key
divvy_e7c59742f0ae4d4e,Lincoln Ave & Fullerton Ave,station,2013-06-28 10:00:00,41.925905,-87.64926,divvy_e7c59742f0ae4d4e,Lincoln Ave & Fullerton Ave,2013-06-28 10:00:00,41.925905,-87.64926,True,station,196864,same_key
divvy_e7c60ab4630658ad,State St & 47th st,station,2022-05-13 08:53:24,41.81,-87.63,divvy_daf6fca067cd48cc,State St & 47th st,2022-05-13 08:53:24,,,,station,11,retained_unlocated
divvy_e813b98e6d64eaa7,Public Rack - King Dr & 115th St,public_rack,2022-06-09 15:21:54,41.69,-87.61,divvy_41d0767b5c7fea0e,Public Rack - King Dr & 115th St,2022-06-09 15:21:54,41.685373768666665,-87.61336725000001,True,public_rack,177,reassigned_or_rekeyed
divvy_e81796d933e9ccdb,Public Rack - California Ave & Marquette Rd,public_rack,2023-02-01 15:30:56,41.77,-87.69,divvy_7cdcbe55caa754ca,Public Rack - California Ave & Marquette Rd,2023-02-01 15:30:56,,,,public_rack,52,retained_unlocated
divvy_e8279228eafcf07f,Kildare Ave & 85th St,station,2023-12-23 03:48:38,41.738463,-87.728572,divvy_e8279228eafcf07f,Kildare Ave & 85th St,2023-12-23 03:48:38,41.738463,-87.728572,True,station,47,same_key
divvy_e82b82c3531cc062,St. Louis Ave & Fullerton Ave,station,2020-09-29 17:32:20,41.92481559681187,-87.71449506282805,divvy_e82b82c3531cc062,St. Louis Ave & Fullerton Ave,2020-09-29 17:32:20,41.92481559681187,-87.71449506282805,True,station,37277,same_key
divvy_e839e9d63a4b817f,Drake Ave & Armitage Ave,station,2026-01-13 18:13:55.117000,41.91749,-87.71524,divvy_e839e9d63a4b817f,Drake Ave & Armitage Ave,2026-01-13 18:13:55.117000,41.91749,-87.71524,True,station,2102,same_key
divvy_e84ae0d577d08681,Public Rack - Drake Ave & Leland Ave,public_rack,2022-06-03 16:02:52,41.97,-87.72,divvy_5923c8fd90f261d7,Public Rack - Drake Ave & Leland Ave,2022-06-03 16:02:52,41.9659853,-87.716876,True,public_rack,104,reassigned_or_rekeyed
divvy_e85c7bd199f42030,Southport Ave & Wrightwood Ave,station,2013-06-27 19:38:00,41.928773,-87.663913,divvy_e85c7bd199f42030,Southport Ave & Wrightwood Ave,2013-06-27 19:38:00,41.928773,-87.663913,True,station,227197,same_key
divvy_e8623bf2297cb819,Public Rack - Menard Ave & Adams Blvd,public_rack,2022-09-05 15:27:22,41.88,-87.77,divvy_81d7754579cb5236,Public Rack - Menard Ave & Adams Blvd,2022-09-05 15:27:22,41.877684,-87.769356,True,public_rack,2,reassigned_or_rekeyed
divvy_e86499a4862ff028,Wood St & Grand Ave,station,2013-06-29 15:57:00,41.89113,-87.67203,divvy_e86499a4862ff028,Wood St & Grand Ave,2013-06-29 15:57:00,41.89113,-87.67203,True,station,21617,same_key
divvy_e866e1e4e0cef870,Milwaukee Ave & Highland Ave,station,2025-03-09 06:32:45.861000,41.99636,-87.78674,divvy_e866e1e4e0cef870,Milwaukee Ave & Highland Ave,2025-03-09 06:32:45.861000,41.99636,-87.78674,True,station,1107,same_key
divvy_e86f30b59c0566b3,Ashland Ave & 78th St,station,2020-07-29 19:19:52,41.75220484941116,-87.66369938850403,divvy_e86f30b59c0566b3,Ashland Ave & 78th St,2020-07-29 19:19:52,41.75220484941116,-87.66369938850403,True,station,1218,same_key
divvy_e88b8b5152b7e8c8,Whippie St & 26th St,station,2022-06-02 22:32:13,41.84,-87.7,divvy_4b10ca70474c9039,Whippie St & 26th St,2022-06-02 22:32:13,,,,station,2,retained_unlocated
divvy_e88c223b90c1cc63,Central Park Ave & Elbridge Ave,station,2015-05-04 19:27:00,41.93533728263,-87.7168892935,divvy_e88c223b90c1cc63,Central Park Ave & Elbridge Ave,2015-05-04 19:27:00,41.93533728263,-87.7168892935,True,station,47904,same_key
divvy_e88c5cc2f1053d44,Public Rack - Eli Whitney Public School,public_rack,2022-06-15 23:24:24,41.84,-87.73,divvy_b377b304298cf27d,Public Rack - Eli Whitney Public School,2022-06-15 23:24:24,41.840097547,-87.725531578,True,public_rack,155,reassigned_or_rekeyed
divvy_e892e46defd385af,Public Rack - St Louis Ave & Berteau Ave,public_rack,2022-06-14 13:11:13,41.96,-87.72,divvy_73e6b8c2703a7f83,Public Rack - St Louis Ave & Berteau Ave,2022-06-14 13:11:13,41.958373,-87.715685,True,public_rack,75,reassigned_or_rekeyed
divvy_e8a432edb4adce89,Leavitt St & Archer Ave,station,2015-04-15 10:19:00,41.82879201994,-87.6806044594,divvy_e8a432edb4adce89,Leavitt St & Archer Ave,2015-04-15 10:19:00,41.82879201994,-87.6806044594,True,station,20952,same_key
divvy_e8a53f71263fe13b,Aberdeen St & Carroll Ave,station,2025-06-20 14:05:50.471000,41.88819,-87.65459,divvy_e8a53f71263fe13b,Aberdeen St & Carroll Ave,2025-06-20 14:05:50.471000,41.88819,-87.65459,True,station,22836,same_key
divvy_e8a9363406aa9a37,Wallace St & 28th St,station,2025-08-07 20:15:37.625000,41.843511,-87.6419,divvy_e8a9363406aa9a37,Wallace St & 28th St,2025-08-07 20:15:37.625000,41.843511,-87.6419,True,station,1888,same_key
divvy_e8c1087d2d071fa0,Public Rack - California Ave & Pershing Rd,public_rack,2022-11-13 11:52:08,41.82,-87.69,divvy_5ef842f231aae2bd,Public Rack - California Ave & Pershing Rd,2022-09-08 20:06:26,41.822632,-87.695024,True,public_rack,17,reassigned_or_rekeyed
divvy_e8cdc0b2e04e3293,Kimball Ave & Wrightwood Ave,station,2026-02-04 23:42:29.653000,41.92837,-87.71244,divvy_e8cdc0b2e04e3293,Kimball Ave & Wrightwood Ave,2026-02-04 23:42:29.653000,41.92837,-87.71244,True,station,2925,same_key
divvy_e8cde9e801963199,Public Rack - Foster Ave & Drake Ave,public_rack,2023-06-02 16:08:33,41.975563,-87.717352,divvy_e8cde9e801963199,Public Rack - Foster Ave & Drake Ave,2022-07-07 15:05:36,41.975563,-87.717352,True,public_rack,532,same_key
divvy_e8d53d3b6649437c,Evans Ave & 63rd St,station,2022-05-13 16:56:27,41.78,-87.61,divvy_be629925b87d8fca,Evans Ave & 63rd St,2022-05-13 16:56:27,,,,station,11,retained_unlocated
divvy_e8dbad21230d0f9c,Clark St & Madison St,station,2026-08-03 18:11:57.011000,41.88218,-87.63098,divvy_e8dbad21230d0f9c,Clark St & Madison St,2026-08-03 18:11:57.011000,41.88218,-87.63098,True,station,759,same_key
divvy_e8de38bfd44147f4,Public Rack - Hamlin Ave & Grand Ave,public_rack,2023-06-03 08:57:11,41.903667,-87.720300078,divvy_4a71c4aee255bce5,Public Rack - Hamlin Ave & Grand Ave,2022-06-14 18:06:11,41.903667,-87.720300078,True,public_rack,108,reassigned_or_rekeyed
divvy_e8f7b9539f4511bc,Public Rack - Sawyer Ave & Lawrence Ave,public_rack,2023-06-04 18:43:48,41.9683,-87.709435,divvy_e8f7b9539f4511bc,Public Rack - Sawyer Ave & Lawrence Ave,2022-06-16 18:41:41,41.9683,-87.709435,True,public_rack,407,same_key
divvy_e8fa308975f9ee56,Cicero Ave & Roscoe Ave,station,2023-12-08 22:09:54,41.942427,-87.747315,divvy_e8fa308975f9ee56,Cicero Ave & Roscoe Ave,2023-12-08 22:09:54,41.942427,-87.747315,True,station,1483,same_key
divvy_e8faef84754e5898,Woodlawn Ave & 75th St,station,2016-06-29 20:58:00,41.75916,-87.595751,divvy_e8faef84754e5898,Woodlawn Ave & 75th St,2016-06-29 20:58:00,41.75916,-87.595751,True,station,1175,same_key
divvy_e8fd7845e7b0d662,N Whipple St & Irving Park Rd,station,2023-06-01 09:22:16,41.954189,-87.704448,divvy_e8fd7845e7b0d662,N Whipple St & Irving Park Rd,2021-11-08 20:08:36,41.954189,-87.704448,True,station,4213,same_key
divvy_e942f5442be99b2d,Washtenaw Ave & Peterson Ave,station,2021-11-11 17:56:10,41.99,-87.7,divvy_cae1ecd929c72d25,Washtenaw Ave & Peterson Ave,2021-11-11 17:56:10,41.99073,-87.69705,True,station,799,reassigned_or_rekeyed
divvy_e9433713a1927578,Public Rack - Langley Ave & 49th St,public_rack,2023-05-29 11:24:25,41.805218,-87.609076,divvy_e9433713a1927578,Public Rack - Langley Ave & 49th St,2022-07-09 20:08:54,41.805218,-87.609076,True,public_rack,1047,same_key
divvy_e9617bfe25011dae,Public Rack - Christiana Ave & 111th St,public_rack,2024-11-13 00:29:25.730000,41.69137,-87.704809,divvy_e9617bfe25011dae,Public Rack - Christiana Ave & 111th St,2022-10-23 11:30:40,41.69137,-87.704809,True,public_rack,4,same_key
divvy_e983d1cd2d1573a3,Kilbourn Ave & Fullerton Ave,station,2022-05-18 16:40:05,41.92,-87.74,divvy_eadb1cf43e211863,Kilbourn Ave & Fullerton Ave,2022-05-18 16:40:05,,,,station,18,retained_unlocated
divvy_e989e6f86f0f9477,Whipple/Irving Park,station,2021-11-08 20:08:36,41.95,-87.7,divvy_e8fd7845e7b0d662,N Whipple St & Irving Park Rd,2021-11-08 20:08:36,41.954189,-87.704448,True,station,1392,reassigned_or_rekeyed
divvy_e99d0dfcfb1cb2ea,Lynch Ave & Elston Ave,station,2024-12-10 13:55:28.237000,41.98096,-87.76149,divvy_e99d0dfcfb1cb2ea,Lynch Ave & Elston Ave,2024-12-10 13:55:28.237000,41.98096,-87.76149,True,station,628,same_key
divvy_e9c464857eaeff15,Broadway & Ridge Ave,station,2015-05-11 16:41:00,41.9840446107,-87.6602738295,divvy_e9c464857eaeff15,Broadway & Ridge Ave,2015-05-11 16:41:00,41.9840446107,-87.6602738295,True,station,119775,same_key
divvy_e9d476d909574625,Stewart Ave & 123rd St,station,2022-05-18 15:51:49,41.67,-87.63,divvy_035ba70fe125eb9e,Stewart Ave & 123rd St,2022-05-18 15:51:49,41.6706,-87.63244,True,station,6,reassigned_or_rekeyed
divvy_e9f3d28a9c00093a,Public Rack - N Sayre Ave & W Belden Ave,public_rack,2022-10-19 07:25:00,41.92,-87.8,divvy_4d07a67876fe1de9,Public Rack - N Sayre Ave & W Belden Ave,2022-10-19 07:25:00,41.921425,-87.800825,True,public_rack,2,reassigned_or_rekeyed
divvy_e9f7f9d61bc43962,Public Rack - Lawndale Ave & Polk St,public_rack,2022-06-29 16:55:26,41.87,-87.72,divvy_6f78e771d2bdbee0,Public Rack - Lawndale Ave & Polk St,2022-06-29 16:55:26,41.8707651,-87.7183735,True,public_rack,27,reassigned_or_rekeyed
divvy_ea12995a56e6da09,LaSalle St & Adams St Corral,station,2025-04-29 16:33:21.043000,41.87938,-87.63208,divvy_ea12995a56e6da09,LaSalle St & Adams St Corral,2025-04-29 16:33:21.043000,41.87938,-87.63208,True,station,1665,same_key
divvy_ea37f4aefb394a6c,Fort Dearborn Dr & 31st St,station,2013-07-23 19:55:00,41.838556,-87.608218,divvy_ea37f4aefb394a6c,Fort Dearborn Dr & 31st St,2013-07-23 19:55:00,41.838556,-87.608218,True,station,204044,same_key
divvy_ea401e3c563d63e6,Harvey Ave & North Ave,station,2022-05-09 15:25:36,41.91,-87.78,divvy_bbd69fa771a6a8bf,Harvey Ave & North Ave,2022-05-09 15:25:36,,,,station,16,retained_unlocated
divvy_ea562991dc750914,Clyde Ave & 87th St,station,2020-09-10 15:45:21,41.73715146431056,-87.57274031639099,divvy_ea562991dc750914,Clyde Ave & 87th St,2020-09-10 15:45:21,41.73715146431056,-87.57274031639099,True,station,1262,same_key
divvy_ea590fe7f437429a,DuSable Lake Shore Dr & Belmont Ave,station,2013-09-27 15:15:00,41.940775,-87.639192,divvy_ea590fe7f437429a,DuSable Lake Shore Dr & Belmont Ave,2013-09-27 15:15:00,41.940775,-87.639192,True,station,438280,same_key
divvy_ea5f5fe4248f1db5,May St & Randolph St,station,2013-06-27 11:09:00,41.88397,-87.655688,divvy_ea5f5fe4248f1db5,May St & Randolph St,2013-06-27 11:09:00,41.88397,-87.655688,True,station,40357,same_key
divvy_ea622f243beea7ef,Public Rack - Harvey Ave & North Ave,public_rack,2022-06-14 16:02:30,41.91,-87.78,divvy_fc05437122a21028,Public Rack - Harvey Ave & North Ave,2022-06-14 16:02:30,41.909264,-87.782265,True,public_rack,26,reassigned_or_rekeyed
divvy_ea8710d129174661,Eckhart Park,station,2013-06-28 20:55:00,41.89637337,-87.66098386,divvy_ea8710d129174661,Eckhart Park,2013-06-28 20:55:00,41.89637337,-87.66098386,True,station,187511,same_key
divvy_ea8ed85de7f453ab,Oak St Beach Public Rack - South,public_rack,2026-07-23 19:10:21.743000,41.9018549,-87.6222465,divvy_ea8ed85de7f453ab,Oak St Beach Public Rack - South,2026-07-23 19:10:21.743000,41.9018549,-87.6222465,True,public_rack,1699,same_key
divvy_ea9bf9d55a48fcd0,Wabash Ave & 59th St,station,2024-07-27 18:22:15.327000,41.787052970257335,-87.62402973196657,divvy_ea9bf9d55a48fcd0,Wabash Ave & 59th St,2024-07-27 18:22:15.327000,41.787052970257335,-87.62402973196657,True,station,384,same_key
divvy_eaa8c1a0e47aeb2c,Central Park Ave & Augusta Blvd,station,2026-04-25 11:43:17.850000,41.89894,-87.71649,divvy_eaa8c1a0e47aeb2c,Central Park Ave & Augusta Blvd,2026-04-25 11:43:17.850000,41.89894,-87.71649,True,station,433,same_key
divvy_eaaf073ed4a47dcd,Public Rack - 111th St - Morgan Park Metra,public_rack,2023-06-01 15:13:05,41.692738,-87.670569,divvy_eaaf073ed4a47dcd,Public Rack - 111th St - Morgan Park Metra,2022-09-21 14:20:03,41.692738,-87.670569,True,public_rack,207,same_key
divvy_eab3dc4aff43dcba,Kostner Ave & 63rd St,station,2023-06-02 16:33:33,41.77875,-87.73246,divvy_eab3dc4aff43dcba,Kostner Ave & 63rd St,2021-10-21 21:22:38,41.77875,-87.73246,True,station,923,same_key
divvy_eabfd69089a0c4b8,Southport Ave & Diversey Pkwy,station,2026-02-01 14:06:51.891000,41.93266,-87.66347,divvy_eabfd69089a0c4b8,Southport Ave & Diversey Pkwy,2026-02-01 14:06:51.891000,41.93266,-87.66347,True,station,8361,same_key
divvy_ead557bcaec06cc8,Public Rack - Northwest Hwy & Raven St,public_rack,2023-07-13 01:26:51,41.9927877,-87.799284,divvy_ead557bcaec06cc8,Public Rack - Northwest Hwy & Raven St,2023-07-13 01:26:51,41.9927877,-87.799284,True,public_rack,19,same_key
divvy_eadb38fbcfdd6e4a,Public Rack - Hamilton Park,public_rack,2023-07-31 13:03:44,41.76335,-87.637499,divvy_eadb38fbcfdd6e4a,Public Rack - Hamilton Park,2023-07-31 13:03:44,41.76335,-87.637499,True,public_rack,9,same_key
divvy_eae7cd7466ca9cdd,St Louis Ave & Norman Bobbins Ave,station,2023-06-03 17:42:55,41.794422,-87.71137,divvy_eae7cd7466ca9cdd,St Louis Ave & Norman Bobbins Ave,2021-09-22 07:47:53,41.794422,-87.71137,True,station,277,same_key
divvy_eafaac135235b8ae,Hale Ave & 111th St,station,2022-07-11 16:59:02,41.69,-87.67,divvy_861215c1425db9ba,Hale Ave & 111th St,2022-07-11 16:59:02,,,,station,2,retained_unlocated
divvy_eb0e3d5b8c9d4bab,Walden Pkwy & 103rd St,station,2022-05-09 21:47:55,41.71,-87.67,divvy_83d024ada3922d7f,Walden Pkwy & 103rd St,2022-05-09 21:47:55,,,,station,131,retained_unlocated
divvy_eb444d6c8bb316f6,Lowell Ave & Elston Ave,station,2022-05-09 18:52:15,41.97,-87.74,divvy_8fc0d4b08c681adf,Lowell Ave & Elston Ave,2022-05-09 18:52:15,,,,station,97,retained_unlocated
divvy_eb4df28d01bfd5d7,Paulina St & Diversey Pkwy,station,2013-07-29 15:36:00,41.93186,-87.67079,divvy_eb4df28d01bfd5d7,Paulina St & Diversey Pkwy,2013-07-29 15:36:00,41.93186,-87.67079,True,station,3173,same_key
divvy_eb688d24b68ff52d,Cicero Ave & Roscoe St,station,2022-05-10 17:50:22,41.94,-87.75,divvy_f757a0c473e97bfc,Cicero Ave & Roscoe St,2022-05-10 17:50:22,,,,station,35,retained_unlocated
divvy_eb6f305f6e67b77b,Public Rack - California Ave & Cortez St,public_rack,2022-06-14 17:22:09,41.9,-87.7,divvy_daeff0eaf803d650,Public Rack - California Ave & Cortez St,2022-06-14 17:22:09,41.900105,-87.696817,True,public_rack,756,reassigned_or_rekeyed
divvy_eb70d666034ed09a,Morgan St & 95th St,station,2022-06-25 16:25:18,41.72,-87.65,divvy_8f623785476932a4,Morgan St & 95th St,2022-06-25 16:25:18,,,,station,34,retained_unlocated
divvy_eb83a3e262f4905d,Divvy Valet - Oakwood Beach,station,2022-07-14 11:15:15,41.824464732036276,-87.59814485907555,divvy_eb83a3e262f4905d,Divvy Valet - Oakwood Beach,2022-07-14 11:15:15,41.824464732036276,-87.59814485907555,True,station,30,same_key
divvy_ebb8c38d460eab3e,Public Rack - Central Park Ave & Fillmore St,public_rack,2023-09-05 16:11:23,41.8680617,-87.7153897,divvy_ebb8c38d460eab3e,Public Rack - Central Park Ave & Fillmore St,2022-07-07 10:11:36,41.8680617,-87.7153897,True,public_rack,86,same_key
divvy_ebbf5df66a3cd673,Pulaski Rd & 60th St,station,2021-10-21 19:35:06,41.78,-87.72,divvy_0c7d9c0cc7749eaf,Pulaski Rd & 60th St,2021-10-21 19:35:06,41.784186,-87.722564,True,station,343,reassigned_or_rekeyed
divvy_ebdd6e31fe7d6beb,Public Rack - Milwaukee Ave & Higgins Ave,public_rack,2023-05-02 12:40:49,41.97,-87.76,divvy_6f3dadb26cc79014,Public Rack - Milwaukee Ave & Higgins Ave,2023-05-02 12:40:49,41.9685964,-87.7612092,True,public_rack,43,reassigned_or_rekeyed
divvy_ec01da9224ada600,Vincennes Ave & 104th St,station,2020-10-08 13:24:57,41.70492556499764,-87.65686810958869,divvy_ec01da9224ada600,Vincennes Ave & 104th St,2020-10-08 13:24:57,41.70492556499764,-87.65686810958869,True,station,1165,same_key
divvy_ec05f471a21276e7,Spaulding Ave & Milwaukee Ave,station,2025-12-02 17:18:44.529000,41.93089,-87.71072,divvy_ec05f471a21276e7,Spaulding Ave & Milwaukee Ave,2025-12-02 17:18:44.529000,41.93089,-87.71072,True,station,6041,same_key
divvy_ec06dc3e2f2a6bd0,Public Rack - Newcastle Ave & Belden Ave,public_rack,2023-02-25 14:35:43,41.92,-87.8,divvy_92183fc2e749d0c1,Public Rack - Newcastle Ave & Belden Ave,2023-02-25 14:35:43,41.921017,-87.797388,True,public_rack,14,reassigned_or_rekeyed
divvy_ec280216d500366f,Public Rack - Kildare Ave & Division St,public_rack,2022-06-16 12:24:45,41.9,-87.73,divvy_d9fd13d54d0419e4,Public Rack - Kildare Ave & Division St,2022-06-16 12:24:45,,,,public_rack,161,retained_unlocated
divvy_ec378c37586a88dc,Public Rack - Milwaukee Ave & Pensacola Ave,public_rack,2023-06-01 20:40:53,41.9595108,-87.7533958,divvy_ec378c37586a88dc,Public Rack - Milwaukee Ave & Pensacola Ave,2023-05-09 14:42:01,41.9595108,-87.7533958,True,public_rack,249,same_key
divvy_ec498955921d3af7,Ashland Ave & 74th St,station,2020-08-22 23:42:41,41.75923602425868,-87.66347408294678,divvy_ec498955921d3af7,Ashland Ave & 74th St,2020-08-22 23:42:41,41.75923602425868,-87.66347408294678,True,station,1132,same_key
divvy_ec5c63e310b92a9d,Public Rack - Leland Ave & Melvina Ave,public_rack,2023-05-06 16:39:59,41.9658376,-87.7822336,divvy_ec5c63e310b92a9d,Public Rack - Leland Ave & Melvina Ave,2023-05-06 16:39:59,41.9658376,-87.7822336,True,public_rack,38,same_key
divvy_ec5d3e89da7d8f41,Halsted St & 76th St,station,2022-07-03 17:26:51,41.76,-87.64,divvy_1dbecebdaaf3b411,Halsted St & 76th St,2022-07-03 17:26:51,,,,station,28,retained_unlocated
divvy_ec6fce403565bdb9,Lawndale Ave & Polk St,station,2022-05-16 09:33:29,41.87,-87.72,divvy_4ea9c76d0b7c81e7,Lawndale Ave & Polk St,2022-05-16 09:33:29,,,,station,2,retained_unlocated
divvy_ec8c708e80631841,Kedvale Ave & Addison St,station,2022-05-20 13:56:35,41.95,-87.73,divvy_ef235952bd74bb6c,Kedvale Ave & Addison St,2022-05-20 13:56:35,,,,station,9,retained_unlocated
divvy_ec9e78daf9c9a05c,Public Rack - Milwaukee Ave & Culyer Ave,public_rack,2023-06-06 21:24:48,41.9546801,-87.7494235,divvy_ec9e78daf9c9a05c,Public Rack - Milwaukee Ave & Culyer Ave,2023-05-02 21:03:02,41.9546801,-87.7494235,True,public_rack,450,same_key
divvy_ecab86957b2eff97,Hamlin Ave & 62nd Pl,station,2021-10-09 14:53:17,41.78,-87.72,divvy_caf7c05d7696ee0a,Hamlin Ave & 62nd Pl,2021-10-09 14:53:17,41.77987,-87.71783,True,station,523,reassigned_or_rekeyed
divvy_ecb41153c338f15e,Pine Grove Ave & Belmont Ave,station,2026-06-08 20:14:09.143000,41.94002,-87.64166,divvy_ecb41153c338f15e,Pine Grove Ave & Belmont Ave,2026-06-08 20:14:09.143000,41.94002,-87.64166,True,station,4041,same_key
divvy_ecb8aad5beb08a0d,California Ave & Fletcher St,station,2015-05-04 18:10:00,41.93842879148,-87.698007756,divvy_ecb8aad5beb08a0d,California Ave & Fletcher St,2015-05-04 18:10:00,41.93842879148,-87.698007756,True,station,60677,same_key
divvy_ecce848de6b62582,State St & 45th St,station,2024-06-27 11:38:05.666000,41.81313,-87.62585,divvy_ecce848de6b62582,State St & 45th St,2024-06-27 11:38:05.666000,41.81313,-87.62585,True,station,571,same_key
divvy_ece751f4b78634a8,Roscoe & Harlem,station,2021-08-25 00:36:01,41.94,-87.81,divvy_1582f84b631f9fa6,Roscoe & Harlem,2021-08-25 00:36:01,41.9416062,-87.8072964,True,station,290,reassigned_or_rekeyed
divvy_ecf7049b4d534615,Narragansett Ave & Montrose Ave,station,2024-08-07 06:38:20.169000,41.959978,-87.786928,divvy_ecf7049b4d534615,Narragansett Ave & Montrose Ave,2024-08-07 06:38:20.169000,41.959978,-87.786928,True,station,1163,same_key
divvy_ed20da5cc925aedd,Harding Ave & 26th St,station,2023-06-01 13:09:55,41.844218,-87.723347,divvy_ed20da5cc925aedd,Harding Ave & 26th St,2021-08-05 16:47:05,41.844218,-87.723347,True,station,763,same_key
divvy_ed29384f261506e4,California Ave & Francis Pl,station,2013-09-03 10:51:00,41.91849115368695,-87.69742280244827,divvy_ed29384f261506e4,California Ave & Francis Pl,2013-09-03 10:51:00,41.91849115368695,-87.69742280244827,True,station,104495,same_key
divvy_ed3cd1c072891646,Public Rack - Hyde Park Blvd & 55th St,public_rack,2023-06-03 10:29:50,41.795,-87.584113,divvy_ed3cd1c072891646,Public Rack - Hyde Park Blvd & 55th St,2022-09-07 18:52:28,41.795,-87.584113,True,public_rack,2651,same_key
divvy_ed4b33ef116fdd9e,Public Rack - Yale Ave & 119th St,public_rack,2024-09-06 08:20:59.078000,41.677795,-87.629077,divvy_ed4b33ef116fdd9e,Public Rack - Yale Ave & 119th St,2023-04-15 11:06:08,41.677795,-87.629077,True,public_rack,3,same_key
divvy_ed4e576cc1c91701,Public Rack - Walden Pkwy & 103rd St,public_rack,2023-06-01 09:40:57,41.706205,-87.668965,divvy_06b63e81d386b40c,Public Rack - Walden Pkwy & 103rd St,2022-09-13 15:35:50,41.706205,-87.668965,True,public_rack,501,reassigned_or_rekeyed
divvy_ed4f960939c9c8df,Public Rack - Normal Ave & 111th St,public_rack,2023-06-09 23:41:35,41.692303,-87.635478,divvy_ed4f960939c9c8df,Public Rack - Normal Ave & 111th St,2022-07-13 07:55:47,41.692303,-87.635478,True,public_rack,97,same_key
divvy_ed9cb4e884e517c2,Public Rack - Michigan Ave & 107th St,public_rack,2022-07-07 12:30:30,41.699671,-87.621034,divvy_ed9cb4e884e517c2,Public Rack - Michigan Ave & 107th St,2022-07-07 12:30:30,41.699671,-87.621034,True,public_rack,43,same_key
divvy_eda1cf8a4907bf8a,Public Rack - Back of the Yards Park,public_rack,2024-03-09 16:42:52,41.804381,-87.657742,divvy_eda1cf8a4907bf8a,Public Rack - Back of the Yards Park,2024-03-09 16:42:52,41.804381,-87.657742,True,public_rack,11,same_key
divvy_eda9d1f8672ed61f,Public Rack - Laflin St &51st ST,public_rack,2023-05-24 14:01:22,41.801354,-87.662076,divvy_eda9d1f8672ed61f,Public Rack - Laflin St &51st ST,2022-09-13 00:34:18,41.801354,-87.662076,True,public_rack,52,same_key
divvy_edd4c5039288b8aa,Public Rack - La Moyne Ave and Leamington Ave,public_rack,2022-07-22 18:01:45,41.91,-87.75,divvy_976c9b293ed713b2,Public Rack - La Moyne Ave and Leamington Ave,2022-07-22 18:01:45,41.906866,-87.754447,True,public_rack,15,reassigned_or_rekeyed
divvy_ee1bd7a8eeaf0ff3,Public Rack - Pulaski Rd & 41st,public_rack,2023-02-07 13:47:21,41.82,-87.72,divvy_4b244bf43f1614d2,Public Rack - Pulaski Rd & 41st,2023-02-07 13:47:21,41.81791,-87.72413,True,public_rack,2,reassigned_or_rekeyed
divvy_ee2dfeb4caf1ebb0,Richmond St & Lincoln Ave,station,2023-06-01 16:27:39,41.9881174,-87.7031754,divvy_ee2dfeb4caf1ebb0,Richmond St & Lincoln Ave,2021-11-06 16:53:33,41.9881174,-87.7031754,True,station,2364,same_key
divvy_ee3e1b45cfaa3ffc,Public Rack - Abbott Park,public_rack,2022-09-18 00:11:03,41.72,-87.62,divvy_12425d9eb525407e,Public Rack - Abbott Park,2022-09-18 00:11:03,41.721696,-87.622278,True,public_rack,9,reassigned_or_rekeyed
divvy_ee5af1bb0356395f,Sangamon St & Washington Blvd,station,2013-08-02 17:37:00,41.883165,-87.6511,divvy_ee5af1bb0356395f,Sangamon St & Washington Blvd,2013-08-02 17:37:00,41.883165,-87.6511,True,station,212420,same_key
divvy_ee5c620d1e0f185e,Halsted St & 111th St,station,2020-09-19 09:22:59,41.69226255589166,-87.64261186122894,divvy_ee5c620d1e0f185e,Halsted St & 111th St,2020-09-19 09:22:59,41.69226255589166,-87.64261186122894,True,station,1352,same_key
divvy_ee5d82470bcdc957,Public Rack - Halsted St & 109th St,public_rack,2022-07-16 06:23:38,41.7,-87.64,divvy_17bb7eac556037a3,Public Rack - Halsted St & 109th St,2022-07-16 06:23:38,41.695655,-87.642804,True,public_rack,7,reassigned_or_rekeyed
divvy_ee60c9a59017c127,Clark St & Elm St,station,2013-08-01 14:48:00,41.90297,-87.6313,divvy_ee60c9a59017c127,Clark St & Elm St,2013-08-01 14:48:00,41.90297,-87.6313,True,station,732412,same_key
divvy_ee76a597cd8b5239,Public Rack - Emerald Ave & 45th St,public_rack,2023-07-01 18:55:23,41.812381,-87.644633,divvy_ee76a597cd8b5239,Public Rack - Emerald Ave & 45th St,2022-10-06 00:28:04,41.812381,-87.644633,True,public_rack,104,same_key
divvy_ee7aaeefd9cbc253,Eastlake Ter & Rogers Ave,station,2016-07-07 17:20:27,42.0208872805206,-87.66505792737007,divvy_ee7aaeefd9cbc253,Eastlake Ter & Rogers Ave,2016-07-07 17:20:27,42.0208872805206,-87.66505792737007,True,station,30142,same_key
divvy_ee827426899917d9,Christiana Ave & Bryn Mawr Ave,station,2022-05-17 15:44:18,41.98,-87.71,divvy_26af597fea398902,Christiana Ave & Bryn Mawr Ave,2022-05-17 15:44:18,,,,station,4,retained_unlocated
divvy_ee8c89b85ac59c8b,Public Rack - Western Ave & 118th St,public_rack,2022-09-24 13:52:36,41.68,-87.68,divvy_2c2a93d487bffa0b,Public Rack - Western Ave & 118th St,2022-09-24 13:52:36,41.678349,-87.680919,True,public_rack,18,reassigned_or_rekeyed
divvy_ee8d2e6de5db8c1a,South Chicago Ave & Elliot Ave,station,2019-03-21 14:46:16,41.747363,-87.580046,divvy_ee8d2e6de5db8c1a,South Chicago Ave & Elliot Ave,2019-03-21 14:46:16,41.747363,-87.580046,True,station,363,same_key
divvy_eeab54d2c134ac6c,Public Rack - Yates Blvd & Exchange Ave,public_rack,2023-06-20 20:15:26,41.765088,-87.565918,divvy_eeab54d2c134ac6c,Public Rack - Yates Blvd & Exchange Ave,2023-06-20 20:15:26,41.765088,-87.565918,True,public_rack,9,same_key
divvy_eeadb84c5bf63bdd,Public Rack - Harvard Ave & 119th St,public_rack,2022-12-30 22:18:15,41.68,-87.63,divvy_dccee61c0e625899,Public Rack - Harvard Ave & 119th St,2022-12-30 22:18:15,41.678227,-87.630775,True,public_rack,28,reassigned_or_rekeyed
divvy_eec3fd36c4489c1f,Public Rack - Kedzie Ave & Archer Ave,public_rack,2023-01-03 00:14:08,41.81,-87.71,divvy_8f9c879386a75fb6,Public Rack - Kedzie Ave & Archer Ave,2022-08-31 17:25:00,41.81359,-87.70478,True,public_rack,3,reassigned_or_rekeyed
divvy_eec4b32fe54436fc,Public Rack - 63rd St & Meade Ave,public_rack,2025-03-29 16:35:05.553000,41.778672,-87.7748374,divvy_eec4b32fe54436fc,Public Rack - 63rd St & Meade Ave,2025-03-29 16:35:05.553000,41.778672,-87.7748374,True,public_rack,4,same_key
divvy_eecd4b317aee303b,Loomis St & 95th St,station,2024-11-12 18:33:23.365000,41.72148,-87.65774,divvy_eecd4b317aee303b,Loomis St & 95th St,2024-11-12 18:33:23.365000,41.72148,-87.65774,True,station,159,same_key
divvy_eedcb3c01f6cd9f2,Public Rack - Pulaski Rd & 44th St,public_rack,2023-06-02 08:21:50,41.8129,-87.7225,divvy_eedcb3c01f6cd9f2,Public Rack - Pulaski Rd & 44th St,2022-08-31 05:54:17,41.8129,-87.7225,True,public_rack,865,same_key
divvy_eeec0e8b43f70f91,Damen Ave & Cullerton St,station,2013-07-24 13:00:00,41.854966518753926,-87.67569959163664,divvy_eeec0e8b43f70f91,Damen Ave & Cullerton St,2013-07-24 13:00:00,41.854966518753926,-87.67569959163664,True,station,59827,same_key
divvy_eef166a0e9fe082e,Oak Park Ave & Wellington Ave,station,2026-04-10 12:46:21.601000,41.93459,-87.79586,divvy_eef166a0e9fe082e,Oak Park Ave & Wellington Ave,2026-04-10 12:46:21.601000,41.93459,-87.79586,True,station,161,same_key
divvy_ef07a3d6996533a3,Public Rack - James Madison School,public_rack,2023-02-12 09:47:35,41.759876,-87.590638,divvy_ef07a3d6996533a3,Public Rack - James Madison School,2023-02-12 09:47:35,41.759876,-87.590638,True,public_rack,8,same_key
divvy_ef1d1fdfb95db99b,Public Rack - Yale Ave & 119th St,public_rack,2023-04-15 11:06:08,41.68,-87.63,divvy_ed4b33ef116fdd9e,Public Rack - Yale Ave & 119th St,2023-04-15 11:06:08,41.677795,-87.629077,True,public_rack,4,reassigned_or_rekeyed
divvy_ef22356a57567082,Public Rack - Western Ave & 106th St - East,public_rack,2022-09-08 11:48:58,41.700576,-87.681294,divvy_ef22356a57567082,Public Rack - Western Ave & 106th St - East,2022-09-08 11:48:58,41.700576,-87.681294,True,public_rack,47,same_key
divvy_ef845ea1e25a545e,Indiana Ave & 103rd St,station,2020-08-20 16:52:16,41.70717027117756,-87.6184719800949,divvy_ef845ea1e25a545e,Indiana Ave & 103rd St,2020-08-20 16:52:16,41.70717027117756,-87.6184719800949,True,station,1367,same_key
divvy_ef9260b8f5922bb4,Maplewood Ave & 59th St,station,2021-09-23 13:03:13,41.79,-87.69,divvy_8310fa7655631fef,Maplewood Ave & 59th St,2021-09-23 13:03:13,41.78633,-87.68743,True,station,312,reassigned_or_rekeyed
divvy_ef9b228c92821cef,Public Rack - Pullman - Walmart,public_rack,2022-09-02 16:31:45,41.7,-87.6,divvy_7c6d935f4e63acd6,Public Rack - Pullman - Walmart,2022-09-02 16:31:45,41.69696,-87.59829,True,public_rack,40,reassigned_or_rekeyed
divvy_ef9fdad59ad051e0,Public Rack - Western Ave & 107th St,public_rack,2023-09-30 17:02:04,41.698728,-87.681558,divvy_ef9fdad59ad051e0,Public Rack - Western Ave & 107th St,2022-08-15 16:48:33,41.698728,-87.681558,True,public_rack,27,same_key
divvy_efa2794da4e2b1ae,Public Rack - Ashland Ave & 45th St,public_rack,2024-06-20 11:43:44.788000,41.811958,-87.664862,divvy_efa2794da4e2b1ae,Public Rack - Ashland Ave & 45th St,2022-09-07 08:31:21,41.811958,-87.664862,True,public_rack,13,same_key
divvy_efa7c35237dce9b9,Public Rack - Lawndale Ave & 23rd St,public_rack,2022-09-05 16:02:13,41.85,-87.72,divvy_b97d9b580af23fce,Public Rack - Lawndale Ave & 23rd St,2022-09-05 16:02:13,41.849956,-87.716712,True,public_rack,46,reassigned_or_rekeyed
divvy_f002b99ba3a8f335,Public Rack - Loomis Blvd & 47th St,public_rack,2022-11-16 09:06:21,41.808746,-87.66026,divvy_f002b99ba3a8f335,Public Rack - Loomis Blvd & 47th St,2022-11-16 09:06:21,41.808746,-87.66026,True,public_rack,79,same_key
divvy_f025611b5ba8cd39,Green St & 86th St,station,2020-08-15 10:14:31,41.737848476733404,-87.64489978551863,divvy_f025611b5ba8cd39,Green St & 86th St,2020-08-15 10:14:31,41.737848476733404,-87.64489978551863,True,station,1158,same_key
divvy_f02853b40bed54ac,Damen Ave & Chicago Ave,station,2013-08-03 19:09:00,41.8956873705344,-87.67713508286369,divvy_f02853b40bed54ac,Damen Ave & Chicago Ave,2013-08-03 19:09:00,41.8956873705344,-87.67713508286369,True,station,272435,same_key
divvy_f0337a9c7c712206,Ewing Ave & 106th St,station,2022-05-09 17:52:37,41.7,-87.54,divvy_4845663fb8b1756c,Ewing Ave & 106th St,2022-05-09 17:52:37,41.70266,-87.53564,True,station,15,reassigned_or_rekeyed
divvy_f040ce570b866769,Public Rack - Wells St & Schiller St,public_rack,2026-05-01 19:31:33.551000,41.90755273,-87.63451269,divvy_f040ce570b866769,Public Rack - Wells St & Schiller St,2026-05-01 19:31:33.551000,41.90755273,-87.63451269,True,public_rack,1193,same_key
divvy_f044d27f90f8d6c5,Public Rack - Aida Food Market,public_rack,2023-08-19 00:48:12,41.749889255,-87.64396596,divvy_f044d27f90f8d6c5,Public Rack - Aida Food Market,2022-09-21 07:33:24,41.749889255,-87.64396596,True,public_rack,18,same_key
divvy_f075409d101d984d,Aberdeen St & Jackson Blvd,station,2013-06-28 08:03:00,41.87772613,-87.65478743,divvy_f075409d101d984d,Aberdeen St & Jackson Blvd,2013-06-28 08:03:00,41.87772613,-87.65478743,True,station,292680,same_key
divvy_f07ae78bb0340ea8,Cornell Dr & Hayes Dr,station,2018-12-24 12:26:49,41.780595,-87.584846,divvy_f07ae78bb0340ea8,Cornell Dr & Hayes Dr,2018-12-24 12:26:49,41.780595,-87.584846,True,station,2821,same_key
divvy_f0a8a1e0969a1c29,Ravenswood Ave & Lawrence Ave,station,2014-07-01 03:58:00,41.968445,-87.674226,divvy_f0a8a1e0969a1c29,Ravenswood Ave & Lawrence Ave,2014-07-01 03:58:00,41.968445,-87.674226,True,station,353074,same_key
divvy_f0d7fe30c4d63d6e,Public Rack - Laflin St &51st ST,public_rack,2022-09-13 00:34:18,41.8,-87.66,divvy_eda9d1f8672ed61f,Public Rack - Laflin St &51st ST,2022-09-13 00:34:18,41.801354,-87.662076,True,public_rack,5,reassigned_or_rekeyed
divvy_f0e279949b5a9338,Kildare Ave & 47th St,station,2023-06-05 21:19:40,41.80762,-87.73084,divvy_f0e279949b5a9338,Kildare Ave & 47th St,2021-11-10 15:53:51,41.80762,-87.73084,True,station,685,same_key
divvy_f0e395a832c25a12,Stony Island Ave & 64th St,station,2015-05-08 11:01:00,41.778881,-87.586647,divvy_f0e395a832c25a12,Stony Island Ave & 64th St,2015-05-08 11:01:00,41.778881,-87.586647,True,station,7748,same_key
divvy_f0e4cfe00ab7e844,Cottage Grove Ave & 91st St,station,2022-05-21 20:42:50,41.73,-87.6,divvy_0719728012e579f8,Cottage Grove Ave & 91st St,2022-05-21 20:42:50,,,,station,8,retained_unlocated
divvy_f0f990466a7b570b,Campbell Ave & 51st St,station,2021-10-20 07:37:43,41.8,-87.69,divvy_252c14e041f4fee0,Campbell Ave & 51st St,2021-10-20 07:37:43,41.80094,-87.68676,True,station,293,reassigned_or_rekeyed
divvy_f10177140706368b,Public Rack - Hamlin Ave & Chicago Ave,public_rack,2022-06-16 05:37:43,41.9,-87.72,divvy_ca275970d0f484f4,Public Rack - Hamlin Ave & Chicago Ave,2022-06-16 05:37:43,41.895201,-87.721541,True,public_rack,31,reassigned_or_rekeyed
divvy_f10a243369df561a,Public Rack - Buffalo Ave & 133rd St,public_rack,2024-04-14 17:51:36,41.65428,-87.543539,divvy_f10a243369df561a,Public Rack - Buffalo Ave & 133rd St,2022-12-06 14:01:44,41.65428,-87.543539,True,public_rack,22,same_key
divvy_f10dc0185405a3c7,Public Rack - Kildare Ave & North Ave,public_rack,2022-09-16 23:35:13,41.91,-87.73,divvy_89b5b2a44c9fddaf,Public Rack - Kildare Ave & North Ave,2022-09-16 23:35:13,41.909866,-87.73399,True,public_rack,38,reassigned_or_rekeyed
divvy_f1214f3b9a845ea9,Woodlawn & 103rd,station,2023-05-23 18:34:39,41.707338,-87.59399,divvy_343c2af5d27156df,Woodlawn & 103rd,2021-04-03 09:26:53,41.707338,-87.59399,True,station,195,reassigned_or_rekeyed
divvy_f13119eb43e139d0,Kedvale Ave & 63rd St,station,2022-05-12 16:24:56,41.78,-87.73,divvy_f62876a4fcfe8169,Kedvale Ave & 63rd St,2022-05-12 16:24:56,,,,station,20,retained_unlocated
divvy_f14c526e4c4224f3,Public Rack - Kenton Ave & Palmer St,public_rack,2022-06-14 14:35:27,41.92,-87.74,divvy_3d4458987937da13,Public Rack - Kenton Ave & Palmer St,2022-06-14 14:35:27,41.9206781,-87.7419523,True,public_rack,419,reassigned_or_rekeyed
divvy_f165dd481fd59415,Stockton Dr & Wrightwood Ave,station,2013-10-03 18:07:00,41.93132,-87.638742,divvy_f165dd481fd59415,Stockton Dr & Wrightwood Ave,2013-10-03 18:07:00,41.93132,-87.638742,True,station,319364,same_key
divvy_f16b2223200c34c6,Chase Ave & Touhy Ave - NW,station,2022-05-11 15:16:23,42.01,-87.69,divvy_72c0eabea019317a,Chase Ave & Touhy Ave - NW,2022-05-11 15:16:23,,,,station,8,retained_unlocated
divvy_f177758dc28aedf2,Broadway & Argyle St,station,2013-09-18 23:54:00,41.97423,-87.6597735,divvy_f177758dc28aedf2,Broadway & Argyle St,2013-09-18 23:54:00,41.97423,-87.6597735,True,station,158774,same_key
divvy_f17e81795ffae1b3,McClurg Ct & Ohio St,station,2021-12-13 19:51:03,41.892592119709725,-87.61728912591934,divvy_f17e81795ffae1b3,McClurg Ct & Ohio St,2021-12-13 19:51:03,41.892592119709725,-87.61728912591934,True,station,206416,same_key
divvy_f1a98dd0c392f3c1,Public Rack - Wells St & Ontario St,public_rack,2026-05-02 17:13:11.376000,41.89338454,-87.63401972,divvy_f1a98dd0c392f3c1,Public Rack - Wells St & Ontario St,2026-05-02 17:13:11.376000,41.89338454,-87.63401972,True,public_rack,430,same_key
divvy_f1acb645b91f4701,Public Rack - Western Ave & 111th St - SE,public_rack,2023-10-04 20:07:48,41.691665,-87.681022,divvy_f1acb645b91f4701,Public Rack - Western Ave & 111th St - SE,2023-01-15 20:22:39,41.691665,-87.681022,True,public_rack,18,same_key
divvy_f1e45064fdff0dd3,Wentworth Ave & 35th St,station,2016-07-11 15:46:28,41.830777,-87.632504,divvy_f1e45064fdff0dd3,Wentworth Ave & 35th St,2016-07-11 15:46:28,41.830777,-87.632504,True,station,36855,same_key
divvy_f21590714cd5a2d8,Public Rack - Central Ave & North Ave,public_rack,2022-06-15 22:16:43,41.91,-87.77,divvy_99f9411225de44e0,Public Rack - Central Ave & North Ave,2022-06-15 22:16:43,41.909414,-87.765817,True,public_rack,47,reassigned_or_rekeyed
divvy_f22a428c8185fdd3,Damen Ave/Coulter St,station,2023-10-11 11:25:20,41.8492,-87.67564,divvy_f22a428c8185fdd3,Damen Ave/Coulter St,2023-10-11 11:25:20,41.8492,-87.67564,True,station,3431,same_key
divvy_f23f885ed96ee172,Archer Ave & 43rd St,station,2021-09-30 14:36:27,41.82,-87.7,divvy_370b878446605715,Archer Ave & 43rd St,2021-09-30 14:36:27,41.8154913,-87.7024412,True,station,527,reassigned_or_rekeyed
divvy_f2430a96b893784b,North Ave Beach Pedestrian Bridge,station,2026-07-20 13:16:33.919000,41.915633,-87.628214,divvy_f2430a96b893784b,North Ave Beach Pedestrian Bridge,2026-07-20 13:16:33.919000,41.915633,-87.628214,True,station,5184,same_key
divvy_f24d841a068c9563,Steelworkers Park,station,2022-03-01 18:21:43,41.74,-87.53,divvy_5eb2bcb6c85cdb53,Steelworkers Park,2022-03-01 18:21:43,41.73793,-87.53091,True,station,167,reassigned_or_rekeyed
divvy_f2530f2d5392640b,New England Ave & Grace St,station,2022-06-13 16:00:05,41.95,-87.8,divvy_75aebe02278dd90a,New England Ave & Grace St,2022-06-13 16:00:05,,,,station,6,retained_unlocated
divvy_f270f4c660700f1c,Sacramento Blvd & Washington Blvd,station,2022-06-11 19:02:28,41.88,-87.7,divvy_3129f5acc22264f0,Sacramento Blvd & Washington Blvd,2022-06-11 19:02:28,,,,station,12,retained_unlocated
divvy_f2818c3fca008910,Public Rack - Sawyer Ave & Bryn Mawr Ave - SE,public_rack,2022-06-28 14:27:55,41.98,-87.71,divvy_71c3ec6852a6e1f9,Public Rack - Sawyer Ave & Bryn Mawr Ave - SE,2022-06-28 14:27:55,41.9830174,-87.7096999,True,public_rack,24,reassigned_or_rekeyed
divvy_f285810080d55506,Ada St & 117th St,station,2022-07-06 16:03:02,41.68,-87.66,divvy_b0d5401225742435,Ada St & 117th St,2022-07-06 16:03:02,,,,station,4,retained_unlocated
divvy_f29386b412c7b641,Steelworkers Park (Updated),station,2025-03-09 16:19:19.874000,41.737948,-87.530836,divvy_f29386b412c7b641,Steelworkers Park (Updated),2025-03-09 16:19:19.874000,41.737948,-87.530836,True,station,57,same_key
divvy_f2c5336c1f91b1bf,North Ave Public Rack - 5,public_rack,2026-07-23 17:36:15.090000,41.9177217,-87.6282882,divvy_f2c5336c1f91b1bf,North Ave Public Rack - 5,2026-07-23 17:36:15.090000,41.9177217,-87.6282882,True,public_rack,233,same_key
divvy_f2d3545c0edd0bfb,Public Rack - Ashland Ave & 45th St S,public_rack,2022-09-06 15:32:14,41.81,-87.66,divvy_009745746cbfc555,Public Rack - Ashland Ave & 45th St S,2022-09-06 15:32:14,41.811169,-87.66474,True,public_rack,6,reassigned_or_rekeyed
divvy_f2e41a348c20f1fb,Clark St & Columbia Ave,station,2015-05-12 15:14:00,42.00445062934,-87.6724024047,divvy_f2e41a348c20f1fb,Clark St & Columbia Ave,2015-05-12 15:14:00,42.00445062934,-87.6724024047,True,station,47027,same_key
divvy_f2f999c23211a8d6,Clark St & Newport St,station,2018-11-13 14:58:40,41.94454,-87.654678,divvy_f2f999c23211a8d6,Clark St & Newport St,2018-11-13 14:58:40,41.94454,-87.654678,True,station,265904,same_key
divvy_f2fcfb5aad125fe2,Public Rack - 10101 S Stony Island Ave,public_rack,2022-12-01 19:19:10,41.71,-87.58,divvy_e64c6bfaac893205,Public Rack - 10101 S Stony Island Ave,2022-12-01 19:19:10,41.70838,-87.581455,True,public_rack,1,reassigned_or_rekeyed
divvy_f30ad1c7d1cfe79f,Public Rack - Ewing Ave & 107th St,public_rack,2023-07-18 20:22:31,41.700378,-87.535276,divvy_f30ad1c7d1cfe79f,Public Rack - Ewing Ave & 107th St,2022-07-28 19:51:59,41.700378,-87.535276,True,public_rack,95,same_key
divvy_f328cfea2218f333,Public Rack - Pullman Community Center,public_rack,2023-05-28 10:22:35,41.70428,-87.59313,divvy_f328cfea2218f333,Public Rack - Pullman Community Center,2022-09-26 09:57:11,41.70428,-87.59313,True,public_rack,31,same_key
divvy_f33c58f56baca2f2,Public Rack - Komensky Ave & 59th St,public_rack,2022-10-24 01:10:45,41.79,-87.72,divvy_14d8164e4499dd13,Public Rack - Komensky Ave & 59th St,2022-10-24 01:10:45,41.786049,-87.723645,True,public_rack,6,reassigned_or_rekeyed
divvy_f349695d48a925d4,Public Rack - St Louis & Lincoln,public_rack,2023-05-13 16:33:34,41.995652,-87.716328,divvy_f349695d48a925d4,Public Rack - St Louis & Lincoln,2023-05-13 16:33:34,41.995652,-87.716328,True,public_rack,230,same_key
divvy_f352fb5f1baa6be9,Paulina St & 18th St,station,2013-08-13 14:48:00,41.857901,-87.668745,divvy_f352fb5f1baa6be9,Paulina St & 18th St,2013-08-13 14:48:00,41.857901,-87.668745,True,station,102492,same_key
divvy_f35d349f25595bfb,Kedzie Ave & 52nd St,station,2021-09-13 19:42:16,41.8,-87.7,divvy_33e135d72e57a445,Kedzie Ave & 52nd St,2021-09-13 19:42:16,41.79906,-87.70342,True,station,688,reassigned_or_rekeyed
divvy_f3adedb17150c1dd,Canal St & Madison St,station,2013-07-27 11:58:00,41.882409,-87.639767,divvy_f3adedb17150c1dd,Canal St & Madison St,2013-07-27 11:58:00,41.882409,-87.639767,True,station,675868,same_key
divvy_f3bfadcfbda1d264,Wood St & Taylor St,station,2020-09-01 04:17:11,41.869265218438194,-87.67373085021973,divvy_f3bfadcfbda1d264,Wood St & Taylor St,2020-09-01 04:17:11,41.869265218438194,-87.67373085021973,True,station,73038,same_key
divvy_f3da461aaef0f90a,Western Ave & 62nd St,station,2021-09-23 18:19:30,41.78,-87.68,divvy_1e44dc849dd604ec,Western Ave & 62nd St,2021-09-23 18:19:30,41.780985,-87.6834204,True,station,138,reassigned_or_rekeyed
divvy_f3ee58f90d40f95e,Orange & Addison,station,2021-09-02 17:37:18,41.94,-87.82,divvy_2d5fbd47e3becd14,Orange & Addison,2021-09-02 17:37:18,41.9448846,-87.82423,True,station,800,reassigned_or_rekeyed
divvy_f3f05af9535f8309,Washtenaw Ave & Polk St,station,2023-06-01 00:54:52,41.87114,-87.69377,divvy_f3f05af9535f8309,Washtenaw Ave & Polk St,2021-11-08 16:20:13,41.87114,-87.69377,True,station,2988,same_key
divvy_f3f9bce222d54cad,Damen Ave & Lake St,station,2024-08-05 08:27:49.029000,41.8849659,-87.6768354,divvy_f3f9bce222d54cad,Damen Ave & Lake St,2024-08-05 08:27:49.029000,41.8849659,-87.6768354,True,station,18059,same_key
divvy_f409cadbcb74290c,Central Ave & Parker Ave,station,2023-06-02 11:02:13,41.93018,-87.76612,divvy_72a7b00f7de714c1,Central Ave & Parker Ave,2021-07-31 00:48:21,41.93018,-87.76612,True,station,1249,reassigned_or_rekeyed
divvy_f4221aecc3be6952,Public Rack - Osceola Ave & Touhy Ave,public_rack,2023-07-05 02:00:06,42.0119181,-87.8126378,divvy_f4221aecc3be6952,Public Rack - Osceola Ave & Touhy Ave,2023-05-11 10:05:16,42.0119181,-87.8126378,True,public_rack,35,same_key
divvy_f45f6f4e26407f40,Springfield Ave & 81st PL,station,2026-07-15 19:45:19.854000,41.74501,-87.71906,divvy_f45f6f4e26407f40,Springfield Ave & 81st PL,2026-07-15 19:45:19.854000,41.74501,-87.71906,True,station,9,same_key
divvy_f463fe35036e536b,Theater on the Lake Public Rack - East,public_rack,2026-07-23 17:23:16.416000,41.9269768,-87.6301854,divvy_f463fe35036e536b,Theater on the Lake Public Rack - East,2026-07-23 17:23:16.416000,41.9269768,-87.6301854,True,public_rack,706,same_key
divvy_f4641e4a7d5f459b,Public Rack - 61st St & Melvina Ave,public_rack,2023-05-11 16:41:23,41.78,-87.78,divvy_c582d8b96bb1ce6f,Public Rack - 61st St & Melvina Ave,2023-05-11 16:41:23,41.780658,-87.776651,True,public_rack,21,reassigned_or_rekeyed
divvy_f469853eb99b1166,Public Rack - Eggleston Ave & 114th St,public_rack,2024-06-04 11:12:00.179000,41.686642,-87.633547,divvy_f469853eb99b1166,Public Rack - Eggleston Ave & 114th St,2024-06-04 11:12:00.179000,41.686642,-87.633547,True,public_rack,4,same_key
divvy_f48a3cf2b2ed9779,Public Rack - Woodlawn Ave & 63rd St S,public_rack,2022-06-08 09:49:31,41.78,-87.6,divvy_2f0c38c114b271c9,Public Rack - Woodlawn Ave & 63rd St - SE,2022-06-08 09:49:31,,,,public_rack,78,retained_unlocated
divvy_f48a3cf2b2ed9779,Public Rack - Woodlawn Ave & 63rd St S,public_rack,2022-06-08 09:49:31,41.78,-87.6,divvy_b07a0fb403aec433,Public Rack - Woodlawn Ave & 63rd St S,2022-09-10 19:16:29,41.779484,-87.596028,True,public_rack,21,reassigned_or_rekeyed
divvy_f49f7ee3667e4ddc,Halsted St & 37th St,station,2013-06-28 14:36:00,41.827059,-87.64572,divvy_f49f7ee3667e4ddc,Halsted St & 37th St,2013-06-28 14:36:00,41.827059,-87.64572,True,station,15608,same_key
divvy_f4b10a8d242c302c,Public Rack - Ozman & Talcott,public_rack,2023-05-28 19:17:56,41.993028,-87.821659,divvy_f4b10a8d242c302c,Public Rack - Ozman & Talcott,2023-05-18 21:26:35,41.993028,-87.821659,True,public_rack,72,same_key
divvy_f4e48a465ab0bc39,Public Rack - Hoyne Ave & Grand Ave,public_rack,2026-04-11 16:10:01.605000,41.890918,-87.679288,divvy_f4e48a465ab0bc39,Public Rack - Hoyne Ave & Grand Ave,2026-04-11 16:10:01.605000,41.890918,-87.679288,True,public_rack,261,same_key
divvy_f4e58df4dd41c280,Sacramento Ave & Pratt Blvd,station,2024-04-20 11:52:33,42.00404,-87.70473,divvy_f4e58df4dd41c280,Sacramento Ave & Pratt Blvd,2024-04-20 11:52:33,42.00404,-87.70473,True,station,1336,same_key
divvy_f52b6f248a5b5a76,Broadway & Roscoe Ave,station,2025-10-16 17:19:46.731000,41.9436,-87.64532,divvy_f52b6f248a5b5a76,Broadway & Roscoe Ave,2025-10-16 17:19:46.731000,41.9436,-87.64532,True,station,15332,same_key
divvy_f551e64699e7999d,Wood St & Augusta Blvd,station,2018-09-12 18:14:42,41.899181,-87.6722,divvy_f551e64699e7999d,Wood St & Augusta Blvd,2018-09-12 18:14:42,41.899181,-87.6722,True,station,92786,same_key
divvy_f569b50bca50ab50,Public Rack - Linder & 51st,public_rack,2023-05-04 03:21:33,41.799981,-87.759999,divvy_fa06c317dc7102bb,Public Rack - Linder & 51st,2023-05-04 03:21:33,41.799981,-87.759999,True,public_rack,67,reassigned_or_rekeyed
divvy_f574bc56ccb01565,Lowell Ave & Armitage Ave,station,2024-03-28 19:02:16,41.9170767,-87.7353543,divvy_f574bc56ccb01565,Lowell Ave & Armitage Ave,2024-03-28 19:02:16,41.9170767,-87.7353543,True,station,2154,same_key
divvy_f5816d6c8ccb068c,Homan Ave & 26th St,station,2022-06-10 18:56:11,41.84,-87.71,divvy_96a2a3e6542b205a,Homan Ave & 26th St,2022-06-10 18:56:11,41.84425,-87.70983,True,station,2,reassigned_or_rekeyed
divvy_f59630f185754f88,Ashland Ave & 45th St - midblock south,station,2022-05-23 06:52:32,41.81,-87.66,divvy_7bef43bc27bdbeec,Ashland Ave & 45th St - midblock south,2022-05-23 06:52:32,,,,station,16,retained_unlocated
divvy_f5af841a94745759,Hermitage Ave & Polk St,station,2013-09-05 15:26:00,41.871514,-87.669886,divvy_f5af841a94745759,Hermitage Ave & Polk St,2013-09-05 15:26:00,41.871514,-87.669886,True,station,128112,same_key
divvy_f5bba82cd5e40deb,Wilton Ave & Diversey Pkwy - Charging,station,2022-02-09 15:56:55,41.932418,-87.652705,divvy_f5bba82cd5e40deb,Wilton Ave & Diversey Pkwy - Charging,2022-02-09 15:56:55,41.932418,-87.652705,True,station,38,same_key
divvy_f5d70508e3e9b3b0,Throop St & 58th St,station,2022-05-13 10:44:52,41.79,-87.66,divvy_77f4577a5886415d,Throop St & 58th St,2022-05-13 10:44:52,,,,station,11,retained_unlocated
divvy_f5fe8729387919c4,Troy & 111th St,station,2022-06-05 04:13:07,41.69,-87.7,divvy_c8192e7d56fcb315,Troy & 111th St,2022-06-05 04:13:07,,,,station,2,retained_unlocated
divvy_f61b5c1002cbaf81,N Paulina St & Lincoln Ave,station,2021-01-04 12:46:49,41.94,-87.67,divvy_b53d6c5de4a8a65b,N Paulina St & Lincoln Ave,2021-01-04 12:46:49,41.943838,-87.671469,True,station,2826,reassigned_or_rekeyed
divvy_f62e425d7a5d10c1,Public Rack - Sacramento Ave & Devon Ave,public_rack,2023-06-03 22:16:51,41.997575,-87.704649,divvy_f62e425d7a5d10c1,Public Rack - Sacramento Ave & Devon Ave,2022-06-16 18:12:04,41.997575,-87.704649,True,public_rack,321,same_key
divvy_f64ad895eb3bac81,Harper Ave & 63rd St,station,2022-05-16 09:02:16,41.78,-87.59,divvy_418eb5b9382bcf63,Harper Ave & 63rd St,2022-05-16 09:02:16,,,,station,23,retained_unlocated
divvy_f65267f52cb85c36,Desplaines St & Jackson Blvd,station,2021-06-01 03:04:19,41.876678987795,-87.64414608478546,divvy_f65267f52cb85c36,Desplaines St & Jackson Blvd,2021-06-01 03:04:19,41.876678987795,-87.64414608478546,True,station,4805,same_key
divvy_f66573e98e9a75cd,Public Rack - Milwaukee Ave & Sunnyside Ave,public_rack,2023-05-11 20:32:30,41.96,-87.76,divvy_cabf87d322e49225,Public Rack - Milwaukee Ave & Sunnyside Ave,2023-05-11 20:32:30,41.9625222,-87.7560059,True,public_rack,2,reassigned_or_rekeyed
divvy_f6749d876b616251,Public Rack - Indiana Ave & 111th St,public_rack,2023-06-02 22:59:48,41.692535,-87.617711,divvy_f6749d876b616251,Public Rack - Indiana Ave & 111th St,2023-02-16 16:03:45,41.692535,-87.617711,True,public_rack,31,same_key
divvy_f6825c18a3be1361,Sawyer Ave & Bryn Mawr Ave - SE,station,2022-05-24 03:53:57,41.98,-87.71,divvy_20ff510236f24aa8,Sawyer Ave & Bryn Mawr Ave - SE,2022-05-24 03:53:57,,,,station,14,retained_unlocated
divvy_f695aa98a7204bce,Public Rack - Ogden Ave & Monroe St,public_rack,2026-05-01 17:07:15.770000,41.88001378,-87.66761091,divvy_f695aa98a7204bce,Public Rack - Ogden Ave & Monroe St,2026-05-01 17:07:15.770000,41.88001378,-87.66761091,True,public_rack,650,same_key
divvy_f69dbb54f4f6512a,Fairbanks Ct & Grand Ave,station,2013-06-27 19:52:00,41.89184737210993,-87.62058019638062,divvy_f69dbb54f4f6512a,Fairbanks Ct & Grand Ave,2013-06-27 19:52:00,41.89184737210993,-87.62058019638062,True,station,497611,same_key
divvy_f6acb091d46dc983,Albany Ave & Belmont Ave,station,2023-06-01 10:11:40,41.93966,-87.70526,divvy_f6acb091d46dc983,Albany Ave & Belmont Ave,2021-10-27 16:17:49,41.93966,-87.70526,True,station,5311,same_key
divvy_f6cce39097ffc9fd,Lakewood Ave & Addison St,station,2026-05-19 17:05:02.039000,41.9472,-87.66085,divvy_f6cce39097ffc9fd,Lakewood Ave & Addison St,2026-05-19 17:05:02.039000,41.9472,-87.66085,True,station,4610,same_key
divvy_f713931335e774d1,Western Ave & Monroe St,station,2015-04-27 20:01:00,41.8797877089,-87.686112808,divvy_f713931335e774d1,Western Ave & Monroe St,2015-04-27 20:01:00,41.8797877089,-87.686112808,True,station,31683,same_key
divvy_f728ca5402eec623,Public Rack - Dearborn St & Kinzie St 2,public_rack,2026-05-01 17:25:19.660000,41.8893116,-87.62938824,divvy_f728ca5402eec623,Public Rack - Dearborn St & Kinzie St 2,2026-05-01 17:25:19.660000,41.8893116,-87.62938824,True,public_rack,920,same_key
divvy_f72ec0ba61204c7d,Christiana Ave & Lawrence Ave,station,2022-05-18 05:29:48,41.97,-87.71,divvy_9a9887d923fe5792,Christiana Ave & Lawrence Ave,2015-05-16 20:05:00,41.96835449363,-87.7118306675,True,station,49,reassigned_or_rekeyed
divvy_f73aad52ffc5532d,Kildare Ave & Montrose Ave,station,2018-09-01 15:11:09,41.96108,-87.73569,divvy_f73aad52ffc5532d,Kildare Ave & Montrose Ave,2018-09-01 15:11:09,41.96108,-87.73569,True,station,10821,same_key
divvy_f76135ac336ccb82,Kedzie Ave & George St,station,2023-06-01 06:48:33,41.933886,-87.707262,divvy_f76135ac336ccb82,Kedzie Ave & George St,2021-11-11 16:30:54,41.933886,-87.707262,True,station,9615,same_key
divvy_f77b0e6659146c1a,Mason Ave & Montrose Ave,station,2024-08-17 09:56:43.719000,41.96056,-87.77588,divvy_f77b0e6659146c1a,Mason Ave & Montrose Ave,2024-08-17 09:56:43.719000,41.96056,-87.77588,True,station,969,same_key
divvy_f78c44b066b50791,Public Rack - Kedvale Ave & 63rd St E,public_rack,2022-11-08 17:16:40,41.78,-87.73,divvy_184e283c3bf207ae,Public Rack - Kedvale Ave & 63rd St E,2022-11-08 17:16:40,41.778768,-87.725957,True,public_rack,2,reassigned_or_rekeyed
divvy_f7dab58aa35b0895,Public Rack - Menard Ave & Dakin St - midblock,public_rack,2023-05-18 08:23:33,41.951732,-87.772005,divvy_f7dab58aa35b0895,Public Rack - Menard Ave & Dakin St - midblock,2022-06-19 19:03:11,41.951732,-87.772005,True,public_rack,310,same_key
divvy_f7dfe45f7f1d74c3,Lawndale Ave & 111th St,station,2020-10-15 16:05:17,41.69131919221066,-87.71288573741913,divvy_f7dfe45f7f1d74c3,Lawndale Ave & 111th St,2020-10-15 16:05:17,41.69131919221066,-87.71288573741913,True,station,1756,same_key
divvy_f81806113e7de54b,Public Rack - Woodlawn Ave & 63rd St N,public_rack,2023-06-01 00:11:17,41.780621,-87.596033,divvy_f81806113e7de54b,Public Rack - Woodlawn Ave & 63rd St N,2022-09-07 14:18:22,41.780621,-87.596033,True,public_rack,2979,same_key
divvy_f821a96d3fc70126,63rd & Western Ave - south corner,station,2022-05-09 21:37:24,41.78,-87.68,divvy_2e7eff56f40f396e,63rd & Western Ave - south corner,2022-05-09 21:37:24,,,,station,21,retained_unlocated
divvy_f822e2da6fa715b1,Racine Ave & Fullerton Ave,station,2013-06-28 19:00:00,41.925566,-87.658416,divvy_f822e2da6fa715b1,Racine Ave & Fullerton Ave,2013-06-28 19:00:00,41.925566,-87.658416,True,station,264719,same_key
divvy_f826278f4a04573d,Public Rack - Christiana Ave & Belmont Ave,public_rack,2023-06-01 07:47:10,41.93917,-87.71169,divvy_f826278f4a04573d,Public Rack - Christiana Ave & Belmont Ave,2022-06-14 20:24:31,41.93917,-87.71169,True,public_rack,2697,same_key
divvy_f8398892c692b128,Green St & Chicago Ave,station,2025-11-01 01:13:37.117000,41.893392,-87.650737,divvy_f8398892c692b128,Green St & Chicago Ave,2025-11-01 01:13:37.117000,41.893392,-87.650737,True,station,10305,same_key
divvy_f8436fe6f7466f89,McVicker Ave & Grand Ave,station,2022-05-22 23:52:39,41.92,-87.78,divvy_6ce18ae95f6dd7f6,McVicker Ave & Grand Ave,2022-05-22 23:52:39,,,,station,12,retained_unlocated
divvy_f863692da504305e,Public Rack - Wallace St & 119th St,public_rack,2022-08-16 22:03:54,41.68,-87.64,divvy_54d7581a715ae180,Public Rack - Wallace St & 119th St,2022-08-16 22:03:54,41.677629,-87.637554,True,public_rack,6,reassigned_or_rekeyed
divvy_f876f84bd33355b5,Public Rack - Leoti Ave & Central Ave (north),public_rack,2024-06-05 16:33:50.145000,41.998262,-87.763663,divvy_f876f84bd33355b5,Public Rack - Leoti Ave & Central Ave (north),2024-06-05 16:33:50.145000,41.998262,-87.763663,True,public_rack,19,same_key
divvy_f88524457e0740c8,Yates Ave & 95th St,station,2026-01-12 13:24:35.271000,41.72237,-87.56478,divvy_f88524457e0740c8,Yates Ave & 95th St,2026-01-12 13:24:35.271000,41.72237,-87.56478,True,station,40,same_key
divvy_f899e7b2db191d04,Public Rack - Oglesby Ave & 95th St,public_rack,2023-02-20 19:55:11,41.72,-87.57,divvy_d4ce0abfcca68440,Public Rack - Oglesby Ave & 95th St,2023-02-20 19:55:11,41.722484,-87.565738,True,public_rack,2,reassigned_or_rekeyed
divvy_f8a5c3987aa3c107,Martin Luther King Dr & 69th St,station,2022-06-07 16:54:12,41.77,-87.62,divvy_8e3c003a60b916c6,Martin Luther King Dr & 69th St,2022-06-07 16:54:12,,,,station,8,retained_unlocated
divvy_f8afbdaba1958ec8,Public Rack - Ave N & 106th St,public_rack,2023-05-26 01:23:15,41.702616,-87.538744,divvy_f8afbdaba1958ec8,Public Rack - Ave N & 106th St,2022-07-21 09:49:11,41.702616,-87.538744,True,public_rack,43,same_key
divvy_f8b40a4e2b549321,N Sheffield Ave & W Wellington Ave,station,2023-06-01 08:01:18,41.9362263,-87.6537676,divvy_f8b40a4e2b549321,N Sheffield Ave & W Wellington Ave,2021-01-07 11:56:49,41.9362263,-87.6537676,True,station,3949,same_key
divvy_f8d1bacb57335f55,Public Rack - Nagle Ave & Belmont Ave,public_rack,2023-06-01 12:31:10,41.938201,-87.787415,divvy_f8d1bacb57335f55,Public Rack - Nagle Ave & Belmont Ave,2022-09-06 16:13:46,41.938201,-87.787415,True,public_rack,412,same_key
divvy_f8e645bff5b2202c,Bishop St & 46th St,station,2022-05-28 17:51:27,41.81,-87.66,divvy_a7519890ca04d9ad,Bishop St & 46th St,2022-05-28 17:51:27,,,,station,23,retained_unlocated
divvy_f8eff2e05a5f7f0a,Public Rack - Penn Elementary School / KIPP Ascend Middle School,public_rack,2023-06-05 16:00:24,41.8586742,-87.7223835,divvy_f8eff2e05a5f7f0a,Public Rack - Penn Elementary School / KIPP Ascend Middle School,2022-06-18 22:51:46,41.8586742,-87.7223835,True,public_rack,282,same_key
divvy_f8f55ade6477ccbc,Public Rack - Spaulding Ave & Evergreen Ave,public_rack,2022-06-15 01:08:15,41.91,-87.71,divvy_50977a3a83069a9c,Public Rack - Spaulding Ave & Evergreen Ave,2022-06-15 01:08:15,41.905317,-87.709521,True,public_rack,643,reassigned_or_rekeyed
divvy_f901c74cf71fafe1,Kenosha & Wellington,station,2021-09-09 10:22:14,41.93,-87.73,divvy_36687c6fd6ccb962,Kenosha & Wellington,2021-09-09 10:22:14,41.9344421,-87.7337799,True,station,1468,reassigned_or_rekeyed
divvy_f90a5961fe70dacb,Laflin St & 51st St,station,2022-06-19 13:51:30,41.8,-87.66,divvy_f033815e92577c50,Laflin St & 51st St,2022-06-19 13:51:30,,,,station,11,retained_unlocated
divvy_f921fbbc44dbeb15,Public Rack - Sacramento & 71st,public_rack,2023-05-28 11:29:47,41.764396,-87.698106,divvy_f921fbbc44dbeb15,Public Rack - Sacramento & 71st,2023-05-28 11:29:47,41.764396,-87.698106,True,public_rack,21,same_key
divvy_f941fe71faf1cf04,Public Rack - Western Ave & Devon Ave,public_rack,2023-06-02 13:32:01,41.997579,-87.689713,divvy_f941fe71faf1cf04,Public Rack - Western Ave & Devon Ave,2022-06-10 22:28:38,41.997579,-87.689713,True,public_rack,1481,same_key
divvy_f94b85b2574552c1,Public Rack - Halsted St & 111th St,public_rack,2023-06-03 18:03:27,41.691838,-87.642747,divvy_f94b85b2574552c1,Public Rack - Halsted St & 111th St,2022-11-07 13:21:32,41.691838,-87.642747,True,public_rack,62,same_key
divvy_f95143336f2125f8,Western Ave & Walton St,station,2015-04-27 19:54:00,41.89841768945,-87.6865960164,divvy_f95143336f2125f8,Western Ave & Walton St,2015-04-27 19:54:00,41.89841768945,-87.6865960164,True,station,140575,same_key
divvy_f951edcf05d6bf74,Public Rack - Hamlin & 72nd,public_rack,2023-07-27 22:43:56,41.762566,-87.717515,divvy_f951edcf05d6bf74,Public Rack - Hamlin & 72nd,2023-07-27 22:43:56,41.762566,-87.717515,True,public_rack,3,same_key
divvy_f9915f2d98c59ea0,Ridge Blvd & Howard St,station,2016-07-23 12:36:27,42.019276,-87.68452,divvy_f9915f2d98c59ea0,Ridge Blvd & Howard St,2016-07-23 12:36:27,42.019276,-87.68452,True,station,14176,same_key
divvy_f9b0be640b6c6dda,Public Rack - Jeffery Blvd & 81st St,public_rack,2024-04-10 11:05:31,41.74927751,-87.57585394,divvy_f9b0be640b6c6dda,Public Rack - Jeffery Blvd & 81st St,2022-07-24 20:41:40,41.74927751,-87.57585394,True,public_rack,8,same_key
divvy_f9b269bdf2f90d46,Public Rack - Emerald Ave & 43rd St,public_rack,2022-09-13 00:14:36,41.82,-87.64,divvy_8e5b43749e0d84ca,Public Rack - Emerald Ave & 43rd St,2022-09-13 00:14:36,41.81643,-87.644754,True,public_rack,5,reassigned_or_rekeyed
divvy_f9bdeaa06bac613a,Troy St & Elston Ave,station,2015-05-05 16:42:00,41.94524356848,-87.7066499009,divvy_f9bdeaa06bac613a,Troy St & Elston Ave,2015-05-05 16:42:00,41.94524356848,-87.7066499009,True,station,51174,same_key
divvy_f9c6afbd3ea8c916,State St & Harrison St,station,2013-06-28 07:08:00,41.874053,-87.627716,divvy_f9c6afbd3ea8c916,State St & Harrison St,2013-06-28 07:08:00,41.874053,-87.627716,True,station,211318,same_key
divvy_f9ce4d52e426a002,Lavergne & Fullerton,station,2023-06-01 08:32:58,41.923982,-87.7511643,divvy_f9ce4d52e426a002,Lavergne & Fullerton,2021-07-20 18:24:40,41.923982,-87.7511643,True,station,292,same_key
divvy_f9f911ed9614356a,Public Rack - Kilbourn Ave & Fullerton Ave,public_rack,2023-09-24 12:46:02,41.924447,-87.73998,divvy_f9f911ed9614356a,Public Rack - Kilbourn Ave & Fullerton Ave,2022-06-16 20:28:47,41.924447,-87.73998,True,public_rack,14,same_key
divvy_fa029ff2e8e9508f,Campbell Ave & Montrose Ave,station,2022-10-28 09:15:16,41.96157236277849,-87.6935362815857,divvy_fa029ff2e8e9508f,Campbell Ave & Montrose Ave,2022-10-28 09:15:16,41.96157236277849,-87.6935362815857,True,station,305,same_key
divvy_fa03acd0d9d6f3c6,Prairie Ave & 43rd St,station,2015-04-16 11:06:00,41.81665889302,-87.6194124619,divvy_fa03acd0d9d6f3c6,Prairie Ave & 43rd St,2015-04-16 11:06:00,41.81665889302,-87.6194124619,True,station,16475,same_key
divvy_fa0b409da792386d,Public Rack - Laramie Ave & Grand Ave,public_rack,2023-06-05 14:33:28,41.917002,-87.755972,divvy_fa0b409da792386d,Public Rack - Laramie Ave & Grand Ave,2022-06-16 14:45:51,41.917002,-87.755972,True,public_rack,152,same_key
divvy_fa36be54432922d2,Public Rack - S Kostner Ave & W 18th Pl,public_rack,2024-06-20 07:53:09.843000,41.8551905,-87.7345547,divvy_fa36be54432922d2,Public Rack - S Kostner Ave & W 18th Pl,2022-08-03 11:55:03,41.8551905,-87.7345547,True,public_rack,21,same_key
divvy_fa4e1dbeb3fe7792,Sedgwick St & Webster Ave,station,2013-08-03 12:41:00,41.922167,-87.638888,divvy_fa4e1dbeb3fe7792,Sedgwick St & Webster Ave,2013-08-03 12:41:00,41.922167,-87.638888,True,station,329873,same_key
divvy_fa7d46bae746f7fe,Public Rack - 10557 S Western Ave,public_rack,2023-07-18 10:22:18,41.701719,-87.68128,divvy_fa7d46bae746f7fe,Public Rack - 10557 S Western Ave,2022-08-01 13:39:44,41.701719,-87.68128,True,public_rack,25,same_key
divvy_fa84a49ede09e7e3,Halsted St & 123rd St,station,2024-11-12 19:38:56.276000,41.67096,-87.64154,divvy_fa84a49ede09e7e3,Halsted St & 123rd St,2024-11-12 19:38:56.276000,41.67096,-87.64154,True,station,93,same_key
divvy_faaad90c32dcc797,Public Rack - Jeffery Blvd & 83rd St,public_rack,2023-09-12 10:57:59,41.744345,-87.575043,divvy_faaad90c32dcc797,Public Rack - Jeffery Blvd & 83rd St,2022-11-08 16:08:44,41.744345,-87.575043,True,public_rack,32,same_key
divvy_faf256770eb2a2b6,Public Rack - St Clair St & Ontario St,public_rack,2026-05-01 22:42:43.296000,41.89366468,-87.6226649,divvy_faf256770eb2a2b6,Public Rack - St Clair St & Ontario St,2026-05-01 22:42:43.296000,41.89366468,-87.6226649,True,public_rack,364,same_key
divvy_faf848672e5cb8aa,Stony Island Ave & 75th St,station,2015-04-28 07:01:00,41.7586696704,-87.586882871,divvy_faf848672e5cb8aa,Stony Island Ave & 75th St,2015-04-28 07:01:00,41.7586696704,-87.586882871,True,station,6211,same_key
divvy_fb1903ca09983d4d,Throop St & Taylor St,station,2020-01-01 02:18:42,41.868968,-87.659141,divvy_fb1903ca09983d4d,Throop St & Taylor St,2020-01-01 02:18:42,41.868968,-87.659141,True,station,88956,same_key
divvy_fb284161f760a219,N Sheffield Ave & W Wellington Ave,station,2021-01-07 11:56:49,41.94,-87.65,divvy_f8b40a4e2b549321,N Sheffield Ave & W Wellington Ave,2021-01-07 11:56:49,41.9362263,-87.6537676,True,station,5536,reassigned_or_rekeyed
divvy_fb6daac56f1fd5b2,Prairie Ave & 47th St - midblock,station,2022-05-09 13:12:39,41.81,-87.62,divvy_e3a741b858af29c1,Prairie Ave & 47th St - midblock,2022-05-09 13:12:39,,,,station,76,retained_unlocated
divvy_fb734812be68e422,California Ave & North Ave,station,2013-09-12 18:03:00,41.910044,-87.697167,divvy_fb734812be68e422,California Ave & North Ave,2013-09-12 18:03:00,41.910044,-87.697167,True,station,94324,same_key
divvy_fb924fd488464c37,Public Rack - Princeton Ave & 43rd St,public_rack,2023-02-14 13:24:43,41.82,-87.63,divvy_8d2bf618b2365353,Public Rack - Princeton Ave & 43rd St,2023-02-14 13:24:43,41.815883,-87.633718,True,public_rack,4,reassigned_or_rekeyed
divvy_fb9415974c111389,Public Rack - Touhy Ave & Oconto Ave,public_rack,2023-05-22 13:10:15,42.0117739,-87.8076646,divvy_fb9415974c111389,Public Rack - Touhy Ave & Oconto Ave,2023-05-22 13:10:15,42.0117739,-87.8076646,True,public_rack,146,same_key
divvy_fb971e9a4550c454,Rhodes Ave & 71st St,station,2019-04-04 18:15:48,41.766,-87.611726,divvy_fb971e9a4550c454,Rhodes Ave & 71st St,2019-04-04 18:15:48,41.766,-87.611726,True,station,657,same_key
divvy_fbb8f372bf4ae0db,Kostner Ave & Lake St,station,2022-06-05 20:29:17,41.89,-87.74,divvy_0b820ed8483b5192,Kostner Ave & Lake St,2016-06-15 18:35:00,41.885928,-87.73541,True,station,11,reassigned_or_rekeyed
divvy_fbfa988b176ba3bb,Michele Clark Magnet High School,station,2022-06-07 10:44:33,41.87,-87.75,divvy_284805b6a1426085,Michele Clark Magnet High School,2022-06-07 10:44:33,,,,station,2,retained_unlocated
divvy_fc05437122a21028,Public Rack - Harvey Ave & North Ave,public_rack,2023-09-22 07:12:42,41.909264,-87.782265,divvy_fc05437122a21028,Public Rack - Harvey Ave & North Ave,2022-06-14 16:02:30,41.909264,-87.782265,True,public_rack,19,same_key
divvy_fc06d5e95ffdddf0,Public Rack - Cottage Grove Ave & 111th St,public_rack,2022-09-06 15:37:26,41.69,-87.61,divvy_4fe7a6764d80d458,Public Rack - Cottage Grove Ave & 111th St,2022-09-06 15:37:26,41.692645,-87.609758,True,public_rack,4,reassigned_or_rekeyed
divvy_fc2752a22dbaaf20,South Shore Dr & 74th St,station,2015-04-29 13:55:00,41.76218896038,-87.55927465,divvy_fc2752a22dbaaf20,South Shore Dr & 74th St,2015-04-29 13:55:00,41.76218896038,-87.55927465,True,station,11393,same_key
divvy_fc41d3e3e484c70a,Troy St & 27th St,station,2026-03-02 08:41:55.935000,41.84266,-87.70405,divvy_fc41d3e3e484c70a,Troy St & 27th St,2026-03-02 08:41:55.935000,41.84266,-87.70405,True,station,82,same_key
divvy_fc6b19cb5c91bc95,Western Ave & 79th St,station,2022-05-11 16:54:10,41.75,-87.68,divvy_29e4cb59679d4864,Western Ave & 79th St,2022-05-11 16:54:10,41.750843,-87.682701,True,station,128,reassigned_or_rekeyed
divvy_fc8a52ce0d83b2e2,Meade Ave & Addison St,station,2021-08-06 18:34:38,41.95,-87.78,divvy_2c4736b738c538b0,Meade Ave & Addison St,2021-08-06 18:34:38,41.94595,-87.77888,True,station,581,reassigned_or_rekeyed
divvy_fc9d2e3194410663,Southport Ave & Irving Park Rd,station,2013-09-22 10:52:00,41.954177,-87.664358,divvy_fc9d2e3194410663,Southport Ave & Irving Park Rd,2013-09-22 10:52:00,41.954177,-87.664358,True,station,162922,same_key
divvy_fc9f1e2f6cbf7a74,Western Ave & Lunt Ave,station,2015-05-15 18:21:00,42.0085943972,-87.6904922389,divvy_fc9f1e2f6cbf7a74,Western Ave & Lunt Ave,2015-05-15 18:21:00,42.0085943972,-87.6904922389,True,station,31414,same_key
divvy_fcc6d6b8a4ad7b09,Public Rack - Central Park Ave & Ogden Ave,public_rack,2022-06-30 20:52:24,41.85,-87.72,divvy_fcd3065b53af712c,Public Rack - Central Park Ave & Ogden Ave,2022-06-30 20:52:24,41.8543385,-87.7151584,True,public_rack,43,reassigned_or_rekeyed
divvy_fcd3065b53af712c,Public Rack - Central Park Ave & Ogden Ave,public_rack,2023-07-02 06:33:22,41.8543385,-87.7151584,divvy_fcd3065b53af712c,Public Rack - Central Park Ave & Ogden Ave,2022-06-30 20:52:24,41.8543385,-87.7151584,True,public_rack,28,same_key
divvy_fcdf564ed4aabbf9,Back of the Yards Park,station,2022-08-16 18:20:37,41.81,-87.66,divvy_869a97c37279fb2a,Back of the Yards Park,2022-07-21 04:05:27,,,,station,1,retained_unlocated
divvy_fcec4ecac1dc3d9c,Rockwell St & Archer Ave,station,2021-09-29 17:33:25,41.82,-87.69,divvy_289ad65679623e21,Rockwell St & Archer Ave,2021-09-29 17:33:25,41.82272,-87.68982,True,station,1040,reassigned_or_rekeyed
divvy_fcf5f324e72c49a8,Lincoln Park Zoo,station,2026-07-20 11:30:11.339000,41.92242,-87.63195,divvy_fcf5f324e72c49a8,Lincoln Park Zoo,2026-07-20 11:30:11.339000,41.92242,-87.63195,True,station,2373,same_key
divvy_fd04cae2e1e1a47e,Narragansett & Irving Park,station,2021-09-07 21:00:36,41.95,-87.79,divvy_6233c64c580bc556,Narragansett & Irving Park,2021-09-07 21:00:36,41.952614,-87.7853829,True,station,1399,reassigned_or_rekeyed
divvy_fd25fbe32a7c97b9,Paul Revere Elementary School,station,2022-08-12 17:51:19,41.76,-87.6,divvy_24634088f4809b75,Paul Revere Elementary School,2022-08-12 17:51:19,,,,station,1,retained_unlocated
divvy_fd7931db98911722,Walden Pkwy & 100th St,station,2020-09-29 18:33:21,41.71216410359803,-87.66773343086243,divvy_fd7931db98911722,Walden Pkwy & 100th St,2020-09-29 18:33:21,41.71216410359803,-87.66773343086243,True,station,3250,same_key
divvy_fd89b337ed894d9a,Leamington Ave & Hirsch St,station,2021-10-15 18:13:17,41.91,-87.75,divvy_79435e1ef01e1389,Leamington Ave & Hirsch St,2021-10-15 18:13:17,41.9058405,-87.7548602,True,station,264,reassigned_or_rekeyed
divvy_fda8cc1f8aca2c4c,Parnell Ave & 98th St,station,2022-07-19 20:46:49,41.72,-87.64,divvy_960ba28a65a0d997,Parnell Ave & 98th St,2022-07-19 20:46:49,,,,station,5,retained_unlocated
divvy_fdb7c3af26e3bea6,Public Rack - Ashland Ave & 76th St,public_rack,2022-08-30 21:39:03,41.76,-87.66,divvy_a654f5392ca3c3b5,Public Rack - Ashland Ave & 76th St,2022-08-30 21:39:03,41.75596,-87.66391,True,public_rack,31,reassigned_or_rekeyed
divvy_fdc75a43602f2f9e,Damen Ave & Madison St,station,2013-08-15 20:28:00,41.88137,-87.67493,divvy_fdc75a43602f2f9e,Damen Ave & Madison St,2013-08-15 20:28:00,41.88137,-87.67493,True,station,66089,same_key
divvy_fdff18133aa13234,Public Rack - Chopin Park,public_rack,2023-06-20 10:03:54,41.942675,-87.761899,divvy_fdff18133aa13234,Public Rack - Chopin Park,2022-06-14 17:20:42,41.942675,-87.761899,True,public_rack,80,same_key
divvy_fe0932fa7482060e,Public Rack - Martin Luther King Dr & 69th St,public_rack,2022-09-10 21:30:24,41.77,-87.62,divvy_8608c0a8baadbf58,Public Rack - Martin Luther King Dr & 69th St,2022-09-10 21:30:24,41.769234,-87.615206,True,public_rack,4,reassigned_or_rekeyed
divvy_fe45edc9708a7d41,Public Rack - Clifton Ave & Webster Ave,public_rack,2026-05-01 16:46:25.974000,41.92153608,-87.65719604,divvy_fe45edc9708a7d41,Public Rack - Clifton Ave & Webster Ave,2026-05-01 16:46:25.974000,41.92153608,-87.65719604,True,public_rack,208,same_key
divvy_fe4d81f3cd284e6b,Public Rack - Kostner Ave & Diversey Ave,public_rack,2022-07-09 23:54:08,41.93,-87.74,divvy_d6d3605605e77231,Public Rack - Kostner Ave & Diversey Ave,2022-07-09 23:54:08,41.931803,-87.737285,True,public_rack,156,reassigned_or_rekeyed
divvy_fe5b9b6eb5bdbe8d,Lake/Aberdeen Corral,station,2026-06-23 10:30:01.142000,41.8856975,-87.6545365,divvy_fe5b9b6eb5bdbe8d,Lake/Aberdeen Corral,2026-06-23 10:30:01.142000,41.8856975,-87.6545365,True,station,528,same_key
divvy_fe62ddd6b37ee564,Wabash Ave & Jackson Blvd,station,2025-11-07 13:01:21.526000,41.87801,-87.62599,divvy_fe62ddd6b37ee564,Wabash Ave & Jackson Blvd,2025-11-07 13:01:21.526000,41.87801,-87.62599,True,station,11308,same_key
divvy_fe6337367a6b082d,Paulina Ave & 87th St,station,2023-10-26 19:10:15,41.735629,-87.66552,divvy_fe6337367a6b082d,Paulina Ave & 87th St,2023-10-26 19:10:15,41.735629,-87.66552,True,station,231,same_key
divvy_fe7054e60d8fbd03,Public Rack - Champlain Ave & 65th St,public_rack,2022-07-19 20:17:29,41.78,-87.61,divvy_d52705fa366728df,Public Rack - Champlain Ave & 65th St,2022-07-19 20:17:29,41.775904,-87.609301,True,public_rack,190,reassigned_or_rekeyed
divvy_fe8260198e02f3eb,Troy Ave & 27th St,station,2023-06-05 20:47:39,41.84265,-87.70401,divvy_fe8260198e02f3eb,Troy Ave & 27th St,2022-03-28 18:43:26,41.84265,-87.70401,True,station,317,same_key
divvy_fe89995dd386667e,Tripp Ave & 65th St,station,2023-06-03 21:21:35,41.77491,-87.72883,divvy_fe89995dd386667e,Tripp Ave & 65th St,2021-10-06 17:16:59,41.77491,-87.72883,True,station,960,same_key
divvy_fe8b26db844ef210,Public Rack - Kostner Ave & Armitage Ave,public_rack,2023-06-01 15:00:30,41.917211,-87.736136,divvy_c57c1282b48f852b,Public Rack - Kostner Ave & Armitage Ave,2022-09-06 14:28:39,41.917211,-87.736136,True,public_rack,1216,reassigned_or_rekeyed
divvy_feaaf89d45fbf5ee,Public Rack - Hale Ave & 111th St,public_rack,2024-02-18 20:36:48,41.691801,-87.671351,divvy_feaaf89d45fbf5ee,Public Rack - Hale Ave & 111th St,2023-05-11 09:25:00,41.691801,-87.671351,True,public_rack,18,same_key
divvy_feaf5ec29dd1ad06,Lavergne Ave & Diversey Ave,station,2024-07-16 19:34:24.194000,41.93128,-87.75141,divvy_feaf5ec29dd1ad06,Lavergne Ave & Diversey Ave,2024-07-16 19:34:24.194000,41.93128,-87.75141,True,station,900,same_key
divvy_fec71507d32ea3dc,Public Rack - Cornell Ave & 87th Pl,public_rack,2023-06-30 11:40:29,41.73688127,-87.58314552,divvy_fec71507d32ea3dc,Public Rack - Cornell Ave & 87th Pl,2022-07-19 17:31:31,41.73688127,-87.58314552,True,public_rack,15,same_key
divvy_fee30d54393ff465,California Ave & Marquette Rd,station,2021-10-28 09:14:00,41.77,-87.69,divvy_bb72179c14838ef1,California Ave & Marquette Rd,2021-10-28 09:14:00,41.771611,-87.693331,True,station,469,reassigned_or_rekeyed
divvy_fef869f696084c83,Public Rack - Langley Ave & 79th St,public_rack,2022-09-08 16:20:16,41.75,-87.61,divvy_811514804e60aef1,Public Rack - Langley Ave & 79th St,2022-09-08 16:20:16,41.751103,-87.607432,True,public_rack,26,reassigned_or_rekeyed
divvy_ff01d76b819eb988,Public Rack - Avenue J & 112th St,public_rack,2022-12-11 17:55:50,41.69,-87.53,divvy_779ad78ea0fdc5cd,Public Rack - Avenue J & 112th St,2022-12-11 17:55:50,41.691844,-87.534181,True,public_rack,4,reassigned_or_rekeyed
divvy_ff031be077afbfe7,Indiana Ave & Roosevelt Rd,station,2013-06-28 00:50:00,41.867888,-87.623041,divvy_ff031be077afbfe7,Indiana Ave & Roosevelt Rd,2013-06-28 00:50:00,41.867888,-87.623041,True,station,600547,same_key
divvy_ff1d8f8fb11f453d,Parkside Ave & Armitage Ave,station,2023-06-10 14:49:44,41.916907,-87.767173,divvy_658b6bda14fda78b,Parkside Ave & Armitage Ave,2021-07-28 19:30:00,41.916907,-87.767173,True,station,269,reassigned_or_rekeyed
divvy_ff23e6386b2a0762,Francisco Ave & Bloomingdale Ave,station,2021-11-11 18:06:28,41.91,-87.7,divvy_b5d681afb94391ff,Francisco Ave & Bloomingdale Ave,2021-11-11 18:06:28,41.91396,-87.6994,True,station,2019,reassigned_or_rekeyed
divvy_ff279587c730b0fe,Emerald Ave & 43rd St,station,2022-06-10 08:20:21,41.82,-87.64,divvy_fed6354772df759b,Emerald Ave & 43rd St,2022-06-10 08:20:21,,,,station,21,retained_unlocated
divvy_ff3e6186907068e8,Racine Ave & Wrightwood Ave,station,2013-10-25 11:02:00,41.928887,-87.658971,divvy_ff3e6186907068e8,Racine Ave & Wrightwood Ave,2013-10-25 11:02:00,41.928887,-87.658971,True,station,156205,same_key
divvy_ffa18bda0f504e1a,Public Rack - Lafayette Ave & 87th St - NW,public_rack,2023-01-21 10:00:47,41.74,-87.63,divvy_782f866c59eb8773,Public Rack - Lafayette Ave & 87th St - NW,2023-01-21 10:00:47,41.736354,-87.626741,True,public_rack,8,reassigned_or_rekeyed
divvy_ffa50099e2413e0a,Lake Park Ave & 47th St,station,2013-09-17 15:27:00,41.809443,-87.591875,divvy_ffa50099e2413e0a,Lake Park Ave & 47th St,2013-09-17 15:27:00,41.809443,-87.591875,True,station,62720,same_key
divvy_ffc7be4986115d1a,Milwaukee Ave & Wabansia Ave,station,2013-07-26 11:04:00,41.912616,-87.681469,divvy_ffc7be4986115d1a,Milwaukee Ave & Wabansia Ave,2013-07-26 11:04:00,41.912616,-87.681469,True,station,236386,same_key
divvy_ffcae1e61e49079d,Dusable Harbor,station,2015-04-24 17:35:00,41.885041,-87.612794,divvy_ffcae1e61e49079d,Dusable Harbor,2015-04-24 17:35:00,41.885041,-87.612794,True,station,171185,same_key
